Feature,DoF,P Value,Chi Square,Observed,Expected,Is Significant
p2,1,0.007549,7.13744,[34 49] ; [22 10],[40.4173913 42.5826087] ; [15.5826087 16.4173913],0
p3,1,0.12943,2.299325,[26 56] ; [15 17],[29.49122807 52.50877193] ; [11.50877193 20.49122807],0
p1,1,0.17009,1.882147,[ 6 77] ; [ 5 27],[ 7.93913043 75.06086957] ; [ 3.06086957 28.93913043],0
p6,1,0.183838,1.76632,[12 68] ; [ 8 23],[14.41441441 65.58558559] ; [ 5.58558559 25.41441441],0
p4,1,0.189419,1.722132,[29 54] ; [15 16],[32.03508772 50.96491228] ; [11.96491228 19.03508772],0
p5,1,0.219366,1.508511,[ 3 79] ; [ 3 29],[ 4.31578947 77.68421053] ; [ 1.68421053 30.31578947],0
p7,1,0.279243,1.170768,[27 55] ; [14 18],[29.49122807 52.50877193] ; [11.50877193 20.49122807],0
p8,1,0.519611,0.414666,[19 63] ; [ 9 22],[20.31858407 61.68141593] ; [ 7.68141593 23.31858407],0
b1,1,0.565652,0.330011,[49 34] ; [17 15],[47.63478261 35.36521739] ; [18.36521739 13.63478261],0
