Feature,DoF,P Value,Chi Square,Observed,Expected,Is Significant
p4,1,0.0,31.579928,[53 71] ; [97 28],[74.69879518 49.30120482] ; [75.30120482 49.69879518],1
p10,1,0.000532,11.999471,[89 34] ; [112  13],[99.68951613 23.31048387] ; [101.31048387  23.68951613],1
p11,1,0.001023,10.7863,[87 37] ; [109  16],[97.6064257 26.3935743] ; [98.3935743 26.6064257],0
p9,1,0.009562,6.714666,[96 28] ; [112  13],[103.58232932  20.41767068] ; [104.41767068  20.58232932],0
p1,1,0.009744,6.681034,[  3 121] ; [ 13 111],[  8. 116.] ; [  8. 116.],0
p2,1,0.108696,2.573075,[101  23] ; [110  14],[105.5  18.5] ; [105.5  18.5],0
p12,1,0.126416,2.335976,[  3 121] ; [  8 117],[  5.47791165 118.52208835] ; [  5.52208835 119.47791165],0
p5,1,0.179293,1.803476,[  7 115] ; [ 13 112],[  9.87854251 112.12145749] ; [ 10.12145749 114.87854251],0
b1,1,0.401386,0.704171,[48 76] ; [42 83],[44.81927711 79.18072289] ; [45.18072289 79.81927711],0
