Feature,DoF,P Value,Chi Square,Observed,Expected,Is Significant
p4,1,0.009824,6.666617,[159   9] ; [227  34],[151.16083916  16.83916084] ; [234.83916084  26.16083916],0
p5,1,0.061308,3.501631,[ 53 115] ; [ 61 200],[ 44.64335664 123.35664336] ; [ 69.35664336 191.64335664],0
p12,1,0.114025,2.497533,[ 32 135] ; [ 35 225],[ 26.20374707 140.79625293] ; [ 40.79625293 219.20374707],0
p1,1,0.277371,1.179926,[ 29 138] ; [ 35 224],[ 25.08920188 141.91079812] ; [ 38.91079812 220.08920188],0
p9,1,0.413657,0.668264,[158  10] ; [240  21],[155.86013986  12.13986014] ; [242.13986014  18.86013986],0
b1,1,0.433785,0.612668,[74 94] ; [105 156],[70.0979021 97.9020979] ; [108.9020979 152.0979021],0
p11,1,0.535398,0.384135,[146  22] ; [232  29],[148.02797203  19.97202797] ; [229.97202797  31.02797203],0
p10,1,0.803432,0.061955,[154  13] ; [238  22],[153.31147541  13.68852459] ; [238.68852459  21.31147541],0
p2,1,0.807589,0.059311,[158  10] ; [243  17],[157.40186916  10.59813084] ; [243.59813084  16.40186916],0
