Feature,DoF,P Value,Chi Square,Observed,Expected,Is Significant
p11,1,0.005471,7.716673,[53  9] ; [30 18],[46.78181818 15.21818182] ; [36.21818182 11.78181818],0
b1,1,0.018395,5.558132,[26 36] ; [31 17],[32.12727273 29.87272727] ; [24.87272727 23.12727273],0
p7,1,0.023827,5.107212,[52  8] ; [33 15],[47.22222222 12.77777778] ; [37.77777778 10.22222222],0
p5,1,0.105629,2.618432,[ 6 56] ; [ 1 47],[ 3.94545455 58.05454545] ; [ 3.05454545 44.94545455],0
p9,1,0.279822,1.167952,[51 11] ; [43  5],[52.98181818  9.01818182] ; [41.01818182  6.98181818],0
p4,1,0.313988,1.013825,[41 21] ; [36 12],[43.4 18.6] ; [33.6 14.4],0
p12,1,0.406223,0.689827,[ 5 57] ; [ 2 46],[ 3.94545455 58.05454545] ; [ 3.05454545 44.94545455],0
p2,1,0.525812,0.402479,[52 10] ; [38 10],[50.72727273 11.27272727] ; [39.27272727  8.72727273],0
p10,1,0.676633,0.173941,[47 15] ; [38 10],[47.90909091 14.09090909] ; [37.09090909 10.90909091],0
p1,1,0.798994,0.064846,[ 8 54] ; [ 7 41],[ 8.45454545 53.54545455] ; [ 6.54545455 41.45454545],0
