Feature,DoF,P Value,Chi Square,Observed,Expected,Is Significant
p2,1,0.0,42.265149,[109  12] ; [142 110],[81.42359249 39.57640751] ; [169.57640751  82.42359249],1
p10,1,6.1e-05,16.071563,[98 21] ; [152  95],[81.28415301 37.71584699] ; [168.71584699  78.28415301],1
p9,1,0.000742,11.380728,[98 20] ; [161  83],[84.42541436 33.57458564] ; [174.57458564  69.42541436],1
p11,1,0.001898,9.645395,[96 26] ; [158  94],[82.85561497 39.14438503] ; [171.14438503  80.85561497],0
p4,1,0.044703,4.029805,[50 70] ; [ 78 173],[41.40161725 78.59838275] ; [ 86.59838275 164.40161725],0
b1,1,0.084691,2.972505,[40 82] ; [106 146],[47.62566845 74.37433155] ; [ 98.37433155 153.62566845],0
p12,1,0.111589,2.531579,[  3 117] ; [ 16 234],[  6.16216216 113.83783784] ; [ 12.83783784 237.16216216],0
p5,1,0.133544,2.250812,[ 10 111] ; [ 11 238],[  6.86756757 114.13243243] ; [ 14.13243243 234.86756757],0
p1,1,0.600023,0.274961,[  6 114] ; [ 16 235],[  7.11590296 112.88409704] ; [ 14.88409704 236.11590296],0
