Feature,DoF,P Value,Chi Square,Observed,Expected,Is Significant
p3,1,1e-06,23.429389,[ 25 109] ; [27 22],[38.07650273 95.92349727] ; [13.92349727 35.07650273],1
p8,1,0.000141,14.485622,[ 18 117] ; [19 30],[ 27.14673913 107.85326087] ; [ 9.85326087 39.14673913],1
p6,1,0.000912,10.998343,[ 16 117] ; [16 32],[ 23.51381215 109.48618785] ; [ 8.48618785 39.51381215],1
p7,1,0.039426,4.242424,[34 98] ; [20 28],[39.6 92.4] ; [14.4 33.6],0
p11,1,0.046486,3.963896,[63 72] ; [31 18],[68.9673913 66.0326087] ; [25.0326087 23.9673913],0
p9,1,0.047291,3.935004,[65 63] ; [33 16],[70.8700565 57.1299435] ; [27.1299435 21.8700565],0
p10,1,0.063017,3.456158,[63 69] ; [31 18],[68.55248619 63.44751381] ; [25.44751381 23.55248619],0
p1,1,0.379095,0.773633,[ 14 121] ; [ 3 46],[ 12.47282609 122.52717391] ; [ 4.52717391 44.47282609],0
b1,1,0.746878,0.104174,[67 68] ; [23 26],[66.0326087 68.9673913] ; [23.9673913 25.0326087],0
p12,1,0.751697,0.100111,[  7 127] ; [ 2 47],[  6.59016393 127.40983607] ; [ 2.40983607 46.59016393],0
