Feature,DoF,P Value,Chi Square,Observed,Expected,Is Significant
p4,1,0.0,41.833291,[72 53] ; [184  24],[96.0960961 28.9039039] ; [159.9039039  48.0960961],1
p5,1,2.1e-05,18.1177,[ 10 115] ; [ 57 152],[25.0748503 99.9251497] ; [ 41.9251497 167.0748503],1
p12,1,0.0017,9.848377,[  6 119] ; [ 34 174],[ 15.01501502 109.98498498] ; [ 24.98498498 183.01501502],0
p9,1,0.016729,5.724619,[100  23] ; [189  20],[107.06927711  15.93072289] ; [181.93072289  27.06927711],0
p1,1,0.022477,5.208489,[  9 115] ; [ 33 175],[ 15.68674699 108.31325301] ; [ 26.31325301 181.68674699],0
p10,1,0.051714,3.784983,[101  24] ; [185  24],[107.03592814  17.96407186] ; [178.96407186  30.03592814],0
b1,1,0.565033,0.331065,[51 74] ; [ 92 117],[53.51796407 71.48203593] ; [ 89.48203593 119.51796407],0
p11,1,0.568349,0.325454,[108  17] ; [185  24],[109.65568862  15.34431138] ; [183.34431138  25.65568862],0
p2,1,0.710388,0.137889,[114  11] ; [193  16],[114.89520958  10.10479042] ; [192.10479042  16.89520958],0
