Feature,DoF,P Value,Chi Square,Observed,Expected,Is Significant
p4,1,0.0,26.556322,[13 14] ; [227  34],[22.5  4.5] ; [217.5  43.5],1
p10,1,0.000622,11.709222,[19  8] ; [238  22],[24.17770035  2.82229965] ; [232.82229965  27.17770035],1
p11,1,0.001162,10.549895,[18  9] ; [232  29],[23.4375  3.5625] ; [226.5625  34.4375],0
p2,1,0.004278,8.161832,[21  6] ; [243  17],[24.83623693  2.16376307] ; [239.16376307  20.83623693],0
p5,1,0.017931,5.602922,[ 1 26] ; [ 61 200],[ 5.8125 21.1875] ; [ 56.1875 204.8125],0
b1,1,0.027074,4.886055,[ 5 22] ; [105 156],[10.3125 16.6875] ; [ 99.6875 161.3125],0
p9,1,0.234351,1.41426,[23  4] ; [240  21],[24.65625  2.34375] ; [238.34375  22.65625],0
p12,1,0.371594,0.798327,[ 2 25] ; [ 35 225],[ 3.48083624 23.51916376] ; [ 33.51916376 226.48083624],0
p1,1,0.726354,0.122486,[ 3 24] ; [ 35 224],[ 3.58741259 23.41258741] ; [ 34.41258741 224.58741259],0
