Feature,DoF,P Value,Chi Square,Observed,Expected,Is Significant
p10,1,0.001789,9.753863,[154  20] ; [17  9],[148.77  25.23] ; [22.23  3.77],0
p1,1,0.004658,8.007806,[ 11 161] ; [ 6 20],[ 14.76767677 157.23232323] ; [ 2.23232323 23.76767677],0
p2,1,0.011813,6.33875,[160  13] ; [20  6],[156.48241206  16.51758794] ; [23.51758794  2.48241206],0
p11,1,0.015768,5.828609,[152  22] ; [18  8],[147.9  26.1] ; [22.1  3.9],0
p4,1,0.057886,3.596949,[115  59] ; [22  4],[119.19  54.81] ; [17.81  8.19],0
p12,1,0.147629,2.096584,[  8 166] ; [ 3 23],[  9.57 164.43] ; [ 1.43 24.57],0
b1,1,0.176531,1.826591,[ 63 111] ; [13 13],[ 66.12 107.88] ; [ 9.88 16.12],0
p9,1,0.416399,0.660457,[149  23] ; [24  2],[150.28282828  21.71717172] ; [22.71717172  3.28282828],0
p5,1,0.950561,0.003844,[ 14 160] ; [ 2 24],[ 13.92 160.08] ; [ 2.08 23.92],0
