Feature,DoF,P Value,Chi Square,Observed,Expected,Is Significant
p10,1,0.0,32.261523,[23 10] ; [ 6 49],[10.875 22.125] ; [18.125 36.875],1
p6,1,0.026512,4.92233,[ 9 24] ; [ 5 49],[ 5.31034483 27.68965517] ; [ 8.68965517 45.31034483],0
p7,1,0.02741,4.8648,[14 19] ; [11 43],[ 9.48275862 23.51724138] ; [15.51724138 38.48275862],0
p3,1,0.27232,1.205023,[10 23] ; [11 44],[ 7.875 25.125] ; [13.125 41.875],0
p1,1,0.369238,0.806226,[ 5 28] ; [ 5 51],[ 3.70786517 29.29213483] ; [ 6.29213483 49.70786517],0
b1,1,0.428652,0.626474,[16 17] ; [32 24],[17.79775281 15.20224719] ; [30.20224719 25.79775281],0
p4,1,0.457824,0.55121,[ 9 24] ; [11 43],[ 7.5862069 25.4137931] ; [12.4137931 41.5862069],0
p8,1,0.727399,0.121513,[ 7 26] ; [10 45],[ 6.375 26.625] ; [10.625 44.375],0
p5,1,0.87944,0.023007,[ 1 32] ; [ 2 53],[ 1.125 31.875] ; [ 1.875 53.125],0
