Feature,DoF,P Value,Chi Square,Observed,Expected,Is Significant
p10,1,0.097722,2.742325,[66 20] ; [21 13],[62.35 23.65] ; [24.65  9.35],0
p11,1,0.184618,1.760052,[71 16] ; [24 10],[68.30578512 18.69421488] ; [26.69421488  7.30578512],0
p2,1,0.269662,1.218465,[76 11] ; [27  7],[74.05785124 12.94214876] ; [28.94214876  5.05785124],0
b1,1,0.320333,0.987588,[34 53] ; [10 24],[31.63636364 55.36363636] ; [12.36363636 21.63636364],0
p1,1,0.378953,0.774097,[ 8 79] ; [ 5 29],[ 9.34710744 77.65289256] ; [ 3.65289256 30.34710744],0
p4,1,0.417817,0.656448,[58 29] ; [20 14],[56.08264463 30.91735537] ; [21.91735537 12.08264463],0
p9,1,0.535437,0.384062,[70 17] ; [29  5],[71.18181818 15.81818182] ; [27.81818182  6.18181818],0
p12,1,0.680702,0.169337,[ 4 83] ; [ 1 33],[ 3.59504132 83.40495868] ; [ 1.40495868 32.59504132],0
