Feature,DoF,P Value,Chi Square,Observed,Expected,Is Significant
b1,1,0.04866,3.887037,[34 53] ; [13 43],[28.59440559 58.40559441] ; [18.40559441 37.59440559],0
p11,1,0.09736,2.748269,[71 16] ; [39 17],[66.92307692 20.07692308] ; [43.07692308 12.92307692],0
p4,1,0.116152,2.468452,[58 29] ; [30 26],[53.53846154 33.46153846] ; [34.46153846 21.53846154],0
p12,1,0.371572,0.798401,[ 4 83] ; [ 1 55],[ 3.04195804 83.95804196] ; [ 1.95804196 54.04195804],0
p1,1,0.400482,0.706879,[ 8 79] ; [ 3 53],[ 6.69230769 80.30769231] ; [ 4.30769231 51.69230769],0
p5,1,0.538288,0.378721,[ 7 80] ; [ 3 53],[ 6.08391608 80.91608392] ; [ 3.91608392 52.08391608],0
p9,1,0.801795,0.063014,[70 17] ; [46 10],[70.57342657 16.42657343] ; [45.42657343 10.57342657],0
p10,1,0.958483,0.00271,[66 20] ; [42 13],[65.87234043 20.12765957] ; [42.12765957 12.87234043],0
p2,1,0.97983,0.000639,[76 11] ; [49  7],[76.04895105 10.95104895] ; [48.95104895  7.04895105],0
