Feature,DoF,P Value,Chi Square,Observed,Expected,Is Significant
p11,1,0.001008,10.81315,[44 24] ; [130  24],[53.2972973 14.7027027] ; [120.7027027  33.2972973],0
b1,1,0.103722,2.647363,[34 34] ; [59 95],[28.48648649 39.51351351] ; [64.51351351 89.48648649],0
p5,1,0.138935,2.189718,[ 3 65] ; [ 16 137],[ 5.84615385 62.15384615] ; [ 13.15384615 139.84615385],0
p2,1,0.451356,0.567244,[58 10] ; [136  17],[59.69230769  8.30769231] ; [134.30769231  18.69230769],0
p4,1,0.56988,0.322883,[46 22] ; [110  44],[47.78378378 20.21621622] ; [108.21621622  45.78378378],0
p12,1,0.576383,0.312119,[ 2 66] ; [  7 147],[ 2.75675676 65.24324324] ; [  6.24324324 147.75675676],0
p10,1,0.806554,0.059963,[57 10] ; [129  25],[56.38914027 10.61085973] ; [129.61085973  24.38914027],0
p1,1,0.823643,0.049667,[ 5 63] ; [ 10 143],[ 4.61538462 63.38461538] ; [ 10.38461538 142.61538462],0
p9,1,0.846408,0.037521,[58 10] ; [132  21],[58.46153846  9.53846154] ; [131.53846154  21.46153846],0
