Feature,DoF,P Value,Chi Square,Observed,Expected,Is Significant
p4,1,0.000133,14.596498,[76 37] ; [45 63],[61.86877828 51.13122172] ; [59.13122172 48.86877828],1
p5,1,0.026792,4.904169,[13 97] ; [  4 103],[  8.61751152 101.38248848] ; [ 8.38248848 98.61751152],0
b1,1,0.055839,3.656858,[53 60] ; [37 71],[46.01809955 66.98190045] ; [43.98190045 64.01809955],0
p1,1,0.088957,2.893143,[  9 104] ; [  3 105],[  6.13574661 106.86425339] ; [  5.86425339 102.13574661],0
p12,1,0.102512,2.66602,[  7 106] ; [  2 106],[  4.60180995 108.39819005] ; [  4.39819005 103.60180995],0
p2,1,0.334432,0.93166,[87 26] ; [88 19],[89.88636364 23.11363636] ; [85.11363636 21.88636364],0
p11,1,0.607557,0.263748,[81 32] ; [74 34],[79.25339367 33.74660633] ; [75.74660633 32.25339367],0
p10,1,0.702992,0.145378,[82 30] ; [80 26],[83.2293578 28.7706422] ; [78.7706422 27.2293578],0
p9,1,0.86066,0.030812,[86 26] ; [84 24],[86.54545455 25.45454545] ; [83.45454545 24.54545455],0
