Feature,DoF,P Value,Chi Square,Observed,Expected,Is Significant
p9,1,0.0,54.7443,[35 55] ; [164  35],[61.97231834 28.02768166] ; [137.02768166  61.97231834],1
p11,1,0.007947,7.045383,[51 42] ; [142  59],[61.05102041 31.94897959] ; [131.94897959  69.05102041],0
p3,1,0.063295,3.448866,[41 52] ; [112  89],[48.39795918 44.60204082] ; [104.60204082  96.39795918],0
b1,1,0.097817,2.740778,[48 45] ; [ 83 118],[41.43877551 51.56122449] ; [ 89.56122449 111.43877551],0
p2,1,0.215326,1.535249,[71 22] ; [165  35],[74.90784983 18.09215017] ; [161.09215017  38.90784983],0
p12,1,0.254999,1.295704,[ 2 91] ; [ 10 191],[ 3.79591837 89.20408163] ; [  8.20408163 192.79591837],0
p6,1,0.46275,0.539234,[34 56] ; [ 66 132],[31.25 58.75] ; [ 68.75 129.25],0
p1,1,0.522942,0.408088,[ 5 87] ; [ 15 186],[ 6.27986348 85.72013652] ; [ 13.72013652 187.27986348],0
p5,1,0.769575,0.085808,[ 7 85] ; [ 17 180],[ 7.64013841 84.35986159] ; [ 16.35986159 180.64013841],0
