Feature,DoF,P Value,Chi Square,Observed,Expected,Is Significant
p10,1,0.0,202.466327,[25 89] ; [353  46],[84. 30.] ; [294. 105.],1
p2,1,0.0,145.375607,[50 64] ; [371  28],[93.55555556 20.44444444] ; [327.44444444  71.55555556],1
p8,1,0.0,124.201795,[20 94] ; [299 100],[70.88888889 43.11111111] ; [248.11111111 150.88888889],1
p3,1,0.0,97.52494,[21 92] ; [282 119],[66.61284047 46.38715953] ; [236.38715953 164.61284047],1
p11,1,0.0,83.79827,[50 64] ; [342  59],[86.77281553 27.22718447] ; [305.22718447  95.77281553],1
p6,1,0.0,67.358855,[15 96] ; [230 170],[53.21917808 57.78082192] ; [191.78082192 208.21917808],1
p5,1,1e-06,23.409155,[  1 113] ; [ 77 321],[17.3671875 96.6328125] ; [ 60.6328125 337.3671875],1
p12,1,0.006913,7.295422,[  2 111] ; [ 38 363],[  8.79377432 104.20622568] ; [ 31.20622568 369.79377432],0
b1,1,0.021533,5.283098,[61 53] ; [166 235],[50.24854369 63.75145631] ; [176.75145631 224.24854369],0
p1,1,0.070679,3.267176,[  6 107] ; [ 44 355],[ 11.03515625 101.96484375] ; [ 38.96484375 360.03515625],0
