Feature,DoF,P Value,Chi Square,Observed,Expected,Is Significant
p8,1,0.000172,14.112976,[210 262] ; [174 124],[235.38701299 236.61298701] ; [148.61298701 149.38701299],1
p10,1,0.001408,10.194946,[425  50] ; [245  56],[410.11597938  64.88402062] ; [259.88402062  41.11597938],0
p3,1,0.010281,6.585603,[198 278] ; [154 148],[215.36246787 260.63753213] ; [136.63753213 165.36246787],0
p4,1,0.037285,4.337361,[231 244] ; [170 132],[245.14157014 229.85842986] ; [155.85842986 146.14157014],0
p2,1,0.059498,3.551313,[392  82] ; [264  37],[401.21806452  72.78193548] ; [254.78193548  46.21806452],0
p12,1,0.131543,2.274197,[ 29 447] ; [ 11 291],[ 24.47300771 451.52699229] ; [ 15.52699229 286.47300771],0
b1,1,0.244029,1.357166,[159 318] ; [113 189],[166.55198973 310.44801027] ; [105.44801027 196.55198973],0
p1,1,0.333878,0.933797,[ 30 445] ; [ 14 286],[ 26.96774194 448.03225806] ; [ 17.03225806 282.96774194],0
p11,1,0.622818,0.241926,[389  88] ; [242  60],[386.37612323  90.62387677] ; [244.62387677  57.37612323],0
p5,1,0.793851,0.068285,[ 37 433] ; [ 22 277],[ 36.05981795 433.94018205] ; [ 22.94018205 276.05981795],0
