Feature,DoF,P Value,Chi Square,Observed,Expected,Is Significant
p3,1,0.0,48.385644,[154 148] ; [ 67 221],[113.1220339 188.8779661] ; [107.8779661 180.1220339],1
p8,1,5e-06,20.730627,[174 124] ; [110 169],[146.67590988 151.32409012] ; [137.32409012 141.67590988],1
p5,1,0.039111,4.256051,[ 22 277] ; [ 10 277],[ 16.32764505 282.67235495] ; [ 15.67235495 271.32764505],0
p10,1,0.093277,2.816883,[245  56] ; [215  69],[236.68376068  64.31623932] ; [223.31623932  60.68376068],0
b1,1,0.224109,1.477864,[113 189] ; [ 94 194],[105.9559322 196.0440678] ; [101.0440678 186.9559322],0
p11,1,0.366341,0.816039,[242  60] ; [222  66],[237.50508475  64.49491525] ; [226.49491525  61.50508475],0
p1,1,0.782012,0.076562,[ 14 286] ; [ 12 274],[ 13.3105802 286.6894198] ; [ 12.6894198 273.3105802],0
p12,1,0.876531,0.024139,[ 11 291] ; [ 11 272],[ 11.35726496 290.64273504] ; [ 10.64273504 272.35726496],0
p9,1,0.898796,0.016175,[247  52] ; [231  50],[246.41724138  52.58275862] ; [231.58275862  49.41724138],0
