Feature,DoF,P Value,Chi Square,Observed,Expected,Is Significant
p4,1,0.001484,10.097946,[325  66] ; [312 110],[306.35547355  84.64452645] ; [330.64452645  91.35547355],0
b1,1,0.079389,3.077369,[163 228] ; [151 272],[150.82800983 240.17199017] ; [163.17199017 259.82800983],0
p2,1,0.224856,1.473107,[349  40] ; [388  33],[353.94197531  35.05802469] ; [383.05802469  37.94197531],0
p7,1,0.299099,1.078207,[306  81] ; [341  75],[311.81693649  75.18306351] ; [335.18306351  80.81693649],0
p12,1,0.676339,0.174277,[ 49 340] ; [ 49 372],[ 47.06419753 341.93580247] ; [ 50.93580247 370.06419753],0
p11,1,0.685055,0.164491,[344  47] ; [376  47],[345.84766585  45.15233415] ; [374.15233415  48.84766585],0
p1,1,0.745131,0.105668,[ 51 337] ; [ 52 368],[ 49.46039604 338.53960396] ; [ 53.53960396 366.46039604],0
p5,1,0.964786,0.001949,[ 74 314] ; [ 81 341],[ 74.24691358 313.75308642] ; [ 80.75308642 341.24691358],0
p6,1,0.970747,0.001345,[193 194] ; [210 210],[193.26022305 193.73977695] ; [209.73977695 210.26022305],0
