Feature,DoF,P Value,Chi Square,Observed,Expected,Is Significant
p8,1,0.0,159.648833,[ 16 119] ; [261  86],[77.58298755 57.41701245] ; [199.41701245 147.58298755],1
p4,1,0.0,141.173549,[ 31 103] ; [282  67],[86.83643892 47.16356108] ; [226.16356108 122.83643892],1
p10,1,0.0,86.837905,[63 68] ; [306  41],[101.12761506  29.87238494] ; [267.87238494  79.12761506],1
p6,1,0.0,83.891193,[ 12 121] ; [190 154],[56.32285115 76.67714885] ; [145.67714885 198.32285115],1
p9,1,0.0,79.095371,[68 60] ; [312  35],[102.4  25.6] ; [277.6  69.4],1
p11,1,0.0,60.185164,[67 68] ; [293  56],[100.41322314  34.58677686] ; [259.58677686  89.41322314],1
p5,1,3.8e-05,16.952978,[  6 126] ; [ 69 279],[ 20.625 111.375] ; [ 54.375 293.625],1
p12,1,0.160858,1.966141,[  9 125] ; [ 38 309],[ 13.09355509 120.90644491] ; [ 33.90644491 313.09355509],0
b1,1,0.479055,0.501015,[64 71] ; [153 196],[60.5268595 74.4731405] ; [156.4731405 192.5268595],0
p1,1,0.897301,0.01666,[ 15 120] ; [ 40 307],[ 15.40456432 119.59543568] ; [ 39.59543568 307.40456432],0
