Feature,DoF,P Value,Chi Square,Observed,Expected,Is Significant
p4,1,0.053631,3.724163,[38 68] ; [164 189],[46.64923747 59.35076253] ; [155.35076253 197.64923747],0
p1,1,0.053742,3.720703,[12 97] ; [ 20 334],[  7.53347732 101.46652268] ; [ 24.46652268 329.53347732],0
p12,1,0.071634,3.245172,[12 97] ; [ 21 333],[  7.76889849 101.23110151] ; [ 25.23110151 328.76889849],0
b1,1,0.278065,1.176521,[46 63] ; [129 225],[41.1987041 67.8012959] ; [133.8012959 220.1987041],0
p5,1,0.300088,1.073804,[ 9 96] ; [ 20 328],[ 6.7218543 98.2781457] ; [ 22.2781457 325.7218543],0
p7,1,0.307325,1.042137,[41 63] ; [156 190],[45.52888889 58.47111111] ; [151.47111111 194.52888889],0
p6,1,0.642352,0.215679,[25 83] ; [ 89 262],[26.82352941 81.17647059] ; [ 87.17647059 263.82352941],0
p11,1,0.750533,0.101084,[79 30] ; [262  92],[80.27861771 28.72138229] ; [260.72138229  93.27861771],0
p3,1,0.96845,0.001564,[40 68] ; [130 223],[39.82646421 68.17353579] ; [130.17353579 222.82646421],0
