Feature,DoF,P Value,Chi Square,Observed,Expected,Is Significant
p10,1,0.0,34.954908,[15 86] ; [25 13],[29.0647482 71.9352518] ; [10.9352518 27.0647482],1
p8,1,0.0,29.07781,[12 90] ; [21 17],[24.04285714 77.95714286] ; [ 8.95714286 29.04285714],1
p3,1,0.000176,14.070731,[21 79] ; [20 17],[29.9270073 70.0729927] ; [11.0729927 25.9270073],1
p12,1,0.001655,9.897846,[  1 100] ; [ 5 33],[ 4.35971223 96.64028777] ; [ 1.64028777 36.35971223],0
p5,1,0.00172,9.82675,[  2 100] ; [ 6 32],[ 5.82857143 96.17142857] ; [ 2.17142857 35.82857143],0
p4,1,0.005856,7.593987,[29 72] ; [20 17],[35.86231884 65.13768116] ; [13.13768116 23.86231884],0
p11,1,0.015412,5.868805,[41 61] ; [24 14],[47.35714286 54.64285714] ; [17.64285714 20.35714286],0
p1,1,0.432095,0.617187,[11 90] ; [ 6 32],[12.35251799 88.64748201] ; [ 4.64748201 33.35251799],0
b1,1,0.836458,0.042612,[53 49] ; [19 19],[52.45714286 49.54285714] ; [19.54285714 18.45714286],0
