Feature,DoF,P Value,Chi Square,Observed,Expected,Is Significant
b1,1,0.045832,3.987756,[59 74] ; [43 30],[65.85436893 67.14563107] ; [36.14563107 36.85436893],0
p3,1,0.085757,2.952278,[50 83] ; [36 36],[55.79512195 77.20487805] ; [30.20487805 41.79512195],0
p8,1,0.095095,2.785945,[51 79] ; [37 35],[56.63366337 73.36633663] ; [31.36633663 40.63366337],0
p7,1,0.414632,0.665479,[71 61] ; [43 29],[73.76470588 58.23529412] ; [40.23529412 31.76470588],0
p1,1,0.422149,0.644325,[ 10 121] ; [ 8 65],[ 11.55882353 119.44117647] ; [ 6.44117647 66.55882353],0
p5,1,0.460528,0.544612,[  6 127] ; [ 5 67],[  7.13658537 125.86341463] ; [ 3.86341463 68.13658537],0
p11,1,0.892132,0.018389,[76 57] ; [41 32],[75.53883495 57.46116505] ; [41.46116505 31.53883495],0
p6,1,0.985781,0.000318,[38 91] ; [21 50],[38.055 90.945] ; [20.945 50.055],0
