Feature,DoF,P Value,Chi Square,Observed,Expected,Is Significant
p8,1,0.0,63.821239,[33 80] ; [340 148],[70.13144759 42.86855241] ; [302.86855241 185.13144759],1
p4,1,0.0,49.861749,[41 70] ; [353 136],[72.89 38.11] ; [321.11 167.89],1
p3,1,0.0,26.919981,[40 72] ; [306 183],[64.47920133 47.52079867] ; [281.52079867 207.47920133],1
p6,1,1.1e-05,19.273748,[30 82] ; [242 245],[50.85809683 61.14190317] ; [221.14190317 265.85809683],1
p11,1,4.7e-05,16.565814,[80 33] ; [424  66],[94.44776119 18.55223881] ; [409.55223881  80.44776119],1
p5,1,0.085385,2.959292,[10 99] ; [ 76 412],[15.70184255 93.29815745] ; [ 70.29815745 417.70184255],0
b1,1,0.636938,0.222769,[47 66] ; [192 298],[44.78772803 68.21227197] ; [194.21227197 295.78772803],0
p12,1,0.642868,0.215011,[ 12 101] ; [ 45 444],[ 10.69933555 102.30066445] ; [ 46.30066445 442.69933555],0
p1,1,0.698697,0.14983,[ 12 101] ; [ 46 442],[ 10.90515807 102.09484193] ; [ 47.09484193 440.90515807],0
