Feature,DoF,P Value,Chi Square,Observed,Expected,Is Significant
p6,1,0.012467,6.243166,[230 170] ; [210 220],[212.04819277 187.95180723] ; [227.95180723 202.04819277],0
p3,1,0.024759,5.04067,[282 119] ; [274 161],[266.6937799 134.3062201] ; [289.3062201 145.6937799],0
b1,1,0.436979,0.604202,[166 235] ; [169 267],[160.4958184 240.5041816] ; [174.5041816 261.4958184],0
p5,1,0.475286,0.509659,[ 77 321] ; [ 76 360],[ 73.01438849 324.98561151] ; [ 79.98561151 356.01438849],0
p11,1,0.492759,0.470497,[342  59] ; [379  57],[345.42532855  55.57467145] ; [375.57467145  60.42532855],0
p1,1,0.666645,0.185551,[ 44 355] ; [ 52 382],[ 45.98319328 353.01680672] ; [ 50.01680672 383.98319328],0
p12,1,0.739797,0.110305,[ 38 363] ; [ 44 389],[ 39.42685851 361.57314149] ; [ 42.57314149 390.42685851],0
p9,1,0.799739,0.064356,[358  43] ; [388  44],[359.11884754  41.88115246] ; [386.88115246  45.11884754],0
p10,1,0.901217,0.015407,[353  46] ; [381  51],[352.42599278  46.57400722] ; [381.57400722  50.42599278],0
