Feature,DoF,P Value,Chi Square,Observed,Expected,Is Significant
p7,1,0.0,44.655069,[108 212] ; [67 25],[135.9223301 184.0776699] ; [39.0776699 52.9223301],1
p1,1,0.001283,10.367174,[ 13 315] ; [12 81],[ 19.47743468 308.52256532] ; [ 5.52256532 87.47743468],0
b1,1,0.017545,5.641008,[118 211] ; [46 47],[127.85781991 201.14218009] ; [36.14218009 56.85781991],0
p6,1,0.098568,2.728555,[ 56 269] ; [22 66],[ 61.38014528 263.61985472] ; [16.61985472 71.38014528],0
p2,1,0.122796,2.381286,[208 120] ; [67 26],[214.25178147 113.74821853] ; [60.74821853 32.25178147],0
p10,1,0.147553,2.097363,[208 115] ; [66 25],[213.77294686 109.22705314] ; [60.22705314 30.77294686],0
p9,1,0.166173,1.917137,[223  98] ; [70 21],[228.28398058  92.71601942] ; [64.71601942 26.28398058],0
p5,1,0.213537,1.547285,[  9 318] ; [ 5 88],[ 10.9 316.1] ; [ 3.1 89.9],0
p11,1,0.220457,1.501391,[211 118] ; [66 27],[215.9549763 113.0450237] ; [61.0450237 31.9549763],0
p12,1,0.674051,0.176901,[ 14 313] ; [ 3 88],[ 13.29904306 313.70095694] ; [ 3.70095694 87.29904306],0
