Feature,DoF,P Value,Chi Square,Observed,Expected,Is Significant
p3,1,0.0,127.733765,[378 327] ; [ 25 203],[304.51768489 400.48231511] ; [ 98.48231511 129.51768489],1
p8,1,0.0,106.8497,[394 304] ; [ 39 189],[326.38660907 371.61339093] ; [106.61339093 121.38660907],1
p2,1,0.0,103.518259,[609  94] ; [126 103],[554.40450644 148.59549356] ; [180.59549356  48.40450644],1
p6,1,0.0,77.963903,[275 425] ; [ 18 209],[221.25134844 478.74865156] ; [ 71.74865156 155.25134844],1
p11,1,0.0,53.120744,[600 107] ; [143  86],[561.21901709 145.78098291] ; [181.78098291  47.21901709],1
p5,1,9e-06,19.700266,[ 96 605] ; [  7 221],[ 77.7212056 623.2787944] ; [ 25.2787944 202.7212056],1
p12,1,0.013516,6.10027,[ 68 636] ; [ 10 216],[ 59.04516129 644.95483871] ; [ 18.95483871 207.04516129],0
b1,1,0.629738,0.232416,[250 457] ; [ 85 144],[253.03952991 453.96047009] ; [ 81.96047009 147.03952991],0
p1,1,0.634907,0.225465,[ 66 638] ; [ 19 209],[ 64.20600858 639.79399142] ; [ 20.79399142 207.20600858],0
