Feature,DoF,P Value,Chi Square,Observed,Expected,Is Significant
p9,1,0.0,111.371572,[32 53] ; [312  37],[67.37327189 17.62672811] ; [276.62672811  72.37327189],1
p11,1,0.0,63.617732,[41 44] ; [305  45],[67.6091954 17.3908046] ; [278.3908046  71.6091954],1
p7,1,0.0,42.666817,[46 39] ; [299  49],[67.72517321 17.27482679] ; [277.27482679  70.72517321],1
p2,1,0.0,26.055893,[63 22] ; [325  24],[75.99078341  9.00921659] ; [312.00921659  36.99078341],1
p3,1,0.000157,14.282695,[45 40] ; [258  91],[59.34331797 25.65668203] ; [243.65668203 105.34331797],1
p6,1,0.000694,11.504166,[31 53] ; [200 148],[44.91666667 39.08333333] ; [186.08333333 161.91666667],1
p12,1,0.002312,9.283586,[ 1 84] ; [ 43 307],[ 8.59770115 76.40229885] ; [ 35.40229885 314.59770115],0
p5,1,0.012723,6.207165,[ 8 76] ; [ 75 275],[16.06451613 67.93548387] ; [ 66.93548387 283.06451613],0
b1,1,0.061336,3.50089,[44 41] ; [142 208],[36.34482759 48.65517241] ; [149.65517241 200.34482759],0
p1,1,0.41122,0.67527,[ 8 77] ; [ 44 304],[10.20785219 74.79214781] ; [ 41.79214781 306.20785219],0
