Feature,DoF,P Value,Chi Square,Observed,Expected,Is Significant
p1,1,0.068218,3.325381,[ 4 79] ; [ 7 44],[ 6.81343284 76.18656716] ; [ 4.18656716 46.81343284],0
p4,1,0.310268,1.029534,[43 40] ; [31 20],[45.8358209 37.1641791] ; [28.1641791 22.8358209],0
p5,1,0.484373,0.489002,[ 4 78] ; [ 4 47],[ 4.93233083 77.06766917] ; [ 3.06766917 47.93233083],0
b1,1,0.542916,0.370161,[50 33] ; [28 23],[48.31343284 34.68656716] ; [29.68656716 21.31343284],0
p11,1,0.735816,0.113838,[48 35] ; [31 20],[48.93283582 34.06716418] ; [30.06716418 20.93283582],0
p3,1,0.739663,0.110423,[35 48] ; [23 28],[35.92537313 47.07462687] ; [22.07462687 28.92537313],0
p8,1,0.888717,0.01958,[44 38] ; [28 23],[44.39097744 37.60902256] ; [27.60902256 23.39097744],0
p2,1,0.89659,0.016892,[61 22] ; [38 13],[61.32089552 21.67910448] ; [37.67910448 13.32089552],0
