Feature,DoF,P Value,Chi Square,Observed,Expected,Is Significant
p10,1,0.0,75.974518,[68 19] ; [15 86],[38.40957447 48.59042553] ; [44.59042553 56.40957447],1
p2,1,0.0,32.513369,[72 16] ; [42 60],[52.8 35.2] ; [61.2 40.8],1
p11,1,6e-05,16.113841,[61 27] ; [41 61],[47.24210526 40.75789474] ; [54.75789474 47.24210526],1
p4,1,0.000172,14.1116,[49 39] ; [29 72],[36.31746032 51.68253968] ; [41.68253968 59.31746032],1
p6,1,0.001645,9.909039,[19 68] ; [ 6 93],[11.69354839 75.30645161] ; [13.30645161 85.69354839],0
p5,1,0.004114,8.232589,[11 77] ; [  2 100],[ 6.02105263 81.97894737] ; [ 6.97894737 95.02105263],0
p3,1,0.004187,8.200775,[35 52] ; [21 79],[26.05347594 60.94652406] ; [29.94652406 70.05347594],0
b1,1,0.005118,7.837113,[28 60] ; [53 49],[37.51578947 50.48421053] ; [43.48421053 58.51578947],0
p12,1,0.016856,5.711341,[ 7 80] ; [  1 100],[ 3.70212766 83.29787234] ; [ 4.29787234 96.70212766],0
p1,1,0.42402,0.639147,[13 75] ; [11 90],[11.17460317 76.82539683] ; [12.82539683 88.17460317],0
