Feature,DoF,P Value,Chi Square,Observed,Expected,Is Significant
p3,1,0.0,83.681399,[ 66 217] ; [173 109],[119.71150442 163.28849558] ; [119.28849558 162.71150442],1
p8,1,0.000186,13.968254,[104 176] ; [148 132],[126. 154.] ; [126. 154.],1
p9,1,0.001729,9.817162,[258  25] ; [231  50],[245.36702128  37.63297872] ; [243.63297872  37.36702128],0
p2,1,0.001978,9.569864,[215  68] ; [243  39],[229.40530973  53.59469027] ; [228.59469027  53.40530973],0
p5,1,0.003324,8.620517,[ 12 270] ; [ 30 248],[ 21.15 260.85] ; [ 20.85 257.15],0
p7,1,0.014955,5.921782,[136 136] ; [170 112],[150.23826715 121.76173285] ; [155.76173285 126.23826715],0
b1,1,0.364664,0.821768,[ 97 187] ; [107 176],[102.17989418 181.82010582] ; [101.82010582 181.17989418],0
p1,1,0.610074,0.260067,[ 19 265] ; [ 22 260],[ 20.57243816 263.42756184] ; [ 20.42756184 261.57243816],0
p12,1,0.861387,0.030488,[ 15 267] ; [ 16 267],[ 15.47256637 266.52743363] ; [ 15.52743363 267.47256637],0
p11,1,0.982274,0.000494,[222  62] ; [221  62],[221.89065256  62.10934744] ; [221.10934744  61.89065256],0
