Feature,DoF,P Value,Chi Square,Observed,Expected,Is Significant
p7,1,0.0,134.745357,[242  36] ; [38 90],[191.72413793  86.27586207] ; [88.27586207 39.72413793],1
p4,1,0.0,122.078388,[234  48] ; [35 94],[184.56934307  97.43065693] ; [84.43065693 44.56934307],1
p2,1,0.0,101.903759,[258  25] ; [60 70],[217.9031477  65.0968523] ; [100.0968523  29.9031477],1
p3,1,0.0,70.392648,[193  89] ; [31 98],[153.69343066 128.30656934] ; [70.30656934 58.69343066],1
p11,1,0.0,64.562654,[237  46] ; [59 71],[202.82808717  80.17191283] ; [93.17191283 36.82808717],1
p5,1,1e-06,24.598365,[ 60 223] ; [  3 127],[ 43.16949153 239.83050847] ; [ 19.83050847 110.16949153],1
p12,1,6.5e-05,15.940075,[ 41 241] ; [  2 127],[ 29.50364964 252.49635036] ; [ 13.49635036 115.50364964],1
b1,1,0.012168,6.286172,[115 168] ; [70 60],[126.76755448 156.23244552] ; [58.23244552 71.76755448],0
p1,1,0.077637,3.113693,[ 39 243] ; [ 10 119],[ 33.62043796 248.37956204] ; [ 15.37956204 113.62043796],0
