Feature,DoF,P Value,Chi Square,Observed,Expected,Is Significant
p9,1,0.0,27.685725,[446  19] ; [97 21],[433.09605489  31.90394511] ; [109.90394511   8.09605489],1
p8,1,0.00378,8.386392,[309 153] ; [62 56],[295.52068966 166.47931034] ; [75.47931034 42.52068966],0
p5,1,0.005291,7.777353,[ 84 378] ; [  9 109],[ 74.07931034 387.92068966] ; [18.92068966 99.07931034],0
p11,1,0.009908,6.651419,[407  59] ; [92 26],[398.17465753  67.82534247] ; [100.82534247  17.17465753],0
p2,1,0.040023,4.216917,[425  38] ; [101  17],[419.17039587  43.82960413] ; [106.82960413  11.17039587],0
p12,1,0.048097,3.906593,[ 52 413] ; [  6 112],[ 46.26072041 418.73927959] ; [ 11.73927959 106.26072041],0
b1,1,0.229583,1.443445,[182 284] ; [39 79],[176.34589041 289.65410959] ; [44.65410959 73.34589041],0
p1,1,0.64031,0.218337,[ 50 413] ; [ 11 107],[ 48.61101549 414.38898451] ; [ 12.38898451 105.61101549],0
p7,1,0.953797,0.003357,[353 108] ; [87 27],[352.76521739 108.23478261] ; [87.23478261 26.76521739],0
