Feature,DoF,P Value,Chi Square,Observed,Expected,Is Significant
p9,1,0.0,54.698342,[19 70] ; [150  72],[48.36334405 40.63665595] ; [120.63665595 101.36334405],1
p11,1,3e-06,21.853967,[31 61] ; [143  86],[49.86915888 42.13084112] ; [124.13084112 104.86915888],1
b1,1,0.001482,10.101017,[52 40] ; [ 85 144],[39.26479751 52.73520249] ; [ 97.73520249 131.26479751],0
p3,1,0.010723,6.510641,[20 71] ; [ 25 203],[12.8369906 78.1630094] ; [ 32.1630094 195.8369906],0
p6,1,0.078273,3.100411,[13 77] ; [ 18 209],[ 8.80126183 81.19873817] ; [ 22.19873817 204.80126183],0
p12,1,0.139695,2.181317,[ 1 91] ; [ 10 216],[ 3.18238994 88.81761006] ; [  7.81761006 218.18238994],0
p5,1,0.557993,0.343191,[ 4 87] ; [  7 221],[ 3.13793103 87.86206897] ; [  7.86206897 220.13793103],0
p1,1,0.5847,0.298698,[ 6 86] ; [ 19 209],[ 7.1875 84.8125] ; [ 17.8125 210.1875],0
p8,1,0.709284,0.138993,[14 77] ; [ 39 189],[15.11912226 75.88087774] ; [ 37.88087774 190.11912226],0
