Feature,DoF,P Value,Chi Square,Observed,Expected,Is Significant
p10,1,1e-06,23.289529,[194  44] ; [446  32],[212.73743017  25.26256983] ; [427.26256983  50.73743017],1
p8,1,0.00076,11.336797,[125 113] ; [312 164],[145.66666667  92.33333333] ; [291.33333333 184.66666667],1
p2,1,0.001096,10.657482,[198  40] ; [436  41],[211.03776224  26.96223776] ; [422.96223776  54.03776224],0
p7,1,0.002845,8.904619,[154  84] ; [358 117],[170.90603086  67.09396914] ; [341.09396914 133.90603086],0
p5,1,0.019194,5.483747,[ 27 209] ; [ 87 389],[ 37.78651685 198.21348315] ; [ 76.21348315 399.78651685],0
p12,1,0.038921,4.264291,[ 15 224] ; [ 53 426],[ 22.63509749 216.36490251] ; [ 45.36490251 433.63509749],0
p11,1,0.085051,2.965628,[191  48] ; [408  72],[199.11126565  39.88873435] ; [399.88873435  80.11126565],0
p1,1,0.546729,0.363209,[ 22 216] ; [ 51 426],[ 24.2993007 213.7006993] ; [ 48.7006993 428.2993007],0
b1,1,0.63472,0.225714,[ 96 143] ; [184 296],[ 93.07371349 145.92628651] ; [186.92628651 293.07371349],0
