Feature,DoF,P Value,Chi Square,Observed,Expected,Is Significant
p9,1,0.0,44.146508,[258  25] ; [262 113],[223.64741641  59.35258359] ; [296.35258359  78.64741641],1
p7,1,1.3e-05,19.033162,[136 136] ; [124 252],[109.13580247 162.86419753] ; [150.86419753 225.13580247],1
p11,1,0.000294,13.106894,[222  62] ; [250 133],[200.97151424  83.02848576] ; [271.02848576 111.97151424],1
p2,1,0.001083,10.67925,[215  68] ; [245 137],[195.7593985  87.2406015] ; [264.2406015 117.7593985],0
p3,1,0.071949,3.237985,[ 66 217] ; [113 269],[ 76.17593985 206.82406015] ; [102.82406015 279.17593985],0
b1,1,0.072164,3.23311,[ 97 187] ; [157 226],[108.14992504 175.85007496] ; [145.85007496 237.14992504],0
p1,1,0.344967,0.891885,[ 19 265] ; [ 19 363],[ 16.2042042 267.7957958] ; [ 21.7957958 360.2042042],0
p5,1,0.751719,0.100092,[ 12 270] ; [ 18 359],[ 12.83763278 269.16236722] ; [ 17.16236722 359.83763278],0
p12,1,0.847925,0.036774,[ 15 267] ; [ 19 362],[ 14.46153846 267.53846154] ; [ 19.53846154 361.46153846],0
