Feature,DoF,P Value,Chi Square,Observed,Expected,Is Significant
p7,1,0.0,164.065287,[261  35] ; [132 209],[182.61852433 113.38147567] ; [210.38147567 130.61852433],1
p2,1,0.0,66.583624,[274  24] ; [227 122],[230.75425039  67.24574961] ; [270.24574961  78.75425039],1
p5,1,0.0,57.527256,[ 68 231] ; [ 11 337],[ 36.50850077 262.49149923] ; [ 42.49149923 305.50850077],1
p10,1,0.0,50.374779,[268  29] ; [232 115],[230.59006211  66.40993789] ; [269.40993789  77.59006211],1
p9,1,0.0,39.321836,[273  26] ; [244  96],[241.91392801  57.08607199] ; [275.08607199  64.91392801],1
p11,1,0.0,32.221375,[260  39] ; [239 112],[229.54  69.46] ; [269.46  81.54],1
p12,1,1.7e-05,18.516231,[ 40 258] ; [ 14 334],[ 24.91021672 273.08978328] ; [ 29.08978328 318.91021672],1
p1,1,2.4e-05,17.834628,[ 42 255] ; [ 16 332],[ 26.70697674 270.29302326] ; [ 31.29302326 316.70697674],1
b1,1,0.672376,0.178835,[119 180] ; [134 217],[116.38 182.62] ; [136.62 214.38],0
