Feature,DoF,P Value,Chi Square,Observed,Expected,Is Significant
p10,1,0.0,114.914841,[258  38] ; [19 53],[222.80434783  73.19565217] ; [54.19565217 17.80434783],1
p7,1,0.0,25.761776,[252  41] ; [43 29],[236.80821918  56.19178082] ; [58.19178082 13.80821918],1
p11,1,1e-06,23.470901,[247  52] ; [41 32],[231.48387097  67.51612903] ; [56.51612903 16.48387097],1
p8,1,0.001772,9.77217,[210  87] ; [37 35],[198.80487805  98.19512195] ; [48.19512195 23.80487805],0
b1,1,0.00991,6.651062,[126 173] ; [43 30],[135.83602151 163.16397849] ; [33.16397849 39.83602151],0
p3,1,0.010458,6.555145,[198 101] ; [36 36],[188.58760108 110.41239892] ; [45.41239892 26.58760108],0
p5,1,0.011517,6.383702,[ 58 241] ; [ 5 67],[ 50.77358491 248.22641509] ; [12.22641509 59.77358491],0
p1,1,0.526634,0.400883,[ 41 257] ; [ 8 65],[ 39.35849057 258.64150943] ; [ 9.64150943 63.35849057],0
