Feature,DoF,P Value,Chi Square,Observed,Expected,Is Significant
p4,1,0.002734,8.977041,[24 21] ; [86 25],[31.73076923 13.26923077] ; [78.26923077 32.73076923],0
p6,1,0.008368,6.953066,[21 26] ; [26 84],[14.07006369 32.92993631] ; [32.92993631 77.07006369],0
p9,1,0.140282,2.174861,[33 14] ; [89 21],[36.52229299 10.47770701] ; [85.47770701 24.52229299],0
p5,1,0.234379,1.414087,[ 9 38] ; [13 96],[ 6.62820513 40.37179487] ; [15.37179487 93.62820513],0
b1,1,0.256576,1.287138,[17 30] ; [51 60],[20.2278481 26.7721519] ; [47.7721519 63.2278481],0
p1,1,0.363442,0.825963,[ 5 42] ; [18 93],[ 6.84177215 40.15822785] ; [16.15822785 94.84177215],0
p11,1,0.426195,0.633171,[30 17] ; [78 33],[32.12658228 14.87341772] ; [75.87341772 35.12658228],0
p10,1,0.659542,0.194081,[33 14] ; [81 29],[34.12738854 12.87261146] ; [79.87261146 30.12738854],0
p12,1,0.889657,0.019248,[ 5 42] ; [ 11 100],[ 4.75949367 42.24050633] ; [11.24050633 99.75949367],0
