Feature,DoF,P Value,Chi Square,Observed,Expected,Is Significant
p2,1,8.2e-05,15.507672,[71 22] ; [72 70],[56.59148936 36.40851064] ; [86.40851064 55.59148936],1
p8,1,0.000122,14.759938,[46 44] ; [ 37 104],[32.33766234 57.66233766] ; [50.66233766 90.33766234],1
p6,1,0.002393,9.220451,[34 56] ; [ 27 111],[24.07894737 65.92105263] ; [ 36.92105263 101.07894737],0
p3,1,0.044978,4.019462,[41 52] ; [44 97],[33.78205128 59.21794872] ; [51.21794872 89.78205128],0
p11,1,0.045877,3.986099,[51 42] ; [59 83],[43.53191489 49.46808511] ; [66.46808511 75.53191489],0
p4,1,0.055225,3.675288,[46 46] ; [53 89],[38.92307692 53.07692308] ; [60.07692308 81.92307692],0
p5,1,0.170217,1.881034,[ 7 85] ; [  5 136],[ 4.73819742 87.26180258] ; [  7.26180258 133.73819742],0
p1,1,0.614336,0.253909,[ 5 87] ; [ 10 131],[ 5.92274678 86.07725322] ; [  9.07725322 131.92274678],0
p12,1,0.672442,0.178759,[ 2 91] ; [  2 139],[ 1.58974359 91.41025641] ; [  2.41025641 138.58974359],0
b1,1,0.856595,0.032656,[48 45] ; [75 67],[48.67659574 44.32340426] ; [74.32340426 67.67659574],0
