Feature,DoF,P Value,Chi Square,Observed,Expected,Is Significant
p4,1,0.0,249.866008,[336  67] ; [109 284],[225.29522613 177.70477387] ; [219.70477387 173.29522613],1
p7,1,0.0,136.528521,[317  82] ; [148 237],[236.65178571 162.34821429] ; [228.34821429 156.65178571],1
p8,1,0.0,110.024896,[274 126] ; [122 269],[200.2528445 199.7471555] ; [195.7471555 195.2528445],1
p5,1,0.0,45.848883,[ 77 325] ; [ 15 379],[ 46.46231156 355.53768844] ; [ 45.53768844 348.46231156],1
p9,1,0.0,45.802135,[363  37] ; [278 108],[326.2086514  73.7913486] ; [314.7913486  71.2086514],1
p10,1,0.0,42.575769,[349  50] ; [266 124],[311.00760456  87.99239544] ; [303.99239544  86.00760456],1
p11,1,1e-06,24.580105,[335  68] ; [271 127],[304.89138577  98.10861423] ; [301.10861423  96.89138577],1
p1,1,7e-06,20.152533,[ 52 350] ; [ 16 379],[ 34.29861982 367.70138018] ; [ 33.70138018 361.29861982],1
p12,1,7.6e-05,15.659307,[ 45 356] ; [ 15 379],[ 30.26415094 370.73584906] ; [ 29.73584906 364.26415094],1
b1,1,0.036278,4.383989,[175 228] ; [144 254],[160.49563046 242.50436954] ; [158.50436954 239.49563046],0
