Feature,DoF,P Value,Chi Square,Observed,Expected,Is Significant
p4,1,0.0,35.723112,[117 150] ; [86 25],[143.38888889 123.61111111] ; [59.61111111 51.38888889],1
p10,1,0.009374,6.750102,[227  40] ; [81 29],[218.13262599  48.86737401] ; [89.86737401 20.13262599],0
b1,1,0.017084,5.687752,[ 88 179] ; [51 60],[ 98.18253968 168.81746032] ; [40.81746032 70.18253968],0
p1,1,0.041714,4.146751,[ 24 243] ; [18 93],[ 29.66666667 237.33333333] ; [12.33333333 98.66666667],0
p6,1,0.177764,1.81622,[ 47 220] ; [26 84],[ 51.70026525 215.29973475] ; [21.29973475 88.70026525],0
p5,1,0.1784,1.810899,[ 20 244] ; [13 96],[ 23.35656836 240.64343164] ; [ 9.64343164 99.35656836],0
p11,1,0.27655,1.183966,[202  65] ; [78 33],[197.77777778  69.22222222] ; [82.22222222 28.77777778],0
p8,1,0.530064,0.394268,[ 75 190] ; [35 76],[ 77.52659574 187.47340426] ; [32.47340426 78.52659574],0
p12,1,0.786701,0.073223,[ 24 242] ; [ 11 100],[ 24.69496021 241.30503979] ; [ 10.30503979 100.69496021],0
p2,1,0.893885,0.017793,[199  68] ; [82 29],[198.48412698  68.51587302] ; [82.51587302 28.48412698],0
