Feature,DoF,P Value,Chi Square,Observed,Expected,Is Significant
p7,1,0.0,53.341175,[119  62] ; [124 252],[ 78.96409336 102.03590664] ; [164.03590664 211.96409336],1
p2,1,0.0,27.932557,[156  26] ; [245 137],[129.40070922  52.59929078] ; [271.59929078 110.40070922],1
p10,1,0.002723,8.984539,[140  40] ; [246 131],[124.73967684  55.26032316] ; [261.26032316 115.73967684],0
p11,1,0.006946,7.286832,[140  43] ; [250 133],[126.09540636  56.90459364] ; [263.90459364 119.09540636],0
p9,1,0.010606,6.530234,[145  36] ; [262 113],[132.49460432  48.50539568] ; [274.50539568 100.49460432],0
p5,1,0.159143,1.982354,[ 14 167] ; [ 18 359],[ 10.37992832 170.62007168] ; [ 21.62007168 355.37992832],0
b1,1,0.261876,1.258812,[ 66 117] ; [157 226],[ 72.10070671 110.89929329] ; [150.89929329 232.10070671],0
p1,1,0.439224,0.59831,[ 12 171] ; [ 19 363],[ 10.04070796 172.95929204] ; [ 20.95929204 361.04070796],0
p12,1,0.537915,0.379418,[  7 176] ; [ 19 362],[  8.43617021 174.56382979] ; [ 17.56382979 363.43617021],0
