Feature,DoF,P Value,Chi Square,Observed,Expected,Is Significant
p11,1,3.6e-05,17.075257,[200  31] ; [103  46],[184.19210526  46.80789474] ; [118.80789474  30.19210526],1
p5,1,8.5e-05,15.440418,[ 60 171] ; [ 14 133],[ 45.22222222 185.77777778] ; [ 28.77777778 118.22222222],1
p10,1,0.000376,12.649088,[202  28] ; [108  39],[189.12466844  40.87533156] ; [120.87533156  26.12466844],1
p2,1,0.001179,10.523234,[210  21] ; [118  31],[199.38947368  31.61052632] ; [128.61052632  20.38947368],0
p3,1,0.002538,9.112928,[168  62] ; [86 62],[154.55026455  75.44973545] ; [99.44973545 48.55026455],0
p9,1,0.002665,9.023802,[210  21] ; [117  29],[200.36339523  30.63660477] ; [126.63660477  19.36339523],0
p12,1,0.076776,3.131857,[ 38 192] ; [ 15 134],[ 32.16358839 197.83641161] ; [ 20.83641161 128.16358839],0
p1,1,0.096164,2.768041,[ 37 193] ; [ 15 134],[ 31.55672823 198.44327177] ; [ 20.44327177 128.55672823],0
b1,1,0.476197,0.50756,[100 131] ; [59 90],[ 96.65526316 134.34473684] ; [62.34473684 86.65526316],0
