Feature,DoF,P Value,Chi Square,Observed,Expected,Is Significant
p8,1,0.0,105.539365,[ 72 170] ; [168  48],[126.81222707 115.18777293] ; [113.18777293 102.81222707],1
p4,1,0.0,91.282776,[118 126] ; [196  22],[165.83549784  78.16450216] ; [148.16450216  69.83549784],1
p5,1,0.0,29.708437,[ 16 228] ; [ 54 164],[ 36.96969697 207.03030303] ; [ 33.03030303 184.96969697],1
p10,1,5.8e-05,16.151572,[181  61] ; [193  23],[197.61572052  44.38427948] ; [176.38427948  39.61572052],1
p9,1,0.000664,11.58609,[199  42] ; [202  15],[211.00655022  29.99344978] ; [189.99344978  27.00655022],1
b1,1,0.000745,11.373245,[ 81 163] ; [106 112],[ 98.76190476 145.23809524] ; [ 88.23809524 129.76190476],1
p12,1,0.001764,9.780635,[ 16 226] ; [ 34 182],[ 26.41921397 215.58078603] ; [ 23.58078603 192.41921397],0
p1,1,0.006197,7.492135,[ 20 223] ; [ 36 181],[ 29.5826087 213.4173913] ; [ 26.4173913 190.5826087],0
p11,1,0.033771,4.50625,[179  65] ; [178  40],[188.54545455  55.45454545] ; [168.45454545  49.54545455],0
