Feature,DoF,P Value,Chi Square,Observed,Expected,Is Significant
p3,1,0.000746,11.370476,[ 66 284] ; [113 269],[ 85.58743169 264.41256831] ; [ 93.41256831 288.58743169],1
p7,1,0.109707,2.558435,[132 209] ; [124 252],[121.75174338 219.24825662] ; [134.24825662 241.75174338],0
p5,1,0.267987,1.227021,[ 11 337] ; [ 18 359],[ 13.92 334.08] ; [ 15.08 361.92],0
p11,1,0.418832,0.653591,[239 112] ; [250 133],[233.84059946 117.15940054] ; [255.15940054 127.84059946],0
b1,1,0.436006,0.606772,[134 217] ; [157 226],[139.15667575 211.84332425] ; [151.84332425 231.15667575],0
p12,1,0.531781,0.390987,[ 14 334] ; [ 19 362],[ 15.75308642 332.24691358] ; [ 17.24691358 363.75308642],0
p9,1,0.577344,0.310549,[244  96] ; [262 113],[240.61538462  99.38461538] ; [265.38461538 109.61538462],0
p10,1,0.648375,0.207955,[232 115] ; [246 131],[229.09668508 117.90331492] ; [248.90331492 128.09668508],0
p2,1,0.797915,0.06556,[227 122] ; [245 137],[225.34610123 123.65389877] ; [246.65389877 135.34610123],0
p1,1,0.812218,0.056437,[ 16 332] ; [ 19 363],[ 16.68493151 331.31506849] ; [ 18.31506849 363.68493151],0
