Feature,DoF,P Value,Chi Square,Observed,Expected,Is Significant
p3,1,1e-06,23.742061,[ 86 108] ; [ 67 221],[ 61.58091286 132.41908714] ; [ 91.41908714 196.58091286],1
p6,1,4e-05,16.863714,[ 68 124] ; [ 52 227],[ 48.91719745 143.08280255] ; [ 71.08280255 207.91719745],1
b1,1,0.023464,5.133805,[ 83 111] ; [ 94 194],[ 71.2406639 122.7593361] ; [105.7593361 182.2406639],0
p11,1,0.037167,4.342744,[133  61] ; [222  66],[142.88381743  51.11618257] ; [212.11618257  75.88381743],0
p5,1,0.239599,1.382952,[ 11 181] ; [ 10 277],[  8.41753653 183.58246347] ; [ 12.58246347 274.41753653],0
p12,1,0.435191,0.60893,[  5 189] ; [ 11 272],[  6.50733753 187.49266247] ; [  9.49266247 273.50733753],0
p9,1,0.620818,0.24472,[156  38] ; [231  50],[158.05894737  35.94105263] ; [228.94105263  52.05894737],0
p10,1,0.728658,0.120348,[148  44] ; [215  69],[146.42016807  45.57983193] ; [216.57983193  67.42016807],0
p1,1,0.969059,0.001505,[  8 186] ; [ 12 274],[  8.08333333 185.91666667] ; [ 11.91666667 274.08333333],0
