Feature,DoF,P Value,Chi Square,Observed,Expected,Is Significant
p2,1,0.0,62.199998,[243  39] ; [72 70],[209.50471698  72.49528302] ; [105.49528302  36.50471698],1
p11,1,0.0,56.174086,[221  62] ; [59 83],[186.44705882  96.55294118] ; [93.55294118 48.44705882],1
p3,1,0.0,34.183873,[173 109] ; [44 97],[144.66666667 137.33333333] ; [72.33333333 68.66666667],1
p8,1,0.0,26.968783,[148 132] ; [ 37 104],[123.04038005 156.95961995] ; [61.95961995 79.04038005],1
p7,1,3.6e-05,17.090909,[170 112] ; [55 86],[150. 132.] ; [75. 66.],1
b1,1,0.003186,8.697915,[107 176] ; [75 67],[121.19058824 161.80941176] ; [60.80941176 81.19058824],0
p5,1,0.011317,6.414865,[ 30 248] ; [  5 136],[ 23.22195704 254.77804296] ; [ 11.77804296 129.22195704],0
p12,1,0.041567,4.152744,[ 16 267] ; [  2 139],[ 12.01415094 270.98584906] ; [  5.98584906 135.01415094],0
p1,1,0.794841,0.067615,[ 22 260] ; [ 10 131],[ 21.33333333 260.66666667] ; [ 10.66666667 130.33333333],0
