Feature,DoF,P Value,Chi Square,Observed,Expected,Is Significant
p11,1,0.03698,4.351313,[104  28] ; [45 24],[97.85074627 34.14925373] ; [51.14925373 17.85074627],0
p10,1,0.136456,2.217472,[104  26] ; [48 20],[99.7979798 30.2020202] ; [52.2020202 15.7979798],0
p2,1,0.140219,2.175556,[110  21] ; [52 17],[106.11  24.89] ; [55.89 13.11],0
b1,1,0.223546,1.481462,[44 88] ; [29 40],[47.94029851 84.05970149] ; [25.05970149 43.94029851],0
p9,1,0.242386,1.366663,[110  20] ; [53 15],[107.02020202  22.97979798] ; [55.97979798 12.02020202],0
p1,1,0.345455,0.890082,[ 13 117] ; [10 59],[ 15.02512563 114.97487437] ; [ 7.97487437 61.02512563],0
p5,1,0.475205,0.509847,[  9 122] ; [ 3 66],[  7.86 123.14] ; [ 4.14 64.86],0
p7,1,0.640823,0.217667,[87 39] ; [47 18],[88.39790576 37.60209424] ; [45.60209424 19.39790576],0
p12,1,0.831544,0.04525,[  5 125] ; [ 3 64],[  5.27918782 124.72081218] ; [ 2.72081218 64.27918782],0
p3,1,0.904886,0.014278,[41 91] ; [22 47],[41.37313433 90.62686567] ; [21.62686567 47.37313433],0
