Feature,DoF,P Value,Chi Square,Observed,Expected,Is Significant
p9,1,0.0,31.452831,[25 44] ; [232  92],[45.1221374 23.8778626] ; [211.8778626 112.1221374],1
p11,1,5.9e-05,16.128058,[29 41] ; [225 111],[43.79310345 26.20689655] ; [210.20689655 125.79310345],1
p6,1,7.9e-05,15.57603,[23 44] ; [ 47 284],[11.7839196 55.2160804] ; [ 58.2160804 272.7839196],1
b1,1,0.00016,14.248209,[42 28] ; [120 216],[27.93103448 42.06896552] ; [134.06896552 201.93103448],1
p7,1,0.00068,11.54424,[41 29] ; [117 203],[28.35897436 41.64102564] ; [129.64102564 190.35897436],1
p5,1,0.001922,9.623045,[ 8 62] ; [ 10 323],[ 3.12655087 66.87344913] ; [ 14.87344913 318.12655087],0
p8,1,0.018041,5.592165,[29 40] ; [ 91 238],[20.8040201 48.1959799] ; [ 99.1959799 229.8040201],0
p1,1,0.04733,3.933606,[ 7 63] ; [ 14 319],[ 3.64764268 66.35235732] ; [ 17.35235732 315.64764268],0
p2,1,0.377381,0.779216,[50 20] ; [221 114],[46.83950617 23.16049383] ; [224.16049383 110.83950617],0
