Feature,DoF,P Value,Chi Square,Observed,Expected,Is Significant
p8,1,0.0,25.281154,[174 124] ; [49 99],[149. 149.] ; [74. 74.],1
p12,1,0.005899,7.580838,[ 11 291] ; [ 15 134],[ 17.41019956 284.58980044] ; [  8.58980044 140.41019956],0
p11,1,0.00953,6.720779,[242  60] ; [103  46],[231.01995565  70.98004435] ; [113.98004435  35.01995565],0
p2,1,0.017649,5.63066,[264  37] ; [118  31],[255.51555556  45.48444444] ; [126.48444444  22.51555556],0
p1,1,0.028364,4.805804,[ 14 286] ; [ 15 134],[ 19.37639198 280.62360802] ; [  9.62360802 139.37639198],0
p10,1,0.053979,3.713363,[245  56] ; [108  39],[237.171875  63.828125] ; [115.828125  31.171875],0
p3,1,0.155231,2.020075,[154 148] ; [86 62],[161.06666667 140.93333333] ; [78.93333333 69.06666667],0
p5,1,0.42991,0.623066,[ 22 277] ; [ 14 133],[ 24.13452915 274.86547085] ; [ 11.86547085 135.13452915],0
p9,1,0.525788,0.402525,[247  52] ; [117  29],[244.5752809  54.4247191] ; [119.4247191  26.5752809],0
b1,1,0.653918,0.200997,[113 189] ; [59 90],[115.1751663 186.8248337] ; [56.8248337 92.1751663],0
