Feature,DoF,P Value,Chi Square,Observed,Expected,Is Significant
p7,1,0.000369,12.681219,[87 39] ; [136 136],[70.59798995 55.40201005] ; [152.40201005 119.59798995],1
p9,1,0.047228,3.937259,[110  20] ; [258  25],[115.83535109  14.16464891] ; [252.16464891  30.83535109],0
p2,1,0.065432,3.394053,[110  21] ; [215  68],[102.83816425  28.16183575] ; [222.16183575  60.83816425],0
p3,1,0.093247,2.817406,[41 91] ; [ 66 217],[34.03373494 97.96626506] ; [ 72.96626506 210.03373494],0
p6,1,0.133534,2.250929,[30 98] ; [ 48 232],[ 24.47058824 103.52941176] ; [ 53.52941176 226.47058824],0
p1,1,0.241841,1.369833,[ 13 117] ; [ 19 265],[ 10.04830918 119.95169082] ; [ 21.95169082 262.04830918],0
p5,1,0.260274,1.267297,[  9 122] ; [ 12 270],[  6.66101695 124.33898305] ; [ 14.33898305 267.66101695],0
p12,1,0.517937,0.418,[  5 125] ; [ 15 267],[  6.31067961 123.68932039] ; [ 13.68932039 268.31067961],0
b1,1,0.869126,0.027149,[44 88] ; [ 97 187],[44.74038462 87.25961538] ; [ 96.25961538 187.74038462],0
p11,1,0.886544,0.020357,[104  28] ; [222  62],[103.44230769  28.55769231] ; [222.55769231  61.44230769],0
