Feature,DoF,P Value,Chi Square,Observed,Expected,Is Significant
p9,1,0.101403,2.683339,[578 101] ; [145  36],[570.83372093 108.16627907] ; [152.16627907  28.83372093],0
p10,1,0.284908,1.143528,[553 127] ; [140  40],[547.95348837 132.04651163] ; [145.04651163  34.95348837],0
p11,1,0.308159,1.038548,[550 138] ; [140  43],[545.02870264 142.97129736] ; [144.97129736  38.02870264],0
p6,1,0.333748,0.934301,[241 437] ; [ 71 109],[246.54545455 431.45454545] ; [ 65.45454545 114.54545455],0
p12,1,0.469704,0.522671,[ 35 649] ; [  7 176],[ 33.1349481 650.8650519] ; [  8.8650519 174.1349481],0
p8,1,0.519259,0.415364,[360 316] ; [91 89],[356.1635514 319.8364486] ; [94.8364486 85.1635514],0
p1,1,0.658858,0.194914,[ 39 646] ; [ 12 171],[ 40.24769585 644.75230415] ; [ 10.75230415 172.24769585],0
b1,1,0.888324,0.019719,[252 436] ; [ 66 117],[251.18714122 436.81285878] ; [ 66.81285878 116.18714122],0
p7,1,0.924456,0.008991,[445 228] ; [119  62],[444.46370023 228.53629977] ; [119.53629977  61.46370023],0
