Feature,DoF,P Value,Chi Square,Observed,Expected,Is Significant
p10,1,0.0,230.376656,[31 72] ; [446  32],[84.56282272 18.43717728] ; [392.43717728  85.56282272],1
p3,1,0.0,42.124523,[37 66] ; [335 145],[65.72212693 37.27787307] ; [306.27787307 173.72212693],1
p11,1,0.0,35.061128,[62 42] ; [408  72],[83.69863014 20.30136986] ; [386.30136986  93.69863014],1
p8,1,1e-05,19.444081,[44 60] ; [312 164],[63.83448276 40.16551724] ; [292.16551724 183.83448276],1
p6,1,1.3e-05,19.015336,[28 73] ; [246 231],[47.87889273 53.12110727] ; [226.12110727 250.87889273],1
p5,1,8.6e-05,15.426203,[  3 101] ; [ 87 389],[16.13793103 87.86206897] ; [ 73.86206897 402.13793103],1
p7,1,0.00088,11.064456,[61 42] ; [358 117],[74.66608997 28.33391003] ; [344.33391003 130.66608997],1
p12,1,0.001359,10.260801,[  1 102] ; [ 53 426],[ 9.55670103 93.44329897] ; [ 44.44329897 434.55670103],0
b1,1,0.003556,8.497659,[56 48] ; [184 296],[42.73972603 61.26027397] ; [197.26027397 282.73972603],0
p1,1,0.373182,0.793042,[ 8 95] ; [ 51 426],[10.47758621 92.52241379] ; [ 48.52241379 428.47758621],0
