Feature,DoF,P Value,Chi Square,Observed,Expected,Is Significant
p4,1,0.001078,10.687718,[49 39] ; [86 25],[59.69849246 28.30150754] ; [75.30150754 35.69849246],0
b1,1,0.043072,4.092581,[28 60] ; [51 60],[34.93467337 53.06532663] ; [44.06532663 66.93467337],0
p2,1,0.18335,1.770262,[72 16] ; [82 29],[68.10050251 19.89949749] ; [85.89949749 25.10050251],0
p9,1,0.322764,0.977715,[75 12] ; [89 21],[72.42639594 14.57360406] ; [91.57360406 18.42639594],0
p10,1,0.462583,0.539638,[68 19] ; [81 29],[65.80203046 21.19796954] ; [83.19796954 26.80203046],0
p12,1,0.650689,0.205033,[ 7 80] ; [ 11 100],[ 7.90909091 79.09090909] ; [ 10.09090909 100.90909091],0
p6,1,0.765409,0.089034,[19 68] ; [26 84],[19.87309645 67.12690355] ; [25.12690355 84.87309645],0
p1,1,0.780342,0.07777,[13 75] ; [18 93],[13.70854271 74.29145729] ; [17.29145729 93.70854271],0
p11,1,0.884432,0.021127,[61 27] ; [78 33],[61.46733668 26.53266332] ; [77.53266332 33.46733668],0
p5,1,0.902642,0.014963,[11 77] ; [13 96],[10.72081218 77.27918782] ; [13.27918782 95.72081218],0
