Feature,DoF,P Value,Chi Square,Observed,Expected,Is Significant
p7,1,0.0,103.819971,[ 34 103] ; [279  96],[83.75195312 53.24804688] ; [229.24804688 145.75195312],1
p8,1,0.0,88.910181,[ 21 120] ; [231 145],[68.72727273 72.27272727] ; [183.27272727 192.72727273],1
p9,1,0.0,65.006118,[70 64] ; [325  52],[103.58121331  30.41878669] ; [291.41878669  85.58121331],1
p10,1,0.0,61.992682,[68 70] ; [314  62],[102.56031128  35.43968872] ; [279.43968872  96.56031128],1
p11,1,0.0,47.521947,[68 73] ; [300  79],[99.78461538 41.21538462] ; [268.21538462 110.78461538],1
p6,1,0.0,44.630889,[ 17 122] ; [164 209],[49.13867188 89.86132812] ; [131.86132812 241.13867188],1
b1,1,0.206991,1.592347,[72 69] ; [170 209],[65.61923077 75.38076923] ; [176.38076923 202.61923077],0
p1,1,0.453575,0.561702,[ 15 126] ; [ 32 344],[ 12.81818182 128.18181818] ; [ 34.18181818 341.81818182],0
p12,1,0.489855,0.476846,[  7 133] ; [ 25 351],[  8.68217054 131.31782946] ; [ 23.31782946 352.68217054],0
