Feature,DoF,P Value,Chi Square,Observed,Expected,Is Significant
p4,1,1e-06,23.384848,[32 43] ; [86 25],[47.58064516 27.41935484] ; [70.41935484 40.58064516],1
p12,1,0.054594,3.694445,[ 2 74] ; [ 11 100],[ 5.28342246 70.71657754] ; [  7.71657754 103.28342246],0
p11,1,0.0809,3.046722,[44 32] ; [78 33],[49.5828877 26.4171123] ; [72.4171123 38.5828877],0
p1,1,0.094711,2.792418,[ 6 70] ; [18 93],[ 9.7540107 66.2459893] ; [14.2459893 96.7540107],0
p5,1,0.122693,2.382602,[ 4 72] ; [13 96],[ 6.98378378 69.01621622] ; [10.01621622 98.98378378],0
p6,1,0.188463,1.729596,[24 50] ; [26 84],[20.10869565 53.89130435] ; [29.89130435 80.10869565],0
b1,1,0.603615,0.269577,[32 44] ; [51 60],[33.73262032 42.26737968] ; [49.26737968 61.73262032],0
p8,1,0.65504,0.199604,[26 49] ; [35 76],[24.59677419 50.40322581] ; [36.40322581 74.59677419],0
p2,1,0.862525,0.029984,[57 19] ; [82 29],[56.49197861 19.50802139] ; [82.50802139 28.49197861],0
