Feature,DoF,P Value,Chi Square,Observed,Expected,Is Significant
p10,1,0.0,31.844319,[394  26] ; [89 28],[377.76536313  42.23463687] ; [105.23463687  11.76536313],1
p11,1,0.002134,9.430134,[376  47] ; [92 26],[365.92236599  57.07763401] ; [102.07763401  15.92236599],0
p5,1,0.002877,8.883605,[ 81 341] ; [  9 109],[ 70.33333333 351.66666667] ; [19.66666667 98.33333333],0
p4,1,0.003606,8.472061,[312 110] ; [71 47],[299.30740741 122.69259259] ; [83.69259259 34.30740741],0
p2,1,0.029731,4.724762,[388  33] ; [101  17],[381.94619666  39.05380334] ; [107.05380334  10.94619666],0
p12,1,0.037645,4.321011,[ 49 372] ; [  6 112],[ 42.95918367 378.04081633] ; [ 12.04081633 105.95918367],0
p7,1,0.174785,1.841413,[341  75] ; [87 27],[335.93962264  80.06037736] ; [92.06037736 21.93962264],0
p1,1,0.361202,0.83371,[ 52 368] ; [ 11 107],[ 49.18215613 370.81784387] ; [ 13.81784387 104.18215613],0
b1,1,0.594346,0.283609,[151 272] ; [39 79],[148.55822551 274.44177449] ; [41.44177449 76.55822551],0
