Feature,DoF,P Value,Chi Square,Observed,Expected,Is Significant
p11,1,0.0,127.815775,[600 107] ; [74 94],[544.592 162.408] ; [129.408  38.592],1
p2,1,0.0,90.560948,[609  94] ; [91 77],[564.98277842 138.01722158] ; [135.01722158  32.98277842],1
p8,1,0.0,68.57656,[394 304] ; [ 34 131],[346.16917729 351.83082271] ; [81.83082271 83.16917729],1
p7,1,0.0,61.386856,[463 227] ; [ 56 109],[418.84210526 271.15789474] ; [100.15789474  64.84210526],1
p4,1,0.0,56.049325,[446 258] ; [ 53 115],[402.86238532 301.13761468] ; [96.13761468 71.86238532],1
p3,1,0.0,40.866351,[378 327] ; [ 44 124],[340.79037801 364.20962199] ; [81.20962199 86.79037801],1
p5,1,0.000269,13.271868,[ 96 605] ; [  6 161],[ 82.37557604 618.62442396] ; [ 19.62442396 147.37557604],1
p12,1,0.000842,11.145526,[ 68 636] ; [  3 164],[ 57.3869116 646.6130884] ; [ 13.6130884 153.3869116],1
b1,1,0.003211,8.683437,[250 457] ; [80 88],[266.64 440.36] ; [ 63.36 104.64],0
p1,1,0.058396,3.582365,[ 66 638] ; [  8 158],[ 59.88045977 644.11954023] ; [ 14.11954023 151.88045977],0
