Feature,DoF,P Value,Chi Square,Observed,Expected,Is Significant
p11,1,0.0,74.41619,[29 41] ; [428  73],[56.02451839 13.97548161] ; [400.97548161 100.02451839],1
p2,1,0.0,26.483515,[50 20] ; [457  41],[62.48239437  7.51760563] ; [444.51760563  53.48239437],1
p8,1,1.4e-05,18.91306,[29 40] ; [341 156],[45.10600707 23.89399293] ; [324.89399293 172.10600707],1
b1,1,0.000427,12.408492,[42 28] ; [190 311],[28.441331 41.558669] ; [203.558669 297.441331],1
p6,1,0.015989,5.804126,[23 44] ; [247 247],[32.2459893 34.7540107] ; [237.7540107 256.2459893],0
p4,1,0.189594,1.720774,[45 25] ; [358 140],[49.66549296 20.33450704] ; [353.33450704 144.66549296],0
p5,1,0.337769,0.918883,[ 8 62] ; [ 79 420],[10.7029877 59.2970123] ; [ 76.2970123 422.7029877],0
p1,1,0.919583,0.010193,[ 7 63] ; [ 48 451],[ 6.76625659 63.23374341] ; [ 48.23374341 450.76625659],0
