Feature,DoF,P Value,Chi Square,Observed,Expected,Is Significant
p6,1,2e-06,23.122379,[30 52] ; [ 38 249],[15.11111111 66.88888889] ; [ 52.88888889 234.11111111],1
p3,1,2e-06,22.45059,[35 48] ; [ 50 238],[19.01617251 63.98382749] ; [ 65.98382749 222.01617251],1
p10,1,5e-06,20.781142,[27 55] ; [176 111],[45.11111111 36.88888889] ; [157.88888889 129.11111111],1
b1,1,0.001939,9.606466,[50 33] ; [119 171],[37.60589812 45.39410188] ; [131.39410188 158.60589812],0
p2,1,0.013061,6.160816,[61 22] ; [169 120],[51.3172043 31.6827957] ; [178.6827957 110.3172043],0
p5,1,0.103229,2.654932,[ 4 78] ; [  5 283],[ 1.99459459 80.00540541] ; [  7.00540541 280.99459459],0
p12,1,0.163349,1.942943,[ 1 82] ; [ 13 275],[ 3.13207547 79.86792453] ; [ 10.86792453 277.13207547],0
p11,1,0.484966,0.487675,[48 35] ; [180 110],[50.73458445 32.26541555] ; [177.26541555 112.73458445],0
p1,1,0.992532,8.8e-05,[ 4 79] ; [ 14 275],[ 4.01612903 78.98387097] ; [ 13.98387097 275.01612903],0
