Feature,DoF,P Value,Chi Square,Observed,Expected,Is Significant
p11,1,0.0,52.325172,[236  67] ; [69 87],[201.33986928 101.66013072] ; [103.66013072  52.33986928],1
p2,1,0.0,32.085917,[231  70] ; [79 77],[204.17943107  96.82056893] ; [105.82056893  50.17943107],1
p7,1,6e-05,16.093052,[140 150] ; [ 44 110],[120.18018018 169.81981982] ; [63.81981982 90.18018018],1
b1,1,0.000136,14.553079,[ 98 205] ; [79 77],[116.84313725 186.15686275] ; [60.15686275 95.84313725],1
p12,1,0.087083,2.927487,[ 16 285] ; [  3 152],[ 12.54166667 288.45833333] ; [  6.45833333 148.54166667],0
p5,1,0.184497,1.761021,[ 13 287] ; [  3 153],[ 10.52631579 289.47368421] ; [  5.47368421 150.52631579],0
p6,1,0.433687,0.61293,[ 53 244] ; [ 23 131],[ 50.04878049 246.95121951] ; [ 25.95121951 128.04878049],0
p3,1,0.533902,0.38696,[ 70 232] ; [ 40 115],[ 72.69146608 229.30853392] ; [ 37.30853392 117.69146608],0
p1,1,0.639212,0.219774,[ 21 281] ; [  9 146],[ 19.8249453 282.1750547] ; [ 10.1750547 144.8249453],0
