Feature,DoF,P Value,Chi Square,Observed,Expected,Is Significant
p10,1,0.0,35.162262,[463  35] ; [36 17],[451.00181488  46.99818512] ; [47.99818512  5.00181488],1
p8,1,2e-06,22.73505,[341 156] ; [19 34],[325.30909091 171.69090909] ; [34.69090909 18.30909091],1
p2,1,0.000719,11.439152,[457  41] ; [41 12],[450.09800363  47.90199637] ; [47.90199637  5.09800363],1
p11,1,0.001018,10.79364,[428  73] ; [36 17],[419.6101083  81.3898917] ; [44.3898917  8.6101083],0
p5,1,0.047748,3.918822,[ 79 420] ; [ 3 50],[ 74.12681159 424.87318841] ; [ 7.87318841 45.12681159],0
p3,1,0.055694,3.661171,[312 187] ; [26 27],[305.54710145 193.45289855] ; [32.45289855 20.54710145],0
p1,1,0.094016,2.804236,[ 48 451] ; [ 9 44],[ 51.52717391 447.47282609] ; [ 5.47282609 47.52717391],0
p4,1,0.370652,0.801478,[358 140] ; [35 18],[355.19782214 142.80217786] ; [37.80217786 15.19782214],0
b1,1,0.571103,0.32084,[190 311] ; [18 35],[188.10108303 312.89891697] ; [19.89891697 33.10108303],0
p12,1,0.958913,0.002654,[ 46 453] ; [ 5 48],[ 46.10326087 452.89673913] ; [ 4.89673913 48.10326087],0
