Feature,DoF,P Value,Chi Square,Observed,Expected,Is Significant
p7,1,0.0,29.831475,[150 126] ; [124 252],[115.98773006 160.01226994] ; [158.01226994 217.98773006],1
p9,1,0.000296,13.098418,[231  50] ; [262 113],[211.17835366  69.82164634] ; [281.82164634  93.17835366],1
p11,1,0.000917,10.989004,[222  66] ; [250 133],[202.58718331  85.41281669] ; [269.41281669 113.58718331],1
p10,1,0.003781,8.38588,[215  69] ; [246 131],[198.06959153  85.93040847] ; [262.93040847 114.06959153],0
b1,1,0.026873,4.898969,[ 94 194] ; [157 226],[107.73174367 180.26825633] ; [143.26825633 239.73174367],0
p3,1,0.067813,3.335185,[ 67 221] ; [113 269],[ 77.37313433 210.62686567] ; [102.62686567 279.37313433],0
p5,1,0.4125,0.671584,[ 10 277] ; [ 18 359],[ 12.10240964 274.89759036] ; [ 15.89759036 361.10240964],0
p12,1,0.499771,0.455424,[ 11 272] ; [ 19 362],[ 12.78614458 270.21385542] ; [ 17.21385542 363.78614458],0
p1,1,0.636228,0.223709,[ 12 274] ; [ 19 363],[ 13.27245509 272.72754491] ; [ 17.72754491 364.27245509],0
