Feature,DoF,P Value,Chi Square,Observed,Expected,Is Significant
p8,1,0.055822,3.65737,[51 79] ; [28 23],[56.74033149 73.25966851] ; [22.25966851 28.74033149],0
p4,1,0.113087,2.510538,[63 69] ; [31 20],[67.80327869 64.19672131] ; [26.19672131 24.80327869],0
p7,1,0.114212,2.494947,[71 61] ; [34 17],[75.73770492 56.26229508] ; [29.26229508 21.73770492],0
b1,1,0.199873,1.643301,[59 74] ; [28 23],[62.88586957 70.11413043] ; [24.11413043 26.88586957],0
p1,1,0.204669,1.60874,[ 10 121] ; [ 7 44],[ 12.23626374 118.76373626] ; [ 4.76373626 46.23626374],0
p3,1,0.351695,0.867333,[50 83] ; [23 28],[52.76630435 80.23369565] ; [20.23369565 30.76630435],0
p5,1,0.372209,0.796276,[  6 127] ; [ 4 47],[  7.22826087 125.77173913] ; [ 2.77173913 48.22826087],0
p11,1,0.654019,0.20087,[76 57] ; [31 20],[77.3423913 55.6576087] ; [29.6576087 21.3423913],0
p9,1,0.727009,0.121875,[57 72] ; [24 27],[58.05 70.95] ; [22.95 28.05],0
