Feature,DoF,P Value,Chi Square,Observed,Expected,Is Significant
p9,1,0.0,50.800424,[32 53] ; [187  48],[58.171875 26.828125] ; [160.828125  74.171875],1
p11,1,0.0,25.693177,[41 44] ; [184  53],[59.39440994 25.60559006] ; [165.60559006  71.39440994],1
p2,1,0.006647,7.365884,[63 22] ; [205  31],[70.96573209 14.03426791] ; [197.03426791  38.96573209],0
b1,1,0.022429,5.212161,[44 41] ; [ 89 148],[35.10869565 49.89130435] ; [ 97.89130435 139.10869565],0
p1,1,0.157019,2.002705,[ 8 77] ; [ 12 224],[ 5.29595016 79.70404984] ; [ 14.70404984 221.29595016],0
p8,1,0.256276,1.288763,[39 45] ; [125 108],[43.45741325 40.54258675] ; [120.54258675 112.45741325],0
p5,1,0.268231,1.225772,[ 8 76] ; [ 14 221],[ 5.79310345 78.20689655] ; [ 16.20689655 218.79310345],0
p12,1,0.291312,1.113549,[ 1 84] ; [  8 229],[ 2.3757764 82.6242236] ; [  6.6242236 230.3757764],0
p6,1,0.984853,0.00036,[31 53] ; [ 87 148],[31.07210031 52.92789969] ; [ 86.92789969 148.07210031],0
