Feature,DoF,P Value,Chi Square,Observed,Expected,Is Significant
p8,1,0.0,133.077497,[341 156] ; [ 91 238],[259.93220339 237.06779661] ; [172.06779661 156.93220339],1
p6,1,0.0,110.751025,[247 247] ; [ 47 284],[176.04363636 317.95636364] ; [117.95636364 213.04363636],1
p10,1,0.0,100.137721,[463  35] ; [217 113],[408.98550725  89.01449275] ; [271.01449275  58.98550725],1
p2,1,0.0,88.002182,[457  41] ; [221 114],[405.33493397  92.66506603] ; [272.66506603  62.33493397],1
p11,1,0.0,39.981889,[428  73] ; [225 111],[390.86379928 110.13620072] ; [262.13620072  73.86379928],1
p5,1,0.0,34.407403,[ 79 420] ; [ 10 323],[ 53.37860577 445.62139423] ; [ 35.62139423 297.37860577],1
p1,1,0.003568,8.491572,[ 48 451] ; [ 14 319],[ 37.18509615 461.81490385] ; [ 24.81490385 308.18509615],0
p12,1,0.010936,6.475632,[ 46 453] ; [ 15 317],[ 36.62936221 462.37063779] ; [ 24.37063779 307.62936221],0
b1,1,0.516352,0.421174,[190 311] ; [120 216],[185.55555556 315.44444444] ; [124.44444444 211.55555556],0
