Feature,DoF,P Value,Chi Square,Observed,Expected,Is Significant
p10,1,0.0,61.279559,[ 36 111] ; [81 29],[66.92217899 80.07782101] ; [50.07782101 59.92217899],1
p4,1,0.0,47.301322,[50 96] ; [86 25],[77.26070039 68.73929961] ; [58.73929961 52.26070039],1
p2,1,6.7e-05,15.907666,[73 75] ; [82 29],[88.57142857 59.42857143] ; [66.42857143 44.57142857],1
p11,1,9.4e-05,15.259304,[68 80] ; [78 33],[83.42857143 64.57142857] ; [62.57142857 48.42857143],1
p12,1,0.000491,12.148229,[  1 146] ; [ 11 100],[  6.8372093 140.1627907] ; [  5.1627907 105.8372093],1
p5,1,0.003445,8.555263,[  4 143] ; [13 96],[  9.76171875 137.23828125] ; [  7.23828125 101.76171875],0
p1,1,0.008732,6.876871,[  9 138] ; [18 93],[ 15.38372093 131.61627907] ; [11.61627907 99.38372093],0
p8,1,0.131137,2.278995,[ 34 113] ; [35 76],[ 39.31395349 107.68604651] ; [29.68604651 81.31395349],0
b1,1,0.332703,0.93835,[77 71] ; [51 60],[73.14285714 74.85714286] ; [54.85714286 56.14285714],0
