Feature,DoF,P Value,Chi Square,Observed,Expected,Is Significant
p9,1,0.0,137.799386,[247  30] ; [51 97],[194.22588235  82.77411765] ; [103.77411765  44.22588235],1
p4,1,0.0,136.523662,[230  47] ; [ 40 113],[173.93023256 103.06976744] ; [96.06976744 56.93023256],1
p8,1,0.0,106.354155,[209  68] ; [ 36 115],[158.56308411 118.43691589] ; [86.43691589 64.56308411],1
p2,1,0.0,76.874089,[252  26] ; [83 71],[215.5787037  62.4212963] ; [119.4212963  34.5787037],1
p11,1,0.0,49.850141,[230  48] ; [78 76],[198.2037037  79.7962963] ; [109.7962963  44.2037037],1
p5,1,0.0,32.941281,[ 60 218] ; [  2 151],[ 39.99071926 238.00928074] ; [ 22.00928074 130.99071926],1
p12,1,0.000373,12.663152,[ 36 240] ; [  4 149],[ 25.73426573 250.26573427] ; [ 14.26573427 138.73426573],1
p1,1,0.006783,7.32955,[ 38 239] ; [  8 144],[ 29.7016317 247.2983683] ; [ 16.2983683 135.7016317],0
b1,1,0.860596,0.030841,[127 151] ; [69 85],[126.12962963 151.87037037] ; [69.87037037 84.12962963],0
