Feature,DoF,P Value,Chi Square,Observed,Expected,Is Significant
p3,1,0.0,136.307564,[335 145] ; [ 76 212],[256.875 223.125] ; [154.125 133.875],1
p6,1,0.0,121.210259,[246 231] ; [ 34 252],[175.04587156 301.95412844] ; [104.95412844 181.04587156],1
p10,1,0.0,120.600042,[446  32] ; [174 110],[388.92388451  89.07611549] ; [231.07611549  52.92388451],1
p2,1,0.0,115.606808,[436  41] ; [170 119],[377.36553525  99.63446475] ; [228.63446475  60.36553525],1
p11,1,0.0,47.654553,[408  72] ; [183 106],[368.8946684 111.1053316] ; [222.1053316  66.8946684],1
p5,1,0.0,33.199849,[ 87 389] ; [ 11 275],[ 61.21784777 414.78215223] ; [ 36.78215223 249.21784777],1
p12,1,0.02682,4.902383,[ 53 426] ; [ 18 269],[ 44.39817232 434.60182768] ; [ 26.60182768 260.39817232],0
p1,1,0.163777,1.939003,[ 51 426] ; [ 22 266],[ 45.51764706 431.48235294] ; [ 27.48235294 260.51764706],0
b1,1,0.553883,0.350407,[184 296] ; [117 172],[187.88036411 292.11963589] ; [113.11963589 175.88036411],0
