Feature,DoF,P Value,Chi Square,Observed,Expected,Is Significant
p4,1,0.00278,8.94681,[243 227] ; [156 221],[221.40495868 248.59504132] ; [177.59504132 199.40495868],0
p5,1,0.09535,2.781656,[ 34 437] ; [ 17 362],[ 28.26 442.74] ; [ 22.74 356.26],0
p1,1,0.235986,1.404416,[ 27 443] ; [ 15 363],[ 23.27830189 446.72169811] ; [ 18.72169811 359.27830189],0
b1,1,0.266959,1.232305,[161 311] ; [116 264],[153.45539906 318.54460094] ; [123.54460094 256.45539906],0
p8,1,0.289256,1.123079,[220 245] ; [161 208],[212.42805755 252.57194245] ; [168.57194245 200.42805755],0
p10,1,0.327806,0.957545,[377  91] ; [291  83],[371.28741093  96.71258907] ; [296.71258907  77.28741093],0
p12,1,0.404545,0.694775,[ 23 446] ; [ 14 362],[ 20.53609467 448.46390533] ; [ 16.46390533 359.53609467],0
p9,1,0.429985,0.622863,[392  73] ; [306  66],[387.77777778  77.22222222] ; [310.22222222  61.77777778],0
p11,1,0.530135,0.394133,[376  96] ; [296  84],[372.28169014  99.71830986] ; [299.71830986  80.28169014],0
p7,1,0.825642,0.048529,[264 201] ; [205 161],[262.4368231 202.5631769] ; [206.5631769 159.4368231],0
