Feature,DoF,P Value,Chi Square,Observed,Expected,Is Significant
p4,1,0.000677,11.551826,[66 38] ; [117 150],[51.29919137 52.70080863] ; [131.70080863 135.29919137],1
p3,1,0.021548,5.281933,[48 56] ; [ 89 178],[38.40431267 65.59568733] ; [ 98.59568733 168.40431267],0
p12,1,0.041293,4.163938,[  3 101] ; [ 24 242],[ 7.58918919 96.41081081] ; [ 19.41081081 246.58918919],0
p2,1,0.060404,3.526263,[87 17] ; [199  68],[80.17250674 23.82749326] ; [205.82749326  61.17250674],0
p11,1,0.069515,3.294436,[69 35] ; [202  65],[75.96765499 28.03234501] ; [195.03234501  71.96765499],0
b1,1,0.091142,2.854085,[44 60] ; [ 88 179],[37.00269542 66.99730458] ; [ 94.99730458 172.00269542],0
p10,1,0.091874,2.841234,[80 23] ; [227  40],[85.46216216 17.53783784] ; [221.53783784  45.46216216],0
p5,1,0.191985,1.702318,[  4 100] ; [ 20 244],[ 6.7826087 97.2173913] ; [ 17.2173913 246.7826087],0
p1,1,0.850961,0.035304,[10 94] ; [ 24 243],[ 9.5309973 94.4690027] ; [ 24.4690027 242.5309973],0
