Feature,DoF,P Value,Chi Square,Observed,Expected,Is Significant
p8,1,0.0,47.502966,[26 49] ; [299 100],[51.42405063 23.57594937] ; [273.57594937 125.42405063],1
p3,1,0.0,39.022582,[25 51] ; [282 119],[48.91404612 27.08595388] ; [258.08595388 142.91404612],1
p11,1,0.0,31.052502,[44 32] ; [342  59],[61.50104822 14.49895178] ; [324.49895178  76.50104822],1
p2,1,1e-06,23.154558,[57 19] ; [371  28],[68.48  7.52] ; [359.52  39.48],1
p6,1,7.1e-05,15.777495,[24 50] ; [230 170],[39.65400844 34.34599156] ; [214.34599156 185.65400844],1
p5,1,0.0028,8.933534,[ 4 72] ; [ 77 321],[12.98734177 63.01265823] ; [ 68.01265823 329.98734177],0
p12,1,0.048394,3.896257,[ 2 74] ; [ 38 363],[ 6.37316562 69.62683438] ; [ 33.62683438 367.37316562],0
p1,1,0.414707,0.665266,[ 6 70] ; [ 44 355],[ 8. 68.] ; [ 42. 357.],0
b1,1,0.908466,0.013219,[32 44] ; [166 235],[31.54716981 44.45283019] ; [166.45283019 234.54716981],0
