Feature,DoF,P Value,Chi Square,Observed,Expected,Is Significant
p10,1,0.0,30.012217,[15 86] ; [68 71],[34.92916667 66.07083333] ; [48.07083333 90.92916667],1
p12,1,0.058885,3.568508,[  1 100] ; [  8 134],[ 3.74074074 97.25925926] ; [  5.25925926 136.74074074],0
p4,1,0.064176,3.426023,[29 72] ; [ 26 114],[23.04979253 77.95020747] ; [ 31.95020747 108.04979253],0
p6,1,0.120305,2.41335,[ 6 93] ; [ 17 124],[ 9.4875 89.5125] ; [ 13.5125 127.4875],0
p11,1,0.174769,1.841552,[41 61] ; [70 73],[46.2122449 55.7877551] ; [64.7877551 78.2122449],0
p5,1,0.217289,1.522188,[  2 100] ; [  7 133],[ 3.79338843 98.20661157] ; [  5.20661157 134.79338843],0
p8,1,0.406844,0.688003,[12 90] ; [ 22 120],[14.21311475 87.78688525] ; [ 19.78688525 122.21311475],0
p1,1,0.510453,0.433138,[11 90] ; [ 12 131],[ 9.5204918 91.4795082] ; [ 13.4795082 129.5204918],0
b1,1,0.642319,0.215722,[53 49] ; [70 73],[51.20816327 50.79183673] ; [71.79183673 71.20816327],0
