Feature,DoF,P Value,Chi Square,Observed,Expected,Is Significant
b1,1,0.000588,11.812538,[119 215] ; [28 17],[129.54617414 204.45382586] ; [17.45382586 27.54617414],1
p7,1,0.053734,3.720957,[160 170] ; [27 15],[165.88709677 164.11290323] ; [21.11290323 20.88709677],0
p6,1,0.249802,1.32441,[ 87 245] ; [ 8 36],[ 83.88297872 248.11702128] ; [11.11702128 32.88297872],0
p3,1,0.290212,1.118636,[126 208] ; [13 31],[122.82010582 211.17989418] ; [16.17989418 27.82010582],0
p5,1,0.394024,0.726486,[ 17 316] ; [ 1 44],[ 15.85714286 317.14285714] ; [ 2.14285714 42.85714286],0
p4,1,0.437832,0.601957,[165 169] ; [19 25],[162.58201058 171.41798942] ; [21.41798942 22.58201058],0
p1,1,0.591589,0.287869,[ 16 317] ; [ 3 42],[ 16.73809524 316.26190476] ; [ 2.26190476 42.73809524],0
p11,1,0.616831,0.250346,[242  92] ; [31 14],[240.58575198  93.41424802] ; [32.41424802 12.58575198],0
