Feature,DoF,P Value,Chi Square,Observed,Expected,Is Significant
p3,1,0.0,72.812532,[335 145] ; [194 266],[270.12765957 209.87234043] ; [258.87234043 201.12765957],1
p7,1,0.0,45.633221,[358 117] ; [245 207],[308.98058252 166.01941748] ; [294.01941748 157.98058252],1
p8,1,0.0,35.532592,[312 164] ; [211 246],[266.82529475 209.17470525] ; [256.17470525 200.82529475],1
p5,1,2e-06,23.009543,[ 87 389] ; [ 35 421],[ 62.30901288 413.69098712] ; [ 59.69098712 396.30901288],1
p2,1,2e-05,18.205041,[436  41] ; [377  83],[413.8751334  63.1248666] ; [399.1248666  60.8751334],1
p12,1,0.004229,8.182738,[ 53 426] ; [ 27 434],[ 40.76595745 438.23404255] ; [ 39.23404255 421.76595745],0
p1,1,0.022558,5.202209,[ 51 426] ; [ 30 431],[ 41.19083156 435.80916844] ; [ 39.80916844 421.19083156],0
b1,1,0.238206,1.391178,[184 296] ; [160 302],[175.2866242 304.7133758] ; [168.7133758 293.2866242],0
p11,1,0.540904,0.373867,[408  72] ; [386  76],[404.58598726  75.41401274] ; [389.41401274  72.58598726],0
