Feature,DoF,P Value,Chi Square,Observed,Expected,Is Significant
p11,1,0.0,49.841752,[222  62] ; [41 61],[193.50259067  90.49740933] ; [69.49740933 32.50259067],1
p2,1,0.0,40.90199,[215  68] ; [42 60],[188.91168831  94.08831169] ; [68.08831169 33.91168831],1
p8,1,2e-06,22.772038,[104 176] ; [12 90],[ 85.02617801 194.97382199] ; [30.97382199 71.02617801],1
b1,1,0.001553,10.014475,[ 97 187] ; [53 49],[110.3626943 173.6373057] ; [39.6373057 62.3626943],0
p6,1,0.006698,7.352098,[ 48 232] ; [ 6 93],[ 39.8944591 240.1055409] ; [14.1055409 84.8944591],0
p12,1,0.062058,3.481516,[ 15 267] ; [  1 100],[ 11.78067885 270.21932115] ; [ 4.21932115 96.78067885],0
p1,1,0.17613,1.829976,[ 19 265] ; [11 90],[ 22.12987013 261.87012987] ; [ 7.87012987 93.12987013],0
p5,1,0.289351,1.122639,[ 12 270] ; [  2 100],[ 10.28125 271.71875] ; [ 3.71875 98.28125],0
p3,1,0.633872,0.226847,[ 66 217] ; [21 79],[ 64.2845953 218.7154047] ; [22.7154047 77.2845953],0
