Feature,DoF,P Value,Chi Square,Observed,Expected,Is Significant
p4,1,0.029356,4.74664,[19 25] ; [37 20],[24.3960396 19.6039604] ; [31.6039604 25.3960396],0
p6,1,0.0298,4.720788,[ 8 36] ; [21 34],[12.88888889 31.11111111] ; [16.11111111 38.88888889],0
p3,1,0.100042,2.704878,[13 31] ; [26 31],[16.99009901 27.00990099] ; [22.00990099 34.99009901],0
p7,1,0.117238,2.453834,[27 15] ; [44 12],[30.42857143 11.57142857] ; [40.57142857 15.42857143],0
p11,1,0.156568,2.007069,[31 14] ; [32 26],[27.52427184 17.47572816] ; [35.47572816 22.52427184],0
p5,1,0.273576,1.198727,[ 1 44] ; [ 4 54],[ 2.18446602 42.81553398] ; [ 2.81553398 55.18446602],0
p2,1,0.43013,0.622473,[31 14] ; [44 14],[32.76699029 12.23300971] ; [42.23300971 15.76699029],0
b1,1,0.711105,0.137176,[28 17] ; [34 24],[27.08737864 17.91262136] ; [34.91262136 23.08737864],0
p1,1,0.713243,0.135059,[ 3 42] ; [ 5 53],[ 3.49514563 41.50485437] ; [ 4.50485437 53.49514563],0
