Feature,DoF,P Value,Chi Square,Observed,Expected,Is Significant
p4,1,0.0,33.310287,[45 25] ; [ 31 103],[26.07843137 43.92156863] ; [49.92156863 84.07843137],1
p8,1,1e-06,24.185739,[29 40] ; [ 16 119],[15.22058824 53.77941176] ; [ 29.77941176 105.22058824],1
p6,1,9e-06,19.762626,[23 44] ; [ 12 121],[11.725 55.275] ; [ 23.275 109.725],1
p9,1,0.023466,5.133677,[25 44] ; [68 60],[32.57360406 36.42639594] ; [60.42639594 67.57360406],0
p5,1,0.066808,3.359756,[ 8 62] ; [  6 126],[ 4.85148515 65.14851485] ; [  9.14851485 122.85148515],0
b1,1,0.08709,2.927352,[42 28] ; [64 71],[36.19512195 33.80487805] ; [69.80487805 65.19512195],0
p11,1,0.264477,1.245167,[29 41] ; [67 68],[32.7804878 37.2195122] ; [63.2195122 71.7804878],0
p1,1,0.807438,0.059406,[ 7 63] ; [ 15 120],[ 7.51219512 62.48780488] ; [ 14.48780488 120.51219512],0
