Feature,DoF,P Value,Chi Square,Observed,Expected,Is Significant
p9,1,0.049844,3.846692,[41 19] ; [130  31],[46.42533937 13.57466063] ; [124.57466063  36.42533937],0
p10,1,0.081908,3.026624,[38 22] ; [121  40],[43.16742081 16.83257919] ; [115.83257919  45.16742081],0
p1,1,0.248728,1.330435,[ 3 57] ; [ 16 146],[ 5.13513514 54.86486486] ; [ 13.86486486 148.13513514],0
b1,1,0.364531,0.822222,[27 33] ; [84 78],[30. 30.] ; [81. 81.],0
p5,1,0.423154,0.641541,[ 7 49] ; [ 14 145],[ 5.46976744 50.53023256] ; [ 15.53023256 143.46976744],0
p12,1,0.449556,0.571772,[ 5 55] ; [  9 153],[ 3.78378378 56.21621622] ; [ 10.21621622 151.78378378],0
p7,1,0.458867,0.548657,[28 31] ; [86 76],[30.43438914 28.56561086] ; [83.56561086 78.43438914],0
p6,1,0.561374,0.337331,[20 39] ; [ 48 113],[18.23636364 40.76363636] ; [ 49.76363636 111.23636364],0
p11,1,0.725117,0.123642,[40 20] ; [112  50],[41.08108108 18.91891892] ; [110.91891892  51.08108108],0
