Feature,DoF,P Value,Chi Square,Observed,Expected,Is Significant
p11,1,0.0,110.314563,[54 75] ; [563 106],[99.7406015 29.2593985] ; [517.2593985 151.7406015],1
p8,1,0.0,83.873743,[ 19 110] ; [388 272],[66.54372624 62.45627376] ; [340.45627376 319.54372624],1
p4,1,0.0,55.450301,[39 90] ; [436 231],[76.97864322 52.02135678] ; [398.02135678 268.97864322],1
p3,1,0.0,42.937131,[29 99] ; [363 306],[62.95608532 65.04391468] ; [329.04391468 339.95608532],1
p6,1,0.0,34.052698,[ 17 109] ; [270 392],[45.89086294 80.10913706] ; [241.10913706 420.89086294],1
p5,1,0.000306,13.03532,[  3 126] ; [ 90 578],[ 15.05269762 113.94730238] ; [ 77.94730238 590.05269762],1
b1,1,0.003911,8.324788,[62 67] ; [232 437],[47.52631579 81.47368421] ; [246.47368421 422.52631579],0
p12,1,0.005135,7.831182,[  2 126] ; [ 58 609],[  9.66037736 118.33962264] ; [ 50.33962264 616.66037736],0
p1,1,0.88772,0.019935,[ 11 117] ; [ 60 608],[ 11.41708543 116.58291457] ; [ 59.58291457 608.41708543],0
