Feature,DoF,P Value,Chi Square,Observed,Expected,Is Significant
p11,1,0.0,57.793799,[389  88] ; [78 76],[353.02535658 123.97464342] ; [113.97464342  40.02535658],1
p2,1,0.0,52.334594,[392  82] ; [83 71],[358.51910828 115.48089172] ; [116.48089172  37.51910828],1
p4,1,1e-06,23.856167,[231 244] ; [ 40 113],[204.97611465 270.02388535] ; [66.02388535 86.97611465],1
p8,1,6e-06,20.416921,[210 262] ; [ 36 115],[186.37560193 285.62439807] ; [59.62439807 91.37560193],1
p7,1,8e-05,15.559213,[247 220] ; [52 99],[225.9433657 241.0566343] ; [73.0566343 77.9433657],1
p5,1,0.003595,8.47792,[ 37 433] ; [  2 151],[ 29.42215088 440.57784912] ; [  9.57784912 143.42215088],0
b1,1,0.009978,6.638903,[159 318] ; [69 85],[172.35499208 304.64500792] ; [55.64500792 98.35499208],0
p12,1,0.093242,2.81749,[ 29 447] ; [  4 149],[ 24.97297297 451.02702703] ; [  8.02702703 144.97297297],0
p1,1,0.635927,0.224109,[ 30 445] ; [  8 144],[ 28.78787879 446.21212121] ; [  9.21212121 142.78787879],0
