Feature,DoF,P Value,Chi Square,Observed,Expected,Is Significant
p7,1,0.0,33.410811,[46 19] ; [124 252],[25.05668934 39.94331066] ; [144.94331066 231.05668934],1
p9,1,1e-05,19.588349,[26 37] ; [262 113],[41.42465753 21.57534247] ; [246.57534247 128.42465753],1
p4,1,0.000102,15.099017,[39 26] ; [132 249],[24.92152466 40.07847534] ; [146.07847534 234.92152466],1
p3,1,0.016096,5.792401,[29 36] ; [113 269],[20.64876957 44.35123043] ; [121.35123043 260.64876957],0
p2,1,0.023981,5.096005,[51 14] ; [245 137],[43.04250559 21.95749441] ; [252.95749441 129.04250559],0
p1,1,0.0595,3.551272,[ 7 57] ; [ 19 363],[ 3.7309417 60.2690583] ; [ 22.2690583 359.7309417],0
p11,1,0.124938,2.354295,[36 29] ; [250 133],[41.49553571 23.50446429] ; [244.50446429 138.49553571],0
p5,1,0.143128,2.144003,[ 6 59] ; [ 18 359],[ 3.52941176 61.47058824] ; [ 20.47058824 356.52941176],0
p12,1,0.214379,1.541603,[ 1 64] ; [ 19 362],[ 2.91479821 62.08520179] ; [ 17.08520179 363.91479821],0
b1,1,0.435232,0.608822,[30 35] ; [157 226],[27.13169643 37.86830357] ; [159.86830357 223.13169643],0
