Feature,DoF,P Value,Chi Square,Observed,Expected,Is Significant
p4,1,0.175589,1.83457,[170 132] ; [119 117],[162.2267658 139.7732342] ; [126.7732342 109.2267658],0
p8,1,0.27437,1.194766,[174 124] ; [125 108],[167.80037665 130.19962335] ; [131.19962335 101.80037665],0
p10,1,0.312988,1.018026,[245  56] ; [183  52],[240.35074627  60.64925373] ; [187.64925373  47.35074627],0
p9,1,0.372306,0.795952,[247  52] ; [187  48],[243.00749064  55.99250936] ; [190.99250936  44.00749064],0
p11,1,0.479936,0.499009,[242  60] ; [184  53],[238.6864564  63.3135436] ; [187.3135436  49.6864564],0
p5,1,0.521741,0.41045,[ 22 277] ; [ 14 221],[ 20.15730337 278.84269663] ; [ 15.84269663 219.15730337],0
p2,1,0.770569,0.085049,[264  37] ; [205  31],[262.88454376  38.11545624] ; [206.11545624  29.88454376],0
p1,1,0.823023,0.050023,[ 14 286] ; [ 12 224],[ 14.55223881 285.44776119] ; [ 11.44776119 224.55223881],0
p12,1,0.867565,0.027806,[ 11 291] ; [  8 229],[ 10.64564007 291.35435993] ; [  8.35435993 228.64564007],0
b1,1,0.974263,0.001041,[113 189] ; [ 89 148],[113.17996289 188.82003711] ; [ 88.82003711 148.17996289],0
