Feature,DoF,P Value,Chi Square,Observed,Expected,Is Significant
p10,1,0.0,124.670991,[31 72] ; [234  31],[74.17119565 28.82880435] ; [190.82880435  74.17119565],1
p3,1,0.0,44.792967,[37 66] ; [196  71],[64.86216216 38.13783784] ; [168.13783784  98.86216216],1
p8,1,0.0,35.993765,[44 60] ; [200  66],[68.58378378 35.41621622] ; [175.41621622  90.58378378],1
p7,1,0.0,34.071717,[61 42] ; [230  35],[81.44836957 21.55163043] ; [209.55163043  55.44836957],1
p11,1,0.0,25.974184,[62 42] ; [225  42],[80.45283019 23.54716981] ; [206.54716981  60.45283019],1
p5,1,6e-06,20.369303,[  3 101] ; [ 60 207],[17.66037736 86.33962264] ; [ 45.33962264 221.66037736],1
p12,1,0.000252,13.394268,[  1 102] ; [ 37 230],[10.57837838 92.42162162] ; [ 27.42162162 239.57837838],1
b1,1,0.071176,3.255683,[56 48] ; [116 151],[48.21563342 55.78436658] ; [123.78436658 143.21563342],0
p1,1,0.105758,2.616485,[ 8 95] ; [ 37 229],[12.56097561 90.43902439] ; [ 32.43902439 233.56097561],0
