Feature,DoF,P Value,Chi Square,Observed,Expected,Is Significant
p10,1,0.0,146.543909,[268  29] ; [31 72],[222.0075  74.9925] ; [76.9925 26.0075],1
p4,1,0.0,52.123656,[258  41] ; [54 50],[231.48387097  67.51612903] ; [80.51612903 23.48387097],1
p7,1,0.0,41.126677,[261  35] ; [61 42],[238.87719298  57.12280702] ; [83.12280702 19.87719298],1
p11,1,0.0,35.917147,[260  39] ; [62 42],[238.90322581  60.09677419] ; [83.09677419 20.90322581],1
p6,1,0.0,26.350612,[168 125] ; [28 73],[145.75634518 147.24365482] ; [50.24365482 50.75634518],1
p5,1,5e-06,20.964186,[ 68 231] ; [  3 101],[ 52.67741935 246.32258065] ; [18.32258065 85.67741935],1
p12,1,0.000323,12.929624,[ 40 258] ; [  1 102],[ 30.46882793 267.53117207] ; [10.53117207 92.46882793],1
b1,1,0.012796,6.197162,[119 180] ; [56 48],[129.83870968 169.16129032] ; [45.16129032 58.83870968],0
p1,1,0.091877,2.841172,[ 42 255] ; [ 8 95],[ 37.125 259.875] ; [12.875 90.125],0
