Feature,DoF,P Value,Chi Square,Observed,Expected,Is Significant
p4,1,0.0,25.312362,[49 39] ; [ 89 238],[29.2626506 58.7373494] ; [108.7373494 218.2626506],1
p5,1,0.000151,14.363369,[11 77] ; [  9 318],[ 4.24096386 83.75903614] ; [ 15.75903614 311.24096386],1
p1,1,0.000199,13.83592,[13 75] ; [ 13 315],[ 5.5 82.5] ; [ 20.5 307.5],1
p2,1,0.001083,10.679625,[72 16] ; [208 120],[59.23076923 28.76923077] ; [220.76923077 107.23076923],0
p9,1,0.001806,9.736533,[75 12] ; [223  98],[63.54411765 23.45588235] ; [234.45588235  86.54411765],0
p10,1,0.015121,5.902298,[68 19] ; [208 115],[58.56585366 28.43414634] ; [217.43414634 105.56585366],0
p12,1,0.154978,2.022555,[ 7 80] ; [ 14 313],[ 4.41304348 82.58695652] ; [ 16.58695652 310.41304348],0
p6,1,0.322496,0.978796,[19 68] ; [ 56 269],[15.83737864 71.16262136] ; [ 59.16262136 265.83737864],0
p11,1,0.36437,0.822777,[61 27] ; [211 118],[57.40047962 30.59952038] ; [214.59952038 114.40047962],0
b1,1,0.47949,0.500024,[28 60] ; [118 211],[30.81055156 57.18944844] ; [115.18944844 213.81055156],0
