Feature,DoF,P Value,Chi Square,Observed,Expected,Is Significant
p11,1,0.0,63.134052,[298  82] ; [74 94],[257.95620438 122.04379562] ; [114.04379562  53.95620438],1
p2,1,0.0,42.055559,[306  72] ; [91 77],[274.84615385 103.15384615] ; [122.15384615  45.84615385],1
p8,1,1.2e-05,19.243472,[149 223] ; [ 34 131],[126.77094972 245.22905028] ; [ 56.22905028 108.77094972],1
b1,1,7e-05,15.813693,[114 266] ; [80 88],[134.52554745 245.47445255] ; [ 59.47445255 108.52554745],1
p7,1,0.000216,13.687667,[187 178] ; [ 56 109],[167.3490566 197.6509434] ; [75.6509434 89.3490566],1
p12,1,0.062098,3.480458,[ 20 359] ; [  3 164],[ 15.96520147 363.03479853] ; [  7.03479853 159.96520147],0
p4,1,0.121211,2.401602,[145 232] ; [ 53 115],[136.96513761 240.03486239] ; [ 61.03486239 106.96513761],0
p5,1,0.229744,1.442448,[ 23 354] ; [  6 161],[ 20.09742647 356.90257353] ; [  8.90257353 158.09742647],0
p1,1,0.923509,0.009219,[ 19 360] ; [  8 158],[ 18.77614679 360.22385321] ; [  8.22385321 157.77614679],0
