Feature,DoF,P Value,Chi Square,Observed,Expected,Is Significant
p10,1,0.0,64.968029,[31 97] ; [246 131],[70.20990099 57.79009901] ; [206.79009901 170.20990099],1
p11,1,0.00118,10.521281,[64 66] ; [250 133],[79.5711501 50.4288499] ; [234.4288499 148.5711501],0
p2,1,0.007022,7.267437,[66 64] ; [245 137],[78.96484375 51.03515625] ; [232.03515625 149.96484375],0
b1,1,0.036183,4.388473,[67 63] ; [157 226],[56.76413255 73.23586745] ; [167.23586745 215.76413255],0
p12,1,0.089541,2.882615,[  2 127] ; [ 19 362],[  5.31176471 123.68823529] ; [ 15.68823529 365.31176471],0
p5,1,0.104746,2.631754,[  2 127] ; [ 18 359],[  5.09881423 123.90118577] ; [ 14.90118577 362.09881423],0
p4,1,0.174675,1.842355,[36 92] ; [132 249],[42.2475442 85.7524558] ; [125.7524558 255.2475442],0
p7,1,0.322505,0.978759,[48 79] ; [124 252],[43.42743539 83.57256461] ; [128.57256461 247.42743539],0
p1,1,0.589933,0.290449,[  8 121] ; [ 19 363],[  6.81604697 122.18395303] ; [ 20.18395303 361.81604697],0
