Feature,DoF,P Value,Chi Square,Observed,Expected,Is Significant
p7,1,0.198797,1.651194,[306  81] ; [358 117],[298.10672854  88.89327146] ; [365.89327146 109.10672854],0
p11,1,0.202855,1.621697,[344  47] ; [408  72],[337.57979334  53.42020666] ; [414.42020666  65.57979334],0
p1,1,0.265999,1.237262,[ 51 337] ; [ 51 426],[ 45.75260116 342.24739884] ; [ 56.24739884 420.75260116],0
p8,1,0.297281,1.086351,[268 121] ; [312 164],[260.83236994 128.16763006] ; [319.16763006 156.83236994],0
b1,1,0.314486,1.01174,[163 228] ; [184 296],[155.77152698 235.22847302] ; [191.22847302 288.77152698],0
p2,1,0.396291,0.719551,[349  40] ; [436  41],[352.61547344  36.38452656] ; [432.38452656  44.61547344],0
p12,1,0.485879,0.485639,[ 49 340] ; [ 53 426],[ 45.71198157 343.28801843] ; [ 56.28801843 422.71198157],0
p6,1,0.618844,0.247495,[193 194] ; [246 231],[196.63541667 190.36458333] ; [242.36458333 234.63541667],0
p5,1,0.765359,0.089073,[ 74 314] ; [ 87 389],[ 72.30092593 315.69907407] ; [ 88.69907407 387.30092593],0
