Feature,DoF,P Value,Chi Square,Observed,Expected,Is Significant
p9,1,0.0,44.481174,[227  15] ; [244  96],[195.84536082  46.15463918] ; [275.15463918  64.84536082],1
p3,1,5.9e-05,16.120756,[ 81 162] ; [ 66 284],[ 60.23777403 182.76222597] ; [ 86.76222597 263.23777403],1
p11,1,0.006329,7.454156,[191  53] ; [239 112],[176.33613445  67.66386555] ; [253.66386555  97.33613445],0
p12,1,0.007206,7.220773,[ 23 220] ; [ 14 334],[ 15.21319797 227.78680203] ; [ 21.78680203 326.21319797],0
p5,1,0.017505,5.645064,[ 18 223] ; [ 11 337],[ 11.86587436 229.13412564] ; [ 17.13412564 330.86587436],0
p2,1,0.018108,5.58571,[181  63] ; [227 122],[167.87858347  76.12141653] ; [240.12141653 108.87858347],0
p1,1,0.019747,5.434137,[ 23 221] ; [ 16 332],[ 16.07432432 227.92567568] ; [ 22.92567568 325.07432432],0
b1,1,0.213607,1.546807,[ 81 163] ; [134 217],[ 88.16806723 155.83193277] ; [126.83193277 224.16806723],0
p8,1,0.969746,0.001438,[ 68 174] ; [ 98 249],[ 68.20373514 173.79626486] ; [ 97.79626486 249.20373514],0
