Feature,DoF,P Value,Chi Square,Observed,Expected,Is Significant
p4,1,3e-06,21.864371,[45 25] ; [ 53 115],[28.82352941 41.17647059] ; [69.17647059 98.82352941],1
p7,1,0.000452,12.302676,[41 29] ; [ 56 109],[28.89361702 41.10638298] ; [68.10638298 96.89361702],1
p8,1,0.000755,11.349318,[29 40] ; [ 34 131],[18.57692308 50.42307692] ; [ 44.42307692 120.57692308],1
p2,1,0.013535,6.097768,[50 20] ; [91 77],[41.47058824 28.52941176] ; [99.52941176 68.47058824],0
p5,1,0.019583,5.448687,[ 8 62] ; [  6 161],[ 4.1350211 65.8649789] ; [  9.8649789 157.1350211],0
b1,1,0.081657,3.031619,[42 28] ; [80 88],[35.88235294 34.11764706] ; [86.11764706 81.88235294],0
p1,1,0.136205,2.220319,[ 7 63] ; [  8 158],[ 4.44915254 65.55084746] ; [ 10.55084746 155.44915254],0
p9,1,0.442869,0.588838,[25 44] ; [ 50 111],[22.5 46.5] ; [ 52.5 108.5],0
p11,1,0.710207,0.13807,[29 41] ; [74 94],[30.29411765 39.70588235] ; [72.70588235 95.29411765],0
