Feature,DoF,P Value,Chi Square,Observed,Expected,Is Significant
p10,1,0.0,33.98158,[148  44] ; [21 37],[129.792  62.208] ; [39.208 18.792],1
b1,1,0.033843,4.502633,[ 83 111] ; [34 24],[ 90.07142857 103.92857143] ; [26.92857143 31.07142857],0
p11,1,0.05996,3.538487,[133  61] ; [32 26],[127.02380952  66.97619048] ; [37.97619048 20.02380952],0
p4,1,0.074781,3.174831,[100  94] ; [37 20],[105.88844622  88.11155378] ; [31.11155378 25.88844622],0
p1,1,0.174299,1.84557,[  8 186] ; [ 5 53],[ 10.00793651 183.99206349] ; [ 2.99206349 55.00793651],0
p2,1,0.228183,1.452155,[160  33] ; [44 14],[156.86055777  36.13944223] ; [47.13944223 10.86055777],0
p6,1,0.706474,0.141825,[ 68 124] ; [21 34],[ 69.18218623 122.81781377] ; [19.81781377 35.18218623],0
p5,1,0.742857,0.107631,[ 11 181] ; [ 4 54],[ 11.52 180.48] ; [ 3.48 54.52],0
p3,1,0.86386,0.0294,[ 86 108] ; [26 31],[ 86.56573705 107.43426295] ; [25.43426295 31.56573705],0
