Feature,DoF,P Value,Chi Square,Observed,Expected,Is Significant
p10,1,0.0,74.829412,[304  49] ; [68 71],[266.90243902  86.09756098] ; [105.09756098  33.90243902],1
p4,1,0.0,32.913377,[164 189] ; [ 26 114],[136.04462475 216.95537525] ; [53.95537525 86.04462475],1
p11,1,0.0,28.843269,[262  92] ; [70 73],[236.47484909 117.52515091] ; [95.52515091 47.47484909],1
p7,1,6e-06,20.4324,[156 190] ; [ 31 105],[134.23651452 211.76348548] ; [52.76348548 83.23651452],1
p6,1,0.001177,10.525954,[ 89 262] ; [ 17 124],[ 75.62195122 275.37804878] ; [ 30.37804878 110.62195122],0
b1,1,0.009972,6.639979,[129 225] ; [70 73],[141.74245473 212.25754527] ; [57.25754527 85.74245473],0
p1,1,0.259553,1.271139,[ 20 334] ; [ 12 131],[ 22.79275654 331.20724346] ; [  9.20724346 133.79275654],0
p5,1,0.744022,0.106623,[ 20 328] ; [  7 133],[ 19.25409836 328.74590164] ; [  7.74590164 132.25409836],0
p12,1,0.898121,0.016393,[ 21 333] ; [  8 134],[ 20.69758065 333.30241935] ; [  8.30241935 133.69758065],0
