Feature,DoF,P Value,Chi Square,Observed,Expected,Is Significant
p4,1,0.0,30.843586,[19 25] ; [282  67],[33.69974555 10.30025445] ; [267.30025445  81.69974555],1
p6,1,4e-06,21.429786,[ 8 36] ; [190 154],[22.45360825 21.54639175] ; [175.54639175 168.45360825],1
p2,1,1.1e-05,19.373961,[31 14] ; [317  31],[39.84732824  5.15267176] ; [308.15267176  39.84732824],1
p8,1,6.1e-05,16.083569,[21 24] ; [261  86],[32.37244898 12.62755102] ; [249.62755102  97.37244898],1
p5,1,0.003677,8.436722,[ 1 44] ; [ 69 279],[ 8.01526718 36.98473282] ; [ 61.98473282 286.01526718],0
p11,1,0.012831,6.192196,[31 14] ; [293  56],[37.00507614  7.99492386] ; [286.99492386  62.00507614],0
b1,1,0.019866,5.423675,[28 17] ; [153 196],[20.67258883 24.32741117] ; [160.32741117 188.67258883],0
p1,1,0.326261,0.963682,[ 3 42] ; [ 40 307],[ 4.93622449 40.06377551] ; [ 38.06377551 308.93622449],0
