Feature,DoF,P Value,Chi Square,Observed,Expected,Is Significant
p9,1,0.0,56.533889,[43 89] ; [89 21],[72. 60.] ; [60. 50.],1
p2,1,9.9e-05,15.153084,[69 70] ; [82 29],[83.956 55.044] ; [67.044 43.956],1
p11,1,0.000292,13.122954,[66 73] ; [78 33],[80.064 58.936] ; [63.936 47.064],1
p5,1,0.000584,11.825268,[  2 137] ; [13 96],[  8.40725806 130.59274194] ; [  6.59274194 102.40725806],1
p1,1,0.007991,7.035514,[  8 129] ; [18 93],[ 14.36290323 122.63709677] ; [11.63709677 99.36290323],0
p12,1,0.008438,6.938061,[  3 135] ; [ 11 100],[  7.75903614 130.24096386] ; [  6.24096386 104.75903614],0
p8,1,0.022456,5.21013,[ 26 111] ; [35 76],[ 33.69758065 103.30241935] ; [27.30241935 83.69758065],0
p6,1,0.078633,3.092939,[ 20 115] ; [26 84],[ 25.34693878 109.65306122] ; [20.65306122 89.34693878],0
b1,1,0.722636,0.125981,[67 72] ; [51 60],[65.608 73.392] ; [52.392 58.608],0
