Feature,DoF,P Value,Chi Square,Observed,Expected,Is Significant
p9,1,0.0,132.815693,[ 50 111] ; [306  66],[107.53470919  53.46529081] ; [248.46529081 123.53470919],1
p11,1,0.0,60.854836,[74 94] ; [296  84],[113.43065693  54.56934307] ; [256.56934307 123.43065693],1
p8,1,0.0,26.075384,[ 34 131] ; [161 208],[ 60.25280899 104.74719101] ; [134.74719101 234.25280899],1
p7,1,2e-06,22.167686,[ 56 109] ; [205 161],[81.10169492 83.89830508] ; [179.89830508 186.10169492],1
b1,1,0.000119,14.814864,[80 88] ; [116 264],[ 60.08759124 107.91240876] ; [135.91240876 244.08759124],1
p4,1,0.029275,4.751361,[ 53 115] ; [156 221],[ 64.42568807 103.57431193] ; [144.57431193 232.42568807],0
p12,1,0.23408,1.415897,[  3 164] ; [ 14 362],[  5.22836096 161.77163904] ; [ 11.77163904 364.22836096],0
p5,1,0.632318,0.228931,[  6 161] ; [ 17 362],[  7.03479853 159.96520147] ; [ 15.96520147 363.03479853],0
p1,1,0.649677,0.206308,[  8 158] ; [ 15 363],[  7.01838235 158.98161765] ; [ 15.98161765 362.01838235],0
