Feature,DoF,P Value,Chi Square,Observed,Expected,Is Significant
p11,1,0.0,36.820666,[48 35] ; [600 107],[68.08101266 14.91898734] ; [579.91898734 127.08101266],1
b1,1,1e-05,19.521715,[50 33] ; [250 457],[31.51898734 51.48101266] ; [268.48101266 438.51898734],1
p2,1,0.001419,10.180458,[61 22] ; [609  94],[70.75063613 12.24936387] ; [599.24936387 103.75063613],0
p12,1,0.010003,6.634441,[ 1 82] ; [ 68 636],[ 7.27700127 75.72299873] ; [ 61.72299873 642.27700127],0
p5,1,0.023617,5.122505,[ 4 78] ; [ 96 605],[10.47254151 71.52745849] ; [ 89.52745849 611.47254151],0
p4,1,0.040276,4.206216,[43 40] ; [446 258],[51.57179161 31.42820839] ; [437.42820839 266.57179161],0
p3,1,0.048226,3.902093,[35 48] ; [378 327],[43.50126904 39.49873096] ; [369.49873096 335.50126904],0
p1,1,0.167898,1.901616,[ 4 79] ; [ 66 638],[ 7.38246506 75.61753494] ; [ 62.61753494 641.38246506],0
p8,1,0.630241,0.231735,[44 38] ; [394 304],[46.04615385 35.95384615] ; [391.95384615 306.04615385],0
p6,1,0.635273,0.224978,[30 52] ; [275 425],[31.98209719 50.01790281] ; [273.01790281 426.98209719],0
