Feature,DoF,P Value,Chi Square,Observed,Expected,Is Significant
p10,1,0.0,103.009819,[27 55] ; [234  31],[61.67723343 20.32276657] ; [199.32276657  65.67723343],1
p3,1,0.0,27.536479,[35 48] ; [196  71],[54.78 28.22] ; [176.22  90.78],1
p11,1,0.0,25.791245,[48 35] ; [225  42],[64.74 18.26] ; [208.26  58.74],1
p2,1,3e-06,21.680423,[61 22] ; [247  20],[73.04  9.96] ; [234.96  32.04],1
p8,1,0.000196,13.864901,[44 38] ; [200  66],[57.49425287 24.50574713] ; [186.50574713  79.49425287],1
p5,1,0.000317,12.967255,[ 4 78] ; [ 60 207],[15.03724928 66.96275072] ; [ 48.96275072 218.03724928],1
p12,1,0.001211,10.473613,[ 1 82] ; [ 37 230],[ 9.01142857 73.98857143] ; [ 28.98857143 238.01142857],0
b1,1,0.007442,7.163174,[50 33] ; [116 151],[39.36571429 43.63428571] ; [126.63428571 140.36571429],0
p1,1,0.024736,5.042267,[ 4 79] ; [ 37 229],[ 9.75071633 73.24928367] ; [ 31.24928367 234.75071633],0
