Feature,DoF,P Value,Chi Square,Observed,Expected,Is Significant
p10,1,0.0,205.806747,[13 44] ; [609  57],[49.0373444  7.9626556] ; [572.9626556  93.0373444],1
p11,1,0.0,50.963257,[26 31] ; [563 106],[46.24380165 10.75619835] ; [542.75619835 126.24380165],1
b1,1,6e-06,20.58498,[37 20] ; [232 437],[21.11983471 35.88016529] ; [247.88016529 421.11983471],1
p8,1,0.053385,3.731814,[26 31] ; [388 272],[32.91213389 24.08786611] ; [381.08786611 278.91213389],0
p6,1,0.060424,3.525698,[15 39] ; [270 392],[21.49441341 32.50558659] ; [263.50558659 398.49441341],0
p7,1,0.265388,1.24043,[35 21] ; [457 199],[38.69662921 17.30337079] ; [453.30337079 202.69662921],0
p5,1,0.31267,1.019362,[ 5 52] ; [ 90 578],[ 7.46896552 49.53103448] ; [ 87.53103448 580.46896552],0
p4,1,0.736791,0.112968,[36 21] ; [436 231],[37.16022099 19.83977901] ; [434.83977901 232.16022099],0
p1,1,0.957495,0.002841,[ 5 52] ; [ 60 608],[ 5.11034483 51.88965517] ; [ 59.88965517 608.11034483],0
