Feature,DoF,P Value,Chi Square,Observed,Expected,Is Significant
p8,1,0.005689,7.646186,[325 165] ; [261  86],[343.05854241 146.94145759] ; [242.94145759 104.05854241],0
p6,1,0.169657,1.885968,[247 243] ; [190 154],[256.75059952 233.24940048] ; [180.24940048 163.75059952],0
b1,1,0.28635,1.136702,[198 295] ; [153 196],[205.51425178 287.48574822] ; [145.48574822 203.51425178],0
p5,1,0.308266,1.038088,[ 84 408] ; [ 69 279],[ 89.61428571 402.38571429] ; [ 63.38571429 284.61428571],0
p12,1,0.567441,0.326982,[ 48 445] ; [ 38 309],[ 50.47380952 442.52619048] ; [ 35.52619048 311.47380952],0
p10,1,0.636984,0.222709,[425  63] ; [306  41],[427.21916168  60.78083832] ; [303.78083832  43.21916168],0
p11,1,0.647164,0.209494,[408  85] ; [293  56],[410.44299287  82.55700713] ; [290.55700713  58.44299287],0
p9,1,0.665871,0.18647,[436  54] ; [312  35],[437.89725209  52.10274791] ; [310.10274791  36.89725209],0
p1,1,0.948097,0.004238,[ 56 436] ; [ 40 307],[ 56.29558999 435.70441001] ; [ 39.70441001 307.29558999],0
