Feature,DoF,P Value,Chi Square,Observed,Expected,Is Significant
p10,1,0.0,145.118154,[202  28] ; [14 70],[158.21656051  71.78343949] ; [57.78343949 26.21656051],1
p7,1,0.0,133.51267,[209  19] ; [22 60],[169.89677419  58.10322581] ; [61.10322581 20.89677419],1
p4,1,0.0,119.12951,[200  30] ; [19 64],[160.92651757  69.07348243] ; [58.07348243 24.92651757],1
p11,1,0.0,85.715668,[200  31] ; [29 56],[167.40189873  63.59810127] ; [61.59810127 23.40189873],1
p3,1,0.0,62.078014,[168  62] ; [20 64],[137.70700637  92.29299363] ; [50.29299363 33.70700637],1
p5,1,3.5e-05,17.120495,[ 60 171] ; [ 4 80],[ 46.93333333 184.06666667] ; [17.06666667 66.93333333],1
p12,1,0.000242,13.472017,[ 38 192] ; [ 1 84],[ 28.47619048 201.52380952] ; [10.52380952 74.47619048],1
b1,1,0.023384,5.139769,[100 131] ; [49 36],[108.92088608 122.07911392] ; [40.07911392 44.92088608],0
p1,1,0.074367,3.183894,[ 37 193] ; [ 7 78],[ 32.12698413 197.87301587] ; [11.87301587 73.12698413],0
