Feature,DoF,P Value,Chi Square,Observed,Expected,Is Significant
p10,1,0.0,65.942034,[14 70] ; [246 131],[47.37527115 36.62472885] ; [212.62472885 164.37527115],1
p11,1,0.0,28.047554,[29 56] ; [250 133],[50.67307692 34.32692308] ; [228.32692308 154.67307692],1
b1,1,0.005138,7.830305,[49 36] ; [157 226],[37.41452991 47.58547009] ; [168.58547009 214.41452991],0
p4,1,0.038355,4.289224,[19 64] ; [132 249],[27.01077586 55.98922414] ; [123.98922414 257.01077586],0
p12,1,0.117043,2.456447,[ 1 84] ; [ 19 362],[ 3.64806867 81.35193133] ; [ 16.35193133 364.64806867],0
p1,1,0.235598,1.406742,[ 7 78] ; [ 19 363],[ 4.73233405 80.26766595] ; [ 21.26766595 360.73233405],0
p7,1,0.278932,1.172284,[22 60] ; [124 252],[26.13973799 55.86026201] ; [119.86026201 256.13973799],0
p3,1,0.288913,1.124681,[20 64] ; [113 269],[23.97424893 60.02575107] ; [109.02575107 272.97424893],0
p5,1,0.996082,2.4e-05,[ 4 80] ; [ 18 359],[ 4.00867679 79.99132321] ; [ 17.99132321 359.00867679],0
