Feature,DoF,P Value,Chi Square,Observed,Expected,Is Significant
p7,1,0.0,30.19238,[371 118] ; [86 76],[343.2764977 145.7235023] ; [113.7235023  48.2764977],1
p6,1,5e-06,20.741176,[247 243] ; [ 48 113],[222.04301075 267.95698925] ; [72.95698925 88.04301075],1
p11,1,0.0002,13.829295,[408  85] ; [112  50],[391.38931298 101.61068702] ; [128.61068702  33.38931298],1
p10,1,0.000326,12.915076,[425  63] ; [121  40],[410.55161787  77.44838213] ; [135.44838213  25.55161787],1
p9,1,0.007138,7.237952,[436  54] ; [130  31],[426.02150538  63.97849462] ; [139.97849462  21.02150538],0
b1,1,0.009137,6.795839,[198 295] ; [84 78],[212.25343511 280.74656489] ; [69.74656489 92.25343511],0
p5,1,0.011259,6.42403,[ 84 408] ; [ 14 145],[ 74.06451613 417.93548387] ; [ 23.93548387 135.06451613],0
p12,1,0.101458,2.682478,[ 48 445] ; [  9 153],[ 42.90229008 450.09770992] ; [ 14.09770992 147.90229008],0
p1,1,0.595412,0.281971,[ 56 436] ; [ 16 146],[ 54.16513761 437.83486239] ; [ 17.83486239 144.16513761],0
