Feature,DoF,P Value,Chi Square,Observed,Expected,Is Significant
p3,1,0.0,68.280389,[ 25 203] ; [198 273],[ 72.73819742 155.26180258] ; [150.26180258 320.73819742],1
p8,1,0.0,59.639531,[ 39 189] ; [220 245],[ 85.21212121 142.78787879] ; [173.78787879 291.21212121],1
p10,1,0.0,32.829555,[136  90] ; [377  91],[167.05763689  58.94236311] ; [345.94236311 122.05763689],1
p9,1,0.0,25.267912,[150  72] ; [392  73],[175.1441048  46.8558952] ; [366.8558952  98.1441048],1
p11,1,1e-06,23.773941,[143  86] ; [376  96],[169.54493581  59.45506419] ; [349.45506419 122.54493581],1
p5,1,0.028649,4.788584,[  7 221] ; [ 34 437],[ 13.37339056 214.62660944] ; [ 27.62660944 443.37339056],0
p1,1,0.196097,1.671207,[ 19 209] ; [ 27 443],[ 15.02578797 212.97421203] ; [ 30.97421203 439.02578797],0
b1,1,0.433889,0.61239,[ 85 144] ; [161 311],[ 80.36233951 148.63766049] ; [165.63766049 306.36233951],0
p12,1,0.780774,0.077457,[ 10 216] ; [ 23 446],[ 10.73093525 215.26906475] ; [ 22.26906475 446.73093525],0
