Feature,DoF,P Value,Chi Square,Observed,Expected,Is Significant
p10,1,0.001307,10.332383,[258  43] ; [181  61],[243.34990792  57.65009208] ; [195.65009208  46.34990792],0
p3,1,0.006257,7.474786,[ 70 232] ; [ 82 161],[ 84.22752294 217.77247706] ; [ 67.77247706 175.22752294],0
p8,1,0.084978,2.967028,[110 189] ; [ 72 170],[100.58780037 198.41219963] ; [ 81.41219963 160.58780037],0
p11,1,0.218679,1.513019,[236  67] ; [179  65],[229.88117002  73.11882998] ; [185.11882998  58.88117002],0
p5,1,0.250801,1.318838,[ 13 287] ; [ 16 228],[ 15.99264706 284.00735294] ; [ 13.00735294 230.99264706],0
p12,1,0.52388,0.406248,[ 16 285] ; [ 16 226],[ 17.73848987 283.26151013] ; [ 14.26151013 227.73848987],0
p1,1,0.574303,0.315535,[ 21 281] ; [ 20 223],[ 22.71926606 279.28073394] ; [ 18.28073394 224.71926606],0
p6,1,0.783474,0.075512,[ 53 244] ; [ 41 201],[ 51.79591837 245.20408163] ; [ 42.20408163 199.79591837],0
b1,1,0.832518,0.044721,[ 98 205] ; [ 81 163],[ 99.1535649 203.8464351] ; [ 79.8464351 164.1535649],0
