Feature,DoF,P Value,Chi Square,Observed,Expected,Is Significant
p8,1,0.0,26.863709,[ 16 119] ; [30 38],[ 30.591133 104.408867] ; [15.408867 52.591133],1
p9,1,0.000668,11.577054,[68 60] ; [53 15],[79.02040816 48.97959184] ; [41.97959184 26.02040816],1
p10,1,0.002441,9.184651,[63 68] ; [48 20],[73.07035176 57.92964824] ; [37.92964824 30.07035176],0
p11,1,0.034274,4.480997,[67 68] ; [45 24],[74.11764706 60.88235294] ; [37.88235294 31.11764706],0
p3,1,0.110997,2.539969,[ 29 105] ; [22 47],[ 33.66502463 100.33497537] ; [17.33497537 51.66502463],0
b1,1,0.465559,0.532497,[64 71] ; [29 40],[61.54411765 73.45588235] ; [31.45588235 37.54411765],0
p1,1,0.485898,0.485596,[ 15 120] ; [10 59],[ 16.54411765 118.45588235] ; [ 8.45588235 60.54411765],0
p12,1,0.527705,0.39881,[  9 125] ; [ 3 64],[  8. 126.] ; [ 4. 63.],0
p5,1,0.948711,0.004138,[  6 126] ; [ 3 66],[  5.91044776 126.08955224] ; [ 3.08955224 65.91044776],0
