Feature,DoF,P Value,Chi Square,Observed,Expected,Is Significant
p7,1,0.0,28.304033,[28 31] ; [317  82],[44.44323144 14.55676856] ; [300.55676856  98.44323144],1
p9,1,1e-06,24.521202,[41 19] ; [363  37],[52.69565217  7.30434783] ; [351.30434783  48.69565217],1
p10,1,2e-06,22.972071,[38 22] ; [349  50],[50.58823529  9.41176471] ; [336.41176471  62.58823529],1
p8,1,2.9e-05,17.476735,[24 35] ; [274 126],[38.30501089 20.69498911] ; [259.69498911 140.30501089],1
p11,1,0.002432,9.191299,[40 20] ; [335  68],[48.59611231 11.40388769] ; [326.40388769  76.59611231],0
p6,1,0.020907,5.33454,[20 39] ; [198 198],[28.26813187 30.73186813] ; [189.73186813 206.26813187],0
p1,1,0.076644,3.134667,[ 3 57] ; [ 52 350],[ 7.14285714 52.85714286] ; [ 47.85714286 354.14285714],0
p5,1,0.228016,1.453196,[ 7 49] ; [ 77 325],[10.27074236 45.72925764] ; [ 73.72925764 328.27074236],0
p12,1,0.502162,0.450363,[ 5 55] ; [ 45 356],[ 6.50759219 53.49240781] ; [ 43.49240781 357.50759219],0
b1,1,0.818395,0.052721,[27 33] ; [175 228],[26.17710583 33.82289417] ; [175.82289417 227.17710583],0
