Feature,DoF,P Value,Chi Square,Observed,Expected,Is Significant
p10,1,0.0,94.281021,[136  46] ; [ 24 104],[93.93548387 88.06451613] ; [66.06451613 61.93548387],1
p2,1,0.0,43.018629,[150  34] ; [60 70],[123.05732484  60.94267516] ; [86.94267516 43.05732484],1
p11,1,0.0,25.267188,[135  49] ; [59 71],[113.68152866  70.31847134] ; [80.31847134 49.68152866],1
p6,1,0.001757,9.787389,[ 47 132] ; [ 15 113],[ 36.14983713 142.85016287] ; [ 25.85016287 102.14983713],0
p3,1,0.020068,5.405943,[ 67 117] ; [31 98],[ 57.61022364 126.38977636] ; [40.38977636 88.61022364],0
b1,1,0.028185,4.816692,[ 76 108] ; [70 60],[85.55414013 98.44585987] ; [60.44585987 69.55414013],0
p12,1,0.161113,1.963748,[  8 174] ; [  2 127],[  5.85209003 176.14790997] ; [  4.14790997 124.85209003],0
p1,1,0.207272,1.590376,[  8 175] ; [ 10 119],[ 10.55769231 172.44230769] ; [  7.44230769 121.55769231],0
p5,1,0.618065,0.248597,[  6 178] ; [  3 127],[  5.27388535 178.72611465] ; [  3.72611465 126.27388535],0
