Feature,DoF,P Value,Chi Square,Observed,Expected,Is Significant
p10,1,0.0,136.67776,[268  29] ; [19 53],[231.  66.] ; [56. 16.],1
p11,1,0.0,36.023992,[260  39] ; [41 32],[241.9327957  57.0672043] ; [59.0672043 13.9327957],1
p7,1,0.0,32.635362,[261  35] ; [43 29],[244.52173913  51.47826087] ; [59.47826087 12.52173913],1
p2,1,1.7e-05,18.48613,[274  24] ; [54 19],[263.46091644  34.53908356] ; [64.53908356  8.46091644],1
p6,1,2.7e-05,17.643289,[168 125] ; [21 50],[152.13461538 140.86538462] ; [36.86538462 34.13461538],1
p5,1,0.002469,9.163141,[ 68 231] ; [ 5 67],[ 58.8328841 240.1671159] ; [14.1671159 57.8328841],0
b1,1,0.003162,8.711375,[119 180] ; [43 30],[130.20967742 168.79032258] ; [31.79032258 41.20967742],0
p1,1,0.476089,0.507809,[ 42 255] ; [ 8 65],[ 40.13513514 256.86486486] ; [ 9.86486486 63.13513514],0
