Feature,DoF,P Value,Chi Square,Observed,Expected,Is Significant
p4,1,0.074917,3.171868,[46 46] ; [37 20],[51.24832215 40.75167785] ; [31.75167785 25.24832215],0
b1,1,0.400459,0.706947,[48 45] ; [34 24],[50.50331126 42.49668874] ; [31.49668874 26.50331126],0
p1,1,0.446199,0.58029,[ 5 87] ; [ 5 53],[ 6.13333333 85.86666667] ; [ 3.86666667 54.13333333],0
p3,1,0.855021,0.033385,[41 52] ; [26 31],[41.54 51.46] ; [25.46 31.54],0
p5,1,0.870569,0.026548,[ 7 85] ; [ 4 54],[ 6.74666667 85.25333333] ; [ 4.25333333 53.74666667],0
p2,1,0.946097,0.004571,[71 22] ; [44 14],[70.82781457 22.17218543] ; [44.17218543 13.82781457],0
p6,1,0.961196,0.002367,[34 56] ; [21 34],[34.13793103 55.86206897] ; [20.86206897 34.13793103],0
p11,1,0.968023,0.001607,[51 42] ; [32 26],[51.1192053 41.8807947] ; [31.8807947 26.1192053],0
