Feature,DoF,P Value,Chi Square,Observed,Expected,Is Significant
p7,1,0.0,90.891994,[299  49] ; [245 207],[236.64 111.36] ; [307.36 144.64],1
p3,1,0.0,81.143931,[258  91] ; [194 266],[194.99134734 154.00865266] ; [257.00865266 202.99134734],1
p5,1,0.0,31.781126,[ 75 275] ; [ 35 421],[ 47.76674938 302.23325062] ; [ 62.23325062 393.76674938],1
p2,1,3e-06,21.560539,[325  24] ; [377  83],[302.84054388  46.15945612] ; [399.15945612  60.84054388],1
p12,1,0.001242,10.42664,[ 43 307] ; [ 27 434],[ 30.20961776 319.79038224] ; [ 39.79038224 421.20961776],0
p1,1,0.002723,8.984471,[ 44 304] ; [ 30 431],[ 31.83189122 316.16810878] ; [ 42.16810878 418.83189122],0
b1,1,0.082892,3.007275,[142 208] ; [160 302],[130.17241379 219.82758621] ; [171.82758621 290.17241379],0
p11,1,0.154487,2.027379,[305  45] ; [386  76],[297.84482759  52.15517241] ; [393.15517241  68.84482759],0
p9,1,0.16931,1.88904,[312  37] ; [425  36],[317.54691358  31.45308642] ; [419.45308642  41.54691358],0
