Feature,DoF,P Value,Chi Square,Observed,Expected,Is Significant
p10,1,0.000161,14.244683,[306  41] ; [25 13],[298.32987013  48.67012987] ; [32.67012987  5.32987013],1
p4,1,0.000177,14.05784,[282  67] ; [20 17],[273.05181347  75.94818653] ; [28.94818653  8.05181347],1
p11,1,0.001563,10.003067,[293  56] ; [24 14],[285.87338501  63.12661499] ; [31.12661499  6.87338501],0
p8,1,0.008343,6.958298,[261  86] ; [21 17],[254.16623377  92.83376623] ; [27.83376623 10.16623377],0
p9,1,0.041601,4.151353,[312  35] ; [30  8],[308.24415584  38.75584416] ; [33.75584416  4.24415584],0
p1,1,0.441888,0.591375,[ 40 307] ; [ 6 32],[ 41.45974026 305.54025974] ; [ 4.54025974 33.45974026],0
b1,1,0.467989,0.526719,[153 196] ; [19 19],[155.11111111 193.88888889] ; [16.88888889 21.11111111],0
p5,1,0.550261,0.35685,[ 69 279] ; [ 6 32],[ 67.61658031 280.38341969] ; [ 7.38341969 30.61658031],0
p12,1,0.681781,0.168128,[ 38 309] ; [ 5 33],[ 38.75584416 308.24415584] ; [ 4.24415584 33.75584416],0
