Feature,DoF,P Value,Chi Square,Observed,Expected,Is Significant
p4,1,0.0,65.947178,[258  41] ; [170 132],[212.93178037  86.06821963] ; [215.06821963  86.93178037],1
p5,1,0.0,27.676465,[ 68 231] ; [ 22 277],[ 45. 254.] ; [ 45. 254.],1
p12,1,1.7e-05,18.447956,[ 40 258] ; [ 11 291],[ 25.33 272.67] ; [ 25.67 276.33],1
p1,1,7.2e-05,15.761663,[ 42 255] ; [ 14 286],[ 27.85929648 269.14070352] ; [ 28.14070352 271.85929648],1
p9,1,0.001594,9.966667,[273  26] ; [247  52],[260.  39.] ; [260.  39.],0
p10,1,0.001966,9.581333,[268  29] ; [245  56],[254.78428094  42.21571906] ; [258.21571906  42.78428094],0
p11,1,0.024132,5.085115,[260  39] ; [242  60],[249.74708819  49.25291181] ; [252.25291181  49.74708819],0
p2,1,0.086335,2.941414,[274  24] ; [264  37],[267.65275459  30.34724541] ; [270.34724541  30.65275459],0
b1,1,0.548663,0.359719,[119 180] ; [113 189],[115.42096506 183.57903494] ; [116.57903494 185.42096506],0
