Feature,DoF,P Value,Chi Square,Observed,Expected,Is Significant
p10,1,0.0,106.423619,[181  61] ; [ 24 104],[134.08108108 107.91891892] ; [70.91891892 57.08108108],1
p11,1,0.0,28.685433,[179  65] ; [59 71],[155.27272727  88.72727273] ; [82.72727273 47.27272727],1
p4,1,7.3e-05,15.719116,[118 126] ; [35 94],[100.08579088 143.91420912] ; [52.91420912 76.08579088],1
b1,1,0.000106,15.022396,[ 81 163] ; [70 60],[ 98.51336898 145.48663102] ; [52.48663102 77.51336898],1
p12,1,0.03071,4.669128,[ 16 226] ; [  2 127],[ 11.74123989 230.25876011] ; [  6.25876011 122.74123989],0
p3,1,0.052505,3.759615,[ 82 161] ; [31 98],[ 73.81451613 169.18548387] ; [39.18548387 89.81451613],0
p5,1,0.074709,3.176408,[ 16 228] ; [  3 127],[ 12.39572193 231.60427807] ; [  6.60427807 123.39572193],0
p6,1,0.182353,1.778344,[ 41 201] ; [ 15 113],[ 36.62702703 205.37297297] ; [ 19.37297297 108.62702703],0
p1,1,0.871841,0.026024,[ 20 223] ; [ 10 119],[ 19.59677419 223.40322581] ; [ 10.40322581 118.59677419],0
