Feature,DoF,P Value,Chi Square,Observed,Expected,Is Significant
p9,1,0.0,124.932655,[ 49 104] ; [306  66],[103.45714286  49.54285714] ; [251.54285714 120.45714286],1
p11,1,0.0,57.691869,[69 87] ; [296  84],[106.23134328  49.76865672] ; [258.76865672 121.23134328],1
p7,1,0.0,32.703099,[ 44 110] ; [205 161],[73.74230769 80.25769231] ; [175.25769231 190.74230769],1
b1,1,1.1e-05,19.333547,[79 77] ; [116 264],[56.75373134 99.24626866] ; [138.24626866 241.75373134],1
p6,1,0.00294,8.84419,[ 23 131] ; [101 273],[ 36.16666667 117.83333333] ; [ 87.83333333 286.16666667],0
p4,1,0.0066,7.378702,[ 45 111] ; [156 221],[58.82926829 97.17073171] ; [142.17073171 234.82926829],0
p5,1,0.155607,2.016406,[  3 153] ; [ 17 362],[  5.8317757 150.1682243] ; [ 14.1682243 364.8317757],0
p12,1,0.28732,1.132135,[  3 152] ; [ 14 362],[  4.96233522 150.03766478] ; [ 12.03766478 363.96233522],0
p1,1,0.352681,0.863786,[  9 146] ; [ 15 363],[  6.9793621 148.0206379] ; [ 17.0206379 360.9793621],0
