Feature,DoF,P Value,Chi Square,Observed,Expected,Is Significant
p10,1,0.000955,10.912287,[327  51] ; [48 20],[317.82511211  60.17488789] ; [57.17488789 10.82511211],1
p7,1,0.001671,9.879394,[187 178] ; [47 18],[198.62790698 166.37209302] ; [35.37209302 29.62790698],0
p1,1,0.003245,8.664245,[ 19 360] ; [10 59],[ 24.53348214 354.46651786] ; [ 4.46651786 64.53348214],0
p11,1,0.017505,5.64505,[298  82] ; [45 24],[290.28953229  89.71046771] ; [52.71046771 16.28953229],0
b1,1,0.048489,3.892957,[114 266] ; [29 40],[121.02449889 258.97550111] ; [21.97550111 47.02449889],0
p2,1,0.284929,1.143428,[306  72] ; [52 17],[302.73825503  75.26174497] ; [55.26174497 13.73825503],0
p8,1,0.53049,0.393454,[149 223] ; [30 38],[151.33636364 220.66363636] ; [27.66363636 40.33636364],0
p5,1,0.567741,0.326476,[ 23 354] ; [ 3 66],[ 21.97757848 355.02242152] ; [ 4.02242152 64.97757848],0
p12,1,0.785042,0.074395,[ 20 359] ; [ 3 64],[ 19.54484305 359.45515695] ; [ 3.45515695 63.54484305],0
