Feature,DoF,P Value,Chi Square,Observed,Expected,Is Significant
p3,1,0.0,32.973897,[13 31] ; [196  71],[29.56913183 14.43086817] ; [179.43086817  87.56913183],1
p2,1,3e-06,22.127476,[31 14] ; [247  20],[40.09615385  4.90384615] ; [237.90384615  29.09615385],1
p8,1,9.5e-05,15.225042,[21 24] ; [200  66],[31.97749196 13.02250804] ; [189.02250804  76.97749196],1
p7,1,0.000242,13.469626,[27 15] ; [230  35],[35.15960912  6.84039088] ; [221.84039088  43.15960912],1
p5,1,0.001532,10.039486,[ 1 44] ; [ 60 207],[ 8.79807692 36.20192308] ; [ 52.20192308 214.79807692],0
p11,1,0.012877,6.185955,[31 14] ; [225  42],[36.92307692  8.07692308] ; [219.07692308  47.92307692],0
b1,1,0.019422,5.463076,[28 17] ; [116 151],[20.76923077 24.23076923] ; [123.23076923 143.76923077],0
p1,1,0.179511,1.80167,[ 3 42] ; [ 37 229],[ 5.78778135 39.21221865] ; [ 34.21221865 231.78778135],0
