Feature,DoF,P Value,Chi Square,Observed,Expected,Is Significant
p9,1,0.0,56.704172,[189  94] ; [19 70],[158.23655914 124.76344086] ; [49.76344086 39.23655914],1
p11,1,2e-06,22.740014,[180 110] ; [31 61],[160.18324607 129.81675393] ; [50.81675393 41.18324607],1
b1,1,0.009244,6.775161,[119 171] ; [52 40],[129.81675393 160.18324607] ; [41.18324607 50.81675393],0
p7,1,0.117403,2.451631,[ 94 189] ; [22 68],[ 88.01072386 194.98927614] ; [27.98927614 62.01072386],0
p12,1,0.12874,2.307628,[ 13 275] ; [ 1 91],[ 10.61052632 277.38947368] ; [ 3.38947368 88.61052632],0
p5,1,0.146365,2.109729,[  5 283] ; [ 4 87],[  6.83905013 281.16094987] ; [ 2.16094987 88.83905013],0
p3,1,0.322481,0.978858,[ 50 238] ; [20 71],[ 53.19261214 234.80738786] ; [16.80738786 74.19261214],0
p1,1,0.52979,0.394795,[ 14 275] ; [ 6 86],[ 15.17060367 273.82939633] ; [ 4.82939633 87.17060367],0
p6,1,0.770753,0.084908,[ 38 249] ; [13 77],[ 38.82493369 248.17506631] ; [12.17506631 77.82493369],0
