Feature,DoF,P Value,Chi Square,Observed,Expected,Is Significant
b1,1,0.120801,2.406903,[44 41] ; [37 20],[48.48591549 36.51408451] ; [32.51408451 24.48591549],0
p2,1,0.238729,1.388082,[63 22] ; [37 20],[59.85915493 25.14084507] ; [40.14084507 16.85915493],0
p6,1,0.266991,1.232143,[31 53] ; [15 39],[28. 56.] ; [18. 36.],0
p7,1,0.324597,0.970335,[46 39] ; [35 21],[48.82978723 36.17021277] ; [32.17021277 23.82978723],0
p11,1,0.759061,0.094073,[41 44] ; [26 31],[40.1056338 44.8943662] ; [26.8943662 30.1056338],0
p5,1,0.879624,0.022936,[ 8 76] ; [ 5 52],[ 7.74468085 76.25531915] ; [ 5.25531915 51.74468085],0
p1,1,0.896886,0.016795,[ 8 77] ; [ 5 52],[ 7.78169014 77.21830986] ; [ 5.21830986 51.78169014],0
p8,1,0.924139,0.009067,[39 45] ; [26 31],[38.72340426 45.27659574] ; [26.27659574 30.72340426],0
