Feature,DoF,P Value,Chi Square,Observed,Expected,Is Significant
p4,1,0.0,42.458351,[165 169] ; [ 62 203],[126.57429048 207.42570952] ; [100.42570952 164.57429048],1
p6,1,1e-06,24.269262,[ 87 245] ; [ 27 237],[ 63.5033557 268.4966443] ; [ 50.4966443 213.5033557],1
p10,1,0.000211,13.727309,[252  79] ; [162  99],[231.47635135  99.52364865] ; [182.52364865  78.47635135],1
p9,1,0.00033,12.891619,[272  60] ; [178  79],[253.65025467  78.34974533] ; [196.34974533  60.65025467],1
p11,1,0.011509,6.384945,[242  92] ; [167  99],[227.67666667 106.32333333] ; [181.32333333  84.67666667],0
p5,1,0.308706,1.036202,[ 17 316] ; [  9 256],[ 14.47826087 318.52173913] ; [ 11.52173913 253.47826087],0
p1,1,0.639218,0.219766,[ 16 317] ; [ 15 250],[ 17.26254181 315.73745819] ; [ 13.73745819 251.26254181],0
p12,1,0.644608,0.212767,[ 15 318] ; [ 14 249],[ 16.20302013 316.79697987] ; [ 12.79697987 250.20302013],0
b1,1,0.865302,0.028774,[119 215] ; [ 93 173],[118.01333333 215.98666667] ; [ 93.98666667 172.01333333],0
