Feature,DoF,P Value,Chi Square,Observed,Expected,Is Significant
p4,1,0.0,80.507393,[246  53] ; [38 68],[209.6691358  89.3308642] ; [74.3308642 31.6691358],1
p7,1,0.0,76.377213,[247  47] ; [41 63],[212.74371859  81.25628141] ; [75.25628141 28.74371859],1
p8,1,0.0,52.95346,[210  89] ; [33 76],[178.08088235 120.91911765] ; [64.91911765 44.08088235],1
p3,1,0.0,30.662075,[202  97] ; [40 68],[177.78378378 121.21621622] ; [64.21621622 43.78378378],1
p5,1,0.005025,7.87027,[ 62 238] ; [ 9 96],[ 52.59259259 247.40740741] ; [18.40740741 86.59259259],0
p11,1,0.018227,5.574245,[249  51] ; [79 30],[240.58679707  59.41320293] ; [87.41320293 21.58679707],0
p1,1,0.42304,0.641853,[ 42 257] ; [12 97],[ 39.57352941 259.42647059] ; [14.42647059 94.57352941],0
p12,1,0.472369,0.516428,[ 41 258] ; [12 97],[ 38.84068627 260.15931373] ; [14.15931373 94.84068627],0
b1,1,0.688475,0.160741,[120 180] ; [46 63],[121.7603912 178.2396088] ; [44.2396088 64.7603912],0
