Feature,DoF,P Value,Chi Square,Observed,Expected,Is Significant
p2,1,0.0,135.868486,[79 77] ; [457  41],[127.85321101  28.14678899] ; [408.14678899  89.85321101],1
p11,1,0.0,109.600224,[69 87] ; [428  73],[118.00913242  37.99086758] ; [378.99086758 122.00913242],1
p4,1,0.0,93.051982,[ 45 111] ; [358 140],[96.12844037 59.87155963] ; [306.87155963 191.12844037],1
p3,1,0.0,64.155306,[ 40 115] ; [312 187],[83.42507645 71.57492355] ; [268.57492355 230.42507645],1
p6,1,0.0,59.389981,[ 23 131] ; [247 247],[64.16666667 89.83333333] ; [205.83333333 288.16666667],1
p5,1,5e-06,20.99249,[  3 153] ; [ 79 420],[ 19.52977099 136.47022901] ; [ 62.47022901 436.52977099],1
p12,1,0.002626,9.05052,[  3 152] ; [ 46 453],[ 11.61314985 143.38685015] ; [ 37.38685015 461.61314985],0
b1,1,0.004792,7.956177,[79 77] ; [190 311],[63.87214612 92.12785388] ; [205.12785388 295.87214612],0
p1,1,0.141557,2.160956,[  9 146] ; [ 48 451],[ 13.50917431 141.49082569] ; [ 43.49082569 455.50917431],0
