Feature,DoF,P Value,Chi Square,Observed,Expected,Is Significant
p9,1,0.0,103.358121,[25 44] ; [202  15],[54.76573427 14.23426573] ; [172.23426573  44.76573427],1
p11,1,0.0,42.406884,[29 41] ; [178  40],[50.3125 19.6875] ; [156.6875  61.3125],1
p8,1,0.0,31.312775,[29 40] ; [168  48],[47.69473684 21.30526316] ; [149.30526316  66.69473684],1
p7,1,0.0,29.402731,[41 29] ; [190  26],[56.53846154 13.46153846] ; [174.46153846  41.53846154],1
p4,1,0.0,25.472793,[45 25] ; [196  22],[58.57638889 11.42361111] ; [182.42361111  35.57638889],1
p2,1,4.5e-05,16.669006,[50 20] ; [198  20],[60.27777778  9.72222222] ; [187.72222222  30.27777778],1
p5,1,0.018132,5.583331,[ 8 62] ; [ 54 164],[15.06944444 54.93055556] ; [ 46.93055556 171.06944444],0
b1,1,0.097557,2.745033,[42 28] ; [106 112],[35.97222222 34.02777778] ; [112.02777778 105.97222222],0
p1,1,0.179181,1.804405,[ 7 63] ; [ 36 181],[10.48780488 59.51219512] ; [ 32.51219512 184.48780488],0
