Feature,DoF,P Value,Chi Square,Observed,Expected,Is Significant
p4,1,0.0,123.237446,[446 258] ; [ 62 203],[369.07327141 334.92672859] ; [138.92672859 126.07327141],1
p8,1,0.0,104.031548,[394 304] ; [ 52 212],[323.6049896 374.3950104] ; [122.3950104 141.6049896],1
p2,1,0.0,80.570939,[609  94] ; [161 105],[558.62745098 144.37254902] ; [211.37254902  54.62745098],1
p6,1,0.0,75.241718,[275 425] ; [ 27 237],[219.29460581 480.70539419] ; [ 82.70539419 181.29460581],1
p11,1,0.0,56.479908,[600 107] ; [167  99],[557.31654676 149.68345324] ; [209.68345324  56.31654676],1
p5,1,4e-06,21.052134,[ 96 605] ; [  9 256],[ 76.19565217 624.80434783] ; [ 28.80434783 236.19565217],1
p12,1,0.031267,4.638266,[ 68 636] ; [ 14 249],[ 59.69803516 644.30196484] ; [ 22.30196484 240.69803516],0
p1,1,0.062569,3.467957,[ 66 638] ; [ 15 250],[ 58.84829721 645.15170279] ; [ 22.15170279 242.84829721],0
b1,1,0.907735,0.013432,[250 457] ; [ 93 173],[249.23021583 457.76978417] ; [ 93.76978417 172.23021583],0
