Feature,DoF,P Value,Chi Square,Observed,Expected,Is Significant
p6,1,0.0,33.194341,[ 36 207] ; [ 71 109],[ 61.46808511 181.53191489] ; [ 45.53191489 134.46808511],1
p8,1,2e-06,22.168026,[ 68 174] ; [91 89],[ 91.18009479 150.81990521] ; [ 67.81990521 112.18009479],1
p9,1,1.9e-05,18.306335,[227  15] ; [145  36],[212.82269504  29.17730496] ; [159.17730496  21.82269504],1
p2,1,0.003771,8.390882,[181  63] ; [156  26],[193.02347418  50.97652582] ; [143.97652582  38.02347418],0
p12,1,0.024313,5.072136,[ 23 220] ; [  7 176],[ 17.11267606 225.88732394] ; [ 12.88732394 170.11267606],0
p1,1,0.284861,1.14375,[ 23 221] ; [ 12 171],[ 20. 224.] ; [ 15. 168.],0
b1,1,0.536935,0.38125,[ 81 163] ; [ 66 117],[ 84. 160.] ; [ 63. 120.],0
p11,1,0.663542,0.189249,[191  53] ; [140  43],[189.14285714  54.85714286] ; [141.85714286  41.14285714],0
p5,1,0.918652,0.010431,[ 18 223] ; [ 14 167],[ 18.27488152 222.72511848] ; [ 13.72511848 167.27488152],0
