Feature,DoF,P Value,Chi Square,Observed,Expected,Is Significant
p8,1,0.0,52.740094,[309 153] ; [49 99],[271.14098361 190.85901639] ; [86.85901639 61.14098361],1
p9,1,0.0,38.207252,[446  19] ; [117  29],[428.46972177  36.53027823] ; [134.53027823  11.46972177],1
p6,1,0.0,32.815391,[234 227] ; [ 35 112],[203.96217105 257.03782895] ; [65.03782895 81.96217105],1
p11,1,0.0,26.447287,[407  59] ; [103  46],[386.43902439  79.56097561] ; [123.56097561  25.43902439],1
p2,1,2.3e-05,17.884415,[425  38] ; [118  31],[410.79901961  52.20098039] ; [132.20098039  16.79901961],1
p3,1,0.007897,7.056581,[325 140] ; [86 62],[311.76998369 153.23001631] ; [99.23001631 48.76998369],0
p5,1,0.01284,6.191069,[ 84 378] ; [ 14 133],[ 74.34482759 387.65517241] ; [ 23.65517241 123.34482759],0
p12,1,0.703861,0.144486,[ 52 413] ; [ 15 134],[ 50.74104235 414.25895765] ; [ 16.25895765 132.74104235],0
p1,1,0.800847,0.063631,[ 50 413] ; [ 15 134],[ 49.1748366 413.8251634] ; [ 15.8251634 133.1748366],0
b1,1,0.906172,0.013893,[182 284] ; [59 90],[182.61138211 283.38861789] ; [58.38861789 90.61138211],0
