Feature,DoF,P Value,Chi Square,Observed,Expected,Is Significant
p3,1,0.0,117.21782,[ 67 221] ; [193  89],[131.36842105 156.63157895] ; [128.63157895 153.36842105],1
p7,1,0.0,71.585549,[150 126] ; [242  36],[195.29241877  80.70758123] ; [196.70758123  81.29241877],1
p8,1,0.0,58.925092,[110 169] ; [202  80],[155.1657754 123.8342246] ; [156.8342246 125.1657754],1
p5,1,0.0,41.52026,[ 10 277] ; [ 60 223],[ 35.24561404 251.75438596] ; [ 34.75438596 248.24561404],1
p9,1,0.0,34.233218,[231  50] ; [275   8],[252.10283688  28.89716312] ; [253.89716312  29.10283688],1
p12,1,1.2e-05,19.179277,[ 11 272] ; [ 41 241],[ 26.0460177 256.9539823] ; [ 25.9539823 256.0460177],1
p1,1,5.9e-05,16.125549,[ 12 274] ; [ 39 243],[ 25.67957746 260.32042254] ; [ 25.32042254 256.67957746],1
p11,1,0.045013,4.01815,[222  66] ; [237  46],[231.50963222  56.49036778] ; [227.49036778  55.50963222],0
b1,1,0.04732,3.93397,[ 94 194] ; [115 168],[105.4150613 182.5849387] ; [103.5849387 179.4150613],0
