Feature,DoF,P Value,Chi Square,Observed,Expected,Is Significant
p3,1,0.0,127.309872,[ 88 323] ; [77 17],[134.28712871 276.71287129] ; [30.71287129 63.28712871],1
p6,1,0.0,86.877906,[ 66 337] ; [58 34],[100.95353535 302.04646465] ; [23.04646465 68.95353535],1
p8,1,0.0,84.06773,[122 283] ; [76 17],[161.02409639 243.97590361] ; [36.97590361 56.02409639],1
p1,1,0.0,47.250421,[ 26 384] ; [29 65],[ 44.74206349 365.25793651] ; [10.25793651 83.74206349],1
p12,1,0.0,47.200329,[ 17 391] ; [24 69],[ 33.38922156 374.61077844] ; [ 7.61077844 85.38922156],1
p7,1,0.0,43.227745,[178 221] ; [76 16],[206.40733198 192.59266802] ; [47.59266802 44.40733198],1
p10,1,0.0,27.445965,[270 137] ; [87  6],[290.598 116.402] ; [66.402 26.598],1
p9,1,0.0,26.260966,[287 113] ; [90  3],[305.88235294  94.11764706] ; [71.11764706 21.88235294],1
p11,1,0.000232,13.552354,[276 136] ; [81 13],[290.6798419 121.3201581] ; [66.3201581 27.6798419],1
b1,1,0.478075,0.503251,[159 253] ; [40 54],[162.03162055 249.96837945] ; [36.96837945 57.03162055],0
