Feature,DoF,P Value,Chi Square,Observed,Expected,Is Significant
p4,1,3e-06,21.712487,[371 150] ; [200  30],[396.126498 124.873502] ; [174.873502  55.126498],1
p5,1,0.000182,14.006938,[ 76 445] ; [ 60 171],[ 94.22340426 426.77659574] ; [ 41.77659574 189.22340426],1
p12,1,0.000786,11.273357,[ 43 477] ; [ 38 192],[ 56.16 463.84] ; [ 24.84 205.16],1
p3,1,0.001146,10.574696,[317 205] ; [168  62],[336.66223404 185.33776596] ; [148.33776596  81.66223404],0
p1,1,0.00631,7.459629,[ 48 472] ; [ 37 193],[ 58.93333333 461.06666667] ; [ 26.06666667 203.93333333],0
p9,1,0.277057,1.181468,[457  61] ; [210  21],[461.28971963  56.71028037] ; [205.71028037  25.28971963],0
p11,1,0.347223,0.883578,[438  84] ; [200  31],[442.27888446  79.72111554] ; [195.72111554  35.27888446],0
b1,1,0.375481,0.785446,[208 314] ; [100 131],[213.51394422 308.48605578] ; [ 94.48605578 136.51394422],0
p10,1,0.568136,0.325811,[447  71] ; [202  28],[449.44117647  68.55882353] ; [199.55882353  30.44117647],0
