Feature,DoF,P Value,Chi Square,Observed,Expected,Is Significant
p10,1,0.0,88.708171,[13 44] ; [377  91],[42.34285714 14.65714286] ; [347.65714286 120.34285714],1
p11,1,0.0,32.31469,[26 31] ; [376  96],[43.31568998 13.68431002] ; [358.68431002 113.31568998],1
b1,1,6e-06,20.603467,[37 20] ; [161 311],[21.33459357 35.66540643] ; [176.66540643 295.33459357],1
p4,1,0.101757,2.677786,[36 21] ; [243 227],[30.17647059 26.82352941] ; [248.82352941 221.17647059],0
p1,1,0.366113,0.816816,[ 5 52] ; [ 27 443],[ 3.46110057 53.53889943] ; [ 28.53889943 441.46110057],0
p7,1,0.413023,0.670082,[35 21] ; [264 201],[32.13819578 23.86180422] ; [266.86180422 198.13819578],0
p5,1,0.671955,0.179323,[ 5 52] ; [ 34 437],[ 4.21022727 52.78977273] ; [ 34.78977273 436.21022727],0
p8,1,0.808501,0.058739,[26 31] ; [220 245],[26.86206897 30.13793103] ; [219.13793103 245.86206897],0
