Feature,DoF,P Value,Chi Square,Observed,Expected,Is Significant
p4,1,0.0,117.732337,[325  66] ; [29 72],[281.32926829 109.67073171] ; [72.67073171 28.32926829],1
p2,1,0.0,117.399846,[349  40] ; [42 60],[309.77393075  79.22606925] ; [81.22606925 20.77393075],1
p11,1,0.0,107.96788,[344  47] ; [41 61],[305.34482759  85.65517241] ; [79.65517241 22.34482759],1
p8,1,0.0,107.626109,[268 121] ; [12 90],[221.83299389 167.16700611] ; [58.16700611 43.83299389],1
p6,1,0.0,62.574563,[193 194] ; [ 6 93],[158.46296296 228.53703704] ; [40.53703704 58.46296296],1
p5,1,2.2e-05,18.046133,[ 74 314] ; [  2 100],[ 60.17959184 327.82040816] ; [15.82040816 86.17959184],1
p12,1,0.000596,11.787782,[ 49 340] ; [  1 100],[ 39.69387755 349.30612245] ; [10.30612245 90.69387755],1
b1,1,0.06257,3.467915,[163 228] ; [53 49],[171.31034483 219.68965517] ; [44.68965517 57.31034483],0
p1,1,0.54437,0.3675,[ 51 337] ; [11 90],[ 49.19427403 338.80572597] ; [12.80572597 88.19427403],0
