Feature,DoF,P Value,Chi Square,Observed,Expected,Is Significant
p4,1,0.0,54.463411,[247  52] ; [100  94],[210.45233266  88.54766734] ; [136.54766734  57.45233266],1
p3,1,2e-06,23.087665,[198 101] ; [ 86 108],[172.24340771 126.75659229] ; [111.75659229  82.24340771],1
p5,1,2.1e-05,18.086513,[ 58 241] ; [ 11 181],[ 42.01832994 256.98167006] ; [ 26.98167006 165.01832994],1
p12,1,0.000186,13.966719,[ 36 261] ; [  5 189],[ 24.80040733 272.19959267] ; [ 16.19959267 177.80040733],1
p11,1,0.000287,13.150242,[247  52] ; [133  61],[230.46653144  68.53346856] ; [149.53346856  44.46653144],1
p1,1,0.000487,12.163476,[ 41 257] ; [  8 186],[ 29.67886179 268.32113821] ; [ 19.32113821 174.67886179],1
p9,1,0.001189,10.507975,[270  28] ; [156  38],[258.02439024  39.97560976] ; [167.97560976  26.02439024],0
p10,1,0.003626,8.46239,[258  38] ; [148  44],[246.26229508  49.73770492] ; [159.73770492  32.26229508],0
b1,1,0.887756,0.019922,[126 173] ; [ 83 111],[126.75659229 172.24340771] ; [ 82.24340771 111.75659229],0
