Feature,DoF,P Value,Chi Square,Observed,Expected,Is Significant
p9,1,0.0,47.022393,[26 37] ; [198  39],[47.04 15.96] ; [176.96  60.04],1
p11,1,5.5e-05,16.260116,[36 29] ; [191  48],[48.53618421 16.46381579] ; [178.46381579  60.53618421],1
p4,1,0.053956,3.714059,[39 26] ; [173  66],[45.32894737 19.67105263] ; [166.67105263  72.32894737],0
p12,1,0.12934,2.300411,[ 1 64] ; [ 15 224],[ 3.42105263 61.57894737] ; [ 12.57894737 226.42105263],0
p7,1,0.360386,0.836548,[46 19] ; [154  84],[42.90429043 22.09570957] ; [157.09570957  80.90429043],0
p2,1,0.376984,0.780515,[51 14] ; [198  40],[53.41584158 11.58415842] ; [195.58415842  42.41584158],0
b1,1,0.385012,0.754636,[30 35] ; [ 96 143],[26.94078947 38.05921053] ; [ 99.05921053 139.94078947],0
p5,1,0.613596,0.254972,[ 6 59] ; [ 27 209],[ 7.12624585 57.87375415] ; [ 25.87375415 210.12624585],0
p1,1,0.683064,0.166697,[ 7 57] ; [ 22 216],[ 6.14569536 57.85430464] ; [ 22.85430464 215.14569536],0
