Feature,DoF,P Value,Chi Square,Observed,Expected,Is Significant
p8,1,0.213038,1.550658,[210  87] ; [299 100],[217.20258621  79.79741379] ; [291.79741379 107.20258621],0
p3,1,0.247337,1.338285,[198 101] ; [282 119],[205.02857143  93.97142857] ; [274.97142857 126.02857143],0
p12,1,0.261767,1.259388,[ 36 261] ; [ 38 363],[ 31.48710602 265.51289398] ; [ 42.51289398 358.48710602],0
p1,1,0.275722,1.188059,[ 41 257] ; [ 44 355],[ 36.34146341 261.65853659] ; [ 48.65853659 350.34146341],0
p11,1,0.337288,0.920714,[247  52] ; [342  59],[251.58714286  47.41285714] ; [337.41285714  63.58714286],0
p9,1,0.565663,0.329993,[270  28] ; [358  43],[267.73104435  30.26895565] ; [360.26895565  40.73104435],0
p10,1,0.600633,0.274043,[258  38] ; [353  46],[260.22446043  35.77553957] ; [350.77553957  48.22446043],0
b1,1,0.843466,0.038991,[126 173] ; [166 235],[124.72571429 174.27428571] ; [167.27428571 233.72571429],0
p5,1,0.986478,0.000287,[ 58 241] ; [ 77 321],[ 57.91248207 241.08751793] ; [ 77.08751793 320.91248207],0
