Feature,DoF,P Value,Chi Square,Observed,Expected,Is Significant
p11,1,0.0,47.015925,[51 42] ; [428  73],[74.99494949 18.00505051] ; [404.00505051  96.99494949],1
p2,1,1e-05,19.573208,[71 22] ; [457  41],[83.08629442  9.91370558] ; [444.91370558  53.08629442],1
p4,1,3.3e-05,17.233329,[46 46] ; [358 140],[62.99661017 29.00338983] ; [341.00338983 156.99661017],1
p3,1,0.000877,11.071556,[41 52] ; [312 187],[55.45439189 37.54560811] ; [297.54560811 201.45439189],1
p8,1,0.001267,10.389625,[46 44] ; [341 156],[59.33560477 30.66439523] ; [327.66439523 169.33560477],0
b1,1,0.01336,6.120795,[48 45] ; [190 311],[37.26262626 55.73737374] ; [200.73737374 300.26262626],0
p12,1,0.021873,5.255884,[ 2 91] ; [ 46 453],[ 7.54054054 85.45945946] ; [ 40.45945946 458.54054054],0
p6,1,0.032814,4.555475,[34 56] ; [247 247],[43.30479452 46.69520548] ; [237.69520548 256.30479452],0
p5,1,0.039852,4.224188,[ 7 85] ; [ 79 420],[13.38747885 78.61252115] ; [ 72.61252115 426.38747885],0
p1,1,0.196784,1.666079,[ 5 87] ; [ 48 451],[ 8.25042301 83.74957699] ; [ 44.74957699 454.25042301],0
