Feature,DoF,P Value,Chi Square,Observed,Expected,Is Significant
p10,1,0.0,59.679034,[94 19] ; [19 53],[69.02162162 43.97837838] ; [43.97837838 28.02162162],1
p8,1,0.002416,9.202786,[33 80] ; [37 35],[42.75675676 70.24324324] ; [27.24324324 44.75675676],0
p7,1,0.003512,8.520548,[41 68] ; [43 29],[50.58563536 58.41436464] ; [33.41436464 38.58563536],0
b1,1,0.021061,5.321748,[47 66] ; [43 30],[54.67741935 58.32258065] ; [35.32258065 37.67741935],0
p11,1,0.040985,4.176644,[80 33] ; [41 32],[73.51075269 39.48924731] ; [47.48924731 25.51075269],0
p3,1,0.054765,3.689223,[40 72] ; [36 36],[46.26086957 65.73913043] ; [29.73913043 42.26086957],0
p5,1,0.594313,0.283659,[10 99] ; [ 5 67],[ 9.03314917 99.96685083] ; [ 5.96685083 66.03314917],0
p6,1,0.68147,0.168475,[30 82] ; [21 50],[31.21311475 80.78688525] ; [19.78688525 51.21311475],0
p1,1,0.94183,0.005325,[ 12 101] ; [ 8 65],[ 12.15053763 100.84946237] ; [ 7.84946237 65.15053763],0
