Feature,DoF,P Value,Chi Square,Observed,Expected,Is Significant
p9,1,0.000571,11.866668,[327  31] ; [231  50],[312.61971831  45.38028169] ; [245.38028169  35.61971831],1
p6,1,0.053197,3.737712,[ 89 266] ; [ 52 227],[ 78.9511041 276.0488959] ; [ 62.0488959 216.9511041],0
p5,1,0.121949,2.392111,[ 22 336] ; [ 10 277],[ 17.76124031 340.23875969] ; [ 14.23875969 272.76124031],0
p11,1,0.468024,0.526637,[286  74] ; [222  66],[282.22222222  77.77777778] ; [225.77777778  62.22222222],0
p12,1,0.494823,0.466022,[ 18 341] ; [ 11 272],[ 16.2165109 342.7834891] ; [ 12.7834891 270.2165109],0
p8,1,0.674604,0.176264,[145 208] ; [110 169],[142.42879747 210.57120253] ; [112.57120253 166.42879747],0
p7,1,0.746028,0.104899,[183 162] ; [150 126],[185. 160.] ; [148. 128.],0
p1,1,0.748247,0.10301,[ 17 343] ; [ 12 274],[ 16.16099071 343.83900929] ; [ 12.83900929 273.16099071],0
b1,1,0.79223,0.069388,[114 246] ; [ 94 194],[115.55555556 244.44444444] ; [ 92.44444444 195.55555556],0
