Feature,DoF,P Value,Chi Square,Observed,Expected,Is Significant
p10,1,0.0,56.223015,[19 53] ; [181  61],[45.85987261 26.14012739] ; [154.14012739  87.85987261],1
b1,1,7.9e-05,15.592253,[43 30] ; [ 81 163],[28.55520505 44.44479495] ; [ 95.44479495 148.55520505],1
p8,1,0.00071,11.462626,[37 35] ; [ 72 170],[24.99363057 47.00636943] ; [ 84.00636943 157.99363057],1
p11,1,0.005155,7.824312,[41 32] ; [179  65],[50.66246057 22.33753943] ; [169.33753943  74.66246057],0
p3,1,0.012318,6.264447,[36 36] ; [ 82 161],[26.97142857 45.02857143] ; [ 91.02857143 151.97142857],0
p6,1,0.01883,5.517278,[21 50] ; [ 41 201],[14.06389776 56.93610224] ; [ 47.93610224 194.06389776],0
p1,1,0.471916,0.517485,[ 8 65] ; [ 20 223],[ 6.46835443 66.53164557] ; [ 21.53164557 221.46835443],0
p5,1,0.907756,0.013426,[ 5 67] ; [ 16 228],[ 4.78481013 67.21518987] ; [ 16.21518987 227.78481013],0
