Feature,DoF,P Value,Chi Square,Observed,Expected,Is Significant
p9,1,0.0,69.565908,[57 72] ; [306  66],[93.46706587 35.53293413] ; [269.53293413 102.46706587],1
p11,1,4e-06,21.286558,[76 57] ; [296  84],[96.44444444 36.55555556] ; [275.55555556 104.44444444],1
b1,1,0.003774,8.389387,[59 74] ; [116 264],[45.37037037 87.62962963] ; [129.62962963 250.37037037],0
p1,1,0.094354,2.798482,[ 10 121] ; [ 15 363],[  6.43418468 124.56581532] ; [ 18.56581532 359.43418468],0
p4,1,0.204891,1.607162,[63 69] ; [156 221],[56.79371316 75.20628684] ; [162.20628684 214.79371316],0
p8,1,0.382739,0.761885,[51 79] ; [161 208],[55.23046092 74.76953908] ; [156.76953908 212.23046092],0
p12,1,0.425281,0.635677,[  3 129] ; [ 14 362],[  4.41732283 127.58267717] ; [ 12.58267717 363.41732283],0
p6,1,0.591263,0.288377,[38 91] ; [101 273],[35.64811133 93.35188867] ; [103.35188867 270.64811133],0
p7,1,0.659564,0.194053,[71 61] ; [205 161],[73.15662651 58.84337349] ; [202.84337349 163.15662651],0
p5,1,0.990143,0.000153,[  6 127] ; [ 17 362],[  5.97460938 127.02539062] ; [ 17.02539062 361.97460938],0
