Feature,DoF,P Value,Chi Square,Observed,Expected,Is Significant
p3,1,0.001961,9.585951,[35 52] ; [ 66 217],[23.74864865 63.25135135] ; [ 77.25135135 205.74864865],0
p5,1,0.005166,7.820309,[11 77] ; [ 12 270],[ 5.47027027 82.52972973] ; [ 17.52972973 264.47027027],0
p1,1,0.018143,5.582333,[13 75] ; [ 19 265],[ 7.56989247 80.43010753] ; [ 24.43010753 259.56989247],0
p11,1,0.089043,2.891583,[61 27] ; [222  62],[66.94623656 21.05376344] ; [216.05376344  67.94623656],0
p9,1,0.177508,1.818366,[75 12] ; [258  25],[78.3  8.7] ; [254.7  28.3],0
p2,1,0.252397,1.309985,[72 16] ; [215  68],[68.0754717 19.9245283] ; [218.9245283  64.0754717],0
p6,1,0.321966,0.980945,[19 68] ; [ 48 232],[15.88283379 71.11716621] ; [ 51.11716621 228.88283379],0
p12,1,0.347716,0.881776,[ 7 80] ; [ 15 267],[ 5.18699187 81.81300813] ; [ 16.81300813 265.18699187],0
b1,1,0.685117,0.164422,[28 60] ; [ 97 187],[29.56989247 58.43010753] ; [ 95.43010753 188.56989247],0
