Feature,DoF,P Value,Chi Square,Observed,Expected,Is Significant
p9,1,1e-06,24.841324,[53 15] ; [32 53],[37.77777778 30.22222222] ; [47.22222222 37.77777778],1
p3,1,0.008763,6.870567,[22 47] ; [45 40],[30.01948052 38.98051948] ; [36.98051948 48.01948052],0
p7,1,0.022942,5.172891,[47 18] ; [46 39],[40.3 24.7] ; [52.7 32.3],0
p11,1,0.034817,4.454142,[45 24] ; [41 44],[38.53246753 30.46753247] ; [47.46753247 37.53246753],0
p12,1,0.206831,1.59347,[ 3 64] ; [ 1 84],[ 1.76315789 65.23684211] ; [ 2.23684211 82.76315789],0
p5,1,0.217471,1.520984,[ 3 66] ; [ 8 76],[ 4.96078431 64.03921569] ; [ 6.03921569 77.96078431],0
b1,1,0.228877,1.447828,[29 40] ; [44 41],[32.70779221 36.29220779] ; [40.29220779 44.70779221],0
p1,1,0.329079,0.952519,[10 59] ; [ 8 77],[ 8.06493506 60.93506494] ; [ 9.93506494 75.06493506],0
p8,1,0.775999,0.080961,[30 38] ; [39 45],[30.86842105 37.13157895] ; [38.13157895 45.86842105],0
p2,1,0.859798,0.031199,[52 17] ; [63 22],[51.52597403 17.47402597] ; [63.47402597 21.52597403],0
