Feature,DoF,P Value,Chi Square,Observed,Expected,Is Significant
p7,1,0.0,38.439592,[87 39] ; [117 203],[57.632287 68.367713] ; [146.367713 173.632287],1
p2,1,0.000118,14.826966,[110  21] ; [221 114],[93.04935622 37.95064378] ; [237.95064378  97.04935622],1
p10,1,0.002742,8.97146,[104  26] ; [217 113],[90.7173913 39.2826087] ; [230.2826087  99.7173913],0
p9,1,0.003649,8.45054,[110  20] ; [232  92],[97.92951542 32.07048458] ; [244.07048458  79.92951542],0
p11,1,0.01177,6.345229,[104  28] ; [225 111],[92.79487179 39.20512821] ; [236.20512821  99.79487179],0
p1,1,0.016779,5.719321,[ 13 117] ; [ 14 319],[  7.58099352 122.41900648] ; [ 19.41900648 313.58099352],0
p6,1,0.017531,5.642379,[30 98] ; [ 47 284],[ 21.47276688 106.52723312] ; [ 55.52723312 275.47276688],0
p5,1,0.058469,3.580297,[  9 122] ; [ 10 323],[  5.36422414 125.63577586] ; [ 13.63577586 319.36422414],0
b1,1,0.627098,0.236017,[44 88] ; [120 216],[46.25641026 85.74358974] ; [117.74358974 218.25641026],0
p12,1,0.749637,0.101837,[  5 125] ; [ 15 317],[  5.62770563 124.37229437] ; [ 14.37229437 317.62770563],0
