Feature,DoF,P Value,Chi Square,Observed,Expected,Is Significant
p4,1,2e-06,22.962512,[425 215] ; [282  67],[457.51263903 182.48736097] ; [249.48736097  99.51263903],1
p8,1,2e-06,22.398914,[381 252] ; [261  86],[414.67959184 218.32040816] ; [227.32040816 119.67959184],1
p6,1,1.2e-05,19.16924,[258 377] ; [190 154],[290.58222676 344.41777324] ; [157.41777324 186.58222676],1
p9,1,0.001643,9.911376,[609  31] ; [312  35],[597.20364742  42.79635258] ; [323.79635258  23.20364742],0
p5,1,0.010265,6.588386,[ 87 553] ; [ 69 279],[101.05263158 538.94736842] ; [ 54.94736842 293.05263158],0
b1,1,0.014039,6.033241,[230 411] ; [153 196],[247.98282828 393.01717172] ; [135.01717172 213.98282828],0
p1,1,0.186585,1.74438,[ 57 583] ; [ 40 307],[ 62.89766971 577.10233029] ; [ 34.10233029 312.89766971],0
p12,1,0.264032,1.247491,[ 56 583] ; [ 38 309],[ 60.9188641 578.0811359] ; [ 33.0811359 313.9188641],0
p11,1,0.434339,0.611192,[550  91] ; [293  56],[545.82121212  95.17878788] ; [297.17878788  51.82121212],0
