Feature,DoF,P Value,Chi Square,Observed,Expected,Is Significant
p4,1,0.0,117.688964,[282  67] ; [156 221],[210.55371901 138.44628099] ; [227.44628099 149.55371901],1
p8,1,0.0,73.716151,[261  86] ; [161 208],[204.51675978 142.48324022] ; [217.48324022 151.51675978],1
p6,1,0.0,59.233794,[190 154] ; [101 273],[139.42061281 204.57938719] ; [151.57938719 222.42061281],1
p5,1,0.0,40.941702,[ 69 279] ; [ 17 362],[ 41.16643741 306.83356259] ; [ 44.83356259 334.16643741],1
p1,1,0.000123,14.745676,[ 40 307] ; [ 15 363],[ 26.32413793 320.67586207] ; [ 28.67586207 349.32413793],1
p12,1,0.000171,14.122725,[ 38 309] ; [ 14 362],[ 24.9571231 322.0428769] ; [ 27.0428769 348.9571231],1
b1,1,0.000198,13.848191,[153 196] ; [116 264],[128.78052126 220.21947874] ; [140.21947874 239.78052126],1
p10,1,0.000225,13.610682,[306  41] ; [291  83],[287.32177531  59.67822469] ; [309.67822469  64.32177531],1
p9,1,0.003157,8.714377,[312  35] ; [306  66],[298.25591099  48.74408901] ; [319.74408901  52.25591099],0
p11,1,0.038005,4.30482,[293  56] ; [296  84],[281.97668038  67.02331962] ; [307.02331962  72.97668038],0
