Feature,DoF,P Value,Chi Square,Observed,Expected,Is Significant
p7,1,0.000138,14.528289,[28 31] ; [87 27],[39.21965318 19.78034682] ; [75.78034682 38.21965318],1
p9,1,0.036106,4.392084,[41 19] ; [97 21],[46.51685393 13.48314607] ; [91.48314607 26.51685393],0
p10,1,0.074842,3.173492,[38 22] ; [89 28],[43.05084746 16.94915254] ; [83.94915254 33.05084746],0
p11,1,0.103554,2.649933,[40 20] ; [92 26],[44.49438202 15.50561798] ; [87.50561798 30.49438202],0
b1,1,0.118711,2.434252,[27 33] ; [39 79],[22.24719101 37.75280899] ; [43.75280899 74.24719101],0
p8,1,0.136546,2.216458,[24 35] ; [62 56],[28.66666667 30.33333333] ; [57.33333333 60.66666667],0
p5,1,0.298703,1.079975,[ 7 49] ; [  9 109],[ 5.14942529 50.85057471] ; [ 10.85057471 107.14942529],0
p1,1,0.311261,1.025316,[ 3 57] ; [ 11 107],[ 4.71910112 55.28089888] ; [  9.28089888 108.71910112],0
p12,1,0.394838,0.723991,[ 5 55] ; [  6 112],[ 3.70786517 56.29213483] ; [  7.29213483 110.70786517],0
