Feature,DoF,P Value,Chi Square,Observed,Expected,Is Significant
p11,1,0.000152,14.353303,[76 57] ; [202  65],[92.435 40.565] ; [185.565  81.435],1
p6,1,0.007088,7.250595,[38 91] ; [ 47 220],[ 27.68939394 101.31060606] ; [ 57.31060606 209.68939394],0
p12,1,0.011698,6.356039,[  3 129] ; [ 24 242],[  8.95477387 123.04522613] ; [ 18.04522613 247.95477387],0
b1,1,0.025859,4.965406,[59 74] ; [ 88 179],[48.8775 84.1225] ; [ 98.1225 168.8775],0
p8,1,0.028538,4.795291,[51 79] ; [ 75 190],[41.46835443 88.53164557] ; [ 84.53164557 180.46835443],0
p5,1,0.244041,1.357101,[  6 127] ; [ 20 244],[  8.71032746 124.28967254] ; [ 17.28967254 246.71032746],0
p3,1,0.399193,0.710755,[50 83] ; [ 89 178],[46.2175 86.7825] ; [ 92.7825 174.2175],0
p4,1,0.460553,0.544552,[63 69] ; [117 150],[59.54887218 72.45112782] ; [120.45112782 146.54887218],0
p1,1,0.649466,0.206575,[ 10 121] ; [ 24 243],[ 11.19095477 119.80904523] ; [ 22.80904523 244.19095477],0
