Feature,DoF,P Value,Chi Square,Observed,Expected,Is Significant
p7,1,0.0,39.75627,[108 212] ; [44 12],[129.36170213 190.63829787] ; [22.63829787 33.36170213],1
p4,1,0.0,31.284892,[ 89 238] ; [37 20],[107.296875 219.703125] ; [18.703125 38.296875],1
p10,1,5.4e-05,16.294751,[208 115] ; [21 37],[194.13910761 128.86089239] ; [34.86089239 23.13910761],1
p6,1,0.00035,12.779323,[ 56 269] ; [21 34],[ 65.85526316 259.14473684] ; [11.14473684 43.85526316],1
b1,1,0.001069,10.704226,[118 211] ; [34 24],[129.21963824 199.78036176] ; [22.78036176 35.21963824],0
p2,1,0.066421,3.36933,[208 120] ; [44 14],[214.13471503 113.86528497] ; [37.86528497 20.13471503],0
p5,1,0.10732,2.593246,[  9 318] ; [ 4 54],[ 11.04155844 315.95844156] ; [ 1.95844156 56.04155844],0
p1,1,0.120983,2.404543,[ 13 315] ; [ 5 53],[ 15.29533679 312.70466321] ; [ 2.70466321 55.29533679],0
p11,1,0.192973,1.694769,[211 118] ; [32 26],[206.58139535 122.41860465] ; [36.41860465 21.58139535],0
