Feature,DoF,P Value,Chi Square,Observed,Expected,Is Significant
p4,1,2e-06,22.406379,[312 110] ; [196  22],[334.9625  87.0375] ; [173.0375  44.9625],1
b1,1,0.001559,10.008047,[151 272] ; [106 112],[169.59594384 253.40405616] ; [ 87.40405616 130.59594384],0
p11,1,0.011259,6.423986,[376  47] ; [178  40],[365.58814353  57.41185647] ; [188.41185647  29.58814353],0
p10,1,0.045879,3.986045,[394  26] ; [193  23],[387.64150943  32.35849057] ; [199.35849057  16.64150943],0
p7,1,0.051204,3.801581,[341  75] ; [190  26],[349.51898734  66.48101266] ; [181.48101266  34.51898734],0
p5,1,0.101267,2.685472,[ 81 341] ; [ 54 164],[ 89.015625 332.984375] ; [ 45.984375 172.015625],0
p1,1,0.144555,2.128789,[ 52 368] ; [ 36 181],[ 58.02197802 361.97802198] ; [ 29.97802198 187.02197802],0
p12,1,0.145434,2.1195,[ 49 372] ; [ 34 182],[ 54.855573 366.144427] ; [ 28.144427 187.855573],0
p2,1,0.561593,0.336953,[388  33] ; [198  20],[386.08137715  34.91862285] ; [199.91862285  18.08137715],0
