Feature,DoF,P Value,Chi Square,Observed,Expected,Is Significant
p6,1,1.5e-05,18.753213,[275 425] ; [196 173],[308.41908326 391.58091674] ; [162.58091674 206.41908326],1
p8,1,2.3e-05,17.941663,[394 304] ; [258 112],[426.11985019 271.88014981] ; [225.88014981 144.11985019],1
p7,1,0.001219,10.461051,[463 227] ; [282  86],[485.86956522 204.13043478] ; [259.13043478 108.86956522],0
p5,1,0.001711,9.836126,[ 96 605] ; [ 78 291],[113.99439252 587.00560748] ; [ 60.00560748 308.99439252],0
b1,1,0.013868,6.054873,[250 457] ; [160 212],[268.64689527 438.35310473] ; [141.35310473 230.64689527],0
p2,1,0.044552,4.035515,[609  94] ; [336  34],[619.13793103  83.86206897] ; [325.86206897  44.13793103],0
p1,1,0.115705,2.474517,[ 66 638] ; [ 46 323],[ 73.48369059 630.51630941] ; [ 38.51630941 330.48369059],0
p12,1,0.165431,1.923864,[ 68 636] ; [ 46 325],[ 74.65674419 629.34325581] ; [ 39.34325581 331.65674419],0
p11,1,0.510397,0.433253,[600 107] ; [310  62],[596.26506024 110.73493976] ; [313.73493976  58.26506024],0
