Feature,DoF,P Value,Chi Square,Observed,Expected,Is Significant
p7,1,0.0,107.389129,[41 68] ; [261  35],[81.27901235 27.72098765] ; [220.72098765  75.27901235],1
p4,1,0.0,99.855109,[41 70] ; [258  41],[80.94878049 30.05121951] ; [218.05121951  80.94878049],1
p6,1,0.0,30.268385,[30 82] ; [168 125],[54.75555556 57.24444444] ; [143.24444444 149.75555556],1
p11,1,0.000116,14.849829,[80 33] ; [260  39],[93.25242718 19.74757282] ; [246.74757282  52.25242718],1
p5,1,0.002043,9.510239,[10 99] ; [ 68 231],[20.83823529 88.16176471] ; [ 57.16176471 241.83823529],0
p10,1,0.04727,3.93576,[94 19] ; [268  29],[99.77073171 13.22926829] ; [262.22926829  34.77073171],0
p1,1,0.34606,0.887851,[ 12 101] ; [ 42 255],[14.88292683 98.11707317] ; [ 39.11707317 257.88292683],0
p12,1,0.445283,0.582631,[ 12 101] ; [ 40 258],[14.29683698 98.70316302] ; [ 37.70316302 260.29683698],0
b1,1,0.740531,0.10966,[47 66] ; [119 180],[45.52912621 67.47087379] ; [120.47087379 178.52912621],0
