Feature,DoF,P Value,Chi Square,Observed,Expected,Is Significant
p9,1,0.000235,13.525138,[70 64] ; [262 113],[87.40275049 46.59724951] ; [244.59724951 130.40275049],1
p11,1,0.000395,12.553389,[68 73] ; [250 133],[85.56870229 55.43129771] ; [232.43129771 150.56870229],1
p10,1,0.000995,10.836079,[68 70] ; [246 131],[84.13980583 53.86019417] ; [229.86019417 147.13980583],1
p3,1,0.011697,6.356252,[ 26 114] ; [113 269],[ 37.27969349 102.72030651] ; [101.72030651 280.27969349],0
p1,1,0.019721,5.436456,[ 15 126] ; [ 19 363],[  9.16634799 131.83365201] ; [ 24.83365201 357.16634799],0
b1,1,0.039272,4.249071,[72 69] ; [157 226],[61.62022901 79.37977099] ; [167.37977099 215.62022901],0
p7,1,0.076489,3.137971,[ 34 103] ; [124 252],[42.19493177 94.80506823] ; [115.80506823 260.19493177],0
p5,1,0.555459,0.347627,[  5 135] ; [ 18 359],[  6.22823985 133.77176015] ; [ 16.77176015 360.22823985],0
p12,1,0.995134,3.7e-05,[  7 133] ; [ 19 362],[  6.9865643 133.0134357] ; [ 19.0134357 361.9865643],0
