Feature,DoF,P Value,Chi Square,Observed,Expected,Is Significant
p7,1,0.0,49.342657,[35 40] ; [357  72],[58.33333333 16.66666667] ; [333.66666667  95.33333333],1
p11,1,0.0,37.983034,[44 32] ; [379  57],[62.7890625 13.2109375] ; [360.2109375  75.7890625],1
p4,1,0.0,31.282978,[32 43] ; [325 110],[52.5 22.5] ; [304.5 130.5],1
p3,1,1e-06,24.136254,[25 51] ; [274 161],[44.46966732 31.53033268] ; [254.53033268 180.46966732],1
p5,1,0.007018,7.268373,[ 4 72] ; [ 76 360],[11.875 64.125] ; [ 68.125 367.875],0
p6,1,0.008958,6.831117,[24 50] ; [210 220],[34.35714286 39.64285714] ; [199.64285714 230.35714286],0
p12,1,0.034709,4.459437,[ 2 74] ; [ 44 389],[ 6.86836935 69.13163065] ; [ 39.13163065 393.86836935],0
p1,1,0.300558,1.071717,[ 6 70] ; [ 52 382],[ 8.64313725 67.35686275] ; [ 49.35686275 384.64313725],0
b1,1,0.581725,0.303454,[32 44] ; [169 267],[29.8359375 46.1640625] ; [171.1640625 264.8359375],0
