Feature,DoF,P Value,Chi Square,Observed,Expected,Is Significant
p7,1,2.3e-05,17.960089,[55 86] ; [46 19],[69.13106796 71.86893204] ; [31.86893204 33.13106796],1
p2,1,0.00016,14.247626,[72 70] ; [51 14],[84.37681159 57.62318841] ; [38.62318841 26.37681159],1
p6,1,0.000177,14.05778,[ 27 111] ; [28 34],[ 37.95 100.05] ; [17.05 44.95],1
p4,1,0.002309,9.285845,[53 89] ; [39 26],[63.11111111 78.88888889] ; [28.88888889 36.11111111],0
p3,1,0.06149,3.496745,[44 97] ; [29 36],[49.96601942 91.03398058] ; [23.03398058 41.96601942],0
p11,1,0.063742,3.437232,[59 83] ; [36 29],[65.16908213 76.83091787] ; [29.83091787 35.16908213],0
p5,1,0.091696,2.844349,[  5 136] ; [ 6 59],[  7.52912621 133.47087379] ; [ 3.47087379 61.52912621],0
p1,1,0.354898,0.855868,[ 10 131] ; [ 7 57],[ 11.69268293 129.30731707] ; [ 5.30731707 58.69268293],0
b1,1,0.373494,0.792008,[75 67] ; [30 35],[72.02898551 69.97101449] ; [32.97101449 32.02898551],0
p12,1,0.946719,0.004466,[  2 139] ; [ 1 64],[  2.05339806 138.94660194] ; [ 0.94660194 64.05339806],0
