Feature,DoF,P Value,Chi Square,Observed,Expected,Is Significant
p11,1,0.0,43.068171,[41 44] ; [249  51],[64.02597403 20.97402597] ; [225.97402597  74.02597403],1
p7,1,0.0,33.594204,[46 39] ; [247  47],[65.71240106 19.28759894] ; [227.28759894  66.71240106],1
p8,1,5.3e-05,16.338089,[39 45] ; [210  89],[54.61096606 29.38903394] ; [194.38903394 104.61096606],1
p2,1,0.000156,14.301547,[63 22] ; [270  30],[73.51948052 11.48051948] ; [259.48051948  40.51948052],1
p12,1,0.001085,10.677197,[ 1 84] ; [ 41 258],[ 9.296875 75.703125] ; [ 32.703125 266.296875],0
p3,1,0.01305,6.162277,[45 40] ; [202  97],[54.67447917 30.32552083] ; [192.32552083 106.67447917],0
p5,1,0.019386,5.466347,[ 8 76] ; [ 62 238],[15.3125 68.6875] ; [ 54.6875 245.3125],0
b1,1,0.052836,3.749099,[44 41] ; [120 180],[36.20779221 48.79220779] ; [127.79220779 172.20779221],0
p1,1,0.262505,1.255496,[ 8 77] ; [ 42 257],[11.06770833 73.93229167] ; [ 38.93229167 260.06770833],0
