Feature,DoF,P Value,Chi Square,Observed,Expected,Is Significant
p9,1,0.0,114.984059,[32 53] ; [312  35],[67.68518519 17.31481481] ; [276.31481481  70.68518519],1
p11,1,0.0,49.179353,[41 44] ; [293  56],[65.41474654 19.58525346] ; [268.58525346  80.41474654],1
p8,1,0.0,26.491308,[39 45] ; [261  86],[58.46867749 25.53132251] ; [241.53132251 105.46867749],1
p2,1,1.9e-05,18.323596,[63 22] ; [317  31],[74.59584296 10.40415704] ; [305.40415704  42.59584296],1
p6,1,0.002583,9.081119,[31 53] ; [190 154],[43.37383178 40.62616822] ; [177.62616822 166.37383178],0
p12,1,0.004828,7.942687,[ 1 84] ; [ 38 309],[ 7.67361111 77.32638889] ; [ 31.32638889 315.67361111],0
p5,1,0.026783,4.904741,[ 8 76] ; [ 69 279],[14.97222222 69.02777778] ; [ 62.02777778 285.97222222],0
b1,1,0.188162,1.731953,[44 41] ; [153 196],[38.58294931 46.41705069] ; [158.41705069 190.58294931],0
p1,1,0.578043,0.309408,[ 8 77] ; [ 40 307],[ 9.44444444 75.55555556] ; [ 38.55555556 308.44444444],0
