Feature,DoF,P Value,Chi Square,Observed,Expected,Is Significant
p7,1,0.001519,10.05552,[252  41] ; [353 108],[235.0994695  57.9005305] ; [369.9005305  91.0994695],0
p9,1,0.002917,8.858578,[270  28] ; [446  19],[279.64351245  18.35648755] ; [436.35648755  28.64351245],0
p11,1,0.069893,3.285536,[247  52] ; [407  59],[255.61568627  43.38431373] ; [398.38431373  67.61568627],0
p1,1,0.219429,1.508099,[ 41 257] ; [ 50 413],[ 35.6346912 262.3653088] ; [ 55.3653088 407.6346912],0
p8,1,0.26885,1.222607,[210  87] ; [309 153],[203.08695652  93.91304348] ; [315.91304348 146.08695652],0
p3,1,0.286464,1.136166,[198 101] ; [325 140],[204.68193717  94.31806283] ; [318.31806283 146.68193717],0
b1,1,0.39596,0.72056,[126 173] ; [182 284],[120.38169935 178.61830065] ; [187.61830065 278.38169935],0
p5,1,0.674057,0.176893,[ 58 241] ; [ 84 378],[ 55.79237845 243.20762155] ; [ 86.20762155 375.79237845],0
p12,1,0.692635,0.156247,[ 36 261] ; [ 52 413],[ 34.2992126 262.7007874] ; [ 53.7007874 411.2992126],0
