Feature,DoF,P Value,Chi Square,Observed,Expected,Is Significant
p9,1,0.001793,9.75024,[68 60] ; [51 97],[55.1884058 72.8115942] ; [63.8115942 84.1884058],0
p8,1,0.008682,6.887134,[ 16 119] ; [ 36 115],[ 24.54545455 110.45454545] ; [ 27.45454545 123.54545455],0
p6,1,0.022676,5.193149,[ 12 121] ; [ 28 124],[ 18.66666667 114.33333333] ; [ 21.33333333 130.66666667],0
p1,1,0.06857,3.316922,[ 15 120] ; [  8 144],[ 10.81881533 124.18118467] ; [ 12.18118467 139.81881533],0
p12,1,0.095471,2.779609,[  9 125] ; [  4 149],[  6.06968641 127.93031359] ; [  6.93031359 146.06968641],0
p5,1,0.098866,2.723737,[  6 126] ; [  2 151],[  3.70526316 128.29473684] ; [  4.29473684 148.70526316],0
p4,1,0.555537,0.347491,[ 31 103] ; [ 40 113],[ 33.14982578 100.85017422] ; [ 37.85017422 115.14982578],0
b1,1,0.657893,0.196093,[64 71] ; [69 85],[62.12802768 72.87197232] ; [70.87197232 83.12802768],0
p11,1,0.862668,0.029922,[67 68] ; [78 76],[67.73356401 67.26643599] ; [77.26643599 76.73356401],0
