Feature,DoF,P Value,Chi Square,Observed,Expected,Is Significant
p4,1,0.0,39.245459,[173  66] ; [108 136],[139.04554865  99.95445135] ; [141.95445135 102.04554865],1
p8,1,0.0,29.768088,[125 113] ; [ 68 174],[ 95.69583333 142.30416667] ; [ 97.30416667 144.69583333],1
p9,1,0.000387,12.59467,[198  39] ; [227  15],[210.28183716  26.71816284] ; [214.71816284  27.28183716],1
p2,1,0.015803,5.824669,[198  40] ; [181  63],[187.14107884  50.85892116] ; [191.85892116  52.14107884],0
b1,1,0.111921,2.526887,[ 96 143] ; [ 81 163],[ 87.58385093 151.41614907] ; [ 89.41614907 154.58385093],0
p5,1,0.137873,2.201535,[ 27 209] ; [ 18 223],[ 22.26415094 213.73584906] ; [ 22.73584906 218.26415094],0
p12,1,0.193975,1.687168,[ 15 224] ; [ 23 220],[ 18.84232365 220.15767635] ; [ 19.15767635 223.84232365],0
p11,1,0.658144,0.195786,[191  48] ; [191  53],[189.02277433  49.97722567] ; [192.97722567  51.02277433],0
p1,1,0.945097,0.004742,[ 22 216] ; [ 23 221],[ 22.21991701 215.78008299] ; [ 22.78008299 221.21991701],0
