Feature,DoF,P Value,Chi Square,Observed,Expected,Is Significant
p4,1,0.0,110.685475,[325  66] ; [164 189],[256.98790323 134.01209677] ; [232.01209677 120.98790323],1
p7,1,0.0,90.532558,[306  81] ; [156 190],[243.92087312 143.07912688] ; [218.07912688 127.92087312],1
p6,1,0.0,46.850345,[193 194] ; [ 89 262],[147.87804878 239.12195122] ; [134.12195122 216.87804878],1
p5,1,0.0,29.239022,[ 74 314] ; [ 20 328],[ 49.55434783 338.44565217] ; [ 44.44565217 303.55434783],1
p11,1,1e-06,23.885386,[344  47] ; [262  92],[318.04832215  72.95167785] ; [287.95167785  66.04832215],1
p2,1,4e-06,21.085907,[349  40] ; [272  80],[326.00404858  62.99595142] ; [294.99595142  57.00404858],1
p1,1,0.000527,12.015902,[ 51 337] ; [ 20 334],[ 37.12668464 350.87331536] ; [ 33.87331536 320.12668464],1
p12,1,0.001898,9.64549,[ 49 340] ; [ 21 333],[ 36.6487214 352.3512786] ; [ 33.3512786 320.6487214],0
b1,1,0.142897,2.146482,[163 228] ; [129 225],[153.25100671 237.74899329] ; [138.74899329 215.25100671],0
