Feature,DoF,P Value,Chi Square,Observed,Expected,Is Significant
p9,1,0.0,28.506811,[25 44] ; [220  93],[44.2539267 24.7460733] ; [200.7460733 112.2539267],1
p4,1,5e-06,20.663497,[45 25] ; [112 209],[28.10741688 41.89258312] ; [128.89258312 192.10741688],1
p11,1,0.000267,13.288445,[29 41] ; [209 113],[42.5 27.5] ; [195.5 126.5],1
p8,1,0.000296,13.093108,[29 40] ; [ 68 252],[17.20565553 51.79434447] ; [ 79.79434447 240.20565553],1
b1,1,0.001163,10.548677,[42 28] ; [125 197],[29.82142857 40.17857143] ; [137.17857143 184.82142857],0
p5,1,0.102802,2.661527,[ 8 62] ; [ 19 300],[ 4.85861183 65.14138817] ; [ 22.14138817 296.85861183],0
p2,1,0.154726,2.02503,[50 20] ; [201 121],[44.82142857 25.17857143] ; [206.17857143 115.82142857],0
p1,1,0.540753,0.374147,[ 7 63] ; [ 25 296],[ 5.72890026 64.27109974] ; [ 26.27109974 294.72890026],0
