Feature,DoF,P Value,Chi Square,Observed,Expected,Is Significant
p7,1,0.0,25.927878,[205 161] ; [117 203],[171.79591837 194.20408163] ; [150.20408163 169.79591837],1
p8,1,1.2e-05,19.233281,[161 208] ; [ 91 238],[133.22063037 235.77936963] ; [118.77936963 210.22063037],1
p6,1,3.1e-05,17.361831,[101 273] ; [ 47 284],[ 78.51347518 295.48652482] ; [ 69.48652482 261.51347518],1
p10,1,0.000371,12.67086,[291  83] ; [217 113],[269.875 104.125] ; [238.125  91.875],1
p9,1,0.000818,11.199844,[306  66] ; [232  92],[287.55172414  84.44827586] ; [250.44827586  73.55172414],1
p11,1,0.001042,10.750774,[296  84] ; [225 111],[276.50837989 103.49162011] ; [244.49162011  91.50837989],0
b1,1,0.140535,2.172089,[116 264] ; [120 216],[125.25139665 254.74860335] ; [110.74860335 225.25139665],0
p5,1,0.301443,1.0678,[ 17 362] ; [ 10 323],[ 14.37219101 364.62780899] ; [ 12.62780899 320.37219101],0
p12,1,0.594455,0.283441,[ 14 362] ; [ 15 317],[ 15.40112994 360.59887006] ; [ 13.59887006 318.40112994],0
p1,1,0.873889,0.025192,[ 15 363] ; [ 14 319],[ 15.41772152 362.58227848] ; [ 13.58227848 319.41772152],0
