Feature,DoF,P Value,Chi Square,Observed,Expected,Is Significant
p10,1,0.0,39.271512,[207 109] ; [304  49],[241.36920777  74.63079223] ; [269.63079223  83.36920777],1
p2,1,2.6e-05,17.720485,[201 121] ; [272  80],[225.97329377  96.02670623] ; [247.02670623 104.97329377],1
p4,1,0.002287,9.303811,[112 209] ; [164 189],[131.44807122 189.55192878] ; [144.55192878 208.44807122],0
p3,1,0.002988,8.814519,[ 84 237] ; [130 223],[101.91988131 219.08011869] ; [112.08011869 240.91988131],0
p11,1,0.010111,6.615157,[209 113] ; [262  92],[224.35207101  97.64792899] ; [246.64792899 107.35207101],0
p1,1,0.266003,1.237243,[ 25 296] ; [ 20 334],[ 21.4 299.6] ; [ 23.6 330.4],0
b1,1,0.523531,0.406931,[125 197] ; [129 225],[120.98816568 201.01183432] ; [133.01183432 220.98816568],0
p5,1,0.908517,0.013204,[ 19 300] ; [ 20 328],[ 18.65217391 300.34782609] ; [ 20.34782609 327.65217391],0
p12,1,0.989549,0.000172,[ 19 300] ; [ 21 333],[ 18.95988113 300.04011887] ; [ 21.04011887 332.95988113],0
