Feature,DoF,P Value,Chi Square,Observed,Expected,Is Significant
p9,1,0.0,62.100463,[272  60] ; [25 44],[245.89526185  86.10473815] ; [51.10473815 17.89526185],1
p11,1,1e-06,25.227315,[242  92] ; [29 41],[224.04455446 109.95544554] ; [46.95544554 23.04455446],1
b1,1,0.000153,14.340015,[119 215] ; [42 28],[133.1039604 200.8960396] ; [27.8960396 42.1039604],1
p4,1,0.023427,5.136583,[165 169] ; [45 25],[173.61386139 160.38613861] ; [36.38613861 33.61386139],0
p5,1,0.046183,3.974897,[ 17 316] ; [ 8 62],[ 20.65756824 312.34243176] ; [ 4.34243176 65.65756824],0
p1,1,0.088528,2.900946,[ 16 317] ; [ 7 63],[ 19.00496278 313.99503722] ; [ 3.99503722 66.00496278],0
p7,1,0.125264,2.350232,[160 170] ; [41 29],[165.825 164.175] ; [35.175 34.825],0
p6,1,0.174669,1.842408,[ 87 245] ; [23 44],[ 91.52882206 240.47117794] ; [18.47117794 48.52882206],0
