Feature,DoF,P Value,Chi Square,Observed,Expected,Is Significant
p7,1,0.00034,12.835591,[27 15] ; [ 56 109],[16.84057971 25.15942029] ; [66.15942029 98.84057971],1
p8,1,0.000424,12.421967,[21 24] ; [ 34 131],[11.78571429 33.21428571] ; [ 43.21428571 121.78571429],1
p11,1,0.003075,8.762659,[31 14] ; [74 94],[22.18309859 22.81690141] ; [82.81690141 85.18309859],0
p2,1,0.076219,3.143742,[31 14] ; [91 77],[25.77464789 19.22535211] ; [96.22535211 71.77464789],0
b1,1,0.081829,3.028188,[28 17] ; [80 88],[22.81690141 22.18309859] ; [85.18309859 82.81690141],0
p4,1,0.146884,2.104313,[19 25] ; [ 53 115],[14.94339623 29.05660377] ; [ 57.05660377 110.94339623],0
p1,1,0.620967,0.24451,[ 3 42] ; [  8 158],[ 2.34597156 42.65402844] ; [  8.65402844 157.34597156],0
p5,1,0.647899,0.208559,[ 1 44] ; [  6 161],[ 1.48584906 43.51415094] ; [  5.51415094 161.48584906],0
p3,1,0.655003,0.199651,[13 31] ; [ 44 124],[11.83018868 32.16981132] ; [ 45.16981132 122.83018868],0
