Feature,DoF,P Value,Chi Square,Observed,Expected,Is Significant
p9,1,0.019296,5.474463,[335  36] ; [463  27],[343.85365854  27.14634146] ; [454.14634146  35.85365854],0
p5,1,0.035653,4.413611,[ 78 291] ; [ 76 412],[ 66.30805134 302.69194866] ; [ 87.69194866 400.30805134],0
p12,1,0.131221,2.278002,[ 46 325] ; [ 45 444],[ 39.25697674 331.74302326] ; [ 51.74302326 437.25697674],0
p1,1,0.154601,2.026259,[ 46 323] ; [ 46 442],[ 39.6126021 329.3873979] ; [ 52.3873979 435.6126021],0
p11,1,0.191034,1.709627,[310  62] ; [424  66],[316.76102088  55.23897912] ; [417.23897912  72.76102088],0
b1,1,0.257538,1.281942,[160 212] ; [192 298],[151.90719258 220.09280742] ; [200.09280742 289.90719258],0
p6,1,0.320886,0.985333,[196 173] ; [242 245],[188.81074766 180.18925234] ; [249.18925234 237.81074766],0
p2,1,0.685843,0.163622,[336  34] ; [447  41],[337.65734266  32.34265734] ; [445.34265734  42.65734266],0
p8,1,0.985494,0.000331,[258 112] ; [340 148],[257.87878788 112.12121212] ; [340.12121212 147.87878788],0
