Feature,DoF,P Value,Chi Square,Observed,Expected,Is Significant
p3,1,0.014092,6.026608,[282 119] ; [312 187],[264.66 136.34] ; [329.34 169.66],0
p10,1,0.01943,5.462375,[353  46] ; [463  35],[362.96989967  36.03010033] ; [453.03010033  44.96989967],0
p6,1,0.025411,4.995656,[230 170] ; [247 247],[213.42281879 186.57718121] ; [263.57718121 230.42281879],0
p8,1,0.03724,4.339412,[299 100] ; [341 156],[285. 114.] ; [355. 142.],0
p5,1,0.167614,1.904151,[ 77 321] ; [ 79 420],[ 69.2173913 328.7826087] ; [ 86.7826087 412.2173913],0
b1,1,0.289043,1.124074,[166 235] ; [190 311],[158.26607539 242.73392461] ; [197.73392461 303.26607539],0
p1,1,0.489226,0.478229,[ 44 355] ; [ 48 451],[ 40.87750557 358.12249443] ; [ 51.12249443 447.87750557],0
p2,1,0.497234,0.460835,[371  28] ; [457  41],[368.30769231  30.69230769] ; [459.69230769  38.30769231],0
p12,1,0.894842,0.017471,[ 38 363] ; [ 46 453],[ 37.42666667 363.57333333] ; [ 46.57333333 452.42666667],0
p11,1,0.952068,0.003613,[342  59] ; [428  73],[342.31707317  58.68292683] ; [427.68292683  73.31707317],0
