Feature,DoF,P Value,Chi Square,Observed,Expected,Is Significant
p4,1,0.0,66.732223,[299  87] ; [38 68],[264.39430894 121.60569106] ; [72.60569106 33.39430894],1
p6,1,0.0,33.342351,[209 174] ; [25 83],[182.52953157 200.47046843] ; [51.47046843 56.52953157],1
p3,1,0.0,33.14944,[261 125] ; [40 68],[235.19433198 150.80566802] ; [65.80566802 42.19433198],1
p11,1,6.2e-05,16.026645,[341  46] ; [79 30],[327.7016129  59.2983871] ; [92.2983871 16.7016129],1
p5,1,0.013943,6.045322,[ 72 315] ; [ 9 96],[ 63.71341463 323.28658537] ; [17.28658537 87.71341463],0
p9,1,0.661847,0.191287,[341  44] ; [94 14],[339.70588235  45.29411765] ; [95.29411765 12.70588235],0
b1,1,0.72253,0.126081,[156 231] ; [46 63],[157.60887097 229.39112903] ; [44.39112903 64.60887097],0
p1,1,0.896229,0.017011,[ 44 340] ; [12 97],[ 43.61866126 340.38133874] ; [12.38133874 96.61866126],0
p12,1,0.969723,0.001441,[ 42 344] ; [12 97],[ 42.10909091 343.89090909] ; [11.89090909 97.10909091],0
