Feature,DoF,P Value,Chi Square,Observed,Expected,Is Significant
p9,1,0.0,47.478441,[25 44] ; [187  48],[48.11842105 20.88157895] ; [163.88157895  71.11842105],1
p11,1,0.0,33.350304,[29 41] ; [184  53],[48.56677524 21.43322476] ; [164.43322476  72.56677524],1
b1,1,0.000849,11.130825,[42 28] ; [ 89 148],[29.86970684 40.13029316] ; [101.13029316 135.86970684],1
p2,1,0.00234,9.261501,[50 20] ; [205  31],[58.33333333 11.66666667] ; [196.66666667  39.33333333],0
p4,1,0.041119,4.171096,[45 25] ; [119 117],[37.51633987 32.48366013] ; [126.48366013 109.51633987],0
p8,1,0.089915,2.875896,[29 40] ; [125 108],[35.18543046 33.81456954] ; [118.81456954 114.18543046],0
p5,1,0.120395,2.412181,[ 8 62] ; [ 14 221],[ 5.04918033 64.95081967] ; [ 16.95081967 218.04918033],0
p1,1,0.134508,2.23969,[ 7 63] ; [ 12 224],[ 4.34640523 65.65359477] ; [ 14.65359477 221.34640523],0
p6,1,0.686165,0.163268,[23 44] ; [ 87 148],[24.40397351 42.59602649] ; [ 85.59602649 149.40397351],0
