Feature,DoF,P Value,Chi Square,Observed,Expected,Is Significant
p9,1,0.0,98.118316,[51 97] ; [231  50],[97.28671329 50.71328671] ; [184.71328671  96.28671329],1
p2,1,0.0,54.99897,[83 71] ; [243  39],[115.14678899  38.85321101] ; [210.85321101  71.14678899],1
p11,1,0.0,34.760528,[78 76] ; [221  62],[105.36842105  48.63157895] ; [193.63157895  89.36842105],1
p8,1,0.0,33.757871,[ 36 115] ; [148 132],[64.46403712 86.53596288] ; [119.53596288 160.46403712],1
p7,1,0.0,26.295742,[52 99] ; [170 112],[77.41801386 73.58198614] ; [144.58198614 137.41801386],1
p5,1,0.000326,12.914868,[  2 151] ; [ 30 248],[ 11.35962877 141.64037123] ; [ 20.64037123 257.35962877],1
p12,1,0.147682,2.096028,[  4 149] ; [ 16 267],[  7.01834862 145.98165138] ; [ 12.98165138 270.01834862],0
b1,1,0.154297,2.029252,[69 85] ; [107 176],[62.0228833 91.9771167] ; [113.9771167 169.0228833],0
p1,1,0.320011,0.9889,[  8 144] ; [ 22 260],[ 10.50691244 141.49308756] ; [ 19.49308756 262.50691244],0
