Feature,DoF,P Value,Chi Square,Observed,Expected,Is Significant
p8,1,9e-06,19.800986,[309 153] ; [19 34],[294.24466019 167.75533981] ; [33.75533981 19.24466019],1
p11,1,0.000152,14.350449,[407  59] ; [36 17],[397.761079  68.238921] ; [45.238921  7.761079],1
p2,1,0.000766,11.322284,[425  38] ; [41 12],[418.13565891  44.86434109] ; [47.86434109  5.13565891],1
p3,1,0.002106,9.454928,[325 140] ; [26 27],[315.08687259 149.91312741] ; [35.91312741 17.08687259],0
p9,1,0.019891,5.421465,[446  19] ; [47  6],[442.55791506  22.44208494] ; [50.44208494  2.55791506],0
p5,1,0.021207,5.309708,[ 84 378] ; [ 3 50],[ 78.04660194 383.95339806] ; [ 8.95339806 44.04660194],0
p1,1,0.180353,1.794716,[ 50 413] ; [ 9 44],[ 52.93992248 410.06007752] ; [ 6.06007752 46.93992248],0
b1,1,0.470309,0.52125,[182 284] ; [18 35],[179.5761079 286.4238921] ; [20.4238921 32.5761079],0
p12,1,0.69989,0.148587,[ 52 413] ; [ 5 48],[ 51.16795367 413.83204633] ; [ 5.83204633 47.16795367],0
