Feature,DoF,P Value,Chi Square,Observed,Expected,Is Significant
p8,1,0.0,81.297159,[104 176] ; [168  48],[153.5483871 126.4516129] ; [118.4516129  97.5483871],1
p7,1,0.0,78.24022,[136 136] ; [190  26],[181.70491803  90.29508197] ; [144.29508197  71.70491803],1
p5,1,0.0,45.164651,[ 12 270] ; [ 54 164],[ 37.224 244.776] ; [ 28.776 189.224],1
p2,1,1.5e-05,18.764294,[215  68] ; [198  20],[233.29141717  49.70858283] ; [179.70858283  38.29141717],1
p12,1,0.000109,14.974692,[ 15 267] ; [ 34 182],[ 27.74698795 254.25301205] ; [ 21.25301205 194.74698795],1
p1,1,0.000444,12.33571,[ 19 265] ; [ 36 181],[ 31.17764471 252.82235529] ; [ 23.82235529 193.17764471],1
b1,1,0.00106,10.719728,[ 97 187] ; [106 112],[114.84462151 169.15537849] ; [ 88.15537849 129.84462151],0
p11,1,0.336486,0.923775,[222  62] ; [178  40],[226.29482072  57.70517928] ; [173.70517928  44.29482072],0
p9,1,0.43249,0.616127,[258  25] ; [202  15],[260.36  22.64] ; [199.64  17.36],0
