Feature,DoF,P Value,Chi Square,Observed,Expected,Is Significant
p7,1,0.0,83.653343,[340  68] ; [245 207],[277.53488372 130.46511628] ; [307.46511628 144.53488372],1
p4,1,0.0,59.044384,[309 104] ; [227 232],[253.86238532 159.13761468] ; [282.13761468 176.86238532],1
p3,1,0.0,45.075981,[268 145] ; [194 266],[218.56357388 194.43642612] ; [243.43642612 216.56357388],1
p5,1,1e-06,23.794297,[ 78 337] ; [ 35 421],[ 53.84041332 361.15958668] ; [ 59.15958668 396.84041332],1
p2,1,1.2e-05,19.204979,[381  33] ; [377  83],[359.05263158  54.94736842] ; [398.94736842  61.05263158],1
p12,1,0.00238,9.230383,[ 48 365] ; [ 27 434],[ 35.44050343 377.55949657] ; [ 39.55949657 421.44050343],0
p1,1,0.004161,8.212292,[ 50 363] ; [ 30 431],[ 37.80320366 375.19679634] ; [ 42.19679634 418.80320366],0
p11,1,0.016223,5.778555,[370  45] ; [386  76],[357.74230331  57.25769669] ; [398.25769669  63.74230331],0
p9,1,0.099552,2.712706,[394  21] ; [425  36],[387.99657534  27.00342466] ; [431.00342466  29.99657534],0
b1,1,0.362243,0.830103,[156 259] ; [160 302],[149.53249715 265.46750285] ; [166.46750285 295.53249715],0
