Feature,DoF,P Value,Chi Square,Observed,Expected,Is Significant
p6,1,4.7e-05,16.555106,[34 56] ; [ 23 131],[21.02459016 68.97540984] ; [ 35.97540984 118.02459016],1
p2,1,6.1e-05,16.071267,[71 22] ; [79 77],[56.02409639 36.97590361] ; [93.97590361 62.02409639],1
p4,1,0.000841,11.148123,[46 46] ; [ 45 111],[33.75806452 58.24193548] ; [57.24193548 98.75806452],1
p3,1,0.002962,8.830734,[41 52] ; [ 40 115],[30.375 62.625] ; [ 50.625 104.375],0
p5,1,0.027897,4.8344,[ 7 85] ; [  3 153],[ 3.70967742 88.29032258] ; [  6.29032258 149.70967742],0
p11,1,0.105125,2.62602,[51 42] ; [69 87],[44.81927711 48.18072289] ; [75.18072289 80.81927711],0
p9,1,0.277368,1.179939,[35 55] ; [ 49 104],[31.11111111 58.88888889] ; [ 52.88888889 100.11111111],0
b1,1,0.882027,0.022022,[48 45] ; [79 77],[47.43373494 45.56626506] ; [79.56626506 76.43373494],0
p1,1,0.902796,0.014916,[ 5 87] ; [  9 146],[ 5.2145749 86.7854251] ; [  8.7854251 146.2145749],0
p12,1,0.907136,0.013608,[ 2 91] ; [  3 152],[ 1.875 91.125] ; [  3.125 151.875],0
