Feature,DoF,P Value,Chi Square,Observed,Expected,Is Significant
p9,1,0.0,185.135045,[25 44] ; [463  27],[60.23613596  8.76386404] ; [427.76386404  62.23613596],1
p11,1,0.0,80.610674,[29 41] ; [424  66],[56.625 13.375] ; [396.375  93.625],1
p2,1,0.0,25.578116,[50 20] ; [447  41],[62.34767025  7.65232975] ; [434.65232975  53.34767025],1
p8,1,5e-06,20.659263,[29 40] ; [340 148],[45.71095153 23.28904847] ; [323.28904847 164.71095153],1
b1,1,0.000956,10.910807,[42 28] ; [192 298],[29.25 40.75] ; [204.75 285.25],1
p6,1,0.018257,5.571315,[23 44] ; [242 245],[32.04873646 34.95126354] ; [232.95126354 254.04873646],0
p4,1,0.172073,1.864792,[45 25] ; [353 136],[49.83899821 20.16100179] ; [348.16100179 140.83899821],0
p5,1,0.364423,0.822593,[ 8 62] ; [ 76 412],[10.53763441 59.46236559] ; [ 73.46236559 414.53763441],0
p1,1,0.878304,0.023446,[ 7 63] ; [ 46 442],[ 6.64874552 63.35125448] ; [ 46.35125448 441.64874552],0
