Feature,DoF,P Value,Chi Square,Observed,Expected,Is Significant
p10,1,0.0,70.703447,[ 36 111] ; [246 131],[79.11068702 67.88931298] ; [202.88931298 174.11068702],1
p11,1,4.6e-05,16.600889,[68 80] ; [250 133],[88.63276836 59.36723164] ; [229.36723164 153.63276836],1
p2,1,0.001792,9.751103,[73 75] ; [245 137],[88.8 59.2] ; [229.2 152.8],0
p12,1,0.020157,5.398244,[  1 146] ; [ 19 362],[  5.56818182 141.43181818] ; [ 14.43181818 366.56818182],0
b1,1,0.02165,5.273711,[77 71] ; [157 226],[65.22033898 82.77966102] ; [168.77966102 214.22033898],0
p5,1,0.292355,1.108743,[  4 143] ; [ 18 359],[  6.17175573 140.82824427] ; [ 15.82824427 361.17175573],0
p3,1,0.487338,0.482397,[ 39 108] ; [113 269],[ 42.23818526 104.76181474] ; [109.76181474 272.23818526],0
p7,1,0.53287,0.388915,[52 93] ; [124 252],[48.98272553 96.01727447] ; [127.01727447 248.98272553],0
p1,1,0.597106,0.279382,[  9 138] ; [ 19 363],[  7.78071834 139.21928166] ; [ 20.21928166 361.78071834],0
p4,1,0.931281,0.007436,[50 96] ; [132 249],[50.42125237 95.57874763] ; [131.57874763 249.42125237],0
