Feature,DoF,P Value,Chi Square,Observed,Expected,Is Significant
p8,1,0.0,78.217605,[299 100] ; [161 208],[238.984375 160.015625] ; [221.015625 147.984375],1
p6,1,0.0,73.432482,[230 170] ; [101 273],[171.05943152 228.94056848] ; [159.94056848 214.05943152],1
p5,1,0.0,40.318574,[ 77 321] ; [ 17 362],[ 48.14929215 349.85070785] ; [ 45.85070785 333.14929215],1
p10,1,7.1e-05,15.789324,[353  46] ; [291  83],[332.41397154  66.58602846] ; [311.58602846  62.41397154],1
p1,1,0.000205,13.785876,[ 44 355] ; [ 15 363],[ 30.2972973 368.7027027] ; [ 28.7027027 349.2972973],1
p12,1,0.001341,10.284574,[ 38 363] ; [ 14 362],[ 26.83655084 374.16344916] ; [ 25.16344916 350.83655084],0
b1,1,0.001571,9.993183,[166 235] ; [116 264],[144.79129321 256.20870679] ; [137.20870679 242.79129321],0
p9,1,0.005086,7.848578,[358  43] ; [306  66],[344.45536869  56.54463131] ; [319.54463131  52.45536869],0
p11,1,0.00759,7.127736,[342  59] ; [296  84],[327.57746479  73.42253521] ; [310.42253521  69.57746479],0
