Feature,DoF,P Value,Chi Square,Observed,Expected,Is Significant
p9,1,0.0,113.243383,[40 86] ; [306  66],[87.54216867 38.45783133] ; [258.45783133 113.54216867],1
p11,1,0.0,58.218018,[54 75] ; [296  84],[88.70333988 40.29666012] ; [261.29666012 118.70333988],1
p8,1,0.0,34.59587,[ 19 110] ; [161 208],[46.62650602 82.37349398] ; [133.37349398 235.62650602],1
b1,1,0.000308,13.022348,[62 67] ; [116 264],[45.11198428 83.88801572] ; [132.88801572 247.11198428],1
p6,1,0.002005,9.545278,[ 17 109] ; [101 273],[29.736 96.264] ; [ 88.264 285.736],0
p4,1,0.024743,5.041773,[39 90] ; [156 221],[49.71343874 79.28656126] ; [145.28656126 231.71343874],0
p1,1,0.040492,4.197148,[ 11 117] ; [ 15 363],[  6.5770751 121.4229249] ; [ 19.4229249 358.5770751],0
p12,1,0.228425,1.45064,[  2 126] ; [ 14 362],[  4.06349206 123.93650794] ; [ 11.93650794 364.06349206],0
p5,1,0.275901,1.18717,[  3 126] ; [ 17 362],[  5.07874016 123.92125984] ; [ 14.92125984 364.07874016],0
