Feature,DoF,P Value,Chi Square,Observed,Expected,Is Significant
p9,1,1e-06,23.939813,[35 55] ; [53 15],[50.12658228 39.87341772] ; [37.87341772 30.12658228],1
p1,1,0.050374,3.828957,[ 5 87] ; [10 59],[ 8.57142857 83.42857143] ; [ 6.42857143 62.57142857],0
p3,1,0.115185,2.481594,[41 52] ; [22 47],[36.16666667 56.83333333] ; [26.83333333 42.16666667],0
p11,1,0.183714,1.767324,[51 42] ; [45 24],[55.11111111 37.88888889] ; [40.88888889 28.11111111],0
b1,1,0.227106,1.458893,[48 45] ; [29 40],[44.2037037 48.7962963] ; [32.7962963 36.2037037],0
p8,1,0.383683,0.758867,[46 44] ; [30 38],[43.29113924 46.70886076] ; [32.70886076 35.29113924],0
p5,1,0.396242,0.719702,[ 7 85] ; [ 3 66],[ 5.71428571 86.28571429] ; [ 4.28571429 64.71428571],0
p12,1,0.403921,0.696621,[ 2 91] ; [ 3 64],[ 2.90625 90.09375] ; [ 2.09375 64.90625],0
p2,1,0.885085,0.020888,[71 22] ; [52 17],[70.61111111 22.38888889] ; [52.38888889 16.61111111],0
