Feature,DoF,P Value,Chi Square,Observed,Expected,Is Significant
p10,1,0.0,80.447144,[104  26] ; [31 97],[68.02325581 61.97674419] ; [66.97674419 61.02325581],1
p2,1,0.0,32.749591,[110  21] ; [66 64],[88.33716475 42.66283525] ; [87.66283525 42.33716475],1
p11,1,1e-06,24.871694,[104  28] ; [64 66],[84.64122137 47.35877863] ; [83.35877863 46.64122137],1
p7,1,1e-06,24.822424,[87 39] ; [48 79],[67.23320158 58.76679842] ; [67.76679842 59.23320158],1
b1,1,0.002867,8.890089,[44 88] ; [67 63],[55.92366412 76.07633588] ; [55.07633588 74.92366412],0
p5,1,0.033115,4.539831,[  9 122] ; [  2 127],[  5.54230769 125.45769231] ; [  5.45769231 123.54230769],0
p6,1,0.15024,2.069812,[30 98] ; [ 21 108],[ 25.40077821 102.59922179] ; [ 25.59922179 103.40077821],0
p12,1,0.254625,1.297746,[  5 125] ; [  2 127],[  3.51351351 126.48648649] ; [  3.48648649 125.51351351],0
p1,1,0.262816,1.253861,[ 13 117] ; [  8 121],[ 10.54054054 119.45945946] ; [ 10.45945946 118.54054054],0
