Feature,DoF,P Value,Chi Square,Observed,Expected,Is Significant
p6,1,0.0,30.337163,[241 437] ; [196 173],[282.98567335 395.01432665] ; [154.01432665 214.98567335],1
p8,1,0.0,26.848133,[360 316] ; [258 112],[399.3957935 276.6042065] ; [218.6042065 151.3957935],1
p12,1,2.2e-05,17.994319,[ 35 649] ; [ 46 325],[ 52.51563981 631.48436019] ; [ 28.48436019 342.51563981],1
p1,1,0.000117,14.836715,[ 39 646] ; [ 46 323],[ 55.24193548 629.75806452] ; [ 29.75806452 339.24193548],1
p7,1,0.000413,12.472073,[445 228] ; [282  86],[470.00096061 202.99903939] ; [256.99903939 111.00096061],1
p10,1,0.006437,7.423584,[553 127] ; [325  45],[568.60952381 111.39047619] ; [309.39047619  60.60952381],0
p9,1,0.017404,5.655137,[578 101] ; [335  36],[590.40666667  88.59333333] ; [322.59333333  48.40666667],0
b1,1,0.041883,4.139937,[252 436] ; [160 212],[267.41132075 420.58867925] ; [144.58867925 227.41132075],0
p11,1,0.178005,1.814201,[550 138] ; [310  62],[558.18867925 129.81132075] ; [301.81132075  70.18867925],0
