Feature,DoF,P Value,Chi Square,Observed,Expected,Is Significant
p8,1,0.0,27.569105,[75 17] ; [24 36],[59.92105263 32.07894737] ; [39.07894737 20.92105263],1
p9,1,6e-06,20.568481,[87  5] ; [40 20],[76.86842105 15.13157895] ; [50.13157895  9.86842105],1
p7,1,1.1e-05,19.273226,[77 14] ; [31 29],[65.08609272 25.91390728] ; [42.91390728 17.08609272],1
p6,1,6.1e-05,16.071429,[60 30] ; [20 40],[48. 42.] ; [32. 28.],1
p10,1,0.000128,14.669071,[84  8] ; [40 20],[75.05263158 16.94736842] ; [48.94736842 11.05263158],1
p12,1,0.001077,10.689956,[26 66] ; [ 4 56],[18.15789474 73.84210526] ; [11.84210526 48.15789474],0
p1,1,0.002066,9.490377,[29 63] ; [ 6 54],[21.18421053 70.81578947] ; [13.81578947 46.18421053],0
p11,1,0.002544,9.108535,[79 13] ; [39 21],[71.42105263 20.57894737] ; [46.57894737 13.42105263],0
b1,1,0.511534,0.430927,[41 51] ; [30 30],[42.97368421 49.02631579] ; [28.02631579 31.97368421],0
