Feature,DoF,P Value,Chi Square,Observed,Expected,Is Significant
p8,1,0.0,37.83928,[87 94] ; [168  48],[116.25944584  64.74055416] ; [138.74055416  77.25944584],1
p5,1,0.0,36.357554,[  6 178] ; [ 54 164],[ 27.46268657 156.53731343] ; [ 32.53731343 185.46268657],1
p9,1,1.1e-05,19.322879,[140  40] ; [202  15],[155.06297229  24.93702771] ; [186.93702771  30.06297229],1
p1,1,0.0001,15.138682,[  8 175] ; [ 36 181],[ 20.13 162.87] ; [ 23.87 193.13],1
p10,1,0.000123,14.745131,[136  46] ; [193  23],[150.44723618  31.55276382] ; [178.55276382  37.44723618],1
p12,1,0.000243,13.468783,[  8 174] ; [ 34 182],[ 19.20603015 162.79396985] ; [ 22.79396985 193.20603015],1
p2,1,0.006422,7.427831,[150  34] ; [198  20],[159.28358209  24.71641791] ; [188.71641791  29.28358209],0
p11,1,0.046311,3.970239,[135  49] ; [178  40],[143.26368159  40.73631841] ; [169.73631841  48.26368159],0
b1,1,0.141867,2.157594,[ 76 108] ; [106 112],[ 83.30348259 100.69651741] ; [ 98.69651741 119.30348259],0
