Feature,DoF,P Value,Chi Square,Observed,Expected,Is Significant
p8,1,0.0,116.532944,[ 75 190] ; [168  48],[133.87733888 131.12266112] ; [109.12266112 106.87733888],1
p4,1,0.0,111.381494,[117 150] ; [196  22],[172.31134021  94.68865979] ; [140.68865979  77.31134021],1
p5,1,0.0,27.165275,[ 20 244] ; [ 54 164],[ 40.53112033 223.46887967] ; [ 33.46887967 184.53112033],1
p2,1,4e-06,21.452796,[199  68] ; [198  20],[218.55463918  48.44536082] ; [178.44536082  39.55463918],1
b1,1,0.00046,12.270957,[ 88 179] ; [106 112],[106.8 160.2] ; [ 87.2 130.8],1
p1,1,0.011615,6.368716,[ 24 243] ; [ 36 181],[ 33.09917355 233.90082645] ; [ 26.90082645 190.09917355],0
p12,1,0.024166,5.082676,[ 24 242] ; [ 34 182],[ 32.00829876 233.99170124] ; [ 25.99170124 190.00829876],0
p11,1,0.110741,2.543618,[202  65] ; [178  40],[209.19587629  57.80412371] ; [170.80412371  47.19587629],0
p10,1,0.159746,1.976627,[227  40] ; [193  23],[232.17391304  34.82608696] ; [187.82608696  28.17391304],0
