Feature,DoF,P Value,Chi Square,Observed,Expected,Is Significant
p10,1,0.0,75.932094,[14 70] ; [266 124],[49.62025316 34.37974684] ; [230.37974684 159.62025316],1
p11,1,0.0,34.351017,[29 56] ; [271 127],[52.79503106 32.20496894] ; [247.20496894 150.79503106],1
b1,1,0.000245,13.452479,[49 36] ; [144 254],[33.96480331 51.03519669] ; [159.03519669 238.96480331],1
p8,1,0.007499,7.149304,[14 70] ; [122 269],[24.05052632 59.94947368] ; [111.94947368 279.05052632],0
p7,1,0.047221,3.937512,[22 60] ; [148 237],[29.85010707 52.14989293] ; [140.14989293 244.85010707],0
p1,1,0.101301,2.684935,[ 7 78] ; [ 16 379],[ 4.07291667 80.92708333] ; [ 18.92708333 376.07291667],0
p12,1,0.220895,1.49855,[ 1 84] ; [ 15 379],[ 2.83924843 82.16075157] ; [ 13.16075157 380.83924843],0
p4,1,0.365816,0.817827,[19 64] ; [109 284],[22.31932773 60.68067227] ; [105.68067227 287.31932773],0
p5,1,0.684259,0.165371,[ 4 80] ; [ 15 379],[ 3.33891213 80.66108787] ; [ 15.66108787 378.33891213],0
