Feature,DoF,P Value,Chi Square,Observed,Expected,Is Significant
p7,1,0.0,51.457662,[ 34 103] ; [67 25],[60.42358079 76.57641921] ; [40.57641921 51.42358079],1
p8,1,0.0,25.692644,[ 21 120] ; [41 50],[ 37.68103448 103.31896552] ; [24.31896552 66.68103448],1
p9,1,0.000178,14.048254,[70 64] ; [70 21],[83.37777778 50.62222222] ; [56.62222222 34.37777778],1
p10,1,0.000474,12.213842,[68 70] ; [66 25],[80.7510917 57.2489083] ; [53.2489083 37.7510917],1
p11,1,0.000579,11.841979,[68 73] ; [66 27],[80.74358974 60.25641026] ; [53.25641026 39.74358974],1
p6,1,0.012954,6.175441,[ 17 122] ; [22 66],[ 23.88105727 115.11894273] ; [15.11894273 72.88105727],0
p5,1,0.505594,0.443176,[  5 135] ; [ 5 88],[  6.00858369 133.99141631] ; [ 3.99141631 89.00858369],0
p12,1,0.53423,0.38634,[  7 133] ; [ 3 88],[  6.06060606 133.93939394] ; [ 3.93939394 87.06060606],0
p1,1,0.595629,0.281639,[ 15 126] ; [12 81],[ 16.26923077 124.73076923] ; [10.73076923 82.26923077],0
b1,1,0.810504,0.057493,[72 69] ; [46 47],[71.1025641 69.8974359] ; [46.8974359 46.1025641],0
