Feature,DoF,P Value,Chi Square,Observed,Expected,Is Significant
p8,1,0.0,31.539844,[ 21 120] ; [28 23],[ 35.984375 105.015625] ; [13.015625 37.984375],1
p7,1,0.0,28.192376,[ 34 103] ; [34 17],[49.55319149 87.44680851] ; [18.44680851 32.55319149],1
p3,1,0.000204,13.791474,[ 26 114] ; [23 28],[ 35.91623037 104.08376963] ; [13.08376963 37.91623037],1
p11,1,0.124111,2.364663,[68 73] ; [31 20],[72.703125 68.296875] ; [26.296875 24.703125],0
p5,1,0.217737,1.519221,[  5 135] ; [ 4 47],[  6.59685864 133.40314136] ; [ 2.40314136 48.59685864],0
p9,1,0.528859,0.396583,[70 64] ; [24 27],[68.08648649 65.91351351] ; [25.91351351 25.08648649],0
p1,1,0.553073,0.351841,[ 15 126] ; [ 7 44],[ 16.15625 124.84375] ; [ 5.84375 45.15625],0
b1,1,0.638221,0.221076,[72 69] ; [28 23],[73.4375 67.5625] ; [26.5625 24.4375],0
