Feature,DoF,P Value,Chi Square,Observed,Expected,Is Significant
p10,1,0.0,218.447287,[309  39] ; [ 24 104],[243.45378151 104.54621849] ; [89.54621849 38.45378151],1
p7,1,0.0,143.126202,[299  49] ; [38 90],[246.37815126 101.62184874] ; [90.62184874 37.37815126],1
p2,1,0.0,132.478393,[325  24] ; [60 70],[280.51148225  68.48851775] ; [104.48851775  25.51148225],1
p3,1,0.0,98.081845,[258  91] ; [31 98],[211.00627615 137.99372385] ; [77.99372385 51.00627615],1
p11,1,0.0,90.194005,[305  45] ; [59 71],[265.41666667  84.58333333] ; [98.58333333 31.41666667],1
p6,1,0.0,79.094654,[200 148] ; [ 15 113],[157.18487395 190.81512605] ; [57.81512605 70.18487395],1
p5,1,0.0,25.465235,[ 75 275] ; [  3 127],[ 56.875 293.125] ; [ 21.125 108.875],1
p12,1,0.000354,12.762083,[ 43 307] ; [  2 127],[ 32.88100209 317.11899791] ; [ 12.11899791 116.88100209],1
b1,1,0.009251,6.773811,[142 208] ; [70 60],[154.58333333 195.41666667] ; [57.41666667 72.58333333],0
p1,1,0.134198,2.243262,[ 44 304] ; [ 10 119],[ 39.39622642 308.60377358] ; [ 14.60377358 114.39622642],0
