Feature,DoF,P Value,Chi Square,Observed,Expected,Is Significant
p7,1,0.0,30.980398,[26 12] ; [ 33 119],[11.8 26.2] ; [ 47.2 104.8],1
p4,1,0.000142,14.47568,[20 17] ; [ 35 120],[10.59895833 26.40104167] ; [ 44.40104167 110.59895833],1
p3,1,0.000189,13.93341,[20 17] ; [ 36 120],[10.7357513 26.2642487] ; [ 45.2642487 110.7357513],1
p5,1,0.003023,8.793381,[ 6 32] ; [  5 148],[ 2.18848168 35.81151832] ; [  8.81151832 144.18848168],0
p9,1,0.004203,8.194103,[30  8] ; [80 70],[22.23404255 15.76595745] ; [87.76595745 62.23404255],0
p10,1,0.074864,3.173026,[25 13] ; [76 77],[20.09424084 17.90575916] ; [80.90575916 72.09424084],0
p12,1,0.075868,3.151269,[ 5 33] ; [  8 148],[ 2.54639175 35.45360825] ; [ 10.45360825 145.54639175],0
p11,1,0.176084,1.830372,[24 14] ; [80 77],[20.26666667 17.73333333] ; [83.73333333 73.26666667],0
p1,1,0.210233,1.569824,[ 6 32] ; [ 14 143],[ 3.8974359 34.1025641] ; [ 16.1025641 140.8974359],0
b1,1,0.805082,0.060898,[19 19] ; [82 75],[19.68205128 18.31794872] ; [81.31794872 75.68205128],0
