Feature,DoF,P Value,Chi Square,Observed,Expected,Is Significant
p9,1,0.0506,3.821461,[140  40] ; [392  73],[148.46511628  31.53488372] ; [383.53488372  81.46511628],0
p5,1,0.057276,3.614562,[  6 178] ; [ 34 437],[ 11.23664122 172.76335878] ; [ 28.76335878 442.23664122],0
p11,1,0.08106,3.043522,[135  49] ; [376  96],[143.32926829  40.67073171] ; [367.67073171 104.32926829],0
b1,1,0.084855,2.969366,[ 76 108] ; [161 311],[ 66.47560976 117.52439024] ; [170.52439024 301.47560976],0
p10,1,0.101759,2.67776,[136  46] ; [377  91],[143.64  38.36] ; [369.36  98.64],0
p3,1,0.187397,1.737966,[ 67 117] ; [198 273],[ 74.44274809 109.55725191] ; [190.55725191 280.44274809],0
p1,1,0.484123,0.489562,[  8 175] ; [ 27 443],[  9.8085758 173.1914242] ; [ 25.1914242 444.8085758],0
p12,1,0.784554,0.074742,[  8 174] ; [ 23 446],[  8.66666667 173.33333333] ; [ 22.33333333 446.66666667],0
p8,1,0.863086,0.029738,[87 94] ; [220 245],[86.01702786 94.98297214] ; [220.98297214 244.01702786],0
