Feature,DoF,P Value,Chi Square,Observed,Expected,Is Significant
p7,1,0.0,128.18102,[282  86] ; [108 212],[208.60465116 159.39534884] ; [181.39534884 138.60465116],1
p6,1,0.0,96.225623,[196 173] ; [ 56 269],[133.98847262 235.01152738] ; [118.01152738 206.98847262],1
p2,1,0.0,75.891177,[336  34] ; [208 120],[288.36676218  81.63323782] ; [255.63323782  72.36676218],1
p5,1,0.0,53.581818,[ 78 291] ; [  9 318],[ 46.125 322.875] ; [ 40.875 286.125],1
p10,1,0.0,53.365803,[325  45] ; [208 115],[284.57431457  85.42568543] ; [248.42568543  74.57431457],1
p9,1,0.0,47.803705,[335  36] ; [223  98],[299.15895954  71.84104046] ; [258.84104046  62.15895954],1
p11,1,0.0,33.723353,[310  62] ; [211 118],[276.47931526  95.52068474] ; [244.52068474  84.47931526],1
p1,1,5.7e-05,16.202239,[ 46 323] ; [ 13 315],[ 31.23529412 337.76470588] ; [ 27.76470588 300.23529412],1
p12,1,0.000135,14.576656,[ 46 325] ; [ 14 313],[ 31.89111748 339.10888252] ; [ 28.10888252 298.89111748],1
b1,1,0.053634,3.72404,[160 212] ; [118 211],[147.52639087 224.47360913] ; [130.47360913 198.52639087],0
