Feature,DoF,P Value,Chi Square,Observed,Expected,Is Significant
p7,1,0.0,26.459099,[30  6] ; [132 209],[15.46949602 20.53050398] ; [146.53050398 194.46949602],1
p10,1,0.0,26.357193,[ 8 27] ; [232 115],[21.9895288 13.0104712] ; [218.0104712 128.9895288],1
p8,1,0.000204,13.789882,[21 15] ; [ 98 249],[11.18537859 24.81462141] ; [107.81462141 239.18537859],1
b1,1,0.000926,10.970181,[24 12] ; [134 217],[14.69767442 21.30232558] ; [143.30232558 207.69767442],1
p3,1,0.001372,10.242487,[15 21] ; [ 66 284],[ 7.55440415 28.44559585] ; [ 73.44559585 276.55440415],0
p1,1,0.019592,5.447905,[ 5 31] ; [ 16 332],[ 1.96875 34.03125] ; [ 19.03125 328.96875],0
p2,1,0.123972,2.366406,[28  8] ; [227 122],[23.84415584 12.15584416] ; [231.15584416 117.84415584],0
p11,1,0.23504,1.410102,[21 15] ; [239 112],[24.18604651 11.81395349] ; [235.81395349 115.18604651],0
p5,1,0.449476,0.571972,[ 2 34] ; [ 11 337],[ 1.21875 34.78125] ; [ 11.78125 336.21875],0
