Feature,DoF,P Value,Chi Square,Observed,Expected,Is Significant
p9,1,8e-06,19.907832,[446  19] ; [30  8],[440.03976143  24.96023857] ; [35.96023857  2.03976143],1
p11,1,4.6e-05,16.58648,[407  59] ; [24 14],[398.50396825  67.49603175] ; [32.49603175  5.50396825],1
p3,1,0.045499,4.000031,[325 140] ; [20 17],[319.57171315 145.42828685] ; [25.42828685 11.57171315],0
p8,1,0.146079,2.11272,[309 153] ; [21 17],[304.92 157.08] ; [25.08 12.92],0
b1,1,0.185223,1.755213,[182 284] ; [19 19],[185.8452381 280.1547619] ; [15.1547619 22.8452381],0
p7,1,0.258424,1.27718,[353 108] ; [26 12],[350.13827655 110.86172345] ; [28.86172345  9.13827655],0
p1,1,0.347962,0.880875,[ 50 413] ; [ 6 32],[ 51.75249501 411.24750499] ; [ 4.24750499 33.75249501],0
p12,1,0.7119,0.136387,[ 52 413] ; [ 5 33],[ 52.69383698 412.30616302] ; [ 4.30616302 33.69383698],0
p5,1,0.712139,0.13615,[ 84 378] ; [ 6 32],[ 83.16 378.84] ; [ 6.84 31.16],0
