Feature,DoF,P Value,Chi Square,Observed,Expected,Is Significant
p8,1,9e-06,19.70966,[51 79] ; [ 19 110],[35.13513514 94.86486486] ; [34.86486486 94.13513514],1
p6,1,0.001941,9.604217,[38 91] ; [ 17 109],[ 27.82352941 101.17647059] ; [27.17647059 98.82352941],0
p4,1,0.003779,8.387269,[63 69] ; [39 90],[51.5862069 80.4137931] ; [50.4137931 78.5862069],0
p3,1,0.008641,6.895617,[50 83] ; [29 99],[40.25670498 92.74329502] ; [38.74329502 89.25670498],0
p11,1,0.013381,6.11798,[76 57] ; [54 75],[65.99236641 67.00763359] ; [64.00763359 64.99236641],0
p9,1,0.040779,4.185173,[57 72] ; [40 86],[49.07058824 79.92941176] ; [47.92941176 78.07058824],0
p5,1,0.331481,0.943104,[  6 127] ; [  3 126],[  4.56870229 128.43129771] ; [  4.43129771 124.56870229],0
b1,1,0.547999,0.360913,[59 74] ; [62 67],[61.42366412 71.57633588] ; [59.57633588 69.42366412],0
p12,1,0.676759,0.173797,[  3 129] ; [  2 126],[  2.53846154 129.46153846] ; [  2.46153846 125.53846154],0
p1,1,0.777152,0.080108,[ 10 121] ; [ 11 117],[ 10.62162162 120.37837838] ; [ 10.37837838 117.62162162],0
