Feature,DoF,P Value,Chi Square,Observed,Expected,Is Significant
p8,1,1.3e-05,19.053729,[ 22 120] ; [9 5],[ 28.21794872 113.78205128] ; [ 2.78205128 11.21794872],1
p4,1,0.001344,10.280786,[ 26 114] ; [7 5],[ 30.39473684 109.60526316] ; [2.60526316 9.39473684],0
p6,1,0.001988,9.560706,[ 17 124] ; [6 8],[ 20.92258065 120.07741935] ; [ 2.07741935 11.92258065],0
p12,1,0.00212,9.442656,[  8 134] ; [ 4 10],[ 10.92307692 131.07692308] ; [ 1.07692308 12.92307692],0
p7,1,0.014128,6.022019,[ 31 105] ; [7 6],[ 34.68456376 101.31543624] ; [3.31543624 9.68456376],0
p11,1,0.0343,4.479673,[70 73] ; [11  3],[73.77707006 69.22292994] ; [7.22292994 6.77707006],0
p10,1,0.161316,1.961849,[68 71] ; [9 4],[70.41447368 68.58552632] ; [6.58552632 6.41447368],0
p9,1,0.185801,1.7506,[72 64] ; [10  4],[74.34666667 61.65333333] ; [7.65333333 6.34666667],0
p1,1,0.460193,0.545426,[ 12 131] ; [ 2 12],[ 12.75159236 130.24840764] ; [ 1.24840764 12.75159236],0
b1,1,0.940272,0.005614,[70 73] ; [7 7],[70.13375796 72.86624204] ; [6.86624204 7.13375796],0
