Feature,DoF,P Value,Chi Square,Observed,Expected,Is Significant
p4,1,0.002267,9.319815,[371 150] ; [148  98],[352.5410691 168.4589309] ; [166.4589309  79.5410691],0
p3,1,0.008031,7.026569,[317 205] ; [125 122],[300.03120936 221.96879064] ; [141.96879064 105.03120936],0
p5,1,0.041557,4.153143,[ 76 445] ; [ 23 224],[ 67.16015625 453.83984375] ; [ 31.83984375 215.16015625],0
p12,1,0.055213,3.675628,[ 43 477] ; [ 11 235],[ 36.65796345 483.34203655] ; [ 17.34203655 228.65796345],0
b1,1,0.088033,2.909979,[208 314] ; [ 83 165],[197.27532468 324.72467532] ; [ 93.72467532 154.27532468],0
p9,1,0.400086,0.708068,[457  61] ; [210  34],[453.41994751  64.58005249] ; [213.58005249  30.41994751],0
p1,1,0.628332,0.23433,[ 48 472] ; [ 20 225],[ 46.22222222 473.77777778] ; [ 21.77777778 223.22222222],0
p11,1,0.767497,0.087409,[438  84] ; [206  42],[436.58181818  85.41818182] ; [207.41818182  40.58181818],0
p10,1,0.94896,0.004098,[447  71] ; [211  34],[446.71559633  71.28440367] ; [211.28440367  33.71559633],0
