Feature,DoF,P Value,Chi Square,Observed,Expected,Is Significant
p9,1,0.0,112.061019,[25 44] ; [457  61],[56.65758092 12.34241908] ; [425.34241908  92.65758092],1
p11,1,0.0,66.868507,[29 41] ; [438  84],[55.21959459 14.78040541] ; [411.78040541 110.21959459],1
p8,1,9e-06,19.77401,[29 40] ; [357 160],[45.45051195 23.54948805] ; [340.54948805 176.45051195],1
b1,1,0.001348,10.275776,[42 28] ; [208 314],[29.56081081 40.43918919] ; [220.43918919 301.56081081],0
p6,1,0.025212,5.009284,[23 44] ; [252 264],[31.60377358 35.39622642] ; [243.39622642 272.60377358],0
p4,1,0.233535,1.419198,[45 25] ; [371 150],[49.27241963 20.72758037] ; [366.72758037 154.27241963],0
p5,1,0.477322,0.504974,[ 8 62] ; [ 76 445],[ 9.94923858 60.05076142] ; [ 74.05076142 446.94923858],0
p1,1,0.835374,0.043187,[ 7 63] ; [ 48 472],[ 6.52542373 63.47457627] ; [ 48.47457627 471.52542373],0
