Feature,DoF,P Value,Chi Square,Observed,Expected,Is Significant
p11,1,0.037677,4.319539,[66 73] ; [31 61],[58.36796537 80.63203463] ; [38.63203463 53.36796537],0
p9,1,0.068445,3.319931,[43 89] ; [19 70],[37.03167421 94.96832579] ; [24.96832579 64.03167421],0
p7,1,0.132337,2.264878,[46 90] ; [22 68],[40.92035398 95.07964602] ; [27.07964602 62.92035398],0
p5,1,0.16893,1.892412,[  2 137] ; [ 4 87],[  3.62608696 135.37391304] ; [ 2.37391304 88.62608696],0
b1,1,0.215459,1.534361,[67 72] ; [52 40],[71.60606061 67.39393939] ; [47.39393939 44.60606061],0
p3,1,0.471676,0.518046,[ 25 113] ; [20 71],[ 27.11790393 110.88209607] ; [17.88209607 73.11790393],0
p8,1,0.484775,0.488103,[ 26 111] ; [14 77],[ 24.03508772 112.96491228] ; [15.96491228 75.03508772],0
p12,1,0.536728,0.381637,[  3 135] ; [ 1 91],[  2.4 135.6] ; [ 1.6 90.4],0
p1,1,0.832661,0.044643,[  8 129] ; [ 6 86],[  8.37554585 128.62445415] ; [ 5.62445415 86.37554585],0
p6,1,0.938677,0.005919,[ 20 115] ; [13 77],[ 19.8 115.2] ; [13.2 76.8],0
