Feature,DoF,P Value,Chi Square,Observed,Expected,Is Significant
p7,1,0.0,100.450135,[55 86] ; [230  35],[98.97783251 42.02216749] ; [186.02216749  78.97783251],1
p2,1,0.0,94.395011,[72 70] ; [247  20],[110.75305623  31.24694377] ; [208.24694377  58.75305623],1
p8,1,0.0,90.771001,[ 37 104] ; [200  66],[82.10565111 58.89434889] ; [154.89434889 111.10565111],1
p11,1,0.0,79.71949,[59 83] ; [225  42],[98.60146699 43.39853301] ; [185.39853301  81.60146699],1
p3,1,0.0,67.849668,[44 97] ; [196  71],[82.94117647 58.05882353] ; [157.05882353 109.94117647],1
p5,1,1e-06,24.676982,[  5 136] ; [ 60 207],[ 22.46323529 118.53676471] ; [ 42.53676471 224.46323529],1
p12,1,4.8e-05,16.515325,[  2 139] ; [ 37 230],[ 13.47794118 127.52205882] ; [ 25.52205882 241.47794118],1
p1,1,0.040584,4.193289,[ 10 131] ; [ 37 229],[ 16.28255528 124.71744472] ; [ 30.71744472 235.28255528],0
b1,1,0.070533,3.270576,[75 67] ; [116 151],[66.31295844 75.68704156] ; [124.68704156 142.31295844],0
