Feature,DoF,P Value,Chi Square,Observed,Expected,Is Significant
p10,1,0.0,63.788928,[145  36] ; [13 44],[120.15966387  60.84033613] ; [37.84033613 19.15966387],1
p11,1,0.0,27.368818,[149  35] ; [26 31],[133.60995851  50.39004149] ; [41.39004149 15.60995851],1
p2,1,6.3e-05,16.016295,[161  22] ; [37 20],[150.975  32.025] ; [47.025  9.975],1
b1,1,0.000108,14.999192,[ 66 118] ; [37 20],[ 78.63900415 105.36099585] ; [24.36099585 32.63900415],1
p4,1,0.082353,3.017833,[91 91] ; [36 21],[96.71129707 85.28870293] ; [30.28870293 26.71129707],0
p7,1,0.253448,1.304198,[125  52] ; [35 21],[121.54506438  55.45493562] ; [38.45493562 17.54506438],0
p6,1,0.413735,0.668041,[ 62 122] ; [15 39],[ 59.52941176 124.47058824] ; [17.47058824 36.52941176],0
p1,1,0.792597,0.069137,[ 14 168] ; [ 5 52],[ 14.46861925 167.53138075] ; [ 4.53138075 52.46861925],0
p5,1,0.994646,4.5e-05,[ 16 167] ; [ 5 52],[ 16.0125 166.9875] ; [ 4.9875 52.0125],0
