Feature,DoF,P Value,Chi Square,Observed,Expected,Is Significant
p4,1,0.0,243.281642,[325  66] ; [109 284],[216.44642857 174.55357143] ; [217.55357143 175.44642857],1
p7,1,0.0,131.510787,[306  81] ; [148 237],[227.5880829 159.4119171] ; [226.4119171 158.5880829],1
p8,1,0.0,110.816113,[268 121] ; [122 269],[194.5 194.5] ; [195.5 195.5],1
p9,1,0.0,89.802223,[378  13] ; [278 108],[330.11068211  60.88931789] ; [325.88931789  60.11068211],1
p2,1,0.0,52.23455,[349  40] ; [273 124],[307.8346056  81.1653944] ; [314.1653944  82.8346056],1
p11,1,0.0,45.388119,[344  47] ; [271 127],[304.77186312  86.22813688] ; [310.22813688  87.77186312],1
p5,1,0.0,45.165664,[ 74 314] ; [ 15 379],[ 44.15856777 343.84143223] ; [ 44.84143223 349.15856777],1
p1,1,5e-06,20.686343,[ 51 337] ; [ 16 379],[ 33.20051086 354.79948914] ; [ 33.79948914 361.20051086],1
p12,1,7e-06,20.146831,[ 49 340] ; [ 15 379],[ 31.79565773 357.20434227] ; [ 32.20434227 361.79565773],1
b1,1,0.112662,2.51648,[163 228] ; [144 254],[152.13814956 238.86185044] ; [154.86185044 243.13814956],0
