Feature,DoF,P Value,Chi Square,Observed,Expected,Is Significant
p8,1,0.002576,9.08611,[299 100] ; [312 164],[278.616 120.384] ; [332.384 143.616],0
p10,1,0.012265,6.272191,[353  46] ; [446  32],[363.51311288  35.48688712] ; [435.48688712  42.51311288],0
p6,1,0.079245,3.080315,[230 170] ; [246 231],[217.10376283 182.89623717] ; [258.89623717 218.10376283],0
b1,1,0.354822,0.856136,[166 235] ; [184 296],[159.30760499 241.69239501] ; [190.69239501 289.30760499],0
p2,1,0.38793,0.74542,[371  28] ; [436  41],[367.57191781  31.42808219] ; [439.42808219  37.57191781],0
p12,1,0.440886,0.593976,[ 38 363] ; [ 53 426],[ 41.46704545 359.53295455] ; [ 49.53295455 429.46704545],0
p5,1,0.686747,0.162629,[ 77 321] ; [ 87 389],[ 74.6819222 323.3180778] ; [ 89.3180778 386.6819222],0
p3,1,0.863579,0.029522,[282 119] ; [335 145],[280.83654938 120.16345062] ; [336.16345062 143.83654938],0
p1,1,0.873547,0.02533,[ 44 355] ; [ 51 426],[ 43.27054795 355.72945205] ; [ 51.72945205 425.27054795],0
p11,1,0.905162,0.014195,[342  59] ; [408  72],[341.37343927  59.62656073] ; [408.62656073  71.37343927],0
