Feature,DoF,P Value,Chi Square,Observed,Expected,Is Significant
p3,1,0.001607,9.951227,[3 8] ; [24  6],[7.24390244 3.75609756] ; [19.75609756 10.24390244],0
p2,1,0.046837,3.951222,[7 4] ; [27  3],[9.12195122 1.87804878] ; [24.87804878  5.12195122],0
p7,1,0.270912,1.212121,[4 6] ; [18 12],[5.5 4.5] ; [16.5 13.5],0
p10,1,0.697146,0.151457,[9 2] ; [26  4],[9.3902439 1.6097561] ; [25.6097561  4.3902439],0
p9,1,0.728904,0.12012,[9 1] ; [28  2],[9.25 0.75] ; [27.75  2.25],0
p12,1,0.782528,0.07619,[1 9] ; [ 4 26],[1.25 8.75] ; [ 3.75 26.25],0
b1,1,0.796415,0.066558,[5 6] ; [15 15],[5.36585366 5.63414634] ; [14.63414634 15.36585366],0
p8,1,0.853493,0.034101,[6 4] ; [17 13],[5.75 4.25] ; [17.25 12.75],0
p11,1,0.896438,0.016942,[9 2] ; [24  6],[8.85365854 2.14634146] ; [24.14634146  5.85365854],0
