Feature,DoF,P Value,Chi Square,Observed,Expected,Is Significant
p8,1,0.095846,2.773347,[3 2] ; [ 41 115],[1.36645963 3.63354037] ; [ 42.63354037 113.36645963],0
p1,1,0.125853,2.34292,[1 5] ; [  6 152],[0.25609756 5.74390244] ; [  6.74390244 151.25609756],0
p7,1,0.210905,1.565203,[1 4] ; [75 80],[2.375 2.625] ; [73.625 81.375],0
p2,1,0.233569,1.418996,[2 4] ; [92 67],[3.41818182 2.58181818] ; [90.58181818 68.41818182],0
p9,1,0.379384,0.772696,[4 1] ; [92 60],[3.05732484 1.94267516] ; [92.94267516 59.05732484],0
p10,1,0.6842,0.165436,[4 2] ; [91 65],[3.51851852 2.48148148] ; [91.48148148 64.51851852],0
p3,1,0.761482,0.092134,[2 4] ; [ 44 115],[1.67272727 4.32727273] ; [ 44.32727273 114.67272727],0
p6,1,0.930335,0.007643,[1 5] ; [ 28 127],[1.08074534 4.91925466] ; [ 27.91925466 127.08074534],0
