Feature,DoF,P Value,Chi Square,Observed,Expected,Is Significant
p7,1,3e-06,21.610268,[41 75] ; [33 10],[53.98742138 62.01257862] ; [20.01257862 22.98742138],1
p11,1,1.5e-05,18.740761,[55 64] ; [37  7],[67.16564417 51.83435583] ; [24.83435583 19.16564417],1
p2,1,0.000175,14.079834,[55 63] ; [35  9],[65.55555556 52.44444444] ; [24.44444444 19.55555556],1
p10,1,0.004381,8.118863,[62 56] ; [34 10],[69.92592593 48.07407407] ; [26.07407407 17.92592593],0
p9,1,0.015363,5.874323,[64 51] ; [33 10],[70.60126582 44.39873418] ; [26.39873418 16.60126582],0
p6,1,0.033584,4.515736,[ 16 102] ; [12 31],[20.52173913 97.47826087] ; [ 7.47826087 35.52173913],0
p1,1,0.060874,3.51341,[  3 116] ; [ 4 39],[  5.14197531 113.85802469] ; [ 1.85802469 41.14197531],0
p5,1,0.095846,2.773347,[  2 115] ; [ 3 41],[  3.63354037 113.36645963] ; [ 1.36645963 42.63354037],0
p3,1,0.225889,1.466559,[29 89] ; [15 29],[32.04938272 85.95061728] ; [11.95061728 32.04938272],0
p12,1,0.494951,0.465745,[  3 115] ; [ 2 41],[  3.66459627 114.33540373] ; [ 1.33540373 41.66459627],0
