Feature,DoF,P Value,Chi Square,Observed,Expected,Is Significant
p6,1,0.000681,11.539648,[57 14] ; [3 7],[52.59259259 18.40740741] ; [7.40740741 2.59259259],1
p11,1,0.033355,4.527447,[67  5] ; [8 3],[65.06024096  6.93975904] ; [9.93975904 1.06024096],0
p3,1,0.067653,3.339061,[61 10] ; [7 4],[58.87804878 12.12195122] ; [9.12195122 1.87804878],0
p10,1,0.137002,2.211313,[67  4] ; [9 2],[65.80487805  5.19512195] ; [10.19512195  0.80487805],0
p1,1,0.138488,2.194682,[22 50] ; [ 1 10],[19.95180723 52.04819277] ; [3.04819277 7.95180723],0
b1,1,0.325377,0.967211,[28 44] ; [6 5],[29.4939759 42.5060241] ; [4.5060241 6.4939759],0
p9,1,0.477563,0.504423,[69  3] ; [10  1],[68.53012048  3.46987952] ; [10.46987952  0.53012048],0
p4,1,0.655686,0.198806,[67  4] ; [10  1],[66.67073171  4.32926829] ; [10.32926829  0.67073171],0
p2,1,0.85971,0.031238,[66  6] ; [9 1],[65.85365854  6.14634146] ; [9.14634146 0.85365854],0
