Feature,DoF,P Value,Chi Square,Observed,Expected,Is Significant
p8,1,1e-06,25.149048,[ 29 114] ; [54 53],[47.476 95.524] ; [35.524 71.476],1
p3,1,5.8e-05,16.180046,[ 14 129] ; [32 76],[ 26.20717131 116.79282869] ; [19.79282869 88.20717131],1
p2,1,0.000497,12.126359,[93 51] ; [91 17],[105.14285714  38.85714286] ; [78.85714286 29.14285714],1
p10,1,0.009716,6.686168,[93 49] ; [86 21],[102.08032129  39.91967871] ; [76.91967871 30.08032129],0
p6,1,0.012456,6.244764,[ 14 129] ; [22 82],[ 20.84210526 122.15789474] ; [15.15789474 88.84210526],0
p9,1,0.042675,4.108234,[105  36] ; [91 16],[111.43548387  29.56451613] ; [84.56451613 22.43548387],0
p11,1,0.046028,3.980584,[100  44] ; [87 21],[106.85714286  37.14285714] ; [80.14285714 27.85714286],0
p1,1,0.089621,2.881172,[ 15 128] ; [  5 103],[ 11.39442231 131.60557769] ; [ 8.60557769 99.39442231],0
p5,1,0.253895,1.301742,[  3 141] ; [  5 103],[  4.57142857 139.42857143] ; [  3.42857143 104.57142857],0
p12,1,0.825232,0.048762,[  7 135] ; [  6 102],[  7.384 134.616] ; [  5.616 102.384],0
