Feature,DoF,P Value,Chi Square,Observed,Expected,Is Significant
p7,1,0.055148,3.677619,[164 102] ; [ 6 10],[160.35460993 105.64539007] ; [9.64539007 6.35460993],0
p5,1,0.059178,3.560285,[ 26 236] ; [ 4 12],[ 28.27338129 233.72661871] ; [ 1.72661871 14.27338129],0
p3,1,0.092315,2.833528,[160 106] ; [13  3],[163.18439716 102.81560284] ; [9.81560284 6.18439716],0
p10,1,0.182447,1.77758,[212  52] ; [15  1],[214.02857143  49.97142857] ; [12.97142857  3.02857143],0
p1,1,0.470576,0.520623,[ 20 246] ; [ 2 14],[ 20.75177305 245.24822695] ; [ 1.24822695 14.75177305],0
b1,1,0.577501,0.310293,[102 165] ; [ 5 11],[100.95053004 166.04946996] ; [6.04946996 9.95053004],0
p11,1,0.753196,0.098865,[208  59] ; [13  3],[208.50530035  58.49469965] ; [12.49469965  3.50530035],0
p8,1,0.779485,0.078395,[139 125] ; [9 7],[139.54285714 124.45714286] ; [8.45714286 7.54285714],0
p2,1,0.873945,0.02517,[229  37] ; [14  2],[229.21276596  36.78723404] ; [13.78723404  2.21276596],0
