Feature,DoF,P Value,Chi Square,Observed,Expected,Is Significant
p8,1,5.6e-05,16.234304,[36  2] ; [7 8],[30.83018868  7.16981132] ; [12.16981132  2.83018868],1
p6,1,0.000279,13.209163,[32  6] ; [ 5 10],[26.52830189 11.47169811] ; [10.47169811  4.52830189],1
p5,1,0.007848,7.067859,[23 15] ; [ 3 12],[18.64150943 19.35849057] ; [7.35849057 7.64150943],0
p3,1,0.069024,3.306075,[35  3] ; [11  4],[32.98113208  5.01886792] ; [13.01886792  1.98113208],0
p2,1,0.098252,2.733684,[36  2] ; [12  3],[34.41509434  3.58490566] ; [13.58490566  1.41509434],0
p1,1,0.28832,1.127447,[10 27] ; [ 2 13],[ 8.53846154 28.46153846] ; [ 3.46153846 11.53846154],0
p11,1,0.541744,0.372317,[35  3] ; [13  2],[34.41509434  3.58490566] ; [13.58490566  1.41509434],0
b1,1,0.810372,0.057574,[14 24] ; [ 5 10],[13.62264151 24.37735849] ; [5.37735849 9.62264151],0
