Feature,DoF,P Value,Chi Square,Observed,Expected,Is Significant
p4,1,0.0,78.830306,[192  61] ; [236 322],[133.51911221 119.48088779] ; [294.48088779 263.51911221],1
p7,1,0.0,77.558189,[203  45] ; [268 282],[146.37593985 101.62406015] ; [324.62406015 225.37593985],1
p3,1,0.0,40.090523,[149 104] ; [197 363],[107.67281673 145.32718327] ; [238.32718327 321.67281673],1
p8,1,0.0,35.604209,[155  97] ; [216 339],[115.85130112 136.14869888] ; [255.14869888 299.85130112],1
p2,1,8e-06,19.8912,[223  30] ; [416 144],[198.85239852  54.14760148] ; [440.14760148 119.85239852],1
p9,1,0.000101,15.126967,[219  34] ; [409 141],[197.8630137  55.1369863] ; [430.1369863 119.8630137],1
p10,1,0.003999,8.284124,[204  47] ; [399 157],[187.55018587  63.44981413] ; [415.44981413 140.55018587],0
p11,1,0.076763,3.132129,[195  58] ; [399 162],[184.62162162  68.37837838] ; [409.37837838 151.62162162],0
p1,1,0.088704,2.89773,[ 21 232] ; [ 29 529],[ 15.59802713 237.40197287] ; [ 34.40197287 523.59802713],0
b1,1,0.154989,2.022446,[108 145] ; [210 351],[ 98.83783784 154.16216216] ; [219.16216216 341.83783784],0
