Feature,DoF,P Value,Chi Square,Observed,Expected,Is Significant
p4,1,0.0,41.768542,[227  34] ; [72 53],[202.17357513  58.82642487] ; [96.82642487 28.17357513],1
p5,1,0.000265,13.304843,[ 61 200] ; [ 10 115],[ 48.00777202 212.99222798] ; [ 22.99222798 102.00777202],1
p6,1,0.000436,12.370246,[156 101] ; [52 73],[139.93717277 117.06282723] ; [68.06282723 56.93717277],1
p9,1,0.002227,9.352037,[240  21] ; [100  23],[231.09375  29.90625] ; [108.90625  14.09375],0
p10,1,0.002351,9.252747,[238  22] ; [101  24],[228.93506494  31.06493506] ; [110.06493506  14.93506494],0
p12,1,0.009884,6.655671,[ 35 225] ; [  6 119],[ 27.68831169 232.31168831] ; [ 13.31168831 111.68831169],0
p1,1,0.072438,3.226895,[ 35 224] ; [  9 115],[ 29.75456919 229.24543081] ; [ 14.24543081 109.75456919],0
p2,1,0.423633,0.640215,[243  17] ; [114  11],[241.09090909  18.90909091] ; [115.90909091   9.09090909],0
p11,1,0.480035,0.498784,[232  29] ; [108  17],[229.89637306  31.10362694] ; [110.10362694  14.89637306],0
b1,1,0.914941,0.011408,[105 156] ; [51 74],[105.48186528 155.51813472] ; [50.51813472 74.48186528],0
