Feature,DoF,P Value,Chi Square,Observed,Expected,Is Significant
p8,1,0.000336,12.858051,[6 3] ; [53  1],[8.42857143 0.57142857] ; [50.57142857  3.42857143],1
p2,1,0.002331,9.268966,[6 3] ; [52  2],[8.28571429 0.71428571] ; [49.71428571  4.28571429],0
p4,1,0.00789,7.058333,[7 2] ; [53  1],[8.57142857 0.42857143] ; [51.42857143  2.57142857],0
p10,1,0.034919,4.449153,[7 2] ; [52  2],[8.42857143 0.57142857] ; [50.57142857  3.42857143],0
p1,1,0.105579,2.61918,[1 8] ; [21 33],[3.14285714 5.85714286] ; [18.85714286 35.14285714],0
p12,1,0.105579,2.61918,[1 8] ; [21 33],[3.14285714 5.85714286] ; [18.85714286 35.14285714],0
p9,1,0.142418,2.151639,[8 1] ; [53  1],[8.71428571 0.28571429] ; [52.28571429  1.71428571],0
p11,1,0.251943,1.3125,[7 2] ; [49  5],[8. 1.] ; [48.  6.],0
p7,1,0.279226,1.170852,[7 1] ; [52  2],[7.61290323 0.38709677] ; [51.38709677  2.61290323],0
b1,1,0.293114,1.105263,[5 4] ; [20 34],[3.57142857 5.42857143] ; [21.42857143 32.57142857],0
