Feature,DoF,P Value,Chi Square,Observed,Expected,Is Significant
p2,1,2.9e-05,17.492778,[38  2] ; [2 4],[34.7826087  5.2173913] ; [5.2173913 0.7826087],1
p7,1,0.00098,10.864286,[34  6] ; [1 4],[31.11111111  8.88888889] ; [3.88888889 1.11111111],1
p3,1,0.013358,6.121099,[33  8] ; [2 4],[30.53191489 10.46808511] ; [4.46808511 1.53191489],0
p6,1,0.039473,4.240385,[24 15] ; [1 5],[21.66666667 17.33333333] ; [3.33333333 2.66666667],0
p10,1,0.106014,2.612664,[37  4] ; [4 2],[35.76595745  5.23404255] ; [5.23404255 0.76595745],0
p9,1,0.196042,1.67162,[39  2] ; [4 1],[38.32608696  2.67391304] ; [4.67391304 0.32608696],0
p8,1,0.371723,0.797897,[32  9] ; [3 2],[31.19565217  9.80434783] ; [3.80434783 1.19565217],0
p1,1,0.767681,0.087267,[ 9 32] ; [1 5],[ 8.72340426 32.27659574] ; [1.27659574 4.72340426],0
