Feature,DoF,P Value,Chi Square,Observed,Expected,Is Significant
p6,1,6e-06,20.469925,[ 2 12] ; [58 18],[9.33333333 4.66666667] ; [50.66666667 25.33333333],1
p8,1,0.001081,10.682866,[7 7] ; [67 10],[11.38461538  2.61538462] ; [62.61538462 14.38461538],0
p11,1,0.012742,6.204545,[9 5] ; [69  8],[12.  2.] ; [66. 11.],0
p1,1,0.337419,0.920214,[6 8] ; [23 54],[4.46153846 9.53846154] ; [24.53846154 52.46153846],0
p10,1,0.429955,0.622946,[12  2] ; [71  6],[12.76923077  1.23076923] ; [70.23076923  6.76923077],0
p12,1,0.52013,0.413636,[ 3 11] ; [23 54],[ 4. 10.] ; [22. 55.],0
p3,1,0.901404,0.015348,[12  2] ; [65 12],[11.84615385  2.15384615] ; [65.15384615 11.84615385],0
p2,1,0.923101,0.009318,[13  1] ; [70  6],[12.91111111  1.08888889] ; [70.08888889  5.91111111],0
b1,1,0.928241,0.008111,[6 8] ; [34 43],[6.15384615 7.84615385] ; [33.84615385 43.15384615],0
