Feature,DoF,P Value,Chi Square,Observed,Expected,Is Significant
p10,1,0.005817,7.60611,[18  1] ; [188 107],[12.46496815  6.53503185] ; [193.53503185 101.46496815],0
p11,1,0.020613,5.3592,[17  2] ; [190 110],[12.32915361  6.67084639] ; [194.67084639 105.32915361],0
p5,1,0.050228,3.833836,[ 3 16] ; [ 15 282],[ 1.08227848 17.91772152] ; [ 16.91772152 280.08227848],0
p4,1,0.101296,2.685026,[10  9] ; [102 197],[ 6.6918239 12.3081761] ; [105.3081761 193.6918239],0
p3,1,0.109646,2.559316,[ 8 11] ; [ 76 223],[ 5.01886792 13.98113208] ; [ 78.98113208 220.01886792],0
b1,1,0.246966,1.340383,[ 5 14] ; [119 181],[ 7.38557994 11.61442006] ; [116.61442006 183.38557994],0
p8,1,0.556063,0.346566,[ 3 16] ; [ 64 234],[ 4.01577287 14.98422713] ; [ 62.98422713 235.01577287],0
p1,1,0.656273,0.198083,[ 2 17] ; [ 23 276],[ 1.49371069 17.50628931] ; [ 23.50628931 275.49371069],0
p2,1,0.942641,0.005177,[12  7] ; [187 113],[11.85266458  7.14733542] ; [187.14733542 112.85266458],0
