Feature,DoF,P Value,Chi Square,Observed,Expected,Is Significant
p2,1,0.338352,0.916667,[9 2] ; [7 4],[8. 3.] ; [8. 3.],0
p1,1,0.375399,0.785714,[5 6] ; [3 8],[4. 7.] ; [4. 7.],0
p11,1,0.375399,0.785714,[6 5] ; [8 3],[7. 4.] ; [7. 4.],0
p12,1,0.475533,0.509091,[2 8] ; [ 1 10],[1.42857143 8.57142857] ; [1.57142857 9.42857143],0
p10,1,0.59256,0.286364,[9 2] ; [9 1],[9.42857143 1.57142857] ; [8.57142857 1.42857143],0
p3,1,0.664558,0.188034,[6 5] ; [7 4],[6.5 4.5] ; [6.5 4.5],0
b1,1,0.669815,0.181818,[5 6] ; [6 5],[5.5 5.5] ; [5.5 5.5],0
p4,1,0.757354,0.095455,[7 4] ; [7 3],[7.33333333 3.66666667] ; [6.66666667 3.33333333],0
