,Feature,DoF,P Value,Chi Square,Observed,Expected,Is Significant
1,p9,1,0.0,39.077408,[1 2] ; [87  1],[2.9010989 0.0989011] ; [85.0989011  2.9010989],1
0,p2,1,7.9e-05,15.582977,[1 3] ; [79  8],[3.51648352 0.48351648] ; [76.48351648 10.51648352],1
