,Feature,DoF,P Value,Chi Square,Observed,Expected,Is Significant
4,p8,1,0.0,105.559976,[ 18 117] ; [70 14],[54.24657534 80.75342466] ; [33.75342466 50.24657534],1
1,p3,1,0.0,97.188235,[ 25 109] ; [73 11],[60.23853211 73.76146789] ; [37.76146789 46.23853211],1
2,p6,1,0.0,70.685751,[ 16 117] ; [56 27],[44.33333333 88.66666667] ; [27.66666667 55.33333333],1
3,p7,1,0.0,70.021199,[34 98] ; [70 13],[63.85116279 68.14883721] ; [40.14883721 42.85116279],1
5,p9,1,0.0,49.290012,[65 63] ; [81  3],[88.1509434 39.8490566] ; [57.8490566 26.1509434],1
6,p10,1,0.0,48.902437,[63 69] ; [79  5],[86.77777778 45.22222222] ; [55.22222222 28.77777778],1
7,p11,1,0.0,33.391293,[63 72] ; [72 12],[83.21917808 51.78082192] ; [51.78082192 32.21917808],1
8,p12,1,4e-06,21.35926,[  7 127] ; [23 61],[ 18.44036697 115.55963303] ; [11.55963303 72.44036697],1
0,p1,1,1.2e-05,19.144058,[ 14 121] ; [29 55],[ 26.50684932 108.49315068] ; [16.49315068 67.50684932],1
