,Feature,DoF,P Value,Chi Square,Observed,Expected,Is Significant
1,p9,1,9e-06,19.626914,[266  63] ; [114  67],[245.1372549  83.8627451] ; [134.8627451  46.1372549],1
2,p11,1,2.5e-05,17.783723,[259  80] ; [110  77],[237.81558935 101.18441065] ; [131.18441065  55.81558935],1
0,p2,1,8.7e-05,15.391498,[264  73] ; [116  70],[244.85659656  92.14340344] ; [135.14340344  50.85659656],1
