,Feature,DoF,P Value,Chi Square,Observed,Expected,Is Significant
0,b2,1,0.000144,14.445579,[119 184] ; [12  1],[125.61075949 177.38924051] ; [5.38924051 7.61075949],1
1,b3,1,0.000144,14.445579,[119 184] ; [12  1],[125.61075949 177.38924051] ; [5.38924051 7.61075949],1
2,a1,1,0.000239,13.495471,[ 16 469] ; [ 3 10],[ 18.50401606 466.49598394] ; [ 0.49598394 12.50401606],1
4,s8,1,0.000345,12.807052,[204 277] ; [12  1],[210.31578947 270.68421053] ; [5.68421053 7.31578947],1
3,a2,1,0.000367,12.693715,[ 99 386] ; [8 5],[104.20682731 380.79317269] ; [ 2.79317269 10.20682731],1
