,Feature,DoF,P Value,Chi Square,Observed,Expected,Is Significant
0,p8,1,0.00058,11.84006,[ 83 234] ; [11  6],[ 89.21556886 227.78443114] ; [ 4.78443114 12.21556886],1
