,Feature,DoF,P Value,Chi Square,Observed,Expected,Is Significant
0,p9,1,0.0,25.750239,[497  84] ; [693  45],[524.17740713  56.82259287] ; [665.82259287  72.17740713],1
