,Feature,DoF,P Value,Chi Square,Observed,Expected,Is Significant
1,p3,1,0.0,80.40025,[ 25 190] ; [75 58],[ 61.7816092 153.2183908] ; [38.2183908 94.7816092],1
0,p2,1,8e-06,20.046499,[120  96] ; [106  28],[139.47428571  76.52571429] ; [86.52571429 47.47428571],1
2,p6,1,0.00017,14.139912,[ 18 197] ; [ 30 102],[ 29.74063401 185.25936599] ; [ 18.25936599 113.74063401],1
