,Feature,DoF,P Value,Chi Square,Observed,Expected,Is Significant
4,p10,1,0.0,58.503841,[550  76] ; [91 57],[518.43152455 107.56847545] ; [122.56847545  25.43152455],1
3,p9,1,0.0,35.014575,[563  62] ; [106  42],[540.91203105  84.08796895] ; [128.08796895  19.91203105],1
2,p8,1,0.0,25.378962,[379 242] ; [57 92],[351.63116883 269.36883117] ; [84.36883117 64.63116883],1
0,b1,1,6.4e-05,15.972392,[214 418] ; [78 74],[235.3877551 396.6122449] ; [56.6122449 95.3877551],1
1,p7,1,0.00059,11.806134,[438 179] ; [84 65],[420.46214099 196.53785901] ; [101.53785901  47.46214099],1
