,Feature,DoF,P Value,Chi Square,Observed,Expected,Is Significant
0,p4,1,5e-06,20.996945,[172  18] ; [110  44],[155.75581395  34.24418605] ; [126.24418605  27.75581395],1
1,p5,1,9.4e-05,15.248644,[ 52 138] ; [ 16 137],[ 37.66763848 152.33236152] ; [ 30.33236152 122.66763848],1
2,p8,1,0.000437,12.365022,[156  33] ; [101  52],[142.02631579  46.97368421] ; [114.97368421  38.02631579],1
3,p12,1,0.000471,12.227575,[ 31 157] ; [  7 147],[ 20.88888889 167.11111111] ; [ 17.11111111 136.88888889],1
