,Feature,DoF,P Value,Chi Square,Observed,Expected,Is Significant
0,p9,1,0.0,58.178884,[18 26] ; [137  11],[35.52083333  8.47916667] ; [119.47916667  28.52083333],1
1,p11,1,0.000146,14.418226,[20 24] ; [112  36],[30.25 13.75] ; [101.75  46.25],1
