,Feature,DoF,P Value,Chi Square,Observed,Expected,Is Significant
0,p4,1,0.0,69.499972,[83 77] ; [241  33],[119.44700461  40.55299539] ; [204.55299539  69.44700461],1
2,p6,1,0.0,28.600916,[ 52 109] ; [158 110],[78.81118881 82.18881119] ; [131.18881119 136.81118881],1
3,p7,1,5e-06,20.900781,[114  43] ; [243  28],[130.95560748  26.04439252] ; [226.04439252  44.95560748],1
1,p5,1,7e-06,20.064757,[ 11 150] ; [ 65 209],[ 28.12873563 132.87126437] ; [ 47.87126437 226.12873563],1
