,Feature,DoF,P Value,Chi Square,Observed,Expected,Is Significant
0,p8,1,0.000429,12.399373,[122 283] ; [16  9],[129.97674419 275.02325581] ; [ 8.02325581 16.97674419],1
