,Feature,DoF,P Value,Chi Square,Observed,Expected,Is Significant
0,p3,1,0.000131,14.621049,[146 107] ; [19 43],[132.52380952 120.47619048] ; [32.47619048 29.52380952],1
