,Feature,DoF,P Value,Chi Square,Observed,Expected,Is Significant
0,b2,1,5e-05,16.442051,[12  1] ; [ 57 105],[5.12571429 7.87428571] ; [63.87428571 98.12571429],1
1,b3,1,5e-05,16.442051,[12  1] ; [ 57 105],[5.12571429 7.87428571] ; [63.87428571 98.12571429],1
