,Feature,DoF,P Value,Chi Square,Observed,Expected,Is Significant
1,p3,1,0.0,113.002527,[ 63 214] ; [73 11],[104.35457064 172.64542936] ; [31.64542936 52.35457064],1
2,p6,1,0.0,72.400787,[ 50 220] ; [56 27],[ 81.07648725 188.92351275] ; [24.92351275 58.07648725],1
0,p1,1,0.0,57.857959,[ 12 263] ; [29 55],[ 31.40668524 243.59331476] ; [ 9.59331476 74.40668524],1
4,p8,1,0.0,51.483465,[104 166] ; [70 14],[132.71186441 137.28813559] ; [41.28813559 42.71186441],1
7,p12,1,0.0,43.267248,[ 10 264] ; [23 61],[ 25.25698324 248.74301676] ; [ 7.74301676 76.25698324],1
3,p7,1,1e-06,24.637011,[144 123] ; [70 13],[163.25142857 103.74857143] ; [50.74857143 32.25142857],1
6,p10,1,0.000183,14.001431,[207  68] ; [79  5],[219.08077994  55.91922006] ; [66.91922006 17.08077994],1
5,p9,1,0.000858,11.110766,[222  50] ; [81  3],[231.50561798  40.49438202] ; [71.49438202 12.50561798],1
