,Feature,DoF,P Value,Chi Square,Observed,Expected,Is Significant
0,p7,1,0.0,50.363372,[52 14] ; [34 98],[28.66666667 37.33333333] ; [57.33333333 74.66666667],1
1,p8,1,0.0,32.366607,[33 32] ; [ 18 117],[16.575 48.425] ; [ 34.425 100.575],1
2,p9,1,5e-06,20.983923,[55 10] ; [65 63],[40.41450777 24.58549223] ; [79.58549223 48.41450777],1
4,p11,1,2.9e-05,17.487652,[52 15] ; [63 72],[38.14356436 28.85643564] ; [76.85643564 58.14356436],1
3,p10,1,0.000228,13.581179,[49 16] ; [63 69],[36.95431472 28.04568528] ; [75.04568528 56.95431472],1
