,Feature,DoF,P Value,Chi Square,Observed,Expected,Is Significant
2,p9,1,0.0,26.821404,[15 11] ; [81  3],[22.69090909  3.30909091] ; [73.30909091 10.69090909],1
1,p8,1,0.0,26.593729,[ 8 18] ; [70 14],[18.43636364  7.56363636] ; [59.56363636 24.43636364],1
3,p10,1,0.000127,14.685524,[17  9] ; [79  5],[22.69090909  3.30909091] ; [73.30909091 10.69090909],1
0,p6,1,0.000259,13.344207,[ 7 19] ; [56 27],[15.02752294 10.97247706] ; [47.97247706 35.02752294],1
4,p11,1,0.000586,11.820854,[14 12] ; [72 12],[20.32727273  5.67272727] ; [65.67272727 18.32727273],1
