,Feature,DoF,P Value,Chi Square,Observed,Expected,Is Significant
0,p1,1,1.4e-05,18.901142,[13 28] ; [ 21 232],[ 4.7414966 36.2585034] ; [ 29.2585034 223.7414966],1
1,p8,1,0.00033,12.890834,[37  4] ; [155  97],[26.8668942 14.1331058] ; [165.1331058  86.8668942],1
