,Feature,DoF,P Value,Chi Square,Observed,Expected,Is Significant
1,p4,1,0.0,71.250359,[ 66 120] ; [160  46],[107.23469388  78.76530612] ; [118.76530612  87.23469388],1
2,p6,1,0.0,39.71769,[ 39 144] ; [106  96],[ 68.92207792 114.07792208] ; [ 76.07792208 125.92207792],1
3,p7,1,0.0,28.012731,[89 93] ; [153  51],[114.10362694  67.89637306] ; [127.89637306  76.10362694],1
0,p2,1,0.0,27.102924,[116  70] ; [175  30],[138.42966752  47.57033248] ; [152.57033248  52.42966752],1
4,p8,1,8e-06,20.022,[ 66 118] ; [119  84],[87.95865633 96.04134367] ; [ 97.04134367 105.95865633],1
5,p9,1,3.1e-05,17.33814,[114  67] ; [167  37],[132.10649351  48.89350649] ; [148.89350649  55.10649351],1
6,p10,1,0.00018,14.033132,[114  69] ; [163  42],[130.64690722  52.35309278] ; [146.35309278  58.64690722],1
