,Feature,DoF,P Value,Chi Square,Observed,Expected,Is Significant
0,p4,1,0.0,45.588898,[ 61 149] ; [57 21],[ 86.04166667 123.95833333] ; [31.95833333 46.04166667],1
