,Feature,DoF,P Value,Chi Square,Observed,Expected,Is Significant
0,p6,1,0.000162,14.226239,[ 4 17] ; [37 18],[11.32894737  9.67105263] ; [29.67105263 25.32894737],1
