,Feature,DoF,P Value,Chi Square,Observed,Expected,Is Significant
3,p8,1,0.0,102.775926,[70 14] ; [ 13 101],[35.21212121 48.78787879] ; [47.78787879 66.21212121],1
2,p7,1,0.0,85.623249,[70 13] ; [19 91],[38.2746114 44.7253886] ; [50.7253886 59.2746114],1
1,p6,1,0.0,73.624392,[56 27] ; [ 10 103],[27.94897959 55.05102041] ; [38.05102041 74.94897959],1
5,p10,1,0.0,49.785232,[79  5] ; [51 60],[56. 28.] ; [74. 37.],1
4,p9,1,0.0,46.530221,[81  3] ; [55 52],[59.81151832 24.18848168] ; [76.18848168 30.81151832],1
6,p11,1,0.0,30.731472,[72 12] ; [54 60],[53.45454545 30.54545455] ; [72.54545455 41.45454545],1
0,p1,1,7e-06,20.277082,[29 55] ; [ 10 104],[16.54545455 67.45454545] ; [22.45454545 91.54545455],1
7,p12,1,4.3e-05,16.75309,[23 61] ; [  7 106],[12.79187817 71.20812183] ; [17.20812183 95.79187817],1
