,Feature,DoF,P Value,Chi Square,Observed,Expected,Is Significant
0,p8,1,1.3e-05,19.053729,[ 22 120] ; [9 5],[ 28.21794872 113.78205128] ; [ 2.78205128 11.21794872],1
