,Feature,DoF,P Value,Chi Square,Observed,Expected,Is Significant
0,p1,1,0.0,62.780071,[ 39 646] ; [26 57],[ 57.97526042 627.02473958] ; [ 7.02473958 75.97526042],1
5,p12,1,0.0,59.040617,[ 35 649] ; [24 59],[ 52.61538462 631.38461538] ; [ 6.38461538 76.61538462],1
1,p4,1,0.0,37.732126,[408 277] ; [78  5],[433.4765625 251.5234375] ; [52.5234375 30.4765625],1
2,p6,1,0.0,29.493208,[241 437] ; [54 27],[263.51778656 414.48221344] ; [31.48221344 49.51778656],1
4,p8,1,0.0,26.192511,[360 316] ; [68 14],[381.69920844 294.30079156] ; [46.30079156 35.69920844],1
3,p7,1,0.000947,10.927533,[445 228] ; [69 13],[458.17483444 214.82516556] ; [55.82516556 26.17483444],1
