,Feature,DoF,P Value,Chi Square,Observed,Expected,Is Significant
3,p6,1,0.0,78.109643,[ 37 180] ; [183 151],[ 86.64246824 130.35753176] ; [133.35753176 200.64246824],1
5,p8,1,0.0,69.279827,[ 77 137] ; [241  94],[123.95628415  90.04371585] ; [194.04371585 140.95628415],1
4,p7,1,0.0,62.953063,[ 98 112] ; [265  68],[140.38674033  69.61325967] ; [222.61325967 110.38674033],1
2,p5,1,0.0,39.531573,[  6 214] ; [ 73 262],[ 31.31531532 188.68468468] ; [ 47.68468468 287.31531532],1
1,p1,1,4e-06,21.397674,[  4 215] ; [ 44 291],[ 18.97472924 200.02527076] ; [ 29.02527076 305.97472924],1
7,p10,1,9e-06,19.614869,[166  53] ; [300  34],[184.54611212  34.45388788] ; [281.45388788  52.54611212],1
6,p9,1,0.000245,13.449159,[176  40] ; [308  27],[189.73502722  26.26497278] ; [294.26497278  40.73502722],1
8,p12,1,0.000395,12.556063,[  8 210] ; [ 42 294],[ 19.67509025 198.32490975] ; [ 30.32490975 305.67509025],1
0,b1,1,0.000436,12.369752,[ 61 160] ; [142 194],[ 80.54398564 140.45601436] ; [122.45601436 213.54398564],1
