,Feature,DoF,P Value,Chi Square,Observed,Expected,Is Significant
0,p7,1,0.000106,15.026622,[35  8] ; [26 34],[25.46601942 17.53398058] ; [35.53398058 24.46601942],1
