,Feature,DoF,P Value,Chi Square,Observed,Expected,Is Significant
0,p9,1,3e-06,21.791934,[3 3] ; [74  2],[5.63414634 0.36585366] ; [71.36585366  4.63414634],1
1,p10,1,0.000559,11.908517,[3 3] ; [71  5],[5.41463415 0.58536585] ; [68.58536585  7.41463415],1
