,Feature,DoF,P Value,Chi Square,Observed,Expected,Is Significant
0,p1,1,3.9e-05,16.934365,[ 16 212] ; [ 6 10],[ 20.55737705 207.44262295] ; [ 1.44262295 14.55737705],1
1,p4,1,0.000417,12.45639,[ 91 136] ; [13  2],[ 97.55371901 129.44628099] ; [6.44628099 8.55371901],1
