,Feature,DoF,P Value,Chi Square,Observed,Expected,Is Significant
0,p7,1,2e-05,18.184682,[16 18] ; [265  68],[26.03269755  7.96730245] ; [254.96730245  78.03269755],1
2,p10,1,0.00017,14.13575,[23 11] ; [300  34],[29.8423913  4.1576087] ; [293.1576087  40.8423913],1
1,p9,1,0.000566,11.88373,[25  9] ; [308  27],[30.68292683  3.31707317] ; [302.31707317  32.68292683],1
