,Feature,DoF,P Value,Chi Square,Observed,Expected,Is Significant
1,p9,1,0.0,38.517292,[283 105] ; [648  91],[320.52173913  67.47826087] ; [610.47826087 128.52173913],1
2,p10,1,0.0,32.03307,[279 111] ; [632 107],[314.69441984  75.30558016] ; [596.30558016 142.69441984],1
0,p2,1,1.1e-05,19.408583,[292 100] ; [632 110],[319.40740741  72.59259259] ; [604.59259259 137.40740741],1
