,Feature,DoF,P Value,Chi Square,Observed,Expected,Is Significant
0,p1,1,0.000302,13.058157,[ 29 337] ; [ 7 16],[ 33.8714653 332.1285347] ; [ 2.1285347 20.8714653],1
1,p6,1,0.000942,10.938439,[127 234] ; [16  7],[134.43489583 226.56510417] ; [ 8.56510417 14.43489583],1
