,Feature,DoF,P Value,Chi Square,Observed,Expected,Is Significant
6,p9,1,0.0,33.339,[29 33] ; [207  45],[46.59872611 15.40127389] ; [189.40127389  62.59872611],1
2,p3,1,0.0,31.009012,[12 52] ; [146 107],[31.89905363 32.10094637] ; [126.10094637 126.89905363],1
5,p8,1,4e-06,21.491043,[17 46] ; [149 101],[33.41214058 29.58785942] ; [132.58785942 117.41214058],1
4,p7,1,1.3e-05,19.081519,[27 36] ; [180  70],[41.66453674 21.33546326] ; [165.33546326  84.66453674],1
3,p4,1,2.1e-05,18.127863,[22 42] ; [162  92],[37.03144654 26.96855346] ; [146.96855346 107.03144654],1
0,a5,1,0.00036,12.731191,[35 29] ; [197  59],[46.4 17.6] ; [185.6  70.4],1
1,n5,1,0.000947,10.929145,[38 26] ; [203  53],[48.2 15.8] ; [192.8  63.2],1
