,Feature,DoF,P Value,Chi Square,Observed,Expected,Is Significant
0,p1,1,0.0,72.823263,[26 52] ; [ 12 348],[ 6.76712329 71.23287671] ; [ 31.23287671 328.76712329],1
4,p12,1,0.0,66.970936,[24 54] ; [ 11 349],[ 6.23287671 71.76712329] ; [ 28.76712329 331.23287671],1
1,p6,1,0.0,50.242145,[53 24] ; [ 95 262],[26.25806452 50.74193548] ; [121.74193548 235.25806452],1
3,p8,1,0.0,45.058106,[66 12] ; [150 202],[39.18139535 38.81860465] ; [176.81860465 175.18139535],1
2,p7,1,2e-06,22.222071,[65 12] ; [194 156],[46.70491803 30.29508197] ; [212.29508197 137.70491803],1
