,Feature,DoF,P Value,Chi Square,Observed,Expected,Is Significant
0,p2,1,0.000111,14.933135,[75 28] ; [52 59],[61.12616822 41.87383178] ; [65.87383178 45.12616822],1
