,Feature,DoF,P Value,Chi Square,Observed,Expected,Is Significant
0,p9,1,1e-06,24.278216,[600  31] ; [631  91],[574.10273466  56.89726534] ; [656.89726534  65.10273466],1
