,Feature,DoF,P Value,Chi Square,Observed,Expected,Is Significant
0,p5,1,0.0,46.571763,[19 15] ; [ 32 260],[ 5.3190184 28.6809816] ; [ 45.6809816 246.3190184],1
