,Feature,DoF,P Value,Chi Square,Observed,Expected,Is Significant
0,p9,1,0.0,35.637138,[497  84] ; [457  17],[525.37819905  55.62180095] ; [428.62180095  45.37819905],1
