,Feature,DoF,P Value,Chi Square,Observed,Expected,Is Significant
0,p9,1,1e-06,24.37351,[257 104] ; [457  82],[286.39333333  74.60666667] ; [427.60666667 111.39333333],1
1,p11,1,6e-06,20.64654,[241 126] ; [433 114],[270.63238512  96.36761488] ; [403.36761488 143.63238512],1
