,Feature,DoF,P Value,Chi Square,Observed,Expected,Is Significant
1,p10,1,0.0,128.236227,[12 77] ; [160  30],[54.86738351 34.13261649] ; [117.13261649  72.86738351],1
2,p11,1,0.0,32.133463,[37 53] ; [144  46],[58.17857143 31.82142857] ; [122.82142857  67.17857143],1
0,p2,1,0.0,27.290448,[34 56] ; [134  56],[54. 36.] ; [114.  76.],1
