,Feature,DoF,P Value,Chi Square,Observed,Expected,Is Significant
7,p9,1,0.0,100.383954,[693  45] ; [271 104],[639.20215633  98.79784367] ; [324.79784367  50.20215633],1
8,p11,1,0.0,42.323277,[618 122] ; [256 129],[574.89777778 165.10222222] ; [299.10222222  85.89777778],1
5,n6,1,0.0,25.341638,[632 102] ; [283 100],[601.26230976 132.73769024] ; [313.73769024  69.26230976],1
4,r4,1,6e-06,20.402756,[664  76] ; [308  77],[639.36 100.64] ; [332.64  52.36],1
3,r3,1,7e-06,20.103775,[700  36] ; [335  47],[681.35957066  54.64042934] ; [353.64042934  28.35957066],1
6,p2,1,1.5e-05,18.691961,[629 107] ; [284  95],[602.66188341 133.33811659] ; [310.33811659  68.66188341],1
1,v4,1,0.000128,14.673531,[701  33] ; [342  40],[685.9874552  48.0125448] ; [357.0125448  24.9874552],1
2,r2,1,0.000351,12.777117,[689  42] ; [336  45],[673.80845324  57.19154676] ; [351.19154676  29.80845324],1
0,a7,1,0.000483,12.178549,[539 199] ; [241 142],[513.50579839 224.49420161] ; [266.49420161 116.50579839],1
