,Feature,DoF,P Value,Chi Square,Observed,Expected,Is Significant
6,p9,1,0.0,33.339,[207  45] ; [29 33],[189.40127389  62.59872611] ; [46.59872611 15.40127389],1
2,p3,1,0.0,31.009012,[146 107] ; [12 52],[126.10094637 126.89905363] ; [31.89905363 32.10094637],1
5,p8,1,4e-06,21.491043,[149 101] ; [17 46],[132.58785942 117.41214058] ; [33.41214058 29.58785942],1
4,p7,1,1.3e-05,19.081519,[180  70] ; [27 36],[165.33546326  84.66453674] ; [41.66453674 21.33546326],1
3,p4,1,2.1e-05,18.127863,[162  92] ; [22 42],[146.96855346 107.03144654] ; [37.03144654 26.96855346],1
0,a5,1,0.00036,12.731191,[197  59] ; [35 29],[185.6  70.4] ; [46.4 17.6],1
1,n5,1,0.000947,10.929145,[203  53] ; [38 26],[192.8  63.2] ; [48.2 15.8],1
