,Feature,DoF,P Value,Chi Square,Observed,Expected,Is Significant
3,p7,1,0.0,40.487965,[41 63] ; [447 181],[69.33333333 34.66666667] ; [418.66666667 209.33333333],1
1,p4,1,0.0,36.064853,[38 68] ; [425 215],[65.78820375 40.21179625] ; [397.21179625 242.78820375],1
4,p8,1,0.0,33.737966,[33 76] ; [381 252],[60.81671159 48.18328841] ; [353.18328841 279.81671159],1
5,p11,1,0.000471,12.227379,[79 30] ; [550  91],[91.41466667 17.58533333] ; [537.58533333 103.41466667],1
2,p6,1,0.000543,11.962253,[25 83] ; [258 377],[41.1359354 66.8640646] ; [241.8640646 393.1359354],1
0,p3,1,0.000762,11.330527,[40 68] ; [349 291],[56.1657754 51.8342246] ; [332.8342246 307.1657754],1
