,Feature,DoF,P Value,Chi Square,Observed,Expected,Is Significant
5,p7,1,0.0,83.629118,[242  36] ; [245 207],[185.46027397  92.53972603] ; [301.53972603 150.46027397],1
3,p4,1,0.0,83.505829,[234  48] ; [227 232],[175.44129555 106.55870445] ; [285.55870445 173.44129555],1
2,p3,1,0.0,48.334018,[193  89] ; [194 266],[147.08086253 134.91913747] ; [239.91913747 220.08086253],1
6,p8,1,0.0,45.853964,[202  80] ; [211 246],[157.59945873 124.40054127] ; [255.40054127 201.59945873],1
4,p5,1,0.0,28.518284,[ 60 223] ; [ 35 421],[ 36.38024357 246.61975643] ; [ 58.61975643 397.38024357],1
7,p12,1,6.8e-05,15.86292,[ 41 241] ; [ 27 434],[ 25.80888291 256.19111709] ; [ 42.19111709 418.80888291],1
1,p2,1,0.000543,11.962253,[258  25] ; [377  83],[241.8640646  41.1359354] ; [393.1359354  66.8640646],1
0,p1,1,0.000847,11.13557,[ 39 243] ; [ 30 431],[ 26.1884253 255.8115747] ; [ 42.8115747 418.1884253],1
