,Feature,DoF,P Value,Chi Square,Observed,Expected,Is Significant
0,p6,1,0.000736,11.397179,[15 47] ; [191 215],[27.29059829 34.70940171] ; [178.70940171 227.29059829],1
