,Feature,DoF,P Value,Chi Square,Observed,Expected,Is Significant
0,p9,1,3.5e-05,17.099881,[107  14] ; [73 38],[93.87931034 27.12068966] ; [86.12068966 24.87931034],1
