,Feature,DoF,P Value,Chi Square,Observed,Expected,Is Significant
0,p12,1,0.000222,13.637755,[3 3] ; [ 2 47],[0.54545455 5.45454545] ; [ 4.45454545 44.54545455],1
