,Feature,DoF,P Value,Chi Square,Observed,Expected,Is Significant
1,p4,1,0.0,27.842286,[269  70] ; [83 65],[245.02669405  93.97330595] ; [106.97330595  41.02669405],1
0,p3,1,0.0,25.965186,[238 101] ; [68 80],[213.00616016 125.99383984] ; [92.99383984 55.00616016],1
3,p11,1,4e-06,21.184197,[310  30] ; [112  36],[294.01639344  45.98360656] ; [127.98360656  20.01639344],1
2,p5,1,0.000165,14.197245,[ 67 273] ; [  9 137],[ 53.16872428 286.83127572] ; [ 22.83127572 123.16872428],1
4,p12,1,0.000996,10.83536,[ 41 298] ; [  4 144],[ 31.32443532 307.67556468] ; [ 13.67556468 134.32443532],1
