,Feature,DoF,P Value,Chi Square,Observed,Expected,Is Significant
0,p6,1,1e-05,19.581997,[15 47] ; [183 151],[31. 31.] ; [167. 167.],1
1,p8,1,0.000772,11.307916,[33 32] ; [241  94],[44.525 20.475] ; [229.475 105.525],1
