,Feature,DoF,P Value,Chi Square,Observed,Expected,Is Significant
0,p7,1,0.000307,13.024304,[60 48] ; [58 13],[71.19553073 36.80446927] ; [46.80446927 24.19553073],1
