,Feature,DoF,P Value,Chi Square,Observed,Expected,Is Significant
0,p1,1,0.000212,13.718797,[  4 215] ; [ 3 14],[  6.49576271 212.50423729] ; [ 0.50423729 16.49576271],1
