,Feature,DoF,P Value,Chi Square,Observed,Expected,Is Significant
0,b2,1,8.5e-05,15.444732,[134 219] ; [12  1],[140.81420765 212.18579235] ; [5.18579235 7.81420765],1
1,b3,1,8.5e-05,15.444732,[134 219] ; [12  1],[140.81420765 212.18579235] ; [5.18579235 7.81420765],1
2,a1,1,9.1e-05,15.306782,[ 18 576] ; [ 3 10],[ 20.55024712 573.44975288] ; [ 0.44975288 12.55024712],1
4,s8,1,0.000133,14.596585,[234 356] ; [12  1],[240.69651741 349.30348259] ; [5.30348259 7.69651741],1
3,a2,1,0.0004,12.532237,[123 471] ; [8 5],[128.19439868 465.80560132] ; [ 2.80560132 10.19439868],1
5,p5,1,0.000449,12.317261,[ 59 528] ; [5 7],[ 62.71786311 524.28213689] ; [ 1.28213689 10.71786311],1
