,Feature,DoF,P Value,Chi Square,Observed,Expected,Is Significant
0,p1,1,0.0,33.100463,[19 47] ; [ 28 402],[ 6.25403226 59.74596774] ; [ 40.74596774 389.25403226],1
