,Feature,DoF,P Value,Chi Square,Observed,Expected,Is Significant
0,p4,1,0.000124,14.736694,[34  6] ; [171 151],[22.6519337 17.3480663] ; [182.3480663 139.6519337],1
