,Feature,DoF,P Value,Chi Square,Observed,Expected,Is Significant
2,p7,1,0.0,33.36152,[190  26] ; [154  84],[163.66519824  52.33480176] ; [180.33480176  57.66519824],1
3,p8,1,0.0,31.560848,[168  48] ; [125 113],[139.40088106  76.59911894] ; [153.59911894  84.40088106],1
0,p4,1,2e-06,22.51616,[196  22] ; [173  66],[176.02188184  41.97811816] ; [192.97811816  46.02188184],1
1,p5,1,0.00021,13.736891,[ 54 164] ; [ 27 209],[ 38.89427313 179.10572687] ; [ 42.10572687 193.89427313],1
