,Feature,DoF,P Value,Chi Square,Observed,Expected,Is Significant
0,p8,1,0.0,32.671821,[209  68] ; [19 34],[191.38181818  85.61818182] ; [36.61818182 16.38181818],1
1,p10,1,0.000273,13.249261,[242  34] ; [36 17],[233.21580547  42.78419453] ; [44.78419453  8.21580547],1
