,Feature,DoF,P Value,Chi Square,Observed,Expected,Is Significant
0,s8,1,0.000859,11.108429,[6 2] ; [25 89],[2.03278689 5.96721311] ; [28.96721311 85.03278689],1
