,Feature,DoF,P Value,Chi Square,Observed,Expected,Is Significant
7,p9,1,0.0,47.361442,[271 104] ; [431  46],[308.97887324  66.02112676] ; [393.02112676  83.97887324],1
5,n6,1,0.0,35.051017,[283 100] ; [427  51],[315.83042973  67.16957027] ; [394.16957027  83.83042973],1
3,r3,1,0.0,28.691375,[335  47] ; [468  14],[355.03009259  26.96990741] ; [447.96990741  34.03009259],1
8,p10,1,0.0,28.537695,[271 106] ; [413  64],[301.95316159  75.04683841] ; [382.04683841  94.95316159],1
6,p2,1,5e-06,20.928548,[284  95] ; [418  62],[309.72991851  69.27008149] ; [392.27008149  87.72991851],1
4,r4,1,6e-06,20.463669,[308  77] ; [440  45],[331.01149425  53.98850575] ; [416.98850575  68.01149425],1
1,v4,1,0.000169,14.151069,[342  40] ; [461  19],[355.85382831  26.14617169] ; [447.14617169  32.85382831],1
0,a7,1,0.000231,13.558101,[241 142] ; [360 123],[265.80023095 117.19976905] ; [335.19976905 147.80023095],1
2,r2,1,0.000275,13.231912,[336  45] ; [454  24],[350.39580908  30.60419092] ; [439.60419092  38.39580908],1
