,Feature,DoF,P Value,Chi Square,Observed,Expected,Is Significant
0,p9,1,0.0,33.140397,[107  14] ; [137  97],[83.16619718 37.83380282] ; [160.83380282  73.16619718],1
