,Feature,DoF,P Value,Chi Square,Observed,Expected,Is Significant
3,p11,1,7e-06,20.30526,[44 24] ; [185  24],[56.2166065 11.7833935] ; [172.7833935  36.2166065],1
0,p3,1,4.5e-05,16.635178,[33 35] ; [156  52],[46.56521739 21.43478261] ; [142.43478261  65.56521739],1
1,p4,1,6.4e-05,15.98552,[46 22] ; [184  24],[56.66666667 11.33333333] ; [173.33333333  34.66666667],1
2,p5,1,7e-05,15.802035,[ 3 65] ; [ 57 152],[14.72924188 53.27075812] ; [ 45.27075812 163.72924188],1
