,Feature,DoF,P Value,Chi Square,Observed,Expected,Is Significant
0,p4,1,3.1e-05,17.325334,[22  3] ; [ 5 14],[15.34090909  9.65909091] ; [11.65909091  7.34090909],1
