,Feature,DoF,P Value,Chi Square,Observed,Expected,Is Significant
3,p4,1,0.0,61.275145,[151  40] ; [176 217],[106.94691781  84.05308219] ; [220.05308219 172.94691781],1
5,p7,1,0.0,54.044966,[151  35] ; [189 197],[110.55944056  75.44055944] ; [229.44055944 156.55944056],1
6,p8,1,0.0,35.748027,[131  60] ; [165 226],[97.14089347 93.85910653] ; [198.85910653 192.14089347],1
4,p5,1,0.0,31.399592,[ 39 153] ; [ 21 372],[ 19.69230769 172.30769231] ; [ 40.30769231 352.69230769],1
2,p3,1,0.0,26.862593,[112  79] ; [143 254],[ 82.83163265 108.16836735] ; [172.16836735 224.83163265],1
7,p9,1,0.000101,15.122429,[180  12] ; [318  71],[164.57142857  27.42857143] ; [333.42857143  55.57142857],1
1,p2,1,0.00068,11.544469,[173  19] ; [311  84],[158.31005111  33.68994889] ; [325.68994889  69.31005111],1
0,p1,1,0.000822,11.189879,[ 27 165] ; [ 23 371],[ 16.38225256 175.61774744] ; [ 33.61774744 360.38225256],1
