,Feature,DoF,P Value,Chi Square,Observed,Expected,Is Significant
1,p12,1,0.0,26.063213,[3 4] ; [  2 104],[0.30973451 6.69026549] ; [  4.69026549 101.30973451],1
0,p5,1,0.000465,12.251133,[3 4] ; [ 6 99],[0.5625 6.4375] ; [ 8.4375 96.5625],1
