,Feature,DoF,P Value,Chi Square,Observed,Expected,Is Significant
1,p4,1,0.0,40.047099,[62 27] ; [ 43 111],[38.45679012 50.54320988] ; [66.54320988 87.45679012],1
2,p6,1,2e-06,22.75684,[40 48] ; [ 26 127],[24.09958506 63.90041494] ; [ 41.90041494 111.09958506],1
3,p7,1,2.4e-05,17.832268,[56 33] ; [53 99],[40.25311203 48.74688797] ; [68.74688797 83.25311203],1
0,p2,1,0.000382,12.617519,[68 21] ; [84 73],[54.99186992 34.00813008] ; [97.00813008 59.99186992],1
4,p8,1,0.00065,11.627651,[39 50] ; [ 35 118],[27.21487603 61.78512397] ; [ 46.78512397 106.21487603],1
