,Feature,DoF,P Value,Chi Square,Observed,Expected,Is Significant
0,p4,1,0.000944,10.9338,[12 26] ; [30 14],[19.46341463 18.53658537] ; [22.53658537 21.46341463],1
