Feature,DoF,P Value,Chi Square,Observed,Expected,Is Significant
p8,1,0.0,75.409481,[ 58 121] ; [183  62],[101.74292453  77.25707547] ; [139.25707547 105.74292453],1
p3,1,0.0,70.87779,[ 62 118] ; [185  61],[104.36619718  75.63380282] ; [142.63380282 103.36619718],1
p5,1,1.6e-05,18.669137,[ 14 167] ; [ 58 188],[ 30.51990632 150.48009368] ; [ 41.48009368 204.51990632],1
b1,1,0.036065,4.39402,[ 55 126] ; [ 99 147],[ 65.27868852 115.72131148] ; [ 88.72131148 157.27868852],0
p12,1,0.036716,4.36355,[ 15 165] ; [ 37 209],[ 21.97183099 158.02816901] ; [ 30.02816901 215.97183099],0
p1,1,0.079942,3.066079,[ 14 167] ; [ 32 213],[ 19.54460094 161.45539906] ; [ 26.45539906 218.54460094],0
p11,1,0.166006,1.918648,[147  34] ; [212  34],[152.17564403  28.82435597] ; [206.82435597  39.17564403],0
