Feature,DoF,P Value,Chi Square,Observed,Expected,Is Significant
p8,1,0.0,27.182328,[23 22] ; [ 6 66],[11.15384615 33.84615385] ; [17.84615385 54.15384615],1
p2,1,4e-06,21.081382,[34 11] ; [23 49],[21.92307692 23.07692308] ; [35.07692308 36.92307692],1
p6,1,1e-05,19.486229,[17 27] ; [ 4 66],[ 8.10526316 35.89473684] ; [12.89473684 57.10526316],1
p5,1,0.008043,7.023799,[ 6 39] ; [ 1 71],[ 2.69230769 42.30769231] ; [ 4.30769231 67.69230769],0
p1,1,0.400115,0.707981,[ 6 39] ; [ 6 65],[ 4.65517241 40.34482759] ; [ 7.34482759 63.65517241],0
p11,1,0.552273,0.353261,[20 25] ; [28 44],[18.46153846 26.53846154] ; [29.53846154 42.46153846],0
b1,1,0.558386,0.342506,[25 20] ; [36 36],[23.46153846 21.53846154] ; [37.53846154 34.46153846],0
