Feature,DoF,P Value,Chi Square,Observed,Expected,Is Significant
p2,1,0.003369,8.596095,[109  12] ; [37 14],[102.70930233  18.29069767] ; [43.29069767  7.70930233],0
p7,1,0.027936,4.832024,[73 44] ; [22 28],[66.55688623 50.44311377] ; [28.44311377 21.55688623],0
p11,1,0.095272,2.782963,[96 26] ; [34 17],[91.67630058 30.32369942] ; [38.32369942 12.67630058],0
p5,1,0.122778,2.381516,[ 10 111] ; [ 1 50],[  7.73837209 113.26162791] ; [ 3.26162791 47.73837209],0
p4,1,0.153796,2.034188,[50 70] ; [15 35],[45.88235294 74.11764706] ; [19.11764706 30.88235294],0
b1,1,0.571918,0.319484,[40 82] ; [19 32],[41.60693642 80.39306358] ; [17.39306358 33.60693642],0
p12,1,0.613713,0.254803,[  3 117] ; [ 2 49],[  3.50877193 116.49122807] ; [ 1.49122807 49.50877193],0
p1,1,0.759977,0.093337,[  6 114] ; [ 2 49],[  5.61403509 114.38596491] ; [ 2.38596491 48.61403509],0
