Feature,DoF,P Value,Chi Square,Observed,Expected,Is Significant
p11,1,1e-06,23.987225,[41 56] ; [94 32],[58.72197309 38.27802691] ; [76.27802691 49.72197309],1
b1,1,0.00059,11.80847,[47 50] ; [33 93],[34.79820628 62.20179372] ; [45.20179372 80.79820628],1
p6,1,0.237969,1.392584,[15 81] ; [ 13 113],[12.10810811 83.89189189] ; [ 15.89189189 110.10810811],0
p8,1,0.257215,1.283683,[17 79] ; [30 95],[20.41628959 75.58371041] ; [26.58371041 98.41628959],0
p5,1,0.457354,0.552363,[ 1 95] ; [  3 123],[ 1.72972973 94.27027027] ; [  2.27027027 123.72972973],0
p12,1,0.605878,0.266221,[ 2 94] ; [  4 120],[ 2.61818182 93.38181818] ; [  3.38181818 120.61818182],0
p1,1,0.637277,0.222322,[ 6 90] ; [  6 119],[ 5.21266968 90.78733032] ; [  6.78733032 118.21266968],0
