Feature,DoF,P Value,Chi Square,Observed,Expected,Is Significant
p9,1,0.0,55.237906,[18 20] ; [196  15],[32.65863454  5.34136546] ; [181.34136546  29.65863454],1
p11,1,0.001113,10.628726,[26 12] ; [187  24],[32.5060241  5.4939759] ; [180.4939759  30.5060241],0
b1,1,0.061362,3.50019,[19 19] ; [ 72 139],[13.8875502 24.1124498] ; [ 77.1124498 133.8875502],0
p3,1,0.202489,1.624327,[16 22] ; [112  98],[19.61290323 18.38709677] ; [108.38709677 101.61290323],0
p1,1,0.204001,1.613498,[ 6 32] ; [ 19 191],[ 3.83064516 34.16935484] ; [ 21.16935484 188.83064516],0
p7,1,0.44317,0.58806,[26 12] ; [154  53],[27.91836735 10.08163265] ; [152.08163265  54.91836735],0
p5,1,0.692335,0.15657,[ 3 35] ; [ 21 190],[ 3.6626506 34.3373494] ; [ 20.3373494 190.6626506],0
p4,1,0.927465,0.008287,[24 14] ; [131  79],[23.75 14.25] ; [131.25  78.75],0
