Feature,DoF,P Value,Chi Square,Observed,Expected,Is Significant
p11,1,0.005341,7.760302,[53 23] ; [24 29],[45.36434109 30.63565891] ; [31.63565891 21.36434109],0
p6,1,0.340139,0.909906,[15 61] ; [14 38],[17.21875 58.78125] ; [11.78125 40.21875],0
p1,1,0.392899,0.729951,[11 65] ; [ 5 48],[ 9.42635659 66.57364341] ; [ 6.57364341 46.42635659],0
p5,1,0.729369,0.119691,[ 7 67] ; [ 4 48],[ 6.46031746 67.53968254] ; [ 4.53968254 47.46031746],0
b1,1,0.751712,0.100098,[38 38] ; [28 25],[38.88372093 37.11627907] ; [27.11627907 25.88372093],0
p2,1,0.879059,0.023153,[54 22] ; [37 16],[53.6124031 22.3875969] ; [37.3875969 15.6124031],0
