Feature,DoF,P Value,Chi Square,Observed,Expected,Is Significant
p10,1,4e-06,21.090453,[17 27] ; [78 22],[29.02777778 14.97222222] ; [65.97222222 34.02777778],1
b1,1,0.000126,14.70447,[28 16] ; [30 71],[17.6 26.4] ; [40.4 60.6],1
p11,1,0.047999,3.910035,[28 16] ; [80 21],[32.77241379 11.22758621] ; [75.22758621 25.77241379],0
p1,1,0.373073,0.793402,[ 5 39] ; [ 7 94],[ 3.64137931 40.35862069] ; [ 8.35862069 92.64137931],0
p4,1,0.576645,0.31169,[30 14] ; [64 37],[28.52413793 15.47586207] ; [65.47586207 35.52413793],0
p7,1,0.681734,0.16818,[35  8] ; [76 21],[34.09285714  8.90714286] ; [76.90714286 20.09285714],0
p5,1,0.840418,0.040545,[ 3 41] ; [ 6 95],[ 2.73103448 41.26896552] ; [ 6.26896552 94.73103448],0
