Feature,DoF,P Value,Chi Square,Observed,Expected,Is Significant
p3,1,0.0,81.670619,[ 37 211] ; [132 115],[ 84.67070707 163.32929293] ; [ 84.32929293 162.67070707],1
p2,1,0.0,74.874855,[141 107] ; [224  22],[183.2388664  64.7611336] ; [181.7611336  64.2388664],1
p10,1,0.0,61.770726,[151  95] ; [225  21],[188.  58.] ; [188.  58.],1
p11,1,0.0,31.42381,[158  91] ; [211  36],[185.24395161  63.75604839] ; [183.75604839  63.24395161],1
p5,1,0.001266,10.390855,[  4 243] ; [ 19 226],[ 11.54674797 235.45325203] ; [ 11.45325203 233.54674797],0
b1,1,0.0901,2.872594,[102 147] ; [ 83 164],[ 92.87298387 156.12701613] ; [ 92.12701613 154.87298387],0
p1,1,0.39121,0.735177,[ 10 238] ; [ 14 232],[ 12.048583 235.951417] ; [ 11.951417 234.048583],0
p12,1,0.662673,0.190293,[ 12 235] ; [ 10 237],[ 11. 236.] ; [ 11. 236.],0
