Feature,DoF,P Value,Chi Square,Observed,Expected,Is Significant
p10,1,0.161792,1.957392,[64 19] ; [7 5],[62.03157895 20.96842105] ; [8.96842105 3.03157895],0
p4,1,0.224257,1.476923,[63 21] ; [7 5],[61.25 22.75] ; [8.75 3.25],0
p9,1,0.279725,1.168424,[65 18] ; [11  1],[66.4 16.6] ; [9.6 2.4],0
p8,1,0.30847,1.037215,[23 61] ; [5 7],[24.5 59.5] ; [3.5 8.5],0
p1,1,0.33898,0.914286,[12 72] ; [3 9],[13.125 70.875] ; [ 1.875 10.125],0
b1,1,0.482761,0.49262,[37 47] ; [4 8],[35.875 48.125] ; [5.125 6.875],0
p5,1,0.62226,0.242704,[11 71] ; [ 1 11],[10.46808511 71.53191489] ; [ 1.53191489 10.46808511],0
p11,1,0.796873,0.066253,[60 24] ; [9 3],[60.375 23.625] ; [8.625 3.375],0
p12,1,0.894712,0.017515,[ 8 76] ; [ 1 11],[ 7.875 76.125] ; [ 1.125 10.875],0
