Feature,DoF,P Value,Chi Square,Observed,Expected,Is Significant
p9,1,0.001336,10.292665,[129  10] ; [46 14],[122.2361809  16.7638191] ; [52.7638191  7.2361809],0
p11,1,0.002683,9.011363,[117  23] ; [40 22],[108.81188119  31.18811881] ; [48.18811881 13.81188119],0
p8,1,0.003391,8.584156,[74 64] ; [19 42],[64.49246231 73.50753769] ; [28.50753769 32.49246231],0
p6,1,0.007642,7.1156,[56 81] ; [13 48],[47.74242424 89.25757576] ; [21.25757576 39.74242424],0
p2,1,0.054306,3.703264,[124  15] ; [49 13],[119.63681592  19.36318408] ; [53.36318408  8.63681592],0
p5,1,0.164256,1.934603,[ 12 127] ; [ 2 60],[  9.68159204 129.31840796] ; [ 4.31840796 57.68159204],0
p12,1,0.512777,0.428397,[  6 134] ; [ 4 58],[  6.93069307 133.06930693] ; [ 3.06930693 58.93069307],0
b1,1,0.589942,0.290435,[46 94] ; [18 44],[44.35643564 95.64356436] ; [19.64356436 42.35643564],0
p1,1,0.995089,3.8e-05,[  9 131] ; [ 4 58],[  9.00990099 130.99009901] ; [ 3.99009901 58.00990099],0
