Feature,DoF,P Value,Chi Square,Observed,Expected,Is Significant
p11,1,0.0,25.433074,[5 8] ; [405  58],[11.19747899  1.80252101] ; [398.80252101  64.19747899],1
b1,1,0.020693,5.352465,[9 4] ; [174 289],[4.99789916 8.00210084] ; [178.00210084 284.99789916],0
p8,1,0.06211,3.48012,[6 7] ; [324 137],[9.05063291 3.94936709] ; [320.94936709 140.05063291],0
p4,1,0.118425,2.438027,[7 6] ; [339 123],[9.46947368 3.53052632] ; [336.53052632 125.46947368],0
p5,1,0.396611,0.718578,[ 1 12] ; [ 76 385],[ 2.11181435 10.88818565] ; [ 74.88818565 386.11181435],0
p3,1,0.429281,0.624769,[7 6] ; [298 164],[8.34736842 4.65263158] ; [296.65263158 165.34736842],0
p1,1,0.785643,0.073969,[ 1 12] ; [ 46 415],[ 1.28902954 11.71097046] ; [ 45.71097046 415.28902954],0
