Feature,DoF,P Value,Chi Square,Observed,Expected,Is Significant
p4,1,0.036694,4.364539,[90 91] ; [ 74 116],[ 80.01078167 100.98921833] ; [ 83.98921833 106.01078167],0
p11,1,0.203994,1.613549,[147  34] ; [144  46],[141.9703504  39.0296496] ; [149.0296496  40.9703504],0
p5,1,0.246997,1.340211,[ 14 167] ; [  9 178],[ 11.3125 169.6875] ; [ 11.6875 175.3125],0
b1,1,0.37165,0.798141,[ 55 126] ; [ 66 124],[ 59.03234501 121.96765499] ; [ 61.96765499 128.03234501],0
p3,1,0.420995,0.647536,[ 62 118] ; [ 58 132],[ 58.37837838 121.62162162] ; [ 61.62162162 128.37837838],0
p1,1,0.740748,0.10947,[ 14 167] ; [ 13 177],[ 13.17250674 167.82749326] ; [ 13.82749326 176.17250674],0
p6,1,0.822578,0.050279,[ 29 151] ; [ 29 161],[ 28.21621622 151.78378378] ; [ 29.78378378 160.21621622],0
p12,1,0.833647,0.044111,[ 15 165] ; [ 17 173],[ 15.56756757 164.43243243] ; [ 16.43243243 173.56756757],0
