Feature,DoF,P Value,Chi Square,Observed,Expected,Is Significant
p6,1,0.0,134.515906,[172 110] ; [ 14 173],[111.83795309 170.16204691] ; [ 74.16204691 112.83795309],1
p2,1,0.0,122.262984,[265  16] ; [95 94],[215.23404255  65.76595745] ; [144.76595745  44.23404255],1
p10,1,0.0,77.181684,[258  24] ; [106  80],[219.33333333  62.66666667] ; [144.66666667  41.33333333],1
p9,1,0.0,60.29388,[261  21] ; [116  66],[229.125  52.875] ; [147.875  34.125],1
p5,1,0.0,42.141589,[ 65 216] ; [  3 185],[ 40.74200426 240.25799574] ; [ 27.25799574 160.74200426],1
p11,1,0.0,39.733183,[244  38] ; [116  73],[215.54140127  66.45859873] ; [144.45859873  44.54140127],1
p12,1,0.010985,6.467796,[ 35 247] ; [ 10 177],[ 27.0575693 254.9424307] ; [ 17.9424307 169.0575693],0
p1,1,0.039553,4.23695,[ 36 244] ; [ 13 175],[ 29.31623932 250.68376068] ; [ 19.68376068 168.31623932],0
b1,1,0.640123,0.218581,[118 164] ; [ 75 114],[115.55414013 166.44585987] ; [ 77.44585987 111.55414013],0
