Feature,DoF,P Value,Chi Square,Observed,Expected,Is Significant
p9,1,0.0,70.994206,[20 29] ; [193  17],[40.2972973  8.7027027] ; [172.7027027  37.2972973],1
p11,1,0.0,46.693242,[22 28] ; [184  26],[39.61538462 10.38461538] ; [166.38461538  43.61538462],1
p7,1,0.0,35.110921,[31 19] ; [193  14],[43.57976654  6.42023346] ; [180.42023346  26.57976654],1
p4,1,0.000291,13.128312,[34 16] ; [186  24],[42.30769231  7.69230769] ; [177.69230769  32.30769231],1
p5,1,0.017114,5.684652,[ 5 45] ; [ 54 156],[11.34615385 38.65384615] ; [ 47.65384615 162.34615385],0
b1,1,0.07062,3.26856,[29 21] ; [ 92 118],[23.26923077 26.73076923] ; [ 97.73076923 112.26923077],0
p1,1,0.453137,0.562794,[ 6 44] ; [ 34 175],[ 7.72200772 42.27799228] ; [ 32.27799228 176.72200772],0
