Feature,DoF,P Value,Chi Square,Observed,Expected,Is Significant
p11,1,0.146792,2.105271,[14 15] ; [30 16],[17.01333333 11.98666667] ; [26.98666667 19.01333333],0
p4,1,0.191739,1.704208,[23  6] ; [30 16],[20.49333333  8.50666667] ; [32.50666667 13.49333333],0
p2,1,0.476877,0.505997,[22  7] ; [38  8],[23.2  5.8] ; [36.8  9.2],0
p5,1,0.486158,0.485019,[ 4 25] ; [ 4 42],[ 3.09333333 25.90666667] ; [ 4.90666667 41.09333333],0
p1,1,0.507174,0.439893,[ 4 25] ; [ 4 41],[ 3.13513514 25.86486486] ; [ 4.86486486 40.13513514],0
p9,1,0.638698,0.220449,[ 9 20] ; [16 28],[ 9.93150685 19.06849315] ; [15.06849315 28.93150685],0
p6,1,0.712789,0.135507,[13 13] ; [24 20],[13.74285714 12.25714286] ; [23.25714286 20.74285714],0
b1,1,0.884362,0.021153,[14 15] ; [23 23],[14.30666667 14.69333333] ; [22.69333333 23.30666667],0
