Feature,DoF,P Value,Chi Square,Observed,Expected,Is Significant
p2,1,0.0002,13.82941,[33 12] ; [35 54],[22.8358209 22.1641791] ; [45.1641791 43.8358209],1
p3,1,0.000208,13.756768,[22 23] ; [16 72],[12.85714286 32.14285714] ; [25.14285714 62.85714286],1
p5,1,0.219757,1.505959,[ 2 43] ; [ 1 88],[ 1.00746269 43.99253731] ; [ 1.99253731 87.00746269],0
p6,1,0.477644,0.504237,[ 9 36] ; [13 73],[ 7.55725191 37.44274809] ; [14.44274809 71.55725191],0
p11,1,0.569447,0.323609,[20 25] ; [35 54],[18.47014925 26.52985075] ; [36.52985075 52.47014925],0
p7,1,0.755604,0.096882,[15 30] ; [27 61],[14.21052632 30.78947368] ; [27.78947368 60.21052632],0
p1,1,0.762369,0.091428,[ 2 43] ; [ 5 83],[ 2.36842105 42.63157895] ; [ 4.63157895 83.36842105],0
b1,1,0.852576,0.034534,[23 22] ; [47 42],[23.50746269 21.49253731] ; [46.49253731 42.50746269],0
