Feature,DoF,P Value,Chi Square,Observed,Expected,Is Significant
p10,1,0.01038,6.568421,[18  8] ; [20 32],[12.66666667 13.33333333] ; [25.33333333 26.66666667],0
p12,1,0.022129,5.235616,[ 4 22] ; [ 1 51],[ 1.66666667 24.33333333] ; [ 3.33333333 48.66666667],0
p5,1,0.027112,4.883635,[ 5 21] ; [ 2 49],[ 2.36363636 23.63636364] ; [ 4.63636364 46.36363636],0
p8,1,0.172378,1.862139,[16 10] ; [23 28],[13.16883117 12.83116883] ; [25.83116883 25.16883117],0
p3,1,0.197544,1.660436,[14 11] ; [21 31],[11.36363636 13.63636364] ; [23.63636364 28.36363636],0
p4,1,0.630665,0.23116,[13 12] ; [24 28],[12.01298701 12.98701299] ; [24.98701299 27.01298701],0
b1,1,0.747487,0.103654,[15 11] ; [28 24],[14.33333333 11.66666667] ; [28.66666667 23.33333333],0
p11,1,0.871731,0.02607,[15 11] ; [29 23],[14.66666667 11.33333333] ; [29.33333333 22.66666667],0
