Feature,DoF,P Value,Chi Square,Observed,Expected,Is Significant
p4,1,1.3e-05,19.030449,[63 21] ; [18 31],[51.15789474 32.84210526] ; [29.84210526 19.15789474],1
p5,1,0.028988,4.768322,[11 71] ; [ 1 48],[ 7.51145038 74.48854962] ; [ 4.48854962 44.51145038],0
p11,1,0.056198,3.646177,[60 24] ; [27 22],[54.94736842 29.05263158] ; [32.05263158 16.94736842],0
p12,1,0.097454,2.746714,[ 8 76] ; [ 1 48],[ 5.68421053 78.31578947] ; [ 3.31578947 45.68421053],0
p1,1,0.151109,2.061017,[12 72] ; [ 3 46],[ 9.47368421 74.52631579] ; [ 5.52631579 43.47368421],0
p2,1,0.690696,0.158333,[61 23] ; [34 15],[60. 24.] ; [35. 14.],0
b1,1,0.746529,0.104471,[37 47] ; [23 26],[37.89473684 46.10526316] ; [22.10526316 26.89473684],0
