Feature,DoF,P Value,Chi Square,Observed,Expected,Is Significant
p4,1,0.0,47.909576,[184  24] ; [26 30],[165.45454545  42.54545455] ; [44.54545455 11.45454545],1
p3,1,0.0,31.951738,[156  52] ; [20 37],[138.14339623  69.85660377] ; [37.85660377 19.14339623],1
p11,1,2e-06,23.018924,[185  24] ; [35 22],[172.85714286  36.14285714] ; [47.14285714  9.85714286],1
p5,1,0.000425,12.419594,[ 57 152] ; [ 3 54],[ 47.14285714 161.85714286] ; [12.85714286 44.14285714],1
p12,1,0.012207,6.280569,[ 34 174] ; [ 2 55],[ 28.25660377 179.74339623] ; [ 7.74339623 49.25660377],0
p1,1,0.087729,2.915561,[ 33 175] ; [ 4 53],[ 29.04150943 178.95849057] ; [ 7.95849057 49.04150943],0
b1,1,0.226047,1.465565,[ 92 117] ; [20 37],[ 88. 121.] ; [24. 33.],0
