Feature,DoF,P Value,Chi Square,Observed,Expected,Is Significant
p6,1,1.7e-05,18.518915,[ 27 142] ; [ 66 116],[ 44.77777778 124.22222222] ; [ 48.22222222 133.77777778],1
p9,1,0.009991,6.636512,[134  34] ; [164  19],[142.63247863  25.36752137] ; [155.36752137  27.63247863],0
p11,1,0.031092,4.64788,[123  47] ; [150  33],[131.47308782  38.52691218] ; [141.52691218  41.47308782],0
p4,1,0.143048,2.144856,[75 95] ; [95 88],[81.86968839 88.13031161] ; [88.13031161 94.86968839],0
p12,1,0.235107,1.409697,[ 10 159] ; [  6 177],[  7.68181818 161.31818182] ; [  8.31818182 174.68181818],0
p5,1,0.304342,1.055072,[  7 163] ; [ 12 170],[  9.17613636 160.82386364] ; [  9.82386364 172.17613636],0
p1,1,0.678552,0.171761,[ 10 159] ; [  9 174],[  9.12215909 159.87784091] ; [  9.87784091 173.12215909],0
b1,1,0.865966,0.028488,[ 58 112] ; [ 64 119],[ 58.75354108 111.24645892] ; [ 63.24645892 119.75354108],0
