Feature,DoF,P Value,Chi Square,Observed,Expected,Is Significant
p4,1,0.013068,6.159905,[ 4 11] ; [28 16],[8.13559322 6.86440678] ; [23.86440678 20.13559322],0
p8,1,0.080878,3.047167,[ 3 12] ; [20 24],[5.84745763 9.15254237] ; [17.15254237 26.84745763],0
p6,1,0.082636,3.012288,[ 1 14] ; [12 30],[ 3.42105263 11.57894737] ; [ 9.57894737 32.42105263],0
p11,1,0.084489,2.976365,[10  5] ; [18 26],[7.11864407 7.88135593] ; [20.88135593 23.11864407],0
p1,1,0.144653,2.127744,[ 3 12] ; [ 3 41],[ 1.52542373 13.47457627] ; [ 4.47457627 39.52542373],0
p2,1,0.384409,0.756554,[8 7] ; [29 15],[9.40677966 5.59322034] ; [27.59322034 16.40677966],0
b1,1,0.479841,0.499224,[8 7] ; [28 16],[9.15254237 5.84745763] ; [26.84745763 17.15254237],0
