Feature,DoF,P Value,Chi Square,Observed,Expected,Is Significant
p10,1,0.002854,8.898366,[23 13] ; [10 25],[16.73239437 19.26760563] ; [16.26760563 18.73239437],0
p7,1,0.059346,3.555556,[14 22] ; [22 14],[18. 18.] ; [18. 18.],0
p5,1,0.289015,1.124205,[ 3 31] ; [ 1 34],[ 1.97101449 32.02898551] ; [ 2.02898551 32.97101449],0
p1,1,0.453255,0.5625,[ 5 31] ; [ 3 33],[ 4. 32.] ; [ 4. 32.],0
b1,1,0.628745,0.233766,[23 13] ; [21 15],[22. 14.] ; [22. 14.],0
p11,1,0.628745,0.233766,[23 13] ; [21 15],[22. 14.] ; [22. 14.],0
p6,1,1.0,0.0,[10 26] ; [10 26],[10. 26.] ; [10. 26.],0
