Feature,DoF,P Value,Chi Square,Observed,Expected,Is Significant
p9,1,1e-06,25.105766,[18 27] ; [33  2],[28.6875 16.3125] ; [22.3125 12.6875],1
p11,1,0.015799,5.825145,[20 25] ; [25 10],[25.3125 19.6875] ; [19.6875 15.3125],0
p1,1,0.122262,2.388097,[ 2 43] ; [ 5 30],[ 3.9375 41.0625] ; [ 3.0625 31.9375],0
p3,1,0.212836,1.552028,[22 23] ; [22 13],[24.75 20.25] ; [19.25 15.75],0
b1,1,0.322762,0.977722,[23 22] ; [14 21],[20.8125 24.1875] ; [16.1875 18.8125],0
p2,1,0.486988,0.483175,[33 12] ; [28  7],[34.3125 10.6875] ; [26.6875  8.3125],0
p5,1,0.796004,0.066834,[ 2 43] ; [ 2 33],[ 2.25 42.75] ; [ 1.75 33.25],0
