Feature,DoF,P Value,Chi Square,Observed,Expected,Is Significant
p2,1,7e-06,20.32214,[49 64] ; [38  8],[61.83018868 51.16981132] ; [25.16981132 20.83018868],1
p4,1,1.1e-05,19.386196,[31 81] ; [30 16],[43.24050633 68.75949367] ; [17.75949367 28.24050633],1
p3,1,0.001995,9.553798,[26 87] ; [22 24],[34.11320755 78.88679245] ; [13.88679245 32.11320755],0
p11,1,0.016485,5.750383,[50 63] ; [30 16],[56.85534591 56.14465409] ; [23.14465409 22.85534591],0
p5,1,0.092259,2.834513,[  3 110] ; [ 4 42],[  4.97484277 108.02515723] ; [ 2.02515723 43.97484277],0
p12,1,0.512889,0.428168,[  1 111] ; [ 1 45],[  1.41772152 110.58227848] ; [ 0.58227848 45.41772152],0
b1,1,0.648303,0.208047,[61 52] ; [23 23],[59.69811321 53.30188679] ; [24.30188679 21.69811321],0
p1,1,0.709638,0.138639,[  8 104] ; [ 4 41],[  8.56050955 103.43949045] ; [ 3.43949045 41.56050955],0
