Feature,DoF,P Value,Chi Square,Observed,Expected,Is Significant
p11,1,0.000239,13.49457,[22 15] ; [205  37],[30.10394265  6.89605735] ; [196.89605735  45.10394265],1
b1,1,0.012824,6.193161,[24 13] ; [104 138],[16.97491039 20.02508961] ; [111.02508961 130.97491039],0
p2,1,0.022775,5.185607,[30  7] ; [224  18],[33.68458781  3.31541219] ; [220.31541219  21.68458781],0
p3,1,0.036501,4.373561,[20 16] ; [175  66],[25.34296029 10.65703971] ; [169.65703971  71.34296029],0
p5,1,0.080712,3.050507,[ 4 33] ; [ 57 185],[ 8.08960573 28.91039427] ; [ 52.91039427 189.08960573],0
p1,1,0.968678,0.001542,[ 5 32] ; [ 32 209],[ 4.92446043 32.07553957] ; [ 32.07553957 208.92446043],0
