Feature,DoF,P Value,Chi Square,Observed,Expected,Is Significant
p9,1,0.0,73.041456,[298   8] ; [6 7],[291.61128527  14.38871473] ; [12.38871473  0.61128527],1
p11,1,0.0,28.679389,[273  33] ; [5 8],[266.67084639  39.32915361] ; [11.32915361  1.67084639],1
p4,1,0.004116,8.231737,[258  48] ; [7 6],[254.20062696  51.79937304] ; [10.79937304  2.20062696],0
p8,1,0.008453,6.934834,[238  68] ; [6 7],[234.05642633  71.94357367] ; [9.94357367 3.05642633],0
b1,1,0.050611,3.821087,[128 178] ; [9 4],[131.4169279 174.5830721] ; [5.5830721 7.4169279],0
p5,1,0.253583,1.303456,[ 63 242] ; [ 1 12],[ 61.3836478 243.6163522] ; [ 2.6163522 10.3836478],0
p1,1,0.62636,0.237029,[ 37 267] ; [ 1 12],[ 36.44164038 267.55835962] ; [ 1.55835962 11.44164038],0
