Feature,DoF,P Value,Chi Square,Observed,Expected,Is Significant
p7,1,0.01693,5.703618,[27 61] ; [19 96],[19.9408867 68.0591133] ; [26.0591133 88.9408867],0
p6,1,0.029384,4.744973,[13 73] ; [  7 111],[ 8.43137255 77.56862745] ; [ 11.56862745 106.43137255],0
p12,1,0.208049,1.584954,[ 2 86] ; [  7 112],[ 3.82608696 84.17391304] ; [  5.17391304 113.82608696],0
p11,1,0.239154,1.385574,[35 54] ; [57 63],[39.17703349 49.82296651] ; [52.82296651 67.17703349],0
b1,1,0.602511,0.271226,[47 42] ; [59 61],[45.13875598 43.86124402] ; [60.86124402 59.13875598],0
p5,1,0.733476,0.115944,[ 1 88] ; [  2 116],[ 1.28985507 87.71014493] ; [  1.71014493 116.28985507],0
p1,1,0.771895,0.08404,[ 5 83] ; [  8 112],[ 5.5 82.5] ; [  7.5 112.5],0
