Feature,DoF,P Value,Chi Square,Observed,Expected,Is Significant
p5,1,0.029717,4.725579,[ 57 152] ; [ 73 302],[ 46.5239726 162.4760274] ; [ 83.4760274 291.5239726],0
p4,1,0.130339,2.288457,[184  24] ; [317  61],[177.82935154  30.17064846] ; [323.17064846  54.82935154],0
p12,1,0.272033,1.206468,[ 34 174] ; [ 49 327],[ 29.56164384 178.43835616] ; [ 53.43835616 322.56164384],0
p1,1,0.351781,0.867021,[ 33 175] ; [ 49 326],[ 29.25557461 178.74442539] ; [ 52.74442539 322.25557461],0
b1,1,0.440811,0.594169,[ 92 117] ; [154 224],[ 87.58773424 121.41226576] ; [158.41226576 219.58773424],0
p2,1,0.497044,0.461242,[193  16] ; [341  35],[190.77948718  18.22051282] ; [343.22051282  32.77948718],0
p11,1,0.891296,0.018677,[185  24] ; [336  42],[185.50085179  23.49914821] ; [335.49914821  42.50085179],0
