Feature,DoF,P Value,Chi Square,Observed,Expected,Is Significant
p6,1,0.000185,13.981164,[190 185] ; [17 49],[176.02040816 198.97959184] ; [30.97959184 35.02040816],1
p8,1,0.001349,10.27462,[262 114] ; [35 35],[250.38565022 125.61434978] ; [46.61434978 23.38565022],0
p5,1,0.001946,9.599473,[ 73 302] ; [ 3 67],[ 64.04494382 310.95505618] ; [11.95505618 58.04494382],0
p2,1,0.003167,8.708937,[341  35] ; [55 15],[333.84753363  42.15246637] ; [62.15246637  7.84753363],0
p12,1,0.039011,4.260392,[ 49 327] ; [ 3 66],[ 43.93707865 332.06292135] ; [ 8.06292135 60.93707865],0
p11,1,0.080623,3.0523,[336  42] ; [57 13],[331.59375  46.40625] ; [61.40625  8.59375],0
p7,1,0.301233,1.068728,[298  77] ; [51 18],[294.76351351  80.23648649] ; [54.23648649 14.76351351],0
p1,1,0.55159,0.354477,[ 49 326] ; [11 59],[ 50.56179775 324.43820225] ; [ 9.43820225 60.56179775],0
b1,1,0.907723,0.013435,[154 224] ; [28 42],[153.5625 224.4375] ; [28.4375 41.5625],0
