Feature,DoF,P Value,Chi Square,Observed,Expected,Is Significant
p7,1,0.081917,3.026455,[26 64] ; [13 62],[21.27272727 68.72727273] ; [17.72727273 57.27272727],0
b1,1,0.15968,1.977256,[45 47] ; [46 31],[49.53846154 42.46153846] ; [41.46153846 35.53846154],0
p11,1,0.173523,1.852245,[43 49] ; [28 49],[38.65088757 53.34911243] ; [32.34911243 44.65088757],0
p1,1,0.353863,0.859556,[ 4 87] ; [ 6 71],[ 5.41666667 85.58333333] ; [ 4.58333333 72.41666667],0
p6,1,0.569995,0.322691,[11 80] ; [ 7 68],[ 9.86746988 81.13253012] ; [ 8.13253012 66.86746988],0
p12,1,0.661055,0.192244,[ 2 89] ; [ 1 76],[ 1.625 89.375] ; [ 1.375 75.625],0
