Feature,DoF,P Value,Chi Square,Observed,Expected,Is Significant
p9,1,0.000208,13.761051,[268  22] ; [176  40],[254.46640316  35.53359684] ; [189.53359684  26.46640316],1
p6,1,0.007782,7.082911,[ 78 210] ; [ 37 180],[ 65.58415842 222.41584158] ; [ 49.41584158 167.58415842],0
p7,1,0.012723,6.207252,[163 118] ; [ 98 112],[149.3706721 131.6293279] ; [111.6293279  98.3706721],0
p8,1,0.028147,4.819031,[130 154] ; [ 77 137],[118.04819277 165.95180723] ; [ 88.95180723 125.04819277],0
p5,1,0.126498,2.334968,[ 16 275] ; [  6 214],[ 12.52837573 278.47162427] ; [  9.47162427 210.52837573],0
p11,1,0.145424,2.119603,[239  52] ; [170  51],[232.45898438  58.54101562] ; [176.54101562  44.45898438],0
p1,1,0.270707,1.21316,[ 10 281] ; [  4 215],[  7.98823529 283.01176471] ; [  6.01176471 212.98823529],0
b1,1,0.753171,0.098885,[ 84 207] ; [ 61 160],[ 82.41210938 208.58789062] ; [ 62.58789062 158.41210938],0
p12,1,0.942173,0.005262,[ 11 279] ; [  8 210],[ 10.84645669 279.15354331] ; [  8.15354331 209.84645669],0
