Feature,DoF,P Value,Chi Square,Observed,Expected,Is Significant
p9,1,0.0,241.184172,[298   8] ; [13 54],[255.13672922  50.86327078] ; [55.86327078 11.13672922],1
p8,1,0.0,124.333546,[238  68] ; [ 5 65],[197.7606383 108.2393617] ; [45.2393617 24.7606383],1
p11,1,0.0,108.030189,[273  33] ; [23 47],[240.89361702  65.10638298] ; [55.10638298 14.89361702],1
p6,1,0.0,52.847545,[175 129] ; [ 6 62],[147.91397849 156.08602151] ; [33.08602151 34.91397849],1
p5,1,0.000115,14.870287,[ 63 242] ; [ 1 69],[ 52.05333333 252.94666667] ; [11.94666667 58.05333333],1
p12,1,0.006401,7.433808,[ 38 267] ; [ 1 69],[ 31.72 273.28] ; [ 7.28 62.72],0
b1,1,0.034937,4.448233,[128 178] ; [39 31],[135.90957447 170.09042553] ; [31.09042553 38.90957447],0
p1,1,0.229647,1.443046,[ 37 267] ; [ 5 65],[ 34.13903743 269.86096257] ; [ 7.86096257 62.13903743],0
