Feature,DoF,P Value,Chi Square,Observed,Expected,Is Significant
p8,1,0.0,27.714642,[18 29] ; [269  88],[33.38861386 13.61138614] ; [253.61138614 103.38861386],1
p10,1,0.0,25.36496,[35 12] ; [339  18],[43.50990099  3.49009901] ; [330.49009901  26.50990099],1
p2,1,9e-06,19.669956,[36 11] ; [337  19],[43.50124069  3.49875931] ; [329.49875931  26.50124069],1
p11,1,0.000985,10.855576,[33 14] ; [315  43],[40.38518519  6.61481481] ; [307.61481481  50.38518519],1
p3,1,0.002049,9.505232,[24 23] ; [261  97],[33.07407407 13.92592593] ; [251.92592593 106.07407407],0
p5,1,0.020004,5.41157,[ 3 44] ; [ 73 283],[ 8.86352357 38.13647643] ; [ 67.13647643 288.86352357],0
p1,1,0.249793,1.324458,[ 8 39] ; [ 40 316],[ 5.59801489 41.40198511] ; [ 42.40198511 313.59801489],0
b1,1,0.340264,0.909438,[15 32] ; [140 218],[17.98765432 29.01234568] ; [137.01234568 220.98765432],0
p12,1,0.996031,2.5e-05,[ 5 42] ; [ 38 320],[ 4.99012346 42.00987654] ; [ 38.00987654 319.99012346],0
