Feature,DoF,P Value,Chi Square,Observed,Expected,Is Significant
p3,1,0.0,31.059673,[17 68] ; [94 71],[37.74 47.26] ; [73.26 91.74],1
p11,1,0.0,30.594894,[31 55] ; [119  46],[51.39442231 34.60557769] ; [98.60557769 66.39442231],1
p6,1,0.0,26.544645,[ 5 78] ; [ 60 104],[21.84210526 61.15789474] ; [ 43.15789474 120.84210526],1
p5,1,0.019694,5.438827,[ 1 85] ; [ 14 150],[ 5.16 80.84] ; [  9.84 154.16],0
b1,1,0.060207,3.531674,[44 42] ; [ 64 101],[37.00398406 48.99601594] ; [70.99601594 94.00398406],0
p12,1,0.139844,2.179677,[ 1 84] ; [  8 157],[ 3.06 81.94] ; [  5.94 159.06],0
p1,1,0.785574,0.074018,[ 7 78] ; [ 12 153],[ 6.46 78.54] ; [ 12.54 152.46],0
