Feature,DoF,P Value,Chi Square,Observed,Expected,Is Significant
p4,1,0.022368,5.216933,[19 21] ; [15  4],[23.05084746 16.94915254] ; [10.94915254  8.05084746],0
p1,1,0.123143,2.376881,[ 3 38] ; [ 4 15],[ 4.78333333 36.21666667] ; [ 2.21666667 16.78333333],0
p12,1,0.231147,1.433791,[ 4 37] ; [ 4 15],[ 5.46666667 35.53333333] ; [ 2.53333333 16.46666667],0
p11,1,0.319405,0.991379,[31 10] ; [12  7],[29.38333333 11.61666667] ; [13.61666667  5.38333333],0
p9,1,0.405079,0.693196,[36  5] ; [18  1],[36.9  4.1] ; [17.1  1.9],0
p5,1,0.520502,0.412898,[ 4 36] ; [ 3 16],[ 4.74576271 35.25423729] ; [ 2.25423729 16.74576271],0
p3,1,0.697543,0.15104,[21 19] ; [11  8],[21.69491525 18.30508475] ; [10.30508475  8.69491525],0
b1,1,0.896029,0.017077,[18 23] ; [ 8 11],[17.76666667 23.23333333] ; [ 8.23333333 10.76666667],0
