Feature,DoF,P Value,Chi Square,Observed,Expected,Is Significant
p10,1,0.0,63.280866,[20 72] ; [56  9],[44.53503185 47.46496815] ; [31.46496815 33.53503185],1
p2,1,0.0,37.211939,[40 52] ; [60  6],[58.2278481 33.7721519] ; [41.7721519 24.2278481],1
p7,1,0.0,25.514767,[26 64] ; [46 20],[41.53846154 48.46153846] ; [30.46153846 35.53846154],1
p11,1,0.001114,10.627305,[43 49] ; [48 18],[52.98734177 39.01265823] ; [38.01265823 27.98734177],0
p1,1,0.132363,2.264574,[ 4 87] ; [ 7 59],[ 6.37579618 84.62420382] ; [ 4.62420382 61.37579618],0
p12,1,0.408276,0.683816,[ 2 89] ; [ 3 63],[ 2.89808917 88.10191083] ; [ 2.10191083 63.89808917],0
b1,1,0.419758,0.650992,[45 47] ; [28 38],[42.50632911 49.49367089] ; [30.49367089 35.50632911],0
