Feature,DoF,P Value,Chi Square,Observed,Expected,Is Significant
p8,1,0.026157,4.9456,[ 33 116] ; [ 70 143],[ 42.39502762 106.60497238] ; [ 60.60497238 152.39502762],0
p1,1,0.04346,4.077422,[ 13 137] ; [  8 209],[  8.58310627 141.41689373] ; [ 12.41689373 204.58310627],0
p6,1,0.091375,2.849979,[ 14 136] ; [ 33 182],[ 19.31506849 130.68493151] ; [ 27.68493151 187.31506849],0
p2,1,0.095512,2.778922,[103  47] ; [166  51],[109.94550409  40.05449591] ; [159.05449591  57.94550409],0
p5,1,0.782183,0.076438,[  6 143] ; [ 10 206],[  6.53150685 142.46849315] ; [  9.46849315 206.53150685],0
b1,1,0.785129,0.074333,[ 45 105] ; [ 68 149],[ 46.1852861 103.8147139] ; [ 66.8147139 150.1852861],0
p11,1,0.831239,0.045417,[114  36] ; [167  50],[114.85013624  35.14986376] ; [166.14986376  50.85013624],0
p12,1,0.845031,0.038205,[  9 140] ; [ 12 204],[  8.57260274 140.42739726] ; [ 12.42739726 203.57260274],0
