Feature,DoF,P Value,Chi Square,Observed,Expected,Is Significant
p9,1,0.011643,6.364497,[ 6 16] ; [21 13],[10.60714286 11.39285714] ; [16.39285714 17.60714286],0
p11,1,0.429607,0.623886,[ 8 14] ; [16 18],[ 9.42857143 12.57142857] ; [14.57142857 19.42857143],0
p8,1,0.43142,0.618998,[ 9 12] ; [11 23],[ 7.63636364 13.36363636] ; [12.36363636 21.63636364],0
b1,1,0.505283,0.443823,[13  9] ; [17 17],[11.78571429 10.21428571] ; [18.21428571 15.78571429],0
p3,1,0.666417,0.185822,[11 11] ; [15 19],[10.21428571 11.78571429] ; [15.78571429 18.21428571],0
p6,1,0.78846,0.071991,[ 7 15] ; [12 22],[ 7.46428571 14.53571429] ; [11.53571429 22.46428571],0
p1,1,0.828214,0.047086,[ 1 21] ; [ 2 32],[ 1.17857143 20.82142857] ; [ 1.82142857 32.17857143],0
