Feature,DoF,P Value,Chi Square,Observed,Expected,Is Significant
p3,1,0.013945,6.045145,[34 29] ; [31 60],[26.59090909 36.40909091] ; [38.40909091 52.59090909],0
p8,1,0.02048,5.370481,[30 33] ; [26 63],[23.21052632 39.78947368] ; [32.78947368 56.21052632],0
p1,1,0.120891,2.405742,[ 7 56] ; [ 4 85],[ 4.55921053 58.44078947] ; [ 6.44078947 82.55921053],0
p7,1,0.141687,2.159543,[37 26] ; [42 48],[32.52941176 30.47058824] ; [46.47058824 43.52941176],0
p5,1,0.202081,1.627268,[ 5 58] ; [ 3 88],[ 3.27272727 59.72727273] ; [ 4.72727273 86.27272727],0
b1,1,0.360809,0.835077,[31 32] ; [38 53],[28.22727273 34.77272727] ; [40.77272727 50.22727273],0
p12,1,0.505321,0.443744,[ 1 62] ; [ 3 87],[ 1.64705882 61.35294118] ; [ 2.35294118 87.64705882],0
p9,1,0.877466,0.023772,[26 37] ; [37 50],[26.46 36.54] ; [36.54 50.46],0
p11,1,0.964299,0.002003,[33 30] ; [48 43],[33.13636364 29.86363636] ; [47.86363636 43.13636364],0
