Feature,DoF,P Value,Chi Square,Observed,Expected,Is Significant
p8,1,0.037802,4.31392,[ 12 111] ; [ 4 10],[ 14.3649635 108.6350365] ; [ 1.6350365 12.3649635],0
p7,1,0.038464,4.284369,[20 98] ; [5 7],[22.69230769 95.30769231] ; [2.30769231 9.69230769],0
b1,1,0.102125,2.672037,[60 64] ; [10  4],[62.89855072 61.10144928] ; [7.10144928 6.89855072],0
p1,1,0.283827,1.148675,[  8 116] ; [ 2 12],[  8.98550725 115.01449275] ; [ 1.01449275 12.98550725],0
p11,1,0.427166,0.630517,[57 67] ; [8 6],[58.4057971 65.5942029] ; [6.5942029 7.4057971],0
p4,1,0.439576,0.59739,[ 18 103] ; [ 3 10],[ 18.96268657 102.03731343] ; [ 2.03731343 10.96268657],0
