Feature,DoF,P Value,Chi Square,Observed,Expected,Is Significant
p10,1,0.0,45.589037,[332  37] ; [1 7],[325.933687  43.066313] ; [7.066313 0.933687],1
p11,1,0.000147,14.406755,[319  52] ; [3 5],[315.20316623  55.79683377] ; [6.79683377 1.20316623],1
p3,1,0.036946,4.352878,[265 106] ; [3 5],[262.34300792 108.65699208] ; [5.65699208 2.34300792],0
p8,1,0.091841,2.841808,[281  89] ; [4 4],[278.96825397  91.03174603] ; [6.03174603 1.96825397],0
b1,1,0.2031,1.619941,[149 222] ; [5 3],[150.74934037 220.25065963] ; [3.25065963 4.74934037],0
