Feature,DoF,P Value,Chi Square,Observed,Expected,Is Significant
b1,1,0.068011,3.330383,[36 44] ; [10  4],[39.14893617 40.85106383] ; [6.85106383 7.14893617],0
p7,1,0.30778,1.040177,[21 56] ; [5 7],[22.49438202 54.50561798] ; [3.50561798 8.49438202],0
p6,1,0.369133,0.806579,[13 66] ; [ 1 13],[11.89247312 67.10752688] ; [ 2.10752688 11.89247312],0
p11,1,0.450567,0.569225,[54 26] ; [8 6],[52.76595745 27.23404255] ; [9.23404255 4.76595745],0
p1,1,0.516076,0.421727,[ 7 73] ; [ 2 12],[ 7.65957447 72.34042553] ; [ 1.34042553 12.65957447],0
p4,1,0.592072,0.28712,[24 55] ; [ 3 10],[23.18478261 55.81521739] ; [3.81521739 9.18478261],0
p3,1,0.59913,0.27631,[23 57] ; [5 9],[23.82978723 56.17021277] ; [4.17021277 9.82978723],0
