Feature,DoF,P Value,Chi Square,Observed,Expected,Is Significant
p1,1,1e-06,24.358104,[ 8 17] ; [ 11 220],[ 1.85546875 23.14453125] ; [ 17.14453125 213.85546875],1
p10,1,0.011478,6.389723,[17  8] ; [200  30],[21.2745098  3.7254902] ; [195.7254902  34.2745098],0
p11,1,0.034104,4.489466,[16  9] ; [189  42],[20.01953125  4.98046875] ; [184.98046875  46.01953125],0
p8,1,0.091277,2.851707,[ 6 19] ; [ 94 133],[ 9.92063492 15.07936508] ; [ 90.07936508 136.92063492],0
b1,1,0.110065,2.553287,[11 14] ; [ 66 165],[ 7.51953125 17.48046875] ; [ 69.48046875 161.51953125],0
p6,1,0.705652,0.142659,[ 4 21] ; [ 43 182],[ 4.7 20.3] ; [ 42.3 182.7],0
p5,1,0.97968,0.000649,[ 1 24] ; [  9 222],[ 0.9765625 24.0234375] ; [  9.0234375 221.9765625],0
