Feature,DoF,P Value,Chi Square,Observed,Expected,Is Significant
p11,1,0.0,72.264303,[58 63] ; [361  64],[92.85531136 28.14468864] ; [326.14468864  98.85531136],1
p8,1,0.0,56.147523,[ 11 110] ; [196 224],[46.29759704 74.70240296] ; [160.70240296 259.29759704],1
p4,1,0.0,36.051589,[24 96] ; [215 208],[52.81767956 67.18232044] ; [186.18232044 236.81767956],1
p3,1,1e-06,24.186055,[23 98] ; [185 239],[46.17981651 74.82018349] ; [161.82018349 262.17981651],1
b1,1,0.000995,10.836866,[59 62] ; [138 287],[43.65750916 77.34249084] ; [153.34249084 271.65750916],1
p5,1,0.132539,2.262511,[  5 113] ; [ 35 384],[  8.78957169 109.21042831] ; [ 31.21042831 387.78957169],0
p1,1,0.299575,1.076085,[ 11 110] ; [ 27 397],[  8.43669725 112.56330275] ; [ 29.56330275 394.43669725],0
p12,1,0.830871,0.045618,[  7 113] ; [ 27 397],[  7.5 112.5] ; [ 26.5 397.5],0
