Feature,DoF,P Value,Chi Square,Observed,Expected,Is Significant
p10,1,0.0,53.471272,[11 26] ; [202  38],[28.45126354  8.54873646] ; [184.54873646  55.45126354],1
p11,1,0.000389,12.582516,[21 17] ; [197  46],[29.48042705  8.51957295] ; [188.51957295  54.48042705],1
p3,1,0.002912,8.861618,[14 24] ; [151  91],[22.39285714 15.60714286] ; [142.60714286  99.39285714],0
b1,1,0.012628,6.220532,[22 16] ; [ 89 154],[15.01067616 22.98932384] ; [ 95.98932384 147.01067616],0
p5,1,0.103396,2.652361,[ 1 37] ; [ 27 215],[ 3.8 34.2] ; [ 24.2 217.8],0
p1,1,0.22226,1.489721,[ 1 37] ; [ 20 223],[ 2.83985765 35.16014235] ; [ 18.16014235 224.83985765],0
p12,1,0.424799,0.637,[ 1 37] ; [ 14 229],[ 2.02846975 35.97153025] ; [ 12.97153025 230.02846975],0
