Feature,DoF,P Value,Chi Square,Observed,Expected,Is Significant
p8,1,3e-06,22.158682,[ 5 65] ; [12 12],[12.65957447 57.34042553] ; [ 4.34042553 19.65957447],1
p3,1,0.000758,11.341472,[ 9 60] ; [11 13],[14.83870968 54.16129032] ; [ 5.16129032 18.83870968],1
p7,1,0.003457,8.548973,[13 55] ; [12 12],[18.47826087 49.52173913] ; [ 6.52173913 17.47826087],0
p11,1,0.00372,8.415655,[23 47] ; [16  8],[29.04255319 40.95744681] ; [ 9.95744681 14.04255319],0
p5,1,0.096778,2.757858,[ 1 69] ; [ 2 22],[ 2.23404255 67.76595745] ; [ 0.76595745 23.23404255],0
b1,1,0.402505,0.700829,[39 31] ; [11 13],[37.23404255 32.76595745] ; [12.76595745 11.23404255],0
p1,1,0.417005,0.658742,[ 5 65] ; [ 3 21],[ 5.95744681 64.04255319] ; [ 2.04255319 21.95744681],0
