Feature,DoF,P Value,Chi Square,Observed,Expected,Is Significant
p9,1,2e-06,22.451547,[17 28] ; [24  1],[26.35714286 18.64285714] ; [14.64285714 10.35714286],1
p11,1,0.010873,6.485985,[20 25] ; [19  6],[25.07142857 19.92857143] ; [13.92857143 11.07142857],0
p7,1,0.12663,2.333333,[24 21] ; [18  7],[27. 18.] ; [15. 10.],0
b1,1,0.212317,1.555556,[25 20] ; [10 15],[22.5 22.5] ; [12.5 12.5],0
p1,1,0.462727,0.539291,[ 6 39] ; [ 5 20],[ 7.07142857 37.92857143] ; [ 3.92857143 21.07142857],0
p5,1,0.462727,0.539291,[ 6 39] ; [ 5 20],[ 7.07142857 37.92857143] ; [ 3.92857143 21.07142857],0
p8,1,0.474406,0.511696,[23 22] ; [15 10],[24.42857143 20.57142857] ; [13.57142857 11.42857143],0
