Feature,DoF,P Value,Chi Square,Observed,Expected,Is Significant
p12,1,0.000979,10.867739,[  4 152] ; [ 5 25],[  7.5483871 148.4516129] ; [ 1.4516129 28.5483871],1
p1,1,0.002274,9.314314,[  7 149] ; [ 6 24],[ 10.90322581 145.09677419] ; [ 2.09677419 27.90322581],0
p5,1,0.016309,5.769202,[ 10 144] ; [ 6 24],[ 13.39130435 140.60869565] ; [ 2.60869565 27.39130435],0
p10,1,0.210779,1.566069,[137  18] ; [24  6],[134.89189189  20.10810811] ; [26.10810811  3.89189189],0
p3,1,0.217247,1.522461,[72 84] ; [17 12],[75.04864865 80.95135135] ; [13.95135135 15.04864865],0
p4,1,0.361782,0.831697,[88 68] ; [19 10],[90.22702703 65.77297297] ; [16.77297297 12.22702703],0
b1,1,0.439243,0.598259,[61 95] ; [14 16],[62.90322581 93.09677419] ; [12.09677419 17.90322581],0
p11,1,0.841905,0.039783,[112  44] ; [21  9],[111.5483871  44.4516129] ; [21.4516129  8.5483871],0
