Feature,DoF,P Value,Chi Square,Observed,Expected,Is Significant
p10,1,0.0,29.279562,[121  48] ; [16 37],[104.29279279  64.70720721] ; [32.70720721 20.29279279],1
p6,1,0.00053,12.006848,[ 27 142] ; [20 32],[ 35.94117647 133.05882353] ; [11.05882353 40.94117647],1
b1,1,0.001027,10.777788,[ 58 112] ; [32 22],[ 68.30357143 101.69642857] ; [21.69642857 32.30357143],0
p3,1,0.011251,6.425311,[ 54 116] ; [27 26],[ 61.74887892 108.25112108] ; [19.25112108 33.74887892],0
p1,1,0.089414,2.884896,[ 10 159] ; [ 7 47],[ 12.88340807 156.11659193] ; [ 4.11659193 49.88340807],0
p11,1,0.11754,2.449803,[123  47] ; [33 21],[118.39285714  51.60714286] ; [37.60714286 16.39285714],0
p5,1,0.655794,0.198673,[  7 163] ; [ 3 51],[  7.58928571 162.41071429] ; [ 2.41071429 51.58928571],0
