Feature,DoF,P Value,Chi Square,Observed,Expected,Is Significant
p9,1,0.0,162.040181,[298   8] ; [37 50],[260.83969466  45.16030534] ; [74.16030534 12.83969466],1
p8,1,0.0,73.361377,[238  68] ; [26 63],[204.5164557 101.4835443] ; [59.4835443 29.5164557],1
p4,1,0.0,66.965529,[258  48] ; [38 53],[228.1511335  77.8488665] ; [67.8488665 23.1511335],1
p11,1,0.0,60.265521,[273  33] ; [48 43],[247.42065491  58.57934509] ; [73.57934509 17.42065491],1
p5,1,9.6e-05,15.206514,[ 63 242] ; [ 3 88],[ 50.83333333 254.16666667] ; [15.16666667 75.83333333],1
p12,1,0.012622,6.221328,[ 38 267] ; [ 3 87],[ 31.65822785 273.34177215] ; [ 9.34177215 80.65822785],0
p1,1,0.037186,4.341856,[ 37 267] ; [ 4 85],[ 31.71501272 272.28498728] ; [ 9.28498728 79.71501272],0
b1,1,0.99027,0.000149,[128 178] ; [38 53],[127.94962217 178.05037783] ; [38.05037783 52.94962217],0
