Feature,DoF,P Value,Chi Square,Observed,Expected,Is Significant
p9,1,1e-06,24.780818,[22 28] ; [103  23],[35.51136364 14.48863636] ; [89.48863636 36.51136364],1
p6,1,8e-06,19.988487,[20 31] ; [ 13 113],[ 9.50847458 41.49152542] ; [ 23.49152542 102.50847458],1
p8,1,0.001902,9.641873,[24 26] ; [30 95],[15.42857143 34.57142857] ; [38.57142857 86.42857143],0
b1,1,0.009432,6.739092,[24 28] ; [33 93],[16.65168539 35.34831461] ; [40.34831461 85.65168539],0
p11,1,0.134898,2.235208,[33 19] ; [94 32],[37.1011236 14.8988764] ; [89.8988764 36.1011236],0
p5,1,0.575291,0.31391,[ 2 49] ; [  3 123],[ 1.44067797 49.55932203] ; [  3.55932203 122.44067797],0
p1,1,0.799644,0.064418,[ 2 49] ; [  6 119],[ 2.31818182 48.68181818] ; [  5.68181818 119.31818182],0
p12,1,0.836072,0.042816,[ 2 50] ; [  4 120],[ 1.77272727 50.22727273] ; [  4.22727273 119.77272727],0
