Feature,DoF,P Value,Chi Square,Observed,Expected,Is Significant
b1,1,0.051119,3.804362,[5 9] ; [17  8],[7.8974359 6.1025641] ; [14.1025641 10.8974359],0
p6,1,0.290588,1.116894,[6 8] ; [ 6 17],[4.54054054 9.45945946] ; [ 7.45945946 15.54054054],0
p11,1,0.344254,0.894524,[ 3 11] ; [ 9 16],[4.30769231 9.69230769] ; [ 7.69230769 17.30769231],0
p7,1,0.497754,0.459722,[8 6] ; [17  8],[8.97435897 5.02564103] ; [16.02564103  8.97435897],0
p5,1,0.53482,0.385224,[ 2 12] ; [ 2 23],[ 1.43589744 12.56410256] ; [ 2.56410256 22.43589744],0
p9,1,0.760652,0.092796,[ 4 10] ; [ 8 16],[4.42105263 9.57894737] ; [ 7.57894737 16.42105263],0
