Feature,DoF,P Value,Chi Square,Observed,Expected,Is Significant
p4,1,0.0,55.784212,[15 62] ; [95 35],[40.9178744 36.0821256] ; [69.0821256 60.9178744],1
p11,1,0.0,36.321056,[26 51] ; [99 31],[46.49758454 30.50241546] ; [78.50241546 51.49758454],1
p7,1,0.0,26.331154,[14 61] ; [72 58],[31.46341463 43.53658537] ; [54.53658537 75.46341463],1
p5,1,0.14702,2.1029,[ 3 73] ; [ 12 115],[ 5.61576355 70.38423645] ; [  9.38423645 117.61576355],0
p1,1,0.223581,1.481235,[ 4 73] ; [ 13 117],[ 6.3236715 70.6763285] ; [ 10.6763285 119.3236715],0
b1,1,0.340519,0.908477,[42 35] ; [62 68],[38.68599034 38.31400966] ; [65.31400966 64.68599034],0
