Feature,DoF,P Value,Chi Square,Observed,Expected,Is Significant
p4,1,0.0,27.585288,[317  61] ; [ 8 13],[307.89473684  70.10526316] ; [17.10526316  3.89473684],1
p11,1,4.6e-05,16.594054,[336  42] ; [13  9],[329.805  48.195] ; [19.195  2.805],1
p7,1,0.009786,6.67346,[298  77] ; [11  9],[293.35443038  81.64556962] ; [15.64556962  4.35443038],0
p12,1,0.243072,1.362691,[ 49 327] ; [ 1 21],[ 47.2361809 328.7638191] ; [ 2.7638191 19.2361809],0
p1,1,0.492973,0.470032,[ 49 326] ; [ 4 18],[ 50.06297229 324.93702771] ; [ 2.93702771 19.06297229],0
p6,1,0.634635,0.225828,[190 185] ; [10 12],[188.91687657 186.08312343] ; [11.08312343 10.91687657],0
b1,1,0.662112,0.190969,[154 224] ; [10 12],[154.98 223.02] ; [ 9.02 12.98],0
p5,1,0.708336,0.139944,[ 73 302] ; [ 5 17],[ 73.67758186 301.32241814] ; [ 4.32241814 17.67758186],0
