Feature,DoF,P Value,Chi Square,Observed,Expected,Is Significant
p11,1,6.6e-05,15.912767,[49 18] ; [356  38],[58.86117137  8.13882863] ; [346.13882863  47.86117137],1
p2,1,0.000113,14.906591,[52 15] ; [364  29],[60.59130435  6.40869565] ; [355.40869565  37.59130435],1
p6,1,0.001988,9.561008,[18 44] ; [197 196],[29.2967033 32.7032967] ; [185.7032967 207.2967033],0
p5,1,0.006958,7.283748,[ 4 63] ; [ 77 317],[11.77223427 55.22776573] ; [ 69.22776573 324.77223427],0
b1,1,0.011725,6.352047,[35 32] ; [142 252],[25.72451193 41.27548807] ; [151.27548807 242.72451193],0
p12,1,0.070407,3.273506,[ 3 62] ; [ 48 344],[ 7.25382932 57.74617068] ; [ 43.74617068 348.25382932],0
p1,1,0.122208,2.388791,[ 4 63] ; [ 49 343],[ 7.73638344 59.26361656] ; [ 45.26361656 346.73638344],0
