Feature,DoF,P Value,Chi Square,Observed,Expected,Is Significant
p11,1,0.0,35.174312,[179  53] ; [57 67],[153.79775281  78.20224719] ; [82.20224719 41.79775281],1
p2,1,0.0,27.989699,[176  55] ; [60 64],[153.56619718  77.43380282] ; [82.43380282 41.56619718],1
p8,1,0.001728,9.818378,[ 75 153] ; [ 21 101],[ 62.53714286 165.46285714] ; [33.46285714 88.53714286],0
b1,1,0.002286,9.304727,[ 69 163] ; [57 67],[ 82.11235955 149.88764045] ; [43.88764045 80.11235955],0
p7,1,0.006634,7.369586,[ 89 132] ; [31 90],[ 77.54385965 143.45614035] ; [42.45614035 78.54385965],0
p12,1,0.169082,1.891063,[ 13 218] ; [  3 120],[ 10.44067797 220.55932203] ; [  5.55932203 117.44067797],0
p1,1,0.918624,0.010438,[ 10 221] ; [  5 117],[  9.81586402 221.18413598] ; [  5.18413598 116.81586402],0
