Feature,DoF,P Value,Chi Square,Observed,Expected,Is Significant
p3,1,0.010249,6.591104,[28 39] ; [15 55],[21.02919708 45.97080292] ; [21.97080292 48.02919708],0
p11,1,0.071717,3.243275,[54 14] ; [46 24],[49.27536232 18.72463768] ; [50.72463768 19.27536232],0
b1,1,0.10428,2.638832,[21 47] ; [31 39],[25.62318841 42.37681159] ; [26.37681159 43.62318841],0
p5,1,0.137455,2.206218,[ 9 59] ; [ 4 65],[ 6.45255474 61.54744526] ; [ 6.54744526 62.45255474],0
p6,1,0.235899,1.404938,[15 53] ; [10 60],[12.31884058 55.68115942] ; [12.68115942 57.31884058],0
p12,1,0.707954,0.140329,[ 7 60] ; [ 6 64],[ 6.35766423 60.64233577] ; [ 6.64233577 63.35766423],0
p1,1,0.944115,0.004914,[10 58] ; [10 60],[ 9.85507246 58.14492754] ; [10.14492754 59.85507246],0
