Feature,DoF,P Value,Chi Square,Observed,Expected,Is Significant
b1,1,0.345735,0.889049,[54 78] ; [53 60],[57.64897959 74.35102041] ; [49.35102041 63.64897959],0
p7,1,0.381782,0.764955,[53 78] ; [52 61],[56.37295082 74.62704918] ; [48.62704918 64.37295082],0
p1,1,0.558795,0.341796,[  8 124] ; [  9 104],[  9.15918367 122.84081633] ; [  7.84081633 105.15918367],0
p11,1,0.639932,0.218831,[91 41] ; [81 32],[92.66938776 39.33061224] ; [79.33061224 33.66938776],0
p5,1,0.681969,0.167918,[ 13 115] ; [13 97],[ 13.98319328 114.01680672] ; [12.01680672 97.98319328],0
p2,1,0.73521,0.114382,[104  28] ; [87 26],[102.90612245  29.09387755] ; [88.09387755 24.90612245],0
p12,1,0.764379,0.089841,[  7 125] ; [  7 106],[  7.54285714 124.45714286] ; [  6.45714286 106.54285714],0
p10,1,0.874538,0.024931,[94 36] ; [82 30],[94.54545455 35.45454545] ; [81.45454545 30.54545455],0
p9,1,0.934256,0.006805,[100  31] ; [86 26],[100.27160494  30.72839506] ; [85.72839506 26.27160494],0
