Feature,DoF,P Value,Chi Square,Observed,Expected,Is Significant
p7,1,0.0,32.809509,[34  6] ; [19 49],[19.62962963 20.37037037] ; [33.37037037 34.62962963],1
p11,1,0.042801,4.103237,[35  6] ; [49 23],[30.47787611 10.52212389] ; [53.52212389 18.47787611],0
p6,1,0.35496,0.855646,[ 9 28] ; [12 59],[ 7.19444444 29.80555556] ; [13.80555556 57.19444444],0
p12,1,0.378388,0.775932,[ 2 38] ; [ 7 65],[ 3.21428571 36.78571429] ; [ 5.78571429 66.21428571],0
p5,1,0.467709,0.527382,[ 2 39] ; [ 6 64],[ 2.95495495 38.04504505] ; [ 5.04504505 64.95495495],0
p10,1,0.556226,0.34628,[34  6] ; [58 14],[32.85714286  7.14285714] ; [59.14285714 12.85714286],0
p1,1,0.584685,0.298721,[ 6 35] ; [ 8 64],[ 5.07964602 35.92035398] ; [ 8.92035398 63.07964602],0
b1,1,0.698726,0.149801,[15 26] ; [29 43],[15.96460177 25.03539823] ; [28.03539823 43.96460177],0
