Feature,DoF,P Value,Chi Square,Observed,Expected,Is Significant
p1,1,0.063861,3.434162,[ 7 82] ; [  3 121],[ 4.17840376 84.82159624] ; [  5.82159624 118.17840376],0
p9,1,0.215227,1.535911,[75 14] ; [96 28],[71.45070423 17.54929577] ; [99.54929577 24.45070423],0
b1,1,0.301248,1.068662,[29 62] ; [48 76],[32.59069767 58.40930233] ; [44.40930233 79.59069767],0
p11,1,0.357891,0.84528,[69 22] ; [87 37],[66.02790698 24.97209302] ; [89.97209302 34.02790698],0
p10,1,0.36908,0.806759,[70 20] ; [89 34],[67.18309859 22.81690141] ; [91.81690141 31.18309859],0
p2,1,0.428197,0.627709,[77 13] ; [101  23],[74.85981308 15.14018692] ; [103.14018692  20.85981308],0
p5,1,0.554401,0.349491,[ 7 83] ; [  7 115],[ 5.94339623 84.05660377] ; [  8.05660377 113.94339623],0
p12,1,0.689287,0.159858,[ 3 87] ; [  3 121],[ 2.52336449 87.47663551] ; [  3.47663551 120.52336449],0
