Feature,DoF,P Value,Chi Square,Observed,Expected,Is Significant
p4,1,0.000163,14.218541,[23 16] ; [16 54],[13.95412844 25.04587156] ; [25.04587156 44.95412844],1
p7,1,0.002265,9.321236,[21 18] ; [17 52],[13.72222222 25.27777778] ; [24.27777778 44.72222222],0
p8,1,0.02161,5.276904,[13 26] ; [10 59],[ 8.30555556 30.69444444] ; [14.69444444 54.30555556],0
p11,1,0.091697,2.84432,[18 21] ; [21 49],[13.95412844 25.04587156] ; [25.04587156 44.95412844],0
p5,1,0.46611,0.531182,[ 3 36] ; [ 3 66],[ 2.16666667 36.83333333] ; [ 3.83333333 65.16666667],0
p1,1,0.686353,0.163062,[ 3 36] ; [ 4 66],[ 2.50458716 36.49541284] ; [ 4.49541284 65.50458716],0
b1,1,0.964787,0.001949,[21 18] ; [38 32],[21.11009174 17.88990826] ; [37.88990826 32.11009174],0
