Feature,DoF,P Value,Chi Square,Observed,Expected,Is Significant
p9,1,0.0,35.505763,[18 27] ; [218  50],[33.92971246 11.07028754] ; [202.07028754  65.92971246],1
p11,1,2e-06,22.2395,[20 25] ; [213  60],[32.97169811 12.02830189] ; [200.02830189  72.97169811],1
b1,1,0.007454,7.160086,[23 22] ; [ 84 189],[15.14150943 29.85849057] ; [ 91.85849057 181.14150943],0
p7,1,0.06888,3.309499,[15 30] ; [128 139],[20.625 24.375] ; [122.375 144.625],0
p1,1,0.596376,0.280496,[ 2 43] ; [  8 263],[ 1.42405063 43.57594937] ; [  8.57594937 262.42405063],0
p5,1,0.896322,0.01698,[ 2 43] ; [ 11 262],[ 1.83962264 43.16037736] ; [ 11.16037736 261.83962264],0
