Feature,DoF,P Value,Chi Square,Observed,Expected,Is Significant
p10,1,0.0,27.956417,[297  14] ; [47 15],[286.82037534  24.17962466] ; [57.17962466  4.82037534],1
p2,1,0.003091,8.753125,[294  17] ; [52 10],[288.48793566  22.51206434] ; [57.51206434  4.48793566],0
p5,1,0.020004,5.411519,[ 71 241] ; [ 6 56],[ 64.23529412 247.76470588] ; [12.76470588 49.23529412],0
p12,1,0.218927,1.511391,[ 43 269] ; [ 5 57],[ 40.04278075 271.95721925] ; [ 7.95721925 54.04278075],0
p11,1,0.248816,1.329942,[282  30] ; [53  9],[279.46524064  32.53475936] ; [55.53475936  6.46524064],0
b1,1,0.54307,0.36988,[118 194] ; [26 36],[120.12834225 191.87165775] ; [23.87165775 38.12834225],0
p1,1,0.94436,0.004871,[ 39 271] ; [ 8 54],[ 39.16666667 270.83333333] ; [ 7.83333333 54.16666667],0
p7,1,0.971589,0.001268,[269  42] ; [52  8],[269.08625337  41.91374663] ; [51.91374663  8.08625337],0
