Feature,DoF,P Value,Chi Square,Observed,Expected,Is Significant
p4,1,0.0,59.464127,[63 21] ; [18 81],[37.18032787 46.81967213] ; [43.81967213 55.18032787],1
p9,1,0.0,43.073253,[65 18] ; [28 68],[43.12290503 39.87709497] ; [49.87709497 46.12290503],1
p2,1,4.1e-05,16.838478,[61 23] ; [42 57],[47.27868852 36.72131148] ; [55.72131148 43.27868852],1
p11,1,0.000142,14.473559,[60 24] ; [43 56],[47.27868852 36.72131148] ; [55.72131148 43.27868852],1
p8,1,0.008908,6.841165,[23 61] ; [12 87],[16.06557377 67.93442623] ; [18.93442623 80.06557377],0
p12,1,0.027209,4.877519,[ 8 76] ; [ 2 96],[ 4.61538462 79.38461538] ; [ 5.38461538 92.61538462],0
p1,1,0.065907,3.382114,[12 72] ; [ 6 92],[ 8.30769231 75.69230769] ; [ 9.69230769 88.30769231],0
b1,1,0.957049,0.002901,[37 47] ; [44 55],[37.18032787 46.81967213] ; [43.81967213 55.18032787],0
