Feature,DoF,P Value,Chi Square,Observed,Expected,Is Significant
p7,1,0.0,33.373681,[19 91] ; [13  2],[28.16 81.84] ; [ 3.84 11.16],1
p8,1,0.0,27.632712,[ 13 101] ; [10  5],[20.3255814 93.6744186] ; [ 2.6744186 12.3255814],1
b1,1,0.01048,6.551412,[59 55] ; [13  2],[63.62790698 50.37209302] ; [8.37209302 6.62790698],0
p10,1,0.056664,3.632432,[51 60] ; [ 3 12],[47.57142857 63.42857143] ; [6.42857143 8.57142857],0
p5,1,0.557004,0.344919,[  4 109] ; [ 1 14],[  4.4140625 108.5859375] ; [ 0.5859375 14.4140625],0
p1,1,0.56749,0.326901,[ 10 104] ; [ 2 13],[ 10.60465116 103.39534884] ; [ 1.39534884 13.60465116],0
p11,1,0.590675,0.289291,[54 60] ; [6 9],[53.02325581 60.97674419] ; [6.97674419 8.02325581],0
