Feature,DoF,P Value,Chi Square,Observed,Expected,Is Significant
p5,1,0.001668,9.883163,[ 57 152] ; [ 14 101],[ 45.79938272 163.20061728] ; [25.20061728 89.79938272],0
p11,1,0.001793,9.750235,[185  24] ; [88 29],[175.02147239  33.97852761] ; [97.97852761 19.02147239],0
p2,1,0.004947,7.89864,[193  16] ; [96 21],[185.2791411  23.7208589] ; [103.7208589  13.2791411],0
p3,1,0.006946,7.286828,[156  52] ; [71 46],[145.28  62.72] ; [81.72 35.28],0
p1,1,0.10209,2.672592,[ 33 175] ; [ 11 106],[ 28.16 179.84] ; [ 15.84 101.16],0
b1,1,0.201337,1.63265,[ 92 117] ; [43 74],[ 86.54907975 122.45092025] ; [48.45092025 68.54907975],0
p12,1,0.393874,0.726948,[ 34 174] ; [ 15 102],[ 31.36 176.64] ; [17.64 99.36],0
p10,1,0.896378,0.016962,[185  24] ; [103  14],[184.63803681  24.36196319] ; [103.36196319  13.63803681],0
