Feature,DoF,P Value,Chi Square,Observed,Expected,Is Significant
p11,1,0.000265,13.302711,[42 31] ; [194  52],[54.00626959 18.99373041] ; [181.99373041  64.00626959],1
p7,1,0.035675,4.412575,[37 36] ; [ 89 152],[29.29299363 43.70700637] ; [ 96.70700637 144.29299363],0
p12,1,0.074539,3.18012,[ 1 71] ; [ 17 229],[ 4.0754717 67.9245283] ; [ 13.9245283 232.0754717],0
b1,1,0.095347,2.781699,[34 39] ; [ 88 158],[27.9184953 45.0815047] ; [ 94.0815047 151.9184953],0
p4,1,0.401784,0.702982,[32 41] ; [ 94 151],[28.9245283 44.0754717] ; [ 97.0754717 147.9245283],0
p3,1,0.643398,0.214326,[22 50] ; [ 82 163],[23.6214511 48.3785489] ; [ 80.3785489 164.6214511],0
p1,1,0.911687,0.012301,[ 3 69] ; [ 11 235],[ 3.16981132 68.83018868] ; [ 10.83018868 235.16981132],0
