Feature,DoF,P Value,Chi Square,Observed,Expected,Is Significant
p4,1,0.0,34.340833,[317  61] ; [131  79],[288.  90.] ; [160.  50.],1
p12,1,0.001421,10.177807,[ 49 327] ; [ 10 200],[ 37.85665529 338.14334471] ; [ 21.14334471 188.85665529],0
p5,1,0.002591,9.075074,[ 73 302] ; [ 21 190],[ 60.15358362 314.84641638] ; [ 33.84641638 177.15358362],0
b1,1,0.113296,2.507637,[154 224] ; [ 72 139],[145.03904924 232.96095076] ; [ 80.96095076 130.03904924],0
p1,1,0.145703,2.116671,[ 49 326] ; [ 19 191],[ 43.58974359 331.41025641] ; [ 24.41025641 185.58974359],0
p7,1,0.159734,1.976741,[298  77] ; [154  53],[291.2371134  83.7628866] ; [160.7628866  46.2371134],0
p2,1,0.765467,0.088988,[341  35] ; [192  18],[341.99317406  34.00682594] ; [191.00682594  18.99317406],0
p11,1,0.922621,0.009435,[336  42] ; [187  24],[335.6434635  42.3565365] ; [187.3565365  23.6434635],0
