Feature,DoF,P Value,Chi Square,Observed,Expected,Is Significant
p4,1,0.196069,1.671412,[18 16] ; [26 40],[14.96 19.04] ; [29.04 36.96],0
p6,1,0.206818,1.593561,[12 21] ; [16 50],[ 9.33333333 23.66666667] ; [18.66666667 47.33333333],0
p5,1,0.236844,1.399283,[ 2 33] ; [ 1 65],[ 1.03960396 33.96039604] ; [ 1.96039604 64.03960396],0
p8,1,0.301054,1.069519,[16 18] ; [24 42],[13.6 20.4] ; [26.4 39.6],0
p11,1,0.505614,0.443134,[21 14] ; [44 22],[22.52475248 12.47524752] ; [42.47524752 23.52475248],0
p12,1,0.653241,0.201839,[ 1 34] ; [ 1 64],[ 0.7 34.3] ; [ 1.3 63.7],0
b1,1,0.802647,0.062461,[15 20] ; [30 36],[15.59405941 19.40594059] ; [29.40594059 36.59405941],0
p1,1,0.929653,0.007794,[ 2 33] ; [ 4 61],[ 2.1 32.9] ; [ 3.9 61.1],0
