Feature,DoF,P Value,Chi Square,Observed,Expected,Is Significant
p10,1,0.0,84.314989,[332  37] ; [ 3 16],[318.59536082  50.40463918] ; [16.40463918  2.59536082],1
p11,1,0.0,25.692634,[319  52] ; [ 8 11],[311.06923077  59.93076923] ; [15.93076923  3.06923077],1
p6,1,5e-06,20.771976,[217 154] ; [ 1 18],[207.37948718 163.62051282] ; [10.62051282  8.37948718],1
p8,1,0.000448,12.321266,[281  89] ; [ 7 11],[274.63917526  95.36082474] ; [13.36082474  4.63917526],1
p3,1,0.025245,5.007031,[265 106] ; [ 9 10],[260.65128205 110.34871795] ; [13.34871795  5.65128205],0
b1,1,0.125352,2.349142,[149 222] ; [11  8],[152.20512821 218.79487179] ; [ 7.79487179 11.20512821],0
p5,1,0.405356,0.69238,[ 70 300] ; [ 2 16],[ 68.65979381 301.34020619] ; [ 3.34020619 14.65979381],0
p1,1,0.40914,0.681298,[ 42 328] ; [ 1 18],[ 40.89974293 329.10025707] ; [ 2.10025707 16.89974293],0
