Feature,DoF,P Value,Chi Square,Observed,Expected,Is Significant
p10,1,0.0,36.668859,[61  8] ; [ 7 20],[48.875 20.125] ; [19.125  7.875],1
b1,1,0.012642,6.218523,[28 42] ; [19  9],[33.57142857 36.42857143] ; [13.42857143 14.57142857],0
p11,1,0.070457,3.272348,[57 13] ; [18 10],[53.57142857 16.42857143] ; [21.42857143  6.57142857],0
p8,1,0.336997,0.921823,[35 35] ; [17 11],[37.14285714 32.85714286] ; [14.85714286 13.14285714],0
p7,1,0.387822,0.74576,[51 18] ; [23  5],[52.63917526 16.36082474] ; [21.36082474  6.63917526],0
p5,1,0.561447,0.337204,[ 3 67] ; [ 2 26],[ 3.57142857 66.42857143] ; [ 1.42857143 26.57142857],0
p1,1,0.79542,0.067226,[11 59] ; [ 5 23],[11.42857143 58.57142857] ; [ 4.57142857 23.42857143],0
