Feature,DoF,P Value,Chi Square,Observed,Expected,Is Significant
b1,1,0.000788,11.269442,[53 60] ; [ 66 165],[39.09011628 73.90988372] ; [ 79.90988372 151.09011628],1
p10,1,0.001714,9.833008,[82 30] ; [200  30],[92.35087719 19.64912281] ; [189.64912281  40.35087719],0
p5,1,0.005375,7.748612,[13 97] ; [  9 222],[  7.09677419 102.90322581] ; [ 14.90322581 216.09677419],0
p11,1,0.031638,4.617982,[81 32] ; [189  42],[88.69186047 24.30813953] ; [181.30813953  49.69186047],0
p7,1,0.189121,1.724452,[52 61] ; [119 103],[57.68059701 55.31940299] ; [113.31940299 108.68059701],0
p1,1,0.233179,1.421365,[  9 104] ; [ 11 220],[  6.56976744 106.43023256] ; [ 13.43023256 217.56976744],0
p12,1,0.464436,0.535183,[  7 106] ; [ 10 219],[  5.61695906 107.38304094] ; [ 11.38304094 217.61695906],0
