Feature,DoF,P Value,Chi Square,Observed,Expected,Is Significant
p1,1,5e-06,20.739496,[ 8 39] ; [  4 215],[ 2.12030075 44.87969925] ; [  9.87969925 209.12030075],1
p12,1,0.044836,4.024798,[ 5 42] ; [  8 210],[ 2.30566038 44.69433962] ; [ 10.69433962 207.30566038],0
p5,1,0.207475,1.588957,[ 3 44] ; [  6 214],[ 1.58426966 45.41573034] ; [  7.41573034 212.58426966],0
p11,1,0.329732,0.94995,[33 14] ; [170  51],[35.60074627 11.39925373] ; [167.39925373  53.60074627],0
b1,1,0.551362,0.354884,[15 32] ; [ 61 160],[13.32835821 33.67164179] ; [ 62.67164179 158.32835821],0
p8,1,0.765028,0.089332,[18 29] ; [ 77 137],[17.10727969 29.89272031] ; [ 77.89272031 136.10727969],0
p10,1,0.84721,0.037125,[35 12] ; [166  53],[35.51503759 11.48496241] ; [165.48496241  53.51503759],0
