Feature,DoF,P Value,Chi Square,Observed,Expected,Is Significant
p10,1,0.0,42.479474,[154  20] ; [ 6 14],[143.50515464  30.49484536] ; [16.49484536  3.50515464],1
b1,1,8.2e-05,15.506499,[ 63 111] ; [17  4],[ 71.38461538 102.61538462] ; [ 8.61538462 12.38461538],1
p11,1,0.002261,9.324526,[152  22] ; [13  8],[147.23076923  26.76923077] ; [17.76923077  3.23076923],0
p1,1,0.006292,7.46479,[ 11 161] ; [ 5 16],[ 14.25906736 157.74093264] ; [ 1.74093264 19.25906736],0
p3,1,0.619916,0.245986,[101  73] ; [11 10],[99.93846154 74.06153846] ; [12.06153846  8.93846154],0
p2,1,0.64528,0.211902,[160  13] ; [20  1],[160.51546392  12.48453608] ; [19.48453608  1.51546392],0
p5,1,0.815685,0.054335,[ 14 160] ; [ 2 19],[ 14.27692308 159.72307692] ; [ 1.72307692 19.27692308],0
