Feature,DoF,P Value,Chi Square,Observed,Expected,Is Significant
p8,1,1e-06,23.82124,[12 77] ; [20 16],[22.784 66.216] ; [ 9.216 26.784],1
p2,1,0.000303,13.049015,[35 54] ; [27  9],[44.144 44.856] ; [17.856 18.144],1
p7,1,0.002634,9.045392,[27 61] ; [21 14],[34.34146341 53.65853659] ; [13.65853659 21.34146341],0
p5,1,0.009869,6.658344,[ 1 88] ; [ 4 32],[ 3.56 85.44] ; [ 1.44 34.56],0
p6,1,0.03341,4.524624,[13 73] ; [11 23],[17.2 68.8] ; [ 6.8 27.2],0
p11,1,0.169173,1.890253,[35 54] ; [19 17],[38.448 50.552] ; [15.552 20.448],0
p1,1,0.290177,1.118802,[ 5 83] ; [ 4 32],[ 6.38709677 81.61290323] ; [ 2.61290323 33.38709677],0
b1,1,0.574421,0.315341,[47 42] ; [21 15],[48.416 40.584] ; [19.584 16.416],0
