Feature,DoF,P Value,Chi Square,Observed,Expected,Is Significant
p10,1,0.005039,7.865348,[48 17] ; [192  26],[55.12367491  9.87632509] ; [184.87632509  33.12367491],0
b1,1,0.006017,7.545236,[35 32] ; [ 74 146],[25.44599303 41.55400697] ; [ 83.55400697 136.44599303],0
p11,1,0.011072,6.453785,[49 18] ; [190  30],[55.79442509 11.20557491] ; [183.20557491  36.79442509],0
p9,1,0.031135,4.64549,[51 14] ; [192  24],[56.20996441  8.79003559] ; [186.79003559  29.20996441],0
p5,1,0.419139,0.652729,[ 4 63] ; [ 20 200],[ 5.60278746 61.39721254] ; [ 18.39721254 201.60278746],0
p1,1,0.545485,0.365467,[ 4 63] ; [ 18 201],[ 5.15384615 61.84615385] ; [ 16.84615385 202.15384615],0
p12,1,0.888285,0.019733,[ 3 62] ; [ 11 207],[ 3.2155477 61.7844523] ; [ 10.7844523 207.2155477],0
