Feature,DoF,P Value,Chi Square,Observed,Expected,Is Significant
p10,1,0.0,67.33989,[80 26] ; [17 79],[50.9009901 55.0990099] ; [46.0990099 49.9009901],1
p2,1,0.0,34.201054,[88 19] ; [42 56],[67.85365854 39.14634146] ; [62.14634146 35.85365854],1
p6,1,0.000116,14.849469,[35 72] ; [10 87],[23.60294118 83.39705882] ; [21.39705882 75.60294118],1
p4,1,0.000659,11.601404,[45 63] ; [19 78],[33.71707317 74.28292683] ; [30.28292683 66.71707317],1
p11,1,0.001709,9.838523,[74 34] ; [46 52],[62.91262136 45.08737864] ; [57.08737864 40.91262136],0
b1,1,0.032093,4.593545,[37 71] ; [48 50],[44.5631068 63.4368932] ; [40.4368932 57.5631068],0
p5,1,0.207621,1.587939,[  4 103] ; [ 1 97],[  2.6097561 104.3902439] ; [ 2.3902439 95.6097561],0
p1,1,0.234422,1.413827,[  3 105] ; [ 6 91],[  4.74146341 103.25853659] ; [ 4.25853659 92.74146341],0
p12,1,0.913571,0.01178,[  2 106] ; [ 2 95],[  2.10731707 105.89268293] ; [ 1.89268293 95.10731707],0
