Feature,DoF,P Value,Chi Square,Observed,Expected,Is Significant
p1,1,0.064913,3.407195,[ 56 552] ; [3 9],[ 57.85806452 550.14193548] ; [ 1.14193548 10.85806452],0
p8,1,0.1854,1.753801,[364 237] ; [5 7],[361.77650897 239.22349103] ; [7.22349103 4.77650897],0
p11,1,0.258758,1.27539,[526  83] ; [9 3],[524.66183575  84.33816425] ; [10.33816425  1.66183575],0
p4,1,0.52241,0.409133,[408 200] ; [7 5],[406.96774194 201.03225806] ; [8.03225806 3.96774194],0
p5,1,0.565982,0.329452,[ 86 522] ; [ 1 11],[ 85.31612903 522.68387097] ; [ 1.68387097 10.31612903],0
p3,1,0.678818,0.171459,[341 268] ; [6 6],[340.29468599 268.70531401] ; [6.70531401 5.29468599],0
b1,1,0.915231,0.01133,[212 397] ; [4 8],[211.82608696 397.17391304] ; [4.17391304 7.82608696],0
p12,1,0.915686,0.011208,[ 56 551] ; [ 1 11],[ 55.89499192 551.10500808] ; [ 1.10500808 10.89499192],0
