Feature,DoF,P Value,Chi Square,Observed,Expected,Is Significant
p3,1,0.0,50.17398,[112  98] ; [ 47 180],[ 76.40732265 133.59267735] ; [ 82.59267735 144.40732265],1
p10,1,1e-06,24.849767,[196  13] ; [174  53],[177.36238532  31.63761468] ; [192.63761468  34.36238532],1
p7,1,1e-06,23.683176,[149  57] ; [110 113],[124.36829837  81.63170163] ; [134.63170163  88.36829837],1
p5,1,0.001835,9.707723,[ 22 187] ; [  7 220],[ 13.90137615 195.09862385] ; [ 15.09862385 211.90137615],0
p11,1,0.005052,7.860698,[185  25] ; [177  50],[173.95881007  36.04118993] ; [188.04118993  38.95881007],0
p1,1,0.008391,6.948074,[ 19 189] ; [  7 218],[ 12.48960739 195.51039261] ; [ 13.51039261 211.48960739],0
p12,1,0.53058,0.393281,[ 11 198] ; [  9 216],[  9.63133641 199.36866359] ; [ 10.36866359 214.63133641],0
b1,1,0.966603,0.001753,[ 67 143] ; [ 72 155],[ 66.79633867 143.20366133] ; [ 72.20366133 154.79633867],0
