Feature,DoF,P Value,Chi Square,Observed,Expected,Is Significant
b1,1,0.000263,13.320634,[30 71] ; [14  5],[37.03333333 63.96666667] ; [ 6.96666667 12.03333333],1
p8,1,0.349449,0.875456,[52 49] ; [12  7],[53.86666667 47.13333333] ; [10.13333333  8.86666667],0
p1,1,0.585129,0.298016,[ 7 94] ; [ 2 17],[ 7.575 93.425] ; [ 1.425 17.575],0
p11,1,0.616983,0.25013,[80 21] ; [16  3],[80.8 20.2] ; [15.2  3.8],0
p5,1,0.90798,0.01336,[ 6 95] ; [ 1 18],[ 5.89166667 95.10833333] ; [ 1.10833333 17.89166667],0
p7,1,0.956852,0.002927,[76 21] ; [14  4],[75.91304348 21.08695652] ; [14.08695652  3.91304348],0
