Feature,DoF,P Value,Chi Square,Observed,Expected,Is Significant
p7,1,1.1e-05,19.258327,[26 66] ; [22  8],[36.19672131 55.80327869] ; [11.80327869 18.19672131],1
p11,1,0.002247,9.335768,[40 54] ; [23  8],[47.376 46.624] ; [15.624 15.376],0
p6,1,0.127056,2.328114,[11 81] ; [ 7 23],[13.57377049 78.42622951] ; [ 4.42622951 25.57377049],0
p3,1,0.198037,1.656791,[15 78] ; [ 8 22],[17.3902439 75.6097561] ; [ 5.6097561 24.3902439],0
p5,1,0.405452,0.692096,[ 1 93] ; [ 1 30],[ 1.504 92.496] ; [ 0.496 30.504],0
p1,1,0.500341,0.454212,[ 6 87] ; [ 1 30],[ 5.25 87.75] ; [ 1.75 29.25],0
b1,1,0.711501,0.136782,[51 43] ; [18 13],[51.888 42.112] ; [17.112 13.888],0
