Feature,DoF,P Value,Chi Square,Observed,Expected,Is Significant
p7,1,7.9e-05,15.571023,[20 12] ; [217  28],[27.37906137  4.62093863] ; [209.62093863  35.37906137],1
p3,1,0.013261,6.13402,[17 15] ; [183  64],[22.9390681  9.0609319] ; [177.0609319  69.9390681],0
b1,1,0.27519,1.190691,[11 22] ; [107 140],[13.90714286 19.09285714] ; [104.09285714 142.90714286],0
p11,1,0.39194,0.732916,[26  7] ; [209  38],[27.69642857  5.30357143] ; [207.30357143  39.69642857],0
p10,1,0.676921,0.173613,[29  4] ; [221  24],[29.67625899  3.32374101] ; [220.32374101  24.67625899],0
p12,1,0.828965,0.046668,[ 5 28] ; [ 34 213],[ 4.59642857 28.40357143] ; [ 34.40357143 212.59642857],0
p5,1,0.840093,0.040713,[ 8 25] ; [ 56 191],[ 7.54285714 25.45714286] ; [ 56.45714286 190.54285714],0
p1,1,0.937174,0.006213,[ 5 28] ; [ 36 210],[ 4.84946237 28.15053763] ; [ 36.15053763 209.84946237],0
