Feature,DoF,P Value,Chi Square,Observed,Expected,Is Significant
p3,1,0.0,54.752513,[51 89] ; [317 129],[87.91808874 52.08191126] ; [280.08191126 165.91808874],1
p6,1,0.0,27.792307,[ 35 101] ; [228 215],[61.77547496 74.22452504] ; [201.22452504 241.77547496],1
p5,1,1.2e-05,19.157653,[  5 135] ; [ 83 359],[ 21.16838488 118.83161512] ; [ 66.83161512 375.16838488],1
p8,1,0.000584,11.826868,[71 68] ; [297 145],[88.04130809 50.95869191] ; [279.95869191 162.04130809],1
p2,1,0.012957,6.17498,[119  21] ; [408  35],[126.55231561  13.44768439] ; [400.44768439  42.55231561],0
p11,1,0.016785,5.718682,[111  29] ; [390  56],[119.69283276  20.30716724] ; [381.30716724  64.69283276],0
p12,1,0.023161,5.156371,[  7 132] ; [ 52 393],[ 14.04280822 124.95719178] ; [ 44.95719178 400.04280822],0
p1,1,0.073059,3.212914,[  8 132] ; [ 48 395],[ 13.44768439 126.55231561] ; [ 42.55231561 400.44768439],0
b1,1,0.568433,0.325311,[49 91] ; [168 278],[51.84300341 88.15699659] ; [165.15699659 280.84300341],0
