Feature,DoF,P Value,Chi Square,Observed,Expected,Is Significant
p3,1,0.054667,3.692206,[7 6] ; [13 37],[4.12698413 8.87301587] ; [15.87301587 34.12698413],0
b1,1,0.079888,3.067175,[9 4] ; [21 29],[6.19047619 6.80952381] ; [23.80952381 26.19047619],0
p4,1,0.108114,2.581571,[7 6] ; [15 35],[4.53968254 8.46031746] ; [17.46031746 32.53968254],0
p8,1,0.158384,1.98959,[6 7] ; [13 37],[3.92063492 9.07936508] ; [15.07936508 34.92063492],0
p7,1,0.230101,1.440238,[8 5] ; [21 28],[6.08064516 6.91935484] ; [22.91935484 26.08064516],0
p11,1,0.318114,0.996686,[5 8] ; [27 23],[6.6031746 6.3968254] ; [25.3968254 24.6031746],0
p5,1,0.577586,0.310154,[ 1 12] ; [ 2 48],[ 0.61904762 12.38095238] ; [ 2.38095238 47.61904762],0
p1,1,0.823597,0.049694,[ 1 12] ; [ 3 47],[ 0.82539683 12.17460317] ; [ 3.17460317 46.82539683],0
