Feature,DoF,P Value,Chi Square,Observed,Expected,Is Significant
p5,1,0.379345,0.772823,[ 3 36] ; [ 3 17],[ 3.96610169 35.03389831] ; [ 2.03389831 17.96610169],0
b1,1,0.411813,0.673561,[21 18] ; [13  7],[22.47457627 16.52542373] ; [11.52542373  8.47457627],0
p11,1,0.411813,0.673561,[18 21] ; [ 7 13],[16.52542373 22.47457627] ; [ 8.47457627 11.52542373],0
p1,1,0.696986,0.151626,[ 3 36] ; [ 1 19],[ 2.6440678 36.3559322] ; [ 1.3559322 18.6440678],0
p4,1,0.769953,0.085519,[23 16] ; [11  9],[22.47457627 16.52542373] ; [11.52542373  8.47457627],0
p7,1,0.779437,0.07843,[21 18] ; [10 10],[20.49152542 18.50847458] ; [10.50847458  9.49152542],0
p8,1,0.898134,0.016389,[13 26] ; [ 7 13],[13.22033898 25.77966102] ; [ 6.77966102 13.22033898],0
