Feature,DoF,P Value,Chi Square,Observed,Expected,Is Significant
p11,1,0.017484,5.647093,[59 30] ; [10 15],[53.86842105 35.13157895] ; [15.13157895  9.86842105],0
b1,1,0.058648,3.575201,[28 61] ; [13 12],[32.00877193 56.99122807] ; [ 8.99122807 16.00877193],0
p1,1,0.088958,2.893124,[ 5 84] ; [ 4 21],[ 7.02631579 81.97368421] ; [ 1.97368421 23.02631579],0
p5,1,0.277066,1.181425,[ 5 83] ; [ 3 22],[ 6.2300885 81.7699115] ; [ 1.7699115 23.2300885],0
p6,1,0.326632,0.962203,[30 56] ; [11 13],[32.05454545 53.94545455] ; [ 8.94545455 15.05454545],0
p2,1,0.939437,0.005773,[71 17] ; [20  5],[70.86725664 17.13274336] ; [20.13274336  4.86725664],0
p7,1,0.98059,0.000592,[45 42] ; [13 12],[45.05357143 41.94642857] ; [12.94642857 12.05357143],0
