Feature,DoF,P Value,Chi Square,Observed,Expected,Is Significant
p6,1,0.123965,2.366497,[ 4 10] ; [17 15],[6.39130435 7.60869565] ; [14.60869565 17.39130435],0
p11,1,0.123965,2.366497,[ 4 10] ; [17 15],[6.39130435 7.60869565] ; [14.60869565 17.39130435],0
p7,1,0.420457,0.649038,[9 4] ; [18 14],[7.8 5.2] ; [19.2 12.8],0
p5,1,0.591182,0.288502,[ 1 13] ; [ 4 28],[ 1.52173913 12.47826087] ; [ 3.47826087 28.52173913],0
b1,1,0.655421,0.199134,[6 8] ; [16 16],[6.69565217 7.30434783] ; [15.30434783 16.69565217],0
p3,1,0.845211,0.038116,[7 7] ; [17 15],[7.30434783 6.69565217] ; [16.69565217 15.30434783],0
