Feature,DoF,P Value,Chi Square,Observed,Expected,Is Significant
p1,1,0.001563,10.00317,[ 11 251] ; [10 58],[ 16.67272727 245.32727273] ; [ 4.32727273 63.67272727],0
p4,1,0.004641,8.014095,[100 161] ; [39 29],[110.27051672 150.72948328] ; [28.72948328 39.27051672],0
p5,1,0.038978,4.261806,[ 15 241] ; [ 9 59],[ 18.96296296 237.03703704] ; [ 5.03703704 62.96296296],0
p2,1,0.065189,3.400193,[195  66] ; [58 10],[200.70820669  60.29179331] ; [52.29179331 15.70820669],0
p3,1,0.175229,1.837633,[ 86 175] ; [28 39],[ 90.71341463 170.28658537] ; [23.28658537 43.71341463],0
p12,1,0.324037,0.97258,[ 18 244] ; [ 7 60],[ 19.90881459 242.09118541] ; [ 5.09118541 61.90881459],0
b1,1,0.512261,0.429446,[ 92 170] ; [21 47],[ 89.71515152 172.28484848] ; [23.28484848 44.71515152],0
p11,1,0.548068,0.36079,[199  63] ; [54 14],[200.86666667  61.13333333] ; [52.13333333 15.86666667],0
