Feature,DoF,P Value,Chi Square,Observed,Expected,Is Significant
p9,1,0.0,57.953777,[26 61] ; [103  23],[52.69014085 34.30985915] ; [76.30985915 49.69014085],1
p11,1,7e-06,20.275625,[40 50] ; [94 32],[55.83333333 34.16666667] ; [78.16666667 47.83333333],1
b1,1,0.003111,8.741487,[41 49] ; [33 93],[30.83333333 59.16666667] ; [43.16666667 82.83333333],0
p8,1,0.016581,5.740159,[10 80] ; [30 95],[16.74418605 73.25581395] ; [ 23.25581395 101.74418605],0
p6,1,0.229283,1.445301,[ 5 83] ; [ 13 113],[ 7.40186916 80.59813084] ; [ 10.59813084 115.40186916],0
p1,1,0.354855,0.856018,[ 7 82] ; [  6 119],[ 5.40654206 83.59345794] ; [  7.59345794 117.40654206],0
p5,1,0.49494,0.465768,[ 1 89] ; [  3 123],[ 1.66666667 88.33333333] ; [  2.33333333 123.66666667],0
p3,1,0.61304,0.255771,[ 8 81] ; [ 14 112],[ 9.10697674 79.89302326] ; [ 12.89302326 113.10697674],0
p12,1,0.670296,0.181257,[ 2 87] ; [  4 120],[ 2.50704225 86.49295775] ; [  3.49295775 120.50704225],0
