Feature,DoF,P Value,Chi Square,Observed,Expected,Is Significant
p9,1,0.004014,8.277528,[132  64] ; [ 7 13],[126.12962963  69.87037037] ; [12.87037037  7.12962963],0
p8,1,0.125602,2.346033,[ 33 169] ; [ 6 14],[ 35.48648649 166.51351351] ; [ 3.51351351 16.48648649],0
p2,1,0.201889,1.628657,[112  91] ; [14  6],[114.69955157  88.30044843] ; [11.30044843  8.69955157],0
b1,1,0.450594,0.569156,[ 74 129] ; [ 9 11],[ 75.55605381 127.44394619] ; [ 7.44394619 12.55605381],0
p11,1,0.821538,0.050881,[127  76] ; [12  8],[126.53363229  76.46636771] ; [12.46636771  7.53363229],0
p1,1,0.992236,9.5e-05,[ 10 192] ; [ 1 19],[ 10.00900901 191.99099099] ; [ 0.99099099 19.00900901],0
