Feature,DoF,P Value,Chi Square,Observed,Expected,Is Significant
b1,1,0.001436,10.158726,[ 66 124] ; [18  9],[ 73.5483871 116.4516129] ; [10.4516129 16.5483871],0
p6,1,0.16341,1.942388,[ 29 161] ; [ 7 20],[ 31.52073733 158.47926267] ; [ 4.47926267 22.52073733],0
p4,1,0.201289,1.632999,[ 74 116] ; [14 13],[ 77.05069124 112.94930876] ; [10.94930876 16.05069124],0
p2,1,0.236059,1.403979,[134  56] ; [22  5],[136.58986175  53.41013825] ; [19.41013825  7.58986175],0
p11,1,0.542238,0.371407,[144  46] ; [19  8],[142.71889401  47.28110599] ; [20.28110599  6.71889401],0
p3,1,0.924498,0.008981,[ 58 132] ; [ 8 19],[ 57.78801843 132.21198157] ; [ 8.21198157 18.78801843],0
