Feature,DoF,P Value,Chi Square,Observed,Expected,Is Significant
p10,1,0.000427,12.410508,[ 8 29] ; [24 15],[15.57894737 21.42105263] ; [16.42105263 22.57894737],1
p7,1,0.007209,7.220124,[25 11] ; [15 24],[19.2 16.8] ; [20.8 18.2],0
p8,1,0.026022,4.954564,[19 18] ; [10 28],[14.30666667 22.69333333] ; [14.69333333 23.30666667],0
b1,1,0.059765,3.543903,[25 12] ; [18 21],[20.93421053 16.06578947] ; [22.06578947 16.93421053],0
p11,1,0.255549,1.292708,[17 20] ; [23 16],[19.47368421 17.52631579] ; [20.52631579 18.47368421],0
p5,1,0.597365,0.278988,[ 2 35] ; [ 3 32],[ 2.56944444 34.43055556] ; [ 2.43055556 32.56944444],0
p1,1,0.600449,0.274319,[ 3 34] ; [ 2 37],[ 2.43421053 34.56578947] ; [ 2.56578947 36.43421053],0
