Feature,DoF,P Value,Chi Square,Observed,Expected,Is Significant
p9,1,0.0,57.982841,[114   7] ; [27 34],[93.74175824 27.25824176] ; [47.25824176 13.74175824],1
p11,1,2.3e-05,17.886734,[98 23] ; [31 30],[85.76373626 35.23626374] ; [43.23626374 17.76373626],1
p4,1,4.4e-05,16.679974,[89 32] ; [26 35],[76.45604396 44.54395604] ; [38.54395604 22.45604396],1
p6,1,0.099481,2.713846,[38 82] ; [12 48],[33.33333333 86.66666667] ; [16.66666667 43.33333333],0
p12,1,0.109626,2.559611,[  9 112] ; [ 1 59],[  6.68508287 114.31491713] ; [ 3.31491713 56.68508287],0
p5,1,0.139763,2.180561,[ 11 107] ; [ 2 59],[  8.5698324 109.4301676] ; [ 4.4301676 56.5698324],0
b1,1,0.566381,0.328775,[57 64] ; [26 35],[55.18131868 65.81868132] ; [27.81868132 33.18131868],0
p1,1,0.877858,0.023619,[ 13 108] ; [ 6 54],[ 12.70165746 108.29834254] ; [ 6.29834254 53.70165746],0
