Feature,DoF,P Value,Chi Square,Observed,Expected,Is Significant
p10,1,0.0,70.012842,[58 14] ; [14 78],[31.6097561 40.3902439] ; [40.3902439 51.6097561],1
p11,1,0.00052,12.041332,[49 23] ; [38 55],[37.96363636 34.03636364] ; [49.03636364 43.96363636],1
p5,1,0.060338,3.528072,[ 6 64] ; [ 2 91],[ 3.43558282 66.56441718] ; [ 4.56441718 88.43558282],0
p8,1,0.073288,3.207805,[15 57] ; [10 83],[10.90909091 61.09090909] ; [14.09090909 78.90909091],0
b1,1,0.147784,2.094974,[29 43] ; [48 45],[33.6 38.4] ; [43.4 49.6],0
p4,1,0.407244,0.686831,[16 55] ; [26 66],[18.29447853 52.70552147] ; [23.70552147 68.29447853],0
p1,1,0.781789,0.076722,[ 8 64] ; [ 9 83],[ 7.46341463 64.53658537] ; [ 9.53658537 82.46341463],0
