Feature,DoF,P Value,Chi Square,Observed,Expected,Is Significant
p7,1,2.5e-05,17.749505,[225 192] ; [ 89 152],[198.99392097 218.00607903] ; [115.00607903 125.99392097],1
p2,1,0.001481,10.102198,[354  69] ; [180  65],[338.14670659  84.85329341] ; [195.85329341  49.14670659],0
p4,1,0.001854,9.688831,[215 208] ; [ 94 151],[195.66916168 227.33083832] ; [113.33083832 131.66916168],0
p3,1,0.009711,6.687101,[185 239] ; [ 82 163],[169.21973094 254.78026906] ; [ 97.78026906 147.21973094],0
p11,1,0.044769,4.027312,[361  64] ; [194  52],[351.52757079  73.47242921] ; [203.47242921  42.52757079],0
p5,1,0.235418,1.407821,[ 35 384] ; [ 14 226],[ 31.15477997 387.84522003] ; [ 17.84522003 222.15477997],0
p1,1,0.306322,1.046467,[ 27 397] ; [ 11 235],[ 24.04776119 399.95223881] ; [ 13.95223881 232.04776119],0
b1,1,0.383187,0.760452,[138 287] ; [ 88 158],[143.14456036 281.85543964] ; [ 82.85543964 163.14456036],0
p12,1,0.784598,0.07471,[ 27 397] ; [ 17 229],[ 27.84477612 396.15522388] ; [ 16.15522388 229.84477612],0
