Feature,DoF,P Value,Chi Square,Observed,Expected,Is Significant
p1,1,0.026953,4.893827,[ 14 158] ; [10 43],[ 18.34666667 153.65333333] ; [ 5.65333333 47.34666667],0
p11,1,0.02748,4.860429,[142  31] ; [36 17],[136.25663717  36.74336283] ; [41.74336283 11.25663717],0
p5,1,0.09937,2.715627,[ 24 146] ; [ 3 50],[ 20.58295964 149.41704036] ; [ 6.41704036 46.58295964],0
p2,1,0.218813,1.512141,[151  21] ; [43 10],[148.30222222  23.69777778] ; [45.69777778  7.30222222],0
p7,1,0.308455,1.037278,[110  63] ; [35 14],[112.9954955  60.0045045] ; [32.0045045 16.9954955],0
p8,1,0.369784,0.804389,[97 76] ; [26 27],[94.15486726 78.84513274] ; [28.84513274 24.15486726],0
p10,1,0.658094,0.195847,[145  27] ; [46  7],[146.00888889  25.99111111] ; [44.99111111  8.00888889],0
p12,1,0.667653,0.18436,[ 13 160] ; [ 3 49],[ 12.30222222 160.69777778] ; [ 3.69777778 48.30222222],0
b1,1,0.729633,0.119449,[ 64 109] ; [21 32],[ 65.06637168 107.93362832] ; [19.93362832 33.06637168],0
