Feature,DoF,P Value,Chi Square,Observed,Expected,Is Significant
b1,1,0.048933,3.877642,[28 61] ; [15 14],[32.43220339 56.56779661] ; [10.56779661 18.43220339],0
p1,1,0.050951,3.809893,[ 5 84] ; [ 5 24],[ 7.54237288 81.45762712] ; [ 2.45762712 26.54237288],0
p6,1,0.154039,2.031788,[30 56] ; [ 6 23],[26.92173913 59.07826087] ; [ 9.07826087 19.92173913],0
p9,1,0.163177,1.944537,[69 19] ; [19 10],[66.18803419 21.81196581] ; [21.81196581  7.18803419],0
p12,1,0.229534,1.443749,[ 2 87] ; [ 2 27],[ 3.01694915 85.98305085] ; [ 0.98305085 28.01694915],0
p10,1,0.405574,0.691737,[64 23] ; [19 10],[62.25 24.75] ; [20.75  8.25],0
p5,1,0.742869,0.107621,[ 5 83] ; [ 2 25],[ 5.35652174 82.64347826] ; [ 1.64347826 25.35652174],0
p11,1,0.790395,0.070648,[59 30] ; [20  9],[59.58474576 29.41525424] ; [19.41525424  9.58474576],0
