Feature,DoF,P Value,Chi Square,Observed,Expected,Is Significant
p7,1,1.2e-05,19.221113,[66 19] ; [16 26],[54.88188976 30.11811024] ; [27.11811024 14.88188976],1
p8,1,0.006999,7.273215,[47 42] ; [12 31],[39.78030303 49.21969697] ; [19.21969697 23.78030303],0
p2,1,0.01259,6.225764,[78 11] ; [30 13],[72.81818182 16.18181818] ; [35.18181818  7.81818182],0
p11,1,0.05302,3.743287,[70 19] ; [27 16],[65.40151515 23.59848485] ; [31.59848485 11.40151515],0
p12,1,0.288662,1.125851,[ 6 83] ; [ 1 42],[ 4.71969697 84.28030303] ; [ 2.28030303 40.71969697],0
b1,1,0.429786,0.623402,[27 62] ; [16 27],[28.99242424 60.00757576] ; [14.00757576 28.99242424],0
p1,1,0.856538,0.032682,[ 7 82] ; [ 3 40],[ 6.74242424 82.25757576] ; [ 3.25757576 39.74242424],0
