Feature,DoF,P Value,Chi Square,Observed,Expected,Is Significant
p9,1,0.00179,9.753217,[103   4] ; [96 19],[95.91441441 11.08558559] ; [103.08558559  11.91441441],0
p11,1,0.094046,2.803714,[88 20] ; [85 33],[82.67256637 25.32743363] ; [90.32743363 27.67256637],0
p12,1,0.389164,0.741554,[15 93] ; [ 12 106],[12.90265487 95.09734513] ; [ 14.09734513 103.90265487],0
b1,1,0.395578,0.721726,[38 70] ; [48 70],[41.09734513 66.90265487] ; [44.90265487 73.09734513],0
p6,1,0.638774,0.22035,[23 84] ; [28 88],[24.47085202 82.52914798] ; [26.52914798 89.47085202],0
p1,1,0.68767,0.16162,[11 97] ; [ 14 104],[11.94690265 96.05309735] ; [ 13.05309735 104.94690265],0
p3,1,0.796922,0.06622,[64 43] ; [68 49],[63.05357143 43.94642857] ; [68.94642857 48.05357143],0
p8,1,0.931658,0.007355,[39 68] ; [42 75],[38.69196429 68.30803571] ; [42.30803571 74.69196429],0
p5,1,0.942525,0.005198,[12 94] ; [ 13 105],[11.83035714 94.16964286] ; [ 13.16964286 104.83035714],0
