Feature,DoF,P Value,Chi Square,Observed,Expected,Is Significant
p4,1,0.051734,3.784364,[90 91] ; [17  7],[94.47317073 86.52682927] ; [12.52682927 11.47317073],0
p8,1,0.088533,2.900853,[ 58 121] ; [12 12],[ 61.72413793 117.27586207] ; [ 8.27586207 15.72413793],0
p11,1,0.097051,2.753349,[147  34] ; [16  8],[143.91707317  37.08292683] ; [19.08292683  4.91707317],0
b1,1,0.128044,2.316063,[ 55 126] ; [11 13],[ 58.27317073 122.72682927] ; [ 7.72682927 16.27317073],0
p3,1,0.27426,1.195315,[ 62 118] ; [11 13],[ 64.41176471 115.58823529] ; [ 8.58823529 15.41176471],0
p1,1,0.426367,0.6327,[ 14 167] ; [ 3 21],[ 15.0097561 165.9902439] ; [ 1.9902439 22.0097561],0
p5,1,0.918193,0.010549,[ 14 167] ; [ 2 22],[ 14.12682927 166.87317073] ; [ 1.87317073 22.12682927],0
