Feature,DoF,P Value,Chi Square,Observed,Expected,Is Significant
p4,1,0.0,67.480114,[62 16] ; [ 40 127],[32.47346939 45.52653061] ; [69.52653061 97.47346939],1
p5,1,0.006317,7.457636,[ 9 67] ; [  5 161],[ 4.39669421 71.60330579] ; [  9.60330579 156.39669421],0
p6,1,0.011976,6.314394,[18 60] ; [ 18 148],[11.50819672 66.49180328] ; [ 24.49180328 141.50819672],0
p1,1,0.025762,4.971938,[10 68] ; [  8 158],[ 5.75409836 72.24590164] ; [ 12.24590164 153.75409836],0
p10,1,0.038375,4.288313,[67 11] ; [123  43],[60.73770492 17.26229508] ; [129.26229508  36.73770492],0
p8,1,0.067353,3.346369,[25 53] ; [ 35 130],[19.25925926 58.74074074] ; [ 40.74074074 124.25925926],0
p9,1,0.149472,2.077626,[69  9] ; [133  31],[65.10743802 12.89256198] ; [136.89256198  27.10743802],0
b1,1,0.153555,2.036577,[28 50] ; [ 45 122],[23.24081633 54.75918367] ; [ 49.75918367 117.24081633],0
p12,1,0.35332,0.861499,[ 9 69] ; [ 13 152],[ 7.0617284 70.9382716] ; [ 14.9382716 150.0617284],0
p2,1,0.682246,0.167608,[58 20] ; [120  47],[56.66938776 21.33061224] ; [121.33061224  45.66938776],0
