Feature,DoF,P Value,Chi Square,Observed,Expected,Is Significant
p10,1,0.0,44.982148,[1 5] ; [251  18],[5.49818182 0.50181818] ; [246.50181818  22.49818182],1
p4,1,0.001074,10.695581,[2 4] ; [227  43],[4.97826087 1.02173913] ; [224.02173913  45.97826087],0
p8,1,0.003419,8.569312,[1 5] ; [193  76],[4.23272727 1.76727273] ; [189.76727273  79.23272727],0
p11,1,0.023882,5.103146,[3 3] ; [228  42],[5.02173913 0.97826087] ; [225.97826087  44.02173913],0
p3,1,0.068196,3.325923,[2 4] ; [185  85],[4.06521739 1.93478261] ; [182.93478261  87.06521739],0
b1,1,0.594503,0.283367,[3 3] ; [106 164],[2.36956522 3.63043478] ; [106.63043478 163.36956522],0
p1,1,0.815659,0.05435,[1 5] ; [ 36 233],[0.80727273 5.19272727] ; [ 36.19272727 232.80727273],0
