Feature,DoF,P Value,Chi Square,Observed,Expected,Is Significant
p9,1,6.1e-05,16.069589,[22 15] ; [14 54],[12.68571429 24.31428571] ; [23.31428571 44.68571429],1
p8,1,0.001138,10.588359,[13 23] ; [ 7 63],[ 6.79245283 29.20754717] ; [13.20754717 56.79245283],0
p4,1,0.003859,8.348881,[15 22] ; [11 60],[ 8.90740741 28.09259259] ; [17.09259259 53.90740741],0
p11,1,0.004785,7.958817,[23 14] ; [24 47],[16.10185185 20.89814815] ; [30.89814815 40.10185185],0
p5,1,0.214006,1.544118,[ 2 33] ; [ 1 69],[ 1. 34.] ; [ 2. 68.],0
p1,1,0.491472,0.473302,[ 1 36] ; [ 4 67],[ 1.71296296 35.28703704] ; [ 3.28703704 67.71296296],0
b1,1,0.534927,0.385023,[18 19] ; [39 32],[19.52777778 17.47222222] ; [37.47222222 33.52777778],0
