Feature,DoF,P Value,Chi Square,Observed,Expected,Is Significant
p10,1,0.0,51.405301,[339  18] ; [24 15],[327.25  29.75] ; [35.75  3.25],1
p8,1,0.0,39.809578,[269  88] ; [10 28],[252.15949367 104.84050633] ; [26.84050633 11.15949367],1
p11,1,1e-06,23.399073,[315  43] ; [23 16],[304.79596977  53.20403023] ; [33.20403023  5.79596977],1
p3,1,0.012714,6.208486,[261  97] ; [21 18],[254.29722922 103.70277078] ; [27.70277078 11.29722922],0
p5,1,0.088668,2.898388,[ 73 283] ; [ 3 32],[ 69.19693095 286.80306905] ; [ 6.80306905 28.19693095],0
p1,1,0.240117,1.379908,[ 40 316] ; [ 2 37],[ 37.85316456 318.14683544] ; [ 4.14683544 34.85316456],0
p12,1,0.279741,1.168348,[ 38 320] ; [ 2 37],[ 36.07052897 321.92947103] ; [ 3.92947103 35.07052897],0
b1,1,0.39318,0.729085,[140 218] ; [18 21],[142.47858942 215.52141058] ; [15.52141058 23.47858942],0
