Feature,DoF,P Value,Chi Square,Observed,Expected,Is Significant
p6,1,0.02268,5.192874,[24 79] ; [17 23],[29.53146853 73.46853147] ; [11.46853147 28.53146853],0
p7,1,0.040966,4.177414,[70 29] ; [21 19],[64.81294964 34.18705036] ; [26.18705036 13.81294964],0
b1,1,0.168439,1.896784,[34 70] ; [18 22],[37.55555556 66.44444444] ; [14.44444444 25.55555556],0
p11,1,0.233384,1.420118,[87 17] ; [30 10],[84.5 19.5] ; [32.5  7.5],0
p12,1,0.262041,1.257942,[ 5 97] ; [ 4 36],[ 6.46478873 95.53521127] ; [ 2.53521127 37.46478873],0
p1,1,0.79246,0.069231,[12 92] ; [ 4 36],[11.55555556 92.44444444] ; [ 4.44444444 35.55555556],0
p5,1,0.968135,0.001596,[ 8 96] ; [ 3 35],[ 8.05633803 95.94366197] ; [ 2.94366197 35.05633803],0
