Feature,DoF,P Value,Chi Square,Observed,Expected,Is Significant
p9,1,0.041225,4.166734,[192  14] ; [57 10],[187.89010989  18.10989011] ; [61.10989011  5.89010989],0
p2,1,0.069874,3.285986,[151  56] ; [57 11],[156.56727273  50.43272727] ; [51.43272727 16.56727273],0
p1,1,0.17062,1.877487,[ 16 191] ; [ 9 59],[ 18.81818182 188.18181818] ; [ 6.18181818 61.81818182],0
p4,1,0.249994,1.323338,[ 84 123] ; [33 35],[ 88.06909091 118.93090909] ; [28.93090909 39.06909091],0
p12,1,0.255629,1.292276,[ 18 188] ; [ 3 64],[ 15.84615385 190.15384615] ; [ 5.15384615 61.84615385],0
p11,1,0.293695,1.102604,[162  45] ; [49 19],[158.82545455  48.17454545] ; [52.17454545 15.82545455],0
p5,1,0.323459,0.97491,[ 16 188] ; [ 8 60],[ 18. 186.] ; [ 6. 62.],0
b1,1,0.36896,0.807163,[ 70 137] ; [19 49],[ 66.99272727 140.00727273] ; [22.00727273 45.99272727],0
p3,1,0.618825,0.247522,[ 64 142] ; [23 44],[ 65.64835165 140.35164835] ; [21.35164835 45.64835165],0
