Feature,DoF,P Value,Chi Square,Observed,Expected,Is Significant
p9,1,1e-06,23.56658,[128  26] ; [ 7 13],[119.48275862  34.51724138] ; [15.51724138  4.48275862],1
p8,1,0.044296,4.045249,[83 71] ; [ 6 14],[78.77011494 75.22988506] ; [10.22988506  9.77011494],0
p11,1,0.050246,3.833243,[124  32] ; [12  8],[120.54545455  35.45454545] ; [15.45454545  4.54545455],0
b1,1,0.393763,0.727289,[ 55 101] ; [ 9 11],[56.72727273 99.27272727] ; [ 7.27272727 12.72727273],0
p7,1,0.546799,0.363082,[106  49] ; [15  5],[107.17142857  47.82857143] ; [13.82857143  6.17142857],0
p1,1,0.731864,0.117407,[ 11 145] ; [ 1 19],[ 10.63636364 145.36363636] ; [ 1.36363636 18.63636364],0
