Feature,DoF,P Value,Chi Square,Observed,Expected,Is Significant
p4,1,0.0,55.263818,[258  48] ; [18 31],[237.90422535  68.09577465] ; [38.09577465 10.90422535],1
p11,1,0.0,37.542067,[273  33] ; [27 22],[258.5915493  47.4084507] ; [41.4084507  7.5915493],1
p2,1,0.0,26.016878,[284  21] ; [34 15],[273.98305085  31.01694915] ; [44.01694915  4.98305085],1
p6,1,1.7e-05,18.531922,[175 129] ; [12 37],[161.04249292 142.95750708] ; [25.95750708 23.04249292],1
p5,1,0.001673,9.877422,[ 63 242] ; [ 1 48],[ 55.14124294 249.85875706] ; [ 8.85875706 40.14124294],0
p12,1,0.030619,4.674223,[ 38 267] ; [ 1 48],[ 33.60169492 271.39830508] ; [ 5.39830508 43.60169492],0
p1,1,0.21513,1.536563,[ 37 267] ; [ 3 46],[ 34.44759207 269.55240793] ; [ 5.55240793 43.44759207],0
b1,1,0.501868,0.450984,[128 178] ; [23 26],[130.15774648 175.84225352] ; [20.84225352 28.15774648],0
