Feature,DoF,P Value,Chi Square,Observed,Expected,Is Significant
p9,1,0.010769,6.503022,[24  1] ; [20  9],[20.37037037  4.62962963] ; [23.62962963  5.37037037],0
p1,1,0.15289,2.043182,[ 5 20] ; [ 2 27],[ 3.24074074 21.75925926] ; [ 3.75925926 25.24074074],0
p12,1,0.541691,0.372414,[ 5 20] ; [ 4 25],[ 4.16666667 20.83333333] ; [ 4.83333333 24.16666667],0
p3,1,0.633769,0.226984,[13 11] ; [17 11],[13.84615385 10.15384615] ; [16.15384615 11.84615385],0
p4,1,0.633769,0.226984,[13 11] ; [17 11],[13.84615385 10.15384615] ; [16.15384615 11.84615385],0
b1,1,0.876421,0.024183,[10 15] ; [11 18],[ 9.72222222 15.27777778] ; [11.27777778 17.72222222],0
p5,1,0.949971,0.003937,[ 5 20] ; [ 6 23],[ 5.09259259 19.90740741] ; [ 5.90740741 23.09259259],0
p11,1,0.990568,0.00014,[19  6] ; [22  7],[18.98148148  6.01851852] ; [22.01851852  6.98148148],0
