Feature,DoF,P Value,Chi Square,Observed,Expected,Is Significant
p10,1,0.0,32.135383,[ 7 22] ; [70 16],[19.4173913  9.5826087] ; [57.5826087 28.4173913],1
b1,1,0.002379,9.231281,[21  9] ; [33 54],[13.84615385 16.15384615] ; [40.15384615 46.84615385],0
p11,1,0.010733,6.508966,[18 12] ; [72 15],[23.07692308  6.92307692] ; [66.92307692 20.07692308],0
p2,1,0.161711,1.95815,[23  7] ; [76 11],[25.38461538  4.61538462] ; [73.61538462 13.38461538],0
p1,1,0.403126,0.698982,[ 4 26] ; [ 7 79],[ 2.84482759 27.15517241] ; [ 8.15517241 77.84482759],0
p5,1,0.657747,0.196272,[ 2 28] ; [ 4 83],[ 1.53846154 28.46153846] ; [ 4.46153846 82.53846154],0
p3,1,0.682004,0.167879,[13 17] ; [34 53],[12.05128205 17.94871795] ; [34.94871795 52.05128205],0
