Feature,DoF,P Value,Chi Square,Observed,Expected,Is Significant
p11,1,0.001035,10.764207,[217  61] ; [5 8],[212.08247423  65.91752577] ; [9.91752577 3.08247423],0
b1,1,0.003193,8.693505,[ 84 194] ; [9 4],[ 88.84536082 189.15463918] ; [4.15463918 8.84536082],0
p4,1,0.06545,3.393604,[ 82 194] ; [7 6],[ 84.99653979 191.00346021] ; [4.00346021 8.99653979],0
p7,1,0.178299,1.811747,[115 155] ; [8 5],[117.34982332 152.65017668] ; [5.65017668 7.34982332],0
p8,1,0.452612,0.564103,[ 98 175] ; [6 7],[ 99.27272727 173.72727273] ; [4.72727273 8.27272727],0
p1,1,0.510291,0.433469,[ 11 266] ; [ 1 12],[ 11.46206897 265.53793103] ; [ 0.53793103 12.46206897],0
p5,1,0.67998,0.170149,[ 14 261] ; [ 1 12],[ 14.32291667 260.67708333] ; [ 0.67708333 12.32291667],0
