Feature,DoF,P Value,Chi Square,Observed,Expected,Is Significant
p1,1,0.045415,4.003145,[ 3 33] ; [ 5 12],[ 5.43396226 30.56603774] ; [ 2.56603774 14.43396226],0
p11,1,0.049539,3.85698,[25 11] ; [ 7 10],[21.73584906 14.26415094] ; [10.26415094  6.73584906],0
p3,1,0.257116,1.28422,[ 9 26] ; [ 7 10],[10.76923077 24.23076923] ; [ 5.23076923 11.76923077],0
p7,1,0.412685,0.671053,[20 14] ; [12  5],[21.33333333 12.66666667] ; [10.66666667  6.33333333],0
p8,1,0.657959,0.196013,[15 21] ; [ 6 11],[14.26415094 21.73584906] ; [ 6.73584906 10.26415094],0
b1,1,0.973032,0.001143,[21 15] ; [10  7],[21.05660377 14.94339623] ; [9.94339623 7.05660377],0
