Feature,DoF,P Value,Chi Square,Observed,Expected,Is Significant
p3,1,0.049671,3.852538,[24 23] ; [15 33],[19.29473684 27.70526316] ; [19.70526316 28.29473684],0
p8,1,0.250868,1.318461,[18 29] ; [24 24],[20.77894737 26.22105263] ; [21.22105263 26.77894737],0
b1,1,0.435666,0.60767,[15 32] ; [19 29],[16.82105263 30.17894737] ; [17.17894737 30.82105263],0
p12,1,0.459747,0.546512,[ 5 42] ; [ 3 44],[ 4. 43.] ; [ 4. 43.],0
p11,1,0.71007,0.138207,[33 14] ; [32 16],[32.15789474 14.84210526] ; [32.84210526 15.15789474],0
p1,1,0.826044,0.048303,[ 8 39] ; [ 9 39],[ 8.41052632 38.58947368] ; [ 8.58947368 39.41052632],0
p2,1,0.955082,0.003173,[36 11] ; [37 11],[36.11578947 10.88421053] ; [36.88421053 11.11578947],0
p5,1,0.978746,0.00071,[ 3 44] ; [ 3 45],[ 2.96842105 44.03157895] ; [ 3.03157895 44.96842105],0
