Feature,DoF,P Value,Chi Square,Observed,Expected,Is Significant
p4,1,0.000119,14.805034,[317  61] ; [14 12],[309.6980198  68.3019802] ; [21.3019802  4.6980198],1
p11,1,0.000482,12.184152,[336  42] ; [17  9],[330.28217822  47.71782178] ; [22.71782178  3.28217822],1
p7,1,0.031969,4.600168,[298  77] ; [16 10],[293.64089776  81.35910224] ; [20.35910224  5.64089776],0
p12,1,0.169868,1.884104,[ 49 327] ; [ 1 25],[ 46.76616915 329.23383085] ; [ 3.23383085 22.76616915],0
p2,1,0.311368,1.024865,[341  35] ; [22  4],[339.52238806  36.47761194] ; [23.47761194  2.52238806],0
p5,1,0.318535,0.994951,[ 73 302] ; [ 3 23],[ 71.0723192 303.9276808] ; [ 4.9276808 21.0723192],0
b1,1,0.538015,0.379232,[154 224] ; [ 9 17],[152.50990099 225.49009901] ; [10.49009901 15.50990099],0
p6,1,0.796243,0.066673,[190 185] ; [12 13],[189.375 185.625] ; [12.625 12.375],0
p1,1,0.822519,0.050313,[ 49 326] ; [ 3 23],[ 48.62842893 326.37157107] ; [ 3.37157107 22.62842893],0
