Feature,DoF,P Value,Chi Square,Observed,Expected,Is Significant
p2,1,0.0,36.635214,[43 54] ; [60  6],[61.29447853 35.70552147] ; [41.70552147 24.29447853],1
p7,1,0.0,25.89259,[28 68] ; [46 20],[43.85185185 52.14814815] ; [30.14814815 35.85185185],1
p11,1,0.000126,14.700071,[41 56] ; [48 18],[52.96319018 44.03680982] ; [36.03680982 29.96319018],1
p5,1,0.157941,1.993833,[ 1 95] ; [ 3 63],[ 2.37037037 93.62962963] ; [ 1.62962963 64.37037037],0
p1,1,0.31598,1.005515,[ 6 90] ; [ 7 59],[ 7.7037037 88.2962963] ; [ 5.2962963 60.7037037],0
p12,1,0.373301,0.792646,[ 2 94] ; [ 3 63],[ 2.96296296 93.03703704] ; [ 2.03703704 63.96296296],0
b1,1,0.448365,0.574781,[47 50] ; [28 38],[44.63190184 52.36809816] ; [30.36809816 35.63190184],0
