Feature,DoF,P Value,Chi Square,Observed,Expected,Is Significant
p9,1,0.0,93.25389,[215  12] ; [15 25],[195.54307116  31.45692884] ; [34.45692884  5.54307116],1
p11,1,0.0,27.809168,[198  29] ; [21 19],[186.19101124  40.80898876] ; [32.80898876  7.19101124],1
p2,1,0.003601,8.47505,[202  24] ; [29 11],[196.26315789  29.73684211] ; [34.73684211  5.26315789],0
p8,1,0.045956,3.9832,[131  94] ; [16 23],[125.28409091  99.71590909] ; [21.71590909 17.28409091],0
b1,1,0.189331,1.72282,[ 83 144] ; [19 21],[ 86.71910112 140.28089888] ; [15.28089888 24.71910112],0
p5,1,0.223245,1.483387,[ 26 197] ; [ 2 37],[ 23.83206107 199.16793893] ; [ 4.16793893 34.83206107],0
p12,1,0.312826,1.018707,[ 15 212] ; [ 1 39],[ 13.60299625 213.39700375] ; [ 2.39700375 37.60299625],0
p7,1,0.347728,0.88173,[142  84] ; [22 18],[139.33834586  86.66165414] ; [24.66165414 15.33834586],0
p1,1,0.41521,0.663834,[ 20 206] ; [ 2 38],[ 18.69172932 207.30827068] ; [ 3.30827068 36.69172932],0
