Feature,DoF,P Value,Chi Square,Observed,Expected,Is Significant
p2,1,0.002347,9.256558,[38 15] ; [50 58],[28.9689441 24.0310559] ; [59.0310559 48.9689441],0
p7,1,0.008357,6.955309,[27 26] ; [31 74],[19.4556962 33.5443038] ; [38.5443038 66.4556962],0
p5,1,0.021987,5.246806,[ 4 48] ; [  1 106],[ 1.63522013 50.36477987] ; [  3.36477987 103.63522013],0
p8,1,0.087795,2.914345,[16 36] ; [20 87],[11.77358491 40.22641509] ; [24.22641509 82.77358491],0
b1,1,0.500918,0.452992,[24 29] ; [55 53],[26.00621118 26.99378882] ; [52.99378882 55.00621118],0
p12,1,0.609878,0.260352,[ 1 52] ; [  1 106],[ 0.6625 52.3375] ; [  1.3375 105.6625],0
p11,1,0.642887,0.214986,[22 31] ; [49 59],[23.37267081 29.62732919] ; [47.62732919 60.37267081],0
p1,1,0.793505,0.068519,[ 2 51] ; [  5 102],[ 2.31875 50.68125] ; [  4.68125 102.31875],0
