Feature,DoF,P Value,Chi Square,Observed,Expected,Is Significant
p4,1,5e-06,20.662468,[24 55] ; [23  6],[34.37962963 44.62037037] ; [12.62037037 16.37962963],1
p7,1,6e-06,20.628498,[21 56] ; [22  7],[31.23584906 45.76415094] ; [11.76415094 17.23584906],1
p6,1,0.000588,11.814813,[13 66] ; [13 13],[19.56190476 59.43809524] ; [ 6.43809524 19.56190476],1
p5,1,0.027589,4.853572,[ 2 74] ; [ 4 25],[ 4.34285714 71.65714286] ; [ 1.65714286 27.34285714],0
p11,1,0.06712,3.352088,[54 26] ; [14 15],[49.90825688 30.09174312] ; [18.09174312 10.90825688],0
p1,1,0.439874,0.596611,[ 7 73] ; [ 4 25],[ 8.0733945 71.9266055] ; [ 2.9266055 26.0733945],0
b1,1,0.761662,0.091991,[36 44] ; [14 15],[36.69724771 43.30275229] ; [13.30275229 15.69724771],0
