Feature,DoF,P Value,Chi Square,Observed,Expected,Is Significant
p9,1,0.0,119.715108,[324  16] ; [30 35],[297.18518519  42.81481481] ; [56.81481481  8.18518519],1
p3,1,0.0,53.936699,[238 101] ; [16 53],[211.04411765 127.95588235] ; [42.95588235 26.04411765],1
p11,1,0.0,40.421265,[310  30] ; [43 26],[293.44743276  46.55256724] ; [59.55256724  9.44743276],1
p6,1,0.0,25.388523,[185 154] ; [14 53],[166.16009852 172.83990148] ; [32.83990148 34.16009852],1
p5,1,0.000204,13.792029,[ 67 273] ; [ 1 68],[ 56.52811736 283.47188264] ; [11.47188264 57.52811736],1
p12,1,0.025027,5.022048,[ 41 298] ; [ 2 66],[ 35.81572482 303.18427518] ; [ 7.18427518 60.81572482],0
p1,1,0.074141,3.188868,[ 40 298] ; [ 3 64],[ 35.88641975 302.11358025] ; [ 7.11358025 59.88641975],0
b1,1,0.820697,0.05137,[133 207] ; [28 41],[133.83863081 206.16136919] ; [27.16136919 41.83863081],0
