Feature,DoF,P Value,Chi Square,Observed,Expected,Is Significant
p9,1,0.0,107.989596,[18 27] ; [197   5],[39.17004049  5.82995951] ; [175.82995951  26.17004049],1
p7,1,0.0,85.767014,[15 30] ; [185  15],[36.73469388  8.26530612] ; [163.26530612  36.73469388],1
p11,1,0.0,49.522836,[20 25] ; [181  21],[36.6194332  8.3805668] ; [164.3805668  37.6194332],1
p2,1,0.000183,13.993497,[33 12] ; [187  15],[40.08097166  4.91902834] ; [179.91902834  22.08097166],1
p3,1,0.000194,13.8858,[22 23] ; [154  47],[32.19512195 12.80487805] ; [143.80487805  57.19512195],1
p5,1,0.000864,11.098764,[ 2 43] ; [ 56 146],[10.56680162 34.43319838] ; [ 47.43319838 154.56680162],1
p1,1,0.050786,3.815325,[ 2 43] ; [ 31 170],[ 6.03658537 38.96341463] ; [ 26.96341463 174.03658537],0
b1,1,0.219315,1.508846,[23 22] ; [ 83 119],[19.31174089 25.68825911] ; [ 86.68825911 115.31174089],0
