Feature,DoF,P Value,Chi Square,Observed,Expected,Is Significant
b1,1,0.005041,7.864535,[11 22] ; [14  5],[15.86538462 17.13461538] ; [9.13461538 9.86538462],0
p5,1,0.081501,3.034721,[ 8 25] ; [ 1 18],[ 5.71153846 27.28846154] ; [ 3.28846154 15.71153846],0
p6,1,0.212391,1.555054,[17 16] ; [ 6 12],[14.88235294 18.11764706] ; [8.11764706 9.88235294],0
p7,1,0.266301,1.235703,[20 12] ; [14  4],[21.76 10.24] ; [12.24  5.76],0
p3,1,0.55569,0.347222,[17 15] ; [ 8 10],[16. 16.] ; [9. 9.],0
p11,1,0.632811,0.228268,[26  7] ; [16  3],[26.65384615  6.34615385] ; [15.34615385  3.65384615],0
p1,1,0.637958,0.221422,[ 5 28] ; [ 2 17],[ 4.44230769 28.55769231] ; [ 2.55769231 16.44230769],0
