Feature,DoF,P Value,Chi Square,Observed,Expected,Is Significant
p9,1,1.5e-05,18.692308,[24  1] ; [30 35],[15. 10.] ; [39. 26.],1
p5,1,0.00115,10.568292,[ 5 20] ; [ 1 68],[ 1.59574468 23.40425532] ; [ 4.40425532 64.59574468],0
p3,1,0.004774,7.963049,[13 11] ; [16 53],[ 7.48387097 16.51612903] ; [21.51612903 47.48387097],0
p12,1,0.005701,7.642466,[ 5 20] ; [ 2 66],[ 1.88172043 23.11827957] ; [ 5.11827957 62.88172043],0
p8,1,0.01223,6.277186,[15 10] ; [21 46],[ 9.7826087 15.2173913] ; [26.2173913 40.7826087],0
p1,1,0.018744,5.525231,[ 5 20] ; [ 3 64],[ 2.17391304 22.82608696] ; [ 5.82608696 61.17391304],0
p7,1,0.043756,4.065934,[18  7] ; [33 35],[13.70967742 11.29032258] ; [37.29032258 30.70967742],0
p11,1,0.21615,1.529752,[19  6] ; [43 26],[16.4893617  8.5106383] ; [45.5106383 23.4893617],0
b1,1,0.959641,0.002561,[10 15] ; [28 41],[10.10638298 14.89361702] ; [27.89361702 41.10638298],0
