Feature,DoF,P Value,Chi Square,Observed,Expected,Is Significant
p3,1,0.0,35.362605,[23 98] ; [63 48],[44.85344828 76.14655172] ; [41.14655172 69.85344828],1
p10,1,1e-05,19.483128,[56 61] ; [84 26],[72.15859031 44.84140969] ; [67.84140969 42.15859031],1
p9,1,4.4e-05,16.682417,[57 57] ; [84 26],[71.75892857 42.24107143] ; [69.24107143 40.75892857],1
p8,1,6.2e-05,16.045585,[ 11 110] ; [33 78],[22.94827586 98.05172414] ; [21.05172414 89.94827586],1
p11,1,0.0013,10.341865,[58 63] ; [77 35],[70.10729614 50.89270386] ; [64.89270386 47.10729614],0
p5,1,0.055316,3.672523,[  5 113] ; [12 98],[  8.79824561 109.20175439] ; [  8.20175439 101.79824561],0
b1,1,0.14568,2.116908,[59 62] ; [44 68],[53.48927039 67.51072961] ; [49.51072961 62.48927039],0
p12,1,0.365967,0.817312,[  7 113] ; [ 10 102],[  8.79310345 111.20689655] ; [  8.20689655 103.79310345],0
p1,1,0.965515,0.001869,[ 11 110] ; [ 10 102],[ 10.9055794 110.0944206] ; [ 10.0944206 101.9055794],0
