Feature,DoF,P Value,Chi Square,Observed,Expected,Is Significant
p3,1,0.082685,3.011321,[23 59] ; [ 35 153],[17.61481481 64.38518519] ; [ 40.38518519 147.61481481],0
p7,1,0.153509,2.037034,[22 57] ; [ 68 116],[27.03422053 51.96577947] ; [ 62.96577947 121.03422053],0
p5,1,0.19495,1.679808,[ 4 74] ; [  4 183],[ 2.35471698 75.64528302] ; [  5.64528302 181.35471698],0
p1,1,0.29199,1.110423,[ 6 76] ; [  8 181],[ 4.23616236 77.76383764] ; [  9.76383764 179.23616236],0
b1,1,0.314098,1.013363,[33 49] ; [ 64 125],[29.35055351 52.64944649] ; [ 67.64944649 121.35055351],0
p12,1,0.409395,0.680557,[ 7 75] ; [ 11 178],[ 5.44649446 76.55350554] ; [ 12.55350554 176.44649446],0
p11,1,0.632998,0.228018,[58 24] ; [139  50],[59.60885609 22.39114391] ; [137.39114391  51.60885609],0
p10,1,0.910453,0.012649,[69 13] ; [158  31],[68.68634686 13.31365314] ; [158.31365314  30.68634686],0
