Feature,DoF,P Value,Chi Square,Observed,Expected,Is Significant
p8,1,0.0,48.654001,[133 165] ; [241  94],[176.06951027 121.93048973] ; [197.93048973 137.06951027],1
p6,1,0.0,46.60287,[ 85 218] ; [183 151],[127.47880691 175.52119309] ; [140.52119309 193.47880691],1
p7,1,0.0,39.078556,[167 129] ; [265  68],[203.29411765  92.70588235] ; [228.70588235 104.29411765],1
p5,1,0.0,36.688991,[ 16 290] ; [ 73 262],[ 42.48673947 263.51326053] ; [ 46.51326053 288.48673947],1
p1,1,1.7e-05,18.553266,[ 11 295] ; [ 44 291],[ 26.25585023 279.74414977] ; [ 28.74414977 306.25585023],1
b1,1,8.7e-05,15.401332,[ 84 222] ; [142 194],[107.71962617 198.28037383] ; [118.28037383 217.71962617],1
p12,1,0.0002,13.830864,[ 13 292] ; [ 42 294],[ 26.1700468 278.8299532] ; [ 28.8299532 307.1700468],1
p11,1,0.242185,1.367829,[247  59] ; [283  53],[252.61682243  53.38317757] ; [277.38317757  58.61682243],0
p10,1,0.433014,0.614725,[268  37] ; [300  34],[271.11111111  33.88888889] ; [296.88888889  37.11111111],0
