Feature,DoF,P Value,Chi Square,Observed,Expected,Is Significant
p8,1,1.5e-05,18.736166,[320 134] ; [ 4 14],[311.6440678 142.3559322] ; [12.3559322  5.6440678],1
p3,1,0.00041,12.485062,[290 167] ; [ 4 14],[282.85894737 174.14105263] ; [11.14105263  6.85894737],1
p10,1,0.000758,11.340548,[425  30] ; [13  5],[421.33192389  33.66807611] ; [16.66807611  1.33192389],1
p11,1,0.001775,9.768923,[398  59] ; [11  7],[393.50105263  63.49894737] ; [15.49894737  2.50105263],0
p1,1,0.082864,3.007804,[ 44 412] ; [ 4 14],[ 46.17721519 409.82278481] ; [ 1.82278481 16.17721519],0
b1,1,0.201858,1.628881,[169 288] ; [ 4 14],[166.44421053 290.55578947] ; [ 6.55578947 11.44421053],0
p5,1,0.23075,1.43623,[ 73 383] ; [ 1 17],[ 71.18987342 384.81012658] ; [ 2.81012658 15.18987342],0
