Feature,DoF,P Value,Chi Square,Observed,Expected,Is Significant
p1,1,0.464362,0.535361,[ 3 46] ; [ 6 54],[ 4.04587156 44.95412844] ; [ 4.95412844 55.04587156],0
p4,1,0.530962,0.39255,[18 31] ; [26 35],[19.6 29.4] ; [24.4 36.6],0
p6,1,0.57362,0.316663,[12 37] ; [12 48],[10.78899083 38.21100917] ; [13.21100917 46.78899083],0
b1,1,0.650803,0.20489,[23 26] ; [26 35],[21.82727273 27.17272727] ; [27.17272727 33.82727273],0
p11,1,0.654786,0.19992,[27 22] ; [31 30],[25.83636364 23.16363636] ; [32.16363636 28.83636364],0
p5,1,0.691979,0.156951,[ 1 48] ; [ 2 59],[ 1.33636364 47.66363636] ; [ 1.66363636 59.33636364],0
p3,1,0.866196,0.02839,[16 33] ; [19 42],[15.59090909 33.40909091] ; [19.40909091 41.59090909],0
p12,1,0.88488,0.020963,[ 1 48] ; [ 1 59],[ 0.89908257 48.10091743] ; [ 1.10091743 58.89908257],0
