Feature,DoF,P Value,Chi Square,Observed,Expected,Is Significant
p3,1,0.0,25.75513,[22 13] ; [22 96],[10.06535948 24.93464052] ; [33.93464052 84.06535948],1
p9,1,3e-06,21.893375,[33  2] ; [56 56],[21.19047619 13.80952381] ; [67.80952381 44.19047619],1
p11,1,0.028022,4.826739,[25 10] ; [60 59],[19.31818182 15.68181818] ; [65.68181818 53.31818182],0
p10,1,0.041991,4.135559,[23 12] ; [53 62],[17.73333333 17.26666667] ; [58.26666667 56.73333333],0
p12,1,0.16193,1.95611,[ 5 30] ; [  8 110],[ 2.97385621 32.02614379] ; [ 10.02614379 107.97385621],0
b1,1,0.318401,0.995505,[14 21] ; [59 60],[16.59090909 18.40909091] ; [56.40909091 62.59090909],0
p1,1,0.485629,0.486197,[ 5 30] ; [ 12 107],[ 3.86363636 31.13636364] ; [ 13.13636364 105.86363636],0
p5,1,0.54749,0.361832,[ 2 33] ; [  4 112],[ 1.39072848 33.60927152] ; [  4.60927152 111.39072848],0
