Feature,DoF,P Value,Chi Square,Observed,Expected,Is Significant
p9,1,0.0,109.833613,[15 38] ; [269  30],[42.76136364 10.23863636] ; [241.23863636  57.76136364],1
p11,1,0.0,71.845491,[22 31] ; [268  31],[43.66477273  9.33522727] ; [246.33522727  52.66477273],1
p2,1,0.0,27.73112,[38 15] ; [281  17],[48.16809117  4.83190883] ; [270.83190883  27.16809117],1
p3,1,0.000185,13.979363,[27 26] ; [227  72],[38.24431818 14.75568182] ; [215.75568182  83.24431818],1
p5,1,0.014762,5.944677,[ 4 48] ; [ 67 232],[10.51851852 41.48148148] ; [ 60.48148148 238.51851852],0
p12,1,0.026334,4.933958,[ 1 52] ; [ 36 263],[ 5.57102273 47.42897727] ; [ 31.42897727 267.57102273],0
p1,1,0.06419,3.425688,[ 2 51] ; [ 37 260],[ 5.90571429 47.09428571] ; [ 33.09428571 263.90571429],0
b1,1,0.572711,0.318167,[24 29] ; [123 176],[22.13352273 30.86647727] ; [124.86647727 174.13352273],0
