Feature,DoF,P Value,Chi Square,Observed,Expected,Is Significant
p6,1,0.000371,12.675359,[17 18] ; [ 2 26],[10.55555556 24.44444444] ; [ 8.44444444 19.55555556],1
p10,1,0.079481,3.075489,[12 25] ; [ 4 25],[ 8.96969697 28.03030303] ; [ 7.03030303 21.96969697],0
p2,1,0.151274,2.059359,[30  7] ; [19 10],[27.46969697  9.53030303] ; [21.53030303  7.46969697],0
p11,1,0.237163,1.397378,[22 15] ; [13 16],[19.62121212 17.37878788] ; [15.37878788 13.62121212],0
b1,1,0.423819,0.639702,[24 13] ; [16 13],[22.42424242 14.57575758] ; [17.57575758 11.42424242],0
p3,1,0.658618,0.195207,[20 16] ; [14 14],[19.125 16.875] ; [14.875 13.125],0
p1,1,0.973794,0.001079,[ 5 32] ; [ 4 25],[ 5.04545455 31.95454545] ; [ 3.95454545 25.04545455],0
