Feature,DoF,P Value,Chi Square,Observed,Expected,Is Significant
p10,1,1e-06,24.027088,[70 16] ; [ 3 12],[62.15841584 23.84158416] ; [10.84158416  4.15841584],1
b1,1,0.00046,12.273206,[33 54] ; [13  2],[39.23529412 47.76470588] ; [6.76470588 8.23529412],1
p11,1,0.023274,5.147921,[61 26] ; [6 9],[57.14705882 29.85294118] ; [9.85294118 5.14705882],0
p7,1,0.14695,2.103629,[58 27] ; [13  2],[60.35 24.65] ; [10.65  4.35],0
p1,1,0.504914,0.444593,[ 7 80] ; [ 2 13],[ 7.67647059 79.32352941] ; [ 1.32352941 13.67647059],0
p5,1,0.73178,0.117483,[ 4 83] ; [ 1 14],[ 4.26470588 82.73529412] ; [ 0.73529412 14.26470588],0
p4,1,0.734104,0.115377,[60 27] ; [11  4],[60.55882353 26.44117647] ; [10.44117647  4.55882353],0
