Feature,DoF,P Value,Chi Square,Observed,Expected,Is Significant
p9,1,0.0,82.857337,[192  14] ; [21 32],[169.41312741  36.58687259] ; [43.58687259  9.41312741],1
p11,1,3e-06,21.909426,[162  45] ; [26 30],[147.96958175  59.03041825] ; [40.03041825 15.96958175],1
p3,1,0.057179,3.617374,[ 64 142] ; [25 31],[ 69.97709924 136.02290076] ; [19.02290076 36.97709924],0
b1,1,0.081998,3.024854,[ 70 137] ; [26 30],[ 75.55893536 131.44106464] ; [20.44106464 35.55893536],0
p8,1,0.104142,2.640934,[ 53 152] ; [20 34],[ 57.77992278 147.22007722] ; [15.22007722 38.77992278],0
p12,1,0.196683,1.666837,[ 18 188] ; [ 2 54],[ 15.72519084 190.27480916] ; [ 4.27480916 51.72519084],0
p4,1,0.304768,1.053216,[ 84 123] ; [27 29],[ 87.36501901 119.63498099] ; [23.63498099 32.36501901],0
p2,1,0.75776,0.095125,[151  56] ; [42 14],[151.90494297  55.09505703] ; [41.09505703 14.90494297],0
p5,1,0.888152,0.019781,[ 16 188] ; [ 4 51],[ 15.75289575 188.24710425] ; [ 4.24710425 50.75289575],0
