Feature,DoF,P Value,Chi Square,Observed,Expected,Is Significant
p2,1,4.8e-05,16.528529,[14 10] ; [133  15],[20.51162791  3.48837209] ; [126.48837209  21.51162791],1
b1,1,0.010795,6.498779,[14 10] ; [ 47 102],[ 8.46242775 15.53757225] ; [52.53757225 96.46242775],0
p6,1,0.033012,4.545168,[ 3 21] ; [51 98],[ 7.49132948 16.50867052] ; [ 46.50867052 102.49132948],0
p7,1,0.041425,4.158543,[11 12] ; [100  44],[15.28742515  7.71257485] ; [95.71257485 48.28742515],0
p4,1,0.061813,3.488058,[ 7 17] ; [74 75],[11.23699422 12.76300578] ; [69.76300578 79.23699422],0
p11,1,0.062802,3.461785,[17  7] ; [128  21],[20.11560694  3.88439306] ; [124.88439306  24.11560694],0
p1,1,0.970142,0.001401,[ 2 22] ; [ 12 136],[ 1.95348837 22.04651163] ; [ 12.04651163 135.95348837],0
