Feature,DoF,P Value,Chi Square,Observed,Expected,Is Significant
p4,1,0.002039,9.514152,[145 158] ; [ 71 137],[128.07827789 174.92172211] ; [ 87.92172211 120.07827789],0
p5,1,0.074587,3.179072,[ 19 279] ; [  6 202],[ 14.72332016 283.27667984] ; [ 10.27667984 197.72332016],0
p1,1,0.082433,3.016276,[ 17 287] ; [  5 202],[ 13.08806262 290.91193738] ; [  8.91193738 198.08806262],0
b1,1,0.096242,2.766738,[106 198] ; [ 58 150],[ 97.375 206.625] ; [ 66.625 141.375],0
p12,1,0.112732,2.515497,[ 20 284] ; [  7 200],[ 16.06262231 287.93737769] ; [ 10.93737769 196.06262231],0
p11,1,0.331323,0.94372,[235  69] ; [153  55],[230.375  73.625] ; [157.625  50.375],0
p7,1,0.508479,0.437196,[137 160] ; [ 88 116],[133.38323353 163.61676647] ; [ 91.61676647 112.38323353],0
p6,1,0.624296,0.239876,[ 77 224] ; [ 49 158],[ 74.65748031 226.34251969] ; [ 51.34251969 155.65748031],0
