Feature,DoF,P Value,Chi Square,Observed,Expected,Is Significant
p11,1,7.8e-05,15.597203,[170  51] ; [10 15],[161.70731707  59.29268293] ; [18.29268293  6.70731707],1
p1,1,0.000163,14.214355,[  4 215] ; [ 4 21],[  7.18032787 211.81967213] ; [ 0.81967213 24.18032787],1
p6,1,0.000807,11.224081,[ 37 180] ; [11 13],[ 43.21991701 173.78008299] ; [ 4.78008299 19.21991701],1
b1,1,0.011695,6.356564,[ 61 160] ; [13 12],[ 66.4796748 154.5203252] ; [ 7.5203252 17.4796748],0
p5,1,0.019513,5.454931,[  6 214] ; [ 3 22],[  8.08163265 211.91836735] ; [ 0.91836735 24.08163265],0
p7,1,0.613601,0.254965,[ 98 112] ; [13 12],[ 99.19148936 110.80851064] ; [11.80851064 13.19148936],0
p8,1,0.99853,3e-06,[ 77 137] ; [ 9 16],[ 77.0041841 136.9958159] ; [ 8.9958159 16.0041841],0
