Feature,DoF,P Value,Chi Square,Observed,Expected,Is Significant
p10,1,0.0,32.706953,[196  13] ; [20 13],[186.54545455  22.45454545] ; [29.45454545  3.54545455],1
p11,1,0.0,31.297698,[185  25] ; [16 17],[173.7037037  36.2962963] ; [27.2962963  5.7037037],1
b1,1,0.000422,12.431088,[ 67 143] ; [21 12],[ 76.04938272 133.95061728] ; [11.95061728 21.04938272],1
p4,1,0.000781,11.285614,[129  81] ; [10 23],[120.12345679  89.87654321] ; [18.87654321 14.12345679],1
p5,1,0.184506,1.760949,[ 22 187] ; [ 1 31],[ 19.94605809 189.05394191] ; [ 3.05394191 28.94605809],0
p3,1,0.243634,1.359441,[112  98] ; [14 19],[108.88888889 101.11111111] ; [17.11111111 15.88888889],0
p1,1,0.560785,0.338347,[ 19 189] ; [ 2 31],[ 18.12448133 189.87551867] ; [ 2.87551867 30.12448133],0
