Feature,DoF,P Value,Chi Square,Observed,Expected,Is Significant
p8,1,0.053554,3.726559,[14 36] ; [5 3],[16.37931034 33.62068966] ; [2.62068966 5.37931034],0
p7,1,0.074058,3.190711,[27 23] ; [7 1],[29.31034483 20.68965517] ; [4.68965517 3.31034483],0
b1,1,0.155913,2.013429,[24 26] ; [6 2],[25.86206897 24.13793103] ; [4.13793103 3.86206897],0
p3,1,0.270437,1.21453,[10 40] ; [3 5],[11.20689655 38.79310345] ; [1.79310345 6.20689655],0
p11,1,0.810373,0.057574,[29 21] ; [5 3],[29.31034483 20.68965517] ; [4.68965517 3.31034483],0
