Feature,DoF,P Value,Chi Square,Observed,Expected,Is Significant
b1,1,0.002981,8.818942,[38 70] ; [18  9],[44.8 63.2] ; [11.2 15.8],0
p3,1,0.004942,7.900709,[64 43] ; [ 8 19],[57.49253731 49.50746269] ; [14.50746269 12.49253731],0
p8,1,0.031309,4.635945,[39 68] ; [16 11],[43.91791045 63.08208955] ; [11.08208955 15.91791045],0
p11,1,0.20279,1.622163,[88 20] ; [19  8],[85.6 22.4] ; [21.4  5.6],0
p6,1,0.62164,0.243569,[23 84] ; [ 7 20],[23.95522388 83.04477612] ; [ 6.04477612 20.95522388],0
p2,1,0.818927,0.052407,[90 18] ; [22  5],[89.6 18.4] ; [22.4  4.6],0
