Feature,DoF,P Value,Chi Square,Observed,Expected,Is Significant
p3,1,0.0,155.490891,[ 18 132] ; [308 128],[83.44709898 66.55290102] ; [242.55290102 193.44709898],1
p8,1,0.0,94.2552,[ 33 116] ; [294 139],[83.71649485 65.28350515] ; [243.28350515 189.71649485],1
p6,1,0.0,84.163355,[ 14 136] ; [227 209],[61.6894198 88.3105802] ; [179.3105802 256.6894198],1
p5,1,1.6e-05,18.64456,[  6 143] ; [ 81 354],[ 22.19691781 126.80308219] ; [ 64.80308219 370.19691781],1
p10,1,2.6e-05,17.680733,[124  26] ; [408  26],[136.64383562  13.35616438] ; [395.35616438  38.64383562],1
p11,1,0.007089,7.250362,[114  36] ; [373  63],[124.65870307  25.34129693] ; [362.34129693  73.65870307],0
b1,1,0.075602,3.156996,[ 45 105] ; [166 270],[54.01023891 95.98976109] ; [156.98976109 279.01023891],0
p12,1,0.077444,3.117751,[  9 140] ; [ 48 388],[ 14.51794872 134.48205128] ; [ 42.48205128 393.51794872],0
p1,1,0.372783,0.794367,[ 13 137] ; [ 49 386],[ 15.8974359 134.1025641] ; [ 46.1025641 388.8974359],0
