Feature,DoF,P Value,Chi Square,Observed,Expected,Is Significant
p10,1,0.0,30.472788,[23 50] ; [35  6],[37.14035088 35.85964912] ; [20.85964912 20.14035088],1
p3,1,0.001607,9.951143,[22 50] ; [25 16],[29.94690265 42.05309735] ; [17.05309735 23.94690265],0
p12,1,0.013769,6.067481,[ 1 71] ; [ 5 36],[ 3.82300885 68.17699115] ; [ 2.17699115 38.82300885],0
p11,1,0.027628,4.851133,[42 31] ; [32  9],[47.38596491 25.61403509] ; [26.61403509 14.38596491],0
p8,1,0.359243,0.840539,[24 49] ; [17 24],[26.25438596 46.74561404] ; [14.74561404 26.25438596],0
b1,1,0.435562,0.607946,[34 39] ; [16 25],[32.01754386 40.98245614] ; [17.98245614 23.01754386],0
p7,1,0.746077,0.104857,[37 36] ; [19 21],[36.17699115 36.82300885] ; [19.82300885 20.17699115],0
p1,1,0.859659,0.031261,[ 3 69] ; [ 2 39],[ 3.18584071 68.81415929] ; [ 1.81415929 39.18584071],0
