Feature,DoF,P Value,Chi Square,Observed,Expected,Is Significant
p10,1,2e-06,22.418922,[48 17] ; [16 37],[35.25423729 29.74576271] ; [28.74576271 24.25423729],1
p11,1,0.15951,1.978868,[49 18] ; [33 21],[45.40495868 21.59504132] ; [36.59504132 17.40495868],0
p1,1,0.183483,1.769182,[ 4 63] ; [ 7 47],[ 6.09090909 60.90909091] ; [ 4.90909091 49.09090909],0
p6,1,0.287453,1.131514,[18 44] ; [20 32],[20.66666667 41.33333333] ; [17.33333333 34.66666667],0
b1,1,0.439966,0.59637,[35 32] ; [32 22],[37.09917355 29.90082645] ; [29.90082645 24.09917355],0
p8,1,0.723491,0.125172,[34 31] ; [30 24],[34.95798319 30.04201681] ; [29.04201681 24.95798319],0
p5,1,0.922642,0.00943,[ 4 63] ; [ 3 51],[ 3.87603306 63.12396694] ; [ 3.12396694 50.87603306],0
