Feature,DoF,P Value,Chi Square,Observed,Expected,Is Significant
p5,1,0.02208,5.239444,[ 24 146] ; [  6 104],[ 18.21428571 151.78571429] ; [11.78571429 98.21428571],0
p7,1,0.162864,1.947432,[110  63] ; [76 30],[115.33333333  57.66666667] ; [70.66666667 35.33333333],0
p12,1,0.192444,1.698805,[ 13 160] ; [  4 104],[ 10.46619217 162.53380783] ; [  6.53380783 101.46619217],0
b1,1,0.373473,0.792076,[ 64 109] ; [35 75],[ 60.51943463 112.48056537] ; [38.48056537 71.51943463],0
p10,1,0.438654,0.5998,[145  27] ; [88 21],[142.61921708  29.38078292] ; [90.38078292 18.61921708],0
p11,1,0.736041,0.113637,[142  31] ; [92 18],[143.0459364  29.9540636] ; [90.9540636 19.0459364],0
p1,1,0.807789,0.059185,[ 14 158] ; [  8 101],[ 13.46619217 158.53380783] ; [  8.53380783 100.46619217],0
p9,1,0.921612,0.009683,[149  23] ; [94 14],[149.27142857  22.72857143] ; [93.72857143 14.27142857],0
