Feature,DoF,P Value,Chi Square,Observed,Expected,Is Significant
p10,1,0.0,37.727224,[98 27] ; [ 8 27],[82.8125 42.1875] ; [23.1875 11.8125],1
p11,1,0.006173,7.499034,[89 37] ; [16 19],[82.17391304 43.82608696] ; [22.82608696 12.17391304],0
p4,1,0.090682,2.862222,[94 32] ; [21 14],[90. 36.] ; [25. 10.],0
b1,1,0.130361,2.288197,[61 65] ; [22 13],[64.95652174 61.04347826] ; [18.04347826 16.95652174],0
p6,1,0.385469,0.753187,[38 87] ; [13 21],[40.09433962 84.90566038] ; [10.90566038 23.09433962],0
p1,1,0.562351,0.335649,[ 11 115] ; [ 2 33],[ 10.17391304 115.82608696] ; [ 2.82608696 32.17391304],0
p5,1,0.96626,0.001789,[ 11 114] ; [ 3 32],[ 10.9375 114.0625] ; [ 3.0625 31.9375],0
