Feature,DoF,P Value,Chi Square,Observed,Expected,Is Significant
p6,1,0.002185,9.38723,[23 84] ; [20 23],[30.67333333 76.32666667] ; [12.32666667 30.67333333],0
b1,1,0.00309,8.75337,[38 70] ; [27 17],[46.18421053 61.81578947] ; [18.81578947 25.18421053],0
p11,1,0.008763,6.870421,[88 20] ; [27 17],[81.71052632 26.28947368] ; [33.28947368 10.71052632],0
p3,1,0.173669,1.850982,[64 43] ; [21 23],[60.23178808 46.76821192] ; [24.76821192 19.23178808],0
p5,1,0.402649,0.7004,[12 94] ; [ 3 41],[10.6 95.4] ; [ 4.4 39.6],0
p1,1,0.515028,0.423838,[11 97] ; [ 3 41],[ 9.94736842 98.05263158] ; [ 4.05263158 39.94736842],0
p2,1,0.579483,0.307071,[90 18] ; [35  9],[88.81578947 19.18421053] ; [36.18421053  7.81578947],0
