Feature,DoF,P Value,Chi Square,Observed,Expected,Is Significant
p11,1,0.00031,13.009777,[142  31] ; [17 15],[134.1804878  38.8195122] ; [24.8195122  7.1804878],1
b1,1,0.165895,1.919653,[ 64 109] ; [16 16],[ 67.51219512 105.48780488] ; [12.48780488 19.51219512],0
p8,1,0.19886,1.650729,[97 76] ; [14 18],[93.67317073 79.32682927] ; [17.32682927 14.67317073],0
p2,1,0.316074,1.005124,[151  21] ; [26  6],[149.23529412  22.76470588] ; [27.76470588  4.23529412],0
p12,1,0.365845,0.817728,[ 13 160] ; [ 1 31],[ 11.81463415 161.18536585] ; [ 2.18536585 29.81463415],0
p7,1,0.431303,0.619312,[110  63] ; [18 14],[108.0195122  64.9804878] ; [19.9804878 12.0195122],0
p5,1,0.808049,0.059022,[ 24 146] ; [ 4 28],[ 23.56435644 146.43564356] ; [ 4.43564356 27.56435644],0
p1,1,0.816392,0.053911,[ 14 158] ; [ 3 29],[ 14.33333333 157.66666667] ; [ 2.66666667 29.33333333],0
