Feature,DoF,P Value,Chi Square,Observed,Expected,Is Significant
p9,1,0.000958,10.90626,[172   8] ; [46 10],[166.27118644  13.72881356] ; [51.72881356  4.27118644],1
p11,1,0.065532,3.391522,[147  34] ; [39 17],[142.05063291  38.94936709] ; [43.94936709 12.05063291],0
p12,1,0.088727,2.897321,[ 15 165] ; [ 1 55],[ 12.20338983 167.79661017] ; [ 3.79661017 52.20338983],0
b1,1,0.299737,1.075363,[ 55 126] ; [13 43],[ 51.93248945 129.06751055] ; [16.06751055 39.93248945],0
p1,1,0.546781,0.363115,[ 14 167] ; [ 3 53],[ 12.98312236 168.01687764] ; [ 4.01687764 51.98312236],0
p5,1,0.546781,0.363115,[ 14 167] ; [ 3 53],[ 12.98312236 168.01687764] ; [ 4.01687764 51.98312236],0
p4,1,0.614757,0.253305,[90 91] ; [30 26],[91.64556962 89.35443038] ; [28.35443038 27.64556962],0
