Feature,DoF,P Value,Chi Square,Observed,Expected,Is Significant
p8,1,0.000101,15.111289,[52 49] ; [ 57 142],[36.69666667 64.30333333] ; [ 72.30333333 126.69666667],1
p4,1,0.00132,10.314482,[64 37] ; [ 88 113],[50.83443709 50.16556291] ; [101.16556291  99.83443709],0
p11,1,0.429807,0.623345,[80 21] ; [151  50],[77.25496689 23.74503311] ; [153.74503311  47.25496689],0
b1,1,0.581215,0.304274,[30 71] ; [ 66 135],[32.10596026 68.89403974] ; [ 63.89403974 137.10596026],0
p9,1,0.62677,0.236466,[85 16] ; [163  36],[83.49333333 17.50666667] ; [164.50666667  34.49333333],0
p10,1,0.682863,0.16692,[78 22] ; [151  48],[76.58862876 23.41137124] ; [152.41137124  46.58862876],0
p12,1,0.702297,0.146094,[ 5 96] ; [ 12 187],[ 5.72333333 95.27666667] ; [ 11.27666667 187.72333333],0
p5,1,0.735509,0.114114,[ 6 95] ; [ 14 187],[ 6.68874172 94.31125828] ; [ 13.31125828 187.68874172],0
p1,1,0.982219,0.000497,[ 7 94] ; [ 14 186],[ 7.04651163 93.95348837] ; [ 13.95348837 186.04651163],0
