Feature,DoF,P Value,Chi Square,Observed,Expected,Is Significant
p11,1,0.001892,9.651013,[199  63] ; [21 19],[190.86092715  71.13907285] ; [29.13907285 10.86092715],0
p7,1,0.033876,4.500936,[ 96 161] ; [22 18],[102.10774411 154.89225589] ; [15.89225589 24.10774411],0
b1,1,0.130209,2.290017,[ 92 170] ; [19 21],[ 96.29801325 165.70198675] ; [14.70198675 25.29801325],0
p12,1,0.28902,1.124182,[ 18 244] ; [ 1 39],[ 16.48344371 245.51655629] ; [ 2.51655629 37.48344371],0
p2,1,0.7652,0.089197,[195  66] ; [29 11],[194.23255814  66.76744186] ; [29.76744186 10.23255814],0
p1,1,0.816042,0.054121,[ 11 251] ; [ 2 38],[ 11.2781457 250.7218543] ; [ 1.7218543 38.2781457],0
p5,1,0.855167,0.033317,[ 15 241] ; [ 2 37],[ 14.75254237 241.24745763] ; [ 2.24745763 36.75254237],0
