Feature,DoF,P Value,Chi Square,Observed,Expected,Is Significant
p11,1,2e-06,23.125163,[198  29] ; [17 15],[188.43629344  38.56370656] ; [26.56370656  5.43629344],1
p8,1,0.122392,2.386437,[131  94] ; [14 18],[126.94552529  98.05447471] ; [18.05447471 13.94552529],0
b1,1,0.143108,2.144215,[ 83 144] ; [16 16],[ 86.76833977 140.23166023] ; [12.23166023 19.76833977],0
p2,1,0.179318,1.803266,[202  24] ; [26  6],[199.72093023  26.27906977] ; [28.27906977  3.72093023],0
p3,1,0.226808,1.460767,[145  81] ; [17 15],[141.90697674  84.09302326] ; [20.09302326 11.90697674],0
p12,1,0.443581,0.587001,[ 15 212] ; [ 1 31],[ 14.02316602 212.97683398] ; [ 1.97683398 30.02316602],0
p7,1,0.472767,0.515501,[142  84] ; [18 14],[140.15503876  85.84496124] ; [19.84496124 12.15503876],0
p5,1,0.890199,0.019058,[ 26 197] ; [ 4 28],[ 26.23529412 196.76470588] ; [ 3.76470588 28.23529412],0
p1,1,0.922229,0.009531,[ 20 206] ; [ 3 29],[ 20.14728682 205.85271318] ; [ 2.85271318 29.14728682],0
