Feature,DoF,P Value,Chi Square,Observed,Expected,Is Significant
p7,1,0.0,64.853417,[163 118] ; [281  42],[206.56291391  74.43708609] ; [237.43708609  85.56291391],1
p6,1,0.0,57.723669,[ 78 210] ; [186 137],[124.4386252 163.5613748] ; [139.5613748 183.4386252],1
p5,1,0.0,32.885254,[ 16 275] ; [ 70 255],[ 40.62662338 250.37337662] ; [ 45.37337662 279.62662338],1
p1,1,9e-06,19.695165,[ 10 281] ; [ 44 280],[ 25.55121951 265.44878049] ; [ 28.44878049 295.55121951],1
p12,1,0.000132,14.609473,[ 11 279] ; [ 40 285],[ 24.04878049 265.95121951] ; [ 26.95121951 298.04878049],1
b1,1,0.001355,10.265757,[ 84 207] ; [134 191],[102.98376623 188.01623377] ; [115.01623377 209.98376623],0
p11,1,0.040402,4.200937,[239  52] ; [286  39],[248.01136364  42.98863636] ; [276.98863636  48.01136364],0
p9,1,0.457268,0.552574,[268  22] ; [294  30],[265.43973941  24.56026059] ; [296.56026059  27.43973941],0
