Feature,DoF,P Value,Chi Square,Observed,Expected,Is Significant
p4,1,0.175083,1.838877,[24 94] ; [15 35],[27.39285714 90.60714286] ; [11.60714286 38.39285714],0
p3,1,0.283095,1.152171,[22 96] ; [13 37],[24.58333333 93.41666667] ; [10.41666667 39.58333333],0
b1,1,0.367702,0.811415,[59 60] ; [21 29],[56.33136095 62.66863905] ; [23.66863905 26.33136095],0
p1,1,0.394164,0.726056,[ 12 107] ; [ 3 47],[ 10.56213018 108.43786982] ; [ 4.43786982 45.56213018],0
p12,1,0.486294,0.484717,[  8 110] ; [ 2 48],[  7.02380952 110.97619048] ; [ 2.97619048 47.02380952],0
p11,1,0.67083,0.180632,[60 59] ; [27 23],[61.26035503 57.73964497] ; [25.73964497 24.26035503],0
p5,1,0.861296,0.030529,[  4 112] ; [ 2 48],[  4.19277108 111.80722892] ; [ 1.80722892 48.19277108],0
