Feature,DoF,P Value,Chi Square,Observed,Expected,Is Significant
p7,1,4e-05,16.872113,[ 5 13] ; [52 14],[12.21428571  5.78571429] ; [44.78571429 21.21428571],1
p11,1,0.010393,6.566314,[ 9 10] ; [52 15],[13.47674419  5.52325581] ; [47.52325581 19.47674419],0
p8,1,0.021721,5.267989,[ 4 15] ; [33 32],[ 8.36904762 10.63095238] ; [28.63095238 36.36904762],0
b1,1,0.284147,1.14715,[12  7] ; [33 34],[9.94186047 9.05813953] ; [35.05813953 31.94186047],0
p6,1,0.520423,0.413055,[ 6 13] ; [15 47],[ 4.92592593 14.07407407] ; [16.07407407 45.92592593],0
p1,1,0.86524,0.028801,[ 2 17] ; [ 8 59],[ 2.20930233 16.79069767] ; [ 7.79069767 59.20930233],0
p5,1,0.907464,0.013511,[ 1 18] ; [ 4 63],[ 1.10465116 17.89534884] ; [ 3.89534884 63.10465116],0
