Feature,DoF,P Value,Chi Square,Observed,Expected,Is Significant
p6,1,0.164908,1.928635,[58 96] ; [46 53],[63.30434783 90.69565217] ; [40.69565217 58.30434783],0
p3,1,0.167234,1.907568,[72 84] ; [55 45],[77.390625 78.609375] ; [49.609375 50.390625],0
p5,1,0.28809,1.128527,[ 10 144] ; [10 88],[ 12.22222222 141.77777778] ; [ 7.77777778 90.22222222],0
p1,1,0.388289,0.744293,[  7 149] ; [ 7 93],[  8.53125 147.46875] ; [ 5.46875 94.53125],0
p10,1,0.395481,0.722024,[137  18] ; [83 15],[134.7826087  20.2173913] ; [85.2173913 12.7826087],0
p2,1,0.413032,0.670057,[134  21] ; [89 10],[136.08267717  18.91732283] ; [86.91732283 12.08267717],0
b1,1,0.644623,0.212747,[61 95] ; [42 58],[62.765625 93.234375] ; [40.234375 59.765625],0
p12,1,0.770999,0.084721,[  4 152] ; [ 2 98],[  3.65625 152.34375] ; [ 2.34375 97.65625],0
p11,1,0.833562,0.044157,[112  44] ; [73 27],[112.734375  43.265625] ; [72.265625 27.734375],0
