Feature,DoF,P Value,Chi Square,Observed,Expected,Is Significant
p4,1,0.006041,7.537907,[139 133] ; [15 35],[130.08695652 141.91304348] ; [23.91304348 26.08695652],0
p11,1,0.155353,2.018886,[207  65] ; [34 17],[202.94736842  69.05263158] ; [38.05263158 12.94736842],0
p5,1,0.218775,1.512387,[ 17 254] ; [ 1 50],[ 15.14906832 255.85093168] ; [ 2.85093168 48.14906832],0
p7,1,0.435916,0.607009,[134 134] ; [22 28],[131.47169811 136.52830189] ; [24.52830189 25.47169811],0
b1,1,0.599334,0.276002,[ 91 181] ; [19 32],[ 92.63157895 179.36842105] ; [17.36842105 33.63157895],0
p12,1,0.711287,0.136994,[ 14 258] ; [ 2 49],[ 13.47368421 258.52631579] ; [ 2.52631579 48.47368421],0
p6,1,0.766692,0.088033,[ 76 195] ; [13 37],[ 75.13707165 195.86292835] ; [13.86292835 36.13707165],0
p1,1,0.789352,0.07137,[ 13 259] ; [ 2 49],[ 12.63157895 259.36842105] ; [ 2.36842105 48.63157895],0
