Feature,DoF,P Value,Chi Square,Observed,Expected,Is Significant
p4,1,0.000986,10.852986,[22  4] ; [10 15],[16.31372549  9.68627451] ; [15.68627451  9.31372549],1
p9,1,0.00846,6.933333,[24  2] ; [16 10],[20.  6.] ; [20.  6.],0
p1,1,0.124192,2.363636,[ 6 20] ; [ 2 24],[ 4. 22.] ; [ 4. 22.],0
p11,1,0.254213,1.3,[18  8] ; [14 12],[16. 10.] ; [16. 10.],0
b1,1,0.261536,1.260606,[13 13] ; [ 9 17],[11. 15.] ; [11. 15.],0
p5,1,0.638069,0.221277,[ 2 24] ; [ 3 23],[ 2.5 23.5] ; [ 2.5 23.5],0
p10,1,0.767515,0.087395,[17  9] ; [18  8],[17.5  8.5] ; [17.5  8.5],0
