Feature,DoF,P Value,Chi Square,Observed,Expected,Is Significant
p8,1,0.000111,14.932446,[10 53] ; [24 24],[19.2972973 43.7027027] ; [14.7027027 33.2972973],1
p9,1,0.176418,1.827543,[55  7] ; [46  2],[56.92727273  5.07272727] ; [44.07272727  3.92727273],0
p12,1,0.274742,1.192915,[ 8 55] ; [ 3 44],[ 6.3 56.7] ; [ 4.7 42.3],0
p1,1,0.527283,0.399626,[ 9 54] ; [ 9 39],[10.21621622 52.78378378] ; [ 7.78378378 40.21621622],0
p11,1,0.721379,0.127175,[44 19] ; [32 16],[43.13513514 19.86486486] ; [32.86486486 15.13513514],0
b1,1,0.857708,0.032146,[26 37] ; [19 29],[25.54054054 37.45945946] ; [19.45945946 28.54054054],0
p3,1,0.901659,0.015269,[19 44] ; [15 33],[19.2972973 43.7027027] ; [14.7027027 33.2972973],0
p5,1,0.930357,0.007638,[ 4 56] ; [ 3 45],[ 3.88888889 56.11111111] ; [ 3.11111111 44.88888889],0
