Feature,DoF,P Value,Chi Square,Observed,Expected,Is Significant
p5,1,0.008453,6.934929,[ 1 93] ; [ 3 23],[ 3.13333333 90.86666667] ; [ 0.86666667 25.13333333],0
p3,1,0.051746,3.783961,[31 63] ; [14 12],[35.25 58.75] ; [ 9.75 16.25],0
p1,1,0.055362,3.671157,[ 1 93] ; [ 2 24],[ 2.35 91.65] ; [ 0.65 25.35],0
p9,1,0.287427,1.131634,[68 26] ; [16 10],[65.8 28.2] ; [18.2  7.8],0
p11,1,0.354087,0.858757,[60 34] ; [14 12],[57.96666667 36.03333333] ; [16.03333333  9.96666667],0
b1,1,0.409938,0.678981,[41 53] ; [ 9 17],[39.16666667 54.83333333] ; [10.83333333 15.16666667],0
p10,1,0.993619,6.4e-05,[65 29] ; [18  8],[65.01666667 28.98333333] ; [17.98333333  8.01666667],0
