Feature,DoF,P Value,Chi Square,Observed,Expected,Is Significant
p11,1,0.0,28.083429,[130  24] ; [ 6 13],[121.06358382  32.93641618] ; [14.93641618  4.06358382],1
p9,1,0.000268,13.284693,[132  21] ; [10  9],[126.31395349  26.68604651] ; [15.68604651  3.31395349],1
p2,1,0.013425,6.11228,[136  17] ; [13  6],[132.54069767  20.45930233] ; [16.45930233  2.54069767],0
p4,1,0.032725,4.560121,[110  44] ; [ 9 10],[105.93063584  48.06936416] ; [13.06936416  5.93063584],0
p1,1,0.150091,2.071321,[ 10 143] ; [ 3 16],[ 11.56395349 141.43604651] ; [ 1.43604651 17.56395349],0
b1,1,0.900983,0.01548,[59 95] ; [ 7 12],[58.75144509 95.24855491] ; [ 7.24855491 11.75144509],0
p5,1,0.992628,8.5e-05,[ 16 137] ; [ 2 17],[ 16.01162791 136.98837209] ; [ 1.98837209 17.01162791],0
