Feature,DoF,P Value,Chi Square,Observed,Expected,Is Significant
p10,1,6e-06,20.371228,[196  13] ; [84 26],[183.44827586  25.55172414] ; [96.55172414 13.44827586],1
p11,1,2.2e-05,18.029713,[185  25] ; [77 35],[170.86956522  39.13043478] ; [91.13043478 20.86956522],1
p2,1,0.000394,12.55887,[192  16] ; [88 24],[182.  26.] ; [98. 14.],1
b1,1,0.184422,1.761621,[ 67 143] ; [44 68],[ 72.39130435 137.60869565] ; [38.60869565 73.39130435],0
p12,1,0.205561,1.602414,[ 11 198] ; [ 10 102],[ 13.6728972 195.3271028] ; [  7.3271028 104.6728972],0
p3,1,0.557974,0.343224,[112  98] ; [63 48],[114.48598131  95.51401869] ; [60.51401869 50.48598131],0
p5,1,0.916134,0.011089,[ 22 187] ; [12 98],[ 22.27586207 186.72413793] ; [11.72413793 98.27586207],0
p1,1,0.951169,0.00375,[ 19 189] ; [ 10 102],[ 18.85 189.15] ; [ 10.15 101.85],0
