Feature,DoF,P Value,Chi Square,Observed,Expected,Is Significant
p7,1,0.001714,9.832727,[34  6] ; [21 19],[27.5 12.5] ; [27.5 12.5],0
p12,1,0.395908,0.720721,[ 2 38] ; [ 4 36],[ 3. 37.] ; [ 3. 37.],0
p6,1,0.427529,0.629527,[ 9 28] ; [13 27],[10.57142857 26.42857143] ; [11.42857143 28.57142857],0
p11,1,0.523109,0.407759,[35  6] ; [32  8],[33.91358025  7.08641975] ; [33.08641975  6.91358025],0
p5,1,0.582177,0.302729,[ 2 39] ; [ 3 35],[ 2.59493671 38.40506329] ; [ 2.40506329 35.59493671],0
b1,1,0.586165,0.296373,[15 26] ; [17 23],[16.19753086 24.80246914] ; [15.80246914 24.19753086],0
p1,1,0.779237,0.078575,[ 6 35] ; [ 5 35],[ 5.56790123 35.43209877] ; [ 5.43209877 34.56790123],0
p9,1,0.779237,0.078575,[35  6] ; [35  5],[35.43209877  5.56790123] ; [34.56790123  5.43209877],0
