Feature,DoF,P Value,Chi Square,Observed,Expected,Is Significant
p11,1,4e-06,21.068223,[179  53] ; [ 7 15],[169.88976378  62.11023622] ; [16.11023622  5.88976378],1
b1,1,0.00025,13.415067,[ 69 163] ; [15  7],[ 76.72440945 155.27559055] ; [ 7.27559055 14.72440945],1
p6,1,0.014497,5.976633,[ 36 194] ; [ 8 14],[ 40.15873016 189.84126984] ; [ 3.84126984 18.15873016],0
p5,1,0.049162,3.869802,[ 10 220] ; [ 3 18],[ 11.9123506 218.0876494] ; [ 1.0876494 19.9123506],0
p8,1,0.628557,0.234023,[ 75 153] ; [ 8 13],[ 76. 152.] ; [ 7. 14.],0
p1,1,0.962059,0.002263,[ 10 221] ; [ 1 21],[ 10.04347826 220.95652174] ; [ 0.95652174 21.04347826],0
