Feature,DoF,P Value,Chi Square,Observed,Expected,Is Significant
p11,1,0.004136,8.223282,[ 7 15] ; [44 22],[12.75  9.25] ; [38.25 27.75],0
p5,1,0.014942,5.92331,[ 3 18] ; [ 1 65],[ 0.96551724 20.03448276] ; [ 3.03448276 62.96551724],0
b1,1,0.064769,3.410853,[15  7] ; [30 36],[11.25 10.75] ; [33.75 32.25],0
p6,1,0.268925,1.222222,[ 8 14] ; [16 50],[ 6. 16.] ; [18. 48.],0
p1,1,0.779344,0.078497,[ 1 21] ; [ 4 61],[ 1.26436782 20.73563218] ; [ 3.73563218 61.26436782],0
p8,1,0.886031,0.020543,[ 8 13] ; [24 42],[ 7.72413793 13.27586207] ; [24.27586207 41.72413793],0
p4,1,0.89993,0.015813,[ 9 13] ; [26 40],[ 8.75 13.25] ; [26.25 39.75],0
