Feature,DoF,P Value,Chi Square,Observed,Expected,Is Significant
p1,1,0.012505,6.237862,[ 1 93] ; [ 4 36],[ 3.50746269 90.49253731] ; [ 1.49253731 38.50746269],0
p10,1,0.025488,4.99041,[65 29] ; [35  5],[70.14925373 23.85074627] ; [29.85074627 10.14925373],0
p6,1,0.028586,4.792391,[22 71] ; [17 23],[27.27067669 65.72932331] ; [11.72932331 28.27067669],0
p5,1,0.038178,4.297067,[ 1 93] ; [ 3 35],[ 2.84848485 91.15151515] ; [ 1.15151515 36.84848485],0
p12,1,0.105046,2.627212,[ 3 91] ; [ 4 36],[ 4.91044776 89.08955224] ; [ 2.08955224 37.91044776],0
p11,1,0.20768,1.587524,[60 34] ; [30 10],[63.13432836 30.86567164] ; [26.86567164 13.13432836],0
b1,1,0.88268,0.021778,[41 53] ; [18 22],[41.3880597 52.6119403] ; [17.6119403 22.3880597],0
