Feature,DoF,P Value,Chi Square,Observed,Expected,Is Significant
p7,1,0.001216,10.466188,[26 64] ; [36 30],[35.76923077 54.23076923] ; [26.23076923 39.76923077],0
p8,1,0.002161,9.407853,[14 78] ; [24 42],[22.12658228 69.87341772] ; [15.87341772 50.12658228],0
p11,1,0.013011,6.167632,[43 49] ; [44 22],[50.65822785 41.34177215] ; [36.34177215 29.65822785],0
p6,1,0.046352,3.968743,[11 80] ; [16 50],[15.64968153 75.35031847] ; [11.35031847 54.64968153],0
p10,1,0.091417,2.849236,[20 72] ; [22 43],[24.61146497 67.38853503] ; [17.38853503 47.61146497],0
p1,1,0.623538,0.240927,[ 4 87] ; [ 4 61],[ 4.66666667 86.33333333] ; [ 3.33333333 61.66666667],0
b1,1,0.667668,0.184342,[45 47] ; [30 36],[43.67088608 48.32911392] ; [31.32911392 34.67088608],0
p12,1,0.767515,0.087395,[ 2 89] ; [ 1 64],[ 1.75 89.25] ; [ 1.25 63.75],0
