Feature,DoF,P Value,Chi Square,Observed,Expected,Is Significant
p12,1,0.001698,9.850391,[ 5 20] ; [  6 150],[ 1.51933702 23.48066298] ; [  9.48066298 146.51933702],0
p1,1,0.034229,4.483248,[ 5 20] ; [ 11 145],[ 2.20994475 22.79005525] ; [ 13.79005525 142.20994475],0
p5,1,0.034229,4.483248,[ 5 20] ; [ 11 145],[ 2.20994475 22.79005525] ; [ 13.79005525 142.20994475],0
p9,1,0.095028,2.787073,[24  1] ; [128  26],[21.22905028  3.77094972] ; [130.77094972  23.22905028],0
p8,1,0.569537,0.323457,[15 10] ; [83 71],[13.68715084 11.31284916] ; [84.31284916 69.68715084],0
b1,1,0.646249,0.210662,[10 15] ; [ 55 101],[ 8.97790055 16.02209945] ; [56.02209945 99.97790055],0
p11,1,0.691033,0.157969,[19  6] ; [124  32],[19.75138122  5.24861878] ; [123.24861878  32.75138122],0
p7,1,0.71728,0.131113,[18  7] ; [106  49],[17.22222222  7.77777778] ; [106.77777778  48.22222222],0
