Feature,DoF,P Value,Chi Square,Observed,Expected,Is Significant
p7,1,0.025556,4.98583,[19 18] ; [17  4],[22.96551724 14.03448276] ; [13.03448276  7.96551724],0
p1,1,0.233478,1.419549,[ 2 36] ; [ 3 18],[ 3.22033898 34.77966102] ; [ 1.77966102 19.22033898],0
p11,1,0.242869,1.363862,[32  6] ; [15  6],[30.27118644  7.72881356] ; [16.72881356  4.27118644],0
b1,1,0.247486,1.337438,[14 24] ; [11 10],[16.10169492 21.89830508] ; [ 8.89830508 12.10169492],0
p8,1,0.339005,0.91419,[15 23] ; [11 10],[16.74576271 21.25423729] ; [ 9.25423729 11.74576271],0
p5,1,0.397003,0.717386,[ 4 31] ; [ 1 20],[ 3.125 31.875] ; [ 1.875 19.125],0
