Feature,DoF,P Value,Chi Square,Observed,Expected,Is Significant
p4,1,0.009554,6.716154,[17 15] ; [149  49],[23.09565217  8.90434783] ; [142.90434783  55.09565217],0
p5,1,0.053687,3.722403,[ 8 25] ; [ 23 172],[ 4.48684211 28.51315789] ; [ 26.51315789 168.48684211],0
p12,1,0.151934,2.052725,[ 5 28] ; [ 15 183],[ 2.85714286 30.14285714] ; [ 17.14285714 180.85714286],0
p11,1,0.219381,1.508418,[26  7] ; [172  26],[28.28571429  4.71428571] ; [169.71428571  28.28571429],0
p10,1,0.257804,1.280511,[29  4] ; [185  13],[30.57142857  2.42857143] ; [183.42857143  14.57142857],0
p1,1,0.338227,0.917139,[ 5 28] ; [ 19 178],[ 3.44347826 29.55652174] ; [ 20.55652174 176.44347826],0
p7,1,0.616839,0.250335,[20 12] ; [132  65],[21.24017467 10.75982533] ; [130.75982533  66.24017467],0
b1,1,0.655894,0.19855,[11 22] ; [ 74 124],[12.14285714 20.85714286] ; [ 72.85714286 125.14285714],0
