Feature,DoF,P Value,Chi Square,Observed,Expected,Is Significant
p9,1,0.0,135.619264,[18 27] ; [339  14],[40.36432161  4.63567839] ; [316.63567839  36.36432161],1
p11,1,0.0,58.587942,[20 25] ; [314  39],[37.7638191  7.2361809] ; [296.2361809  56.7638191],1
p6,1,0.0,25.372723,[ 9 36] ; [210 142],[24.82367758 20.17632242] ; [194.17632242 157.82367758],1
p2,1,1e-06,24.970295,[33 12] ; [332  19],[41.47727273  3.52272727] ; [323.52272727  27.47727273],1
p3,1,0.000816,11.205276,[22 23] ; [258  95],[31.65829146 13.34170854] ; [248.34170854 104.65829146],1
p5,1,0.01015,6.608376,[ 2 43] ; [ 71 280],[ 8.29545455 36.70454545] ; [ 64.70454545 286.29545455],0
b1,1,0.162775,1.948256,[23 22] ; [142 211],[18.65577889 26.34422111] ; [146.34422111 206.65577889],0
p1,1,0.16697,1.909942,[ 2 43] ; [ 39 312],[ 4.65909091 40.34090909] ; [ 36.34090909 314.65909091],0
