Feature,DoF,P Value,Chi Square,Observed,Expected,Is Significant
p12,1,0.102267,2.669824,[ 3 17] ; [ 1 33],[ 1.48148148 18.51851852] ; [ 2.51851852 31.48148148],0
b1,1,0.1303,2.288927,[10 10] ; [10 24],[ 7.40740741 12.59259259] ; [12.59259259 21.40740741],0
p11,1,0.246724,1.34176,[11  9] ; [24 10],[12.96296296  7.03703704] ; [22.03703704 11.96296296],0
p1,1,0.619078,0.247166,[ 2 18] ; [ 5 29],[ 2.59259259 17.40740741] ; [ 4.40740741 29.59259259],0
p4,1,0.653,0.202139,[13  7] ; [20 14],[12.22222222  7.77777778] ; [20.77777778 13.22222222],0
p10,1,0.812079,0.056522,[13  7] ; [21 13],[12.59259259  7.40740741] ; [21.40740741 12.59259259],0
p9,1,0.976562,0.000863,[17  3] ; [29  5],[17.03703704  2.96296296] ; [28.96296296  5.03703704],0
