Feature,DoF,P Value,Chi Square,Observed,Expected,Is Significant
p9,1,0.013104,6.154952,[15 38] ; [21 18],[20.73913043 32.26086957] ; [15.26086957 23.73913043],0
p11,1,0.09771,2.74253,[22 31] ; [23 16],[25.92391304 27.07608696] ; [19.07608696 19.92391304],0
p7,1,0.234923,1.410807,[27 26] ; [15 24],[24.19565217 28.80434783] ; [17.80434783 21.19565217],0
p12,1,0.38701,0.748317,[ 1 52] ; [ 2 37],[ 1.72826087 51.27173913] ; [ 1.27173913 37.72826087],0
p8,1,0.64523,0.211967,[16 36] ; [10 28],[15.02222222 36.97777778] ; [10.97777778 27.02222222],0
p1,1,0.752872,0.099134,[ 2 51] ; [ 2 37],[ 2.30434783 50.69565217] ; [ 1.69565217 37.30434783],0
p3,1,0.782978,0.075868,[27 26] ; [21 18],[27.65217391 25.34782609] ; [20.34782609 18.65217391],0
p5,1,0.88248,0.021852,[ 4 48] ; [ 3 32],[ 4.18390805 47.81609195] ; [ 2.81609195 32.18390805],0
b1,1,0.933957,0.006867,[24 29] ; [18 21],[24.19565217 28.80434783] ; [17.80434783 21.19565217],0
