Feature,DoF,P Value,Chi Square,Observed,Expected,Is Significant
p7,1,0.0,180.485167,[269  42] ; [22 96],[210.95804196 100.04195804] ; [80.04195804 37.95804196],1
p10,1,0.0,134.01668,[297  14] ; [57 62],[256.03255814  54.96744186] ; [97.96744186 21.03255814],1
p3,1,0.0,133.842375,[238  74] ; [ 19 103],[184.75576037 127.24423963] ; [72.24423963 49.75576037],1
p11,1,0.0,86.317836,[282  30] ; [61 61],[246.58064516  65.41935484] ; [96.41935484 25.58064516],1
p5,1,2e-06,23.03301,[ 71 241] ; [  4 117],[ 54.04157044 257.95842956] ; [ 20.95842956 100.04157044],1
p12,1,0.004105,8.23691,[ 43 269] ; [  5 116],[ 34.58660508 277.41339492] ; [ 13.41339492 107.58660508],0
b1,1,0.020501,5.368698,[118 194] ; [61 61],[128.68202765 183.31797235] ; [50.31797235 71.68202765],0
p1,1,0.121323,2.400159,[ 39 271] ; [  9 113],[ 34.44444444 275.55555556] ; [ 13.55555556 108.44444444],0
