Feature,DoF,P Value,Chi Square,Observed,Expected,Is Significant
p1,1,0.276128,1.186047,[ 3 34] ; [ 4 19],[ 4.31666667 32.68333333] ; [ 2.68333333 20.31666667],0
p7,1,0.497383,0.460515,[25 11] ; [14  9],[23.79661017 12.20338983] ; [15.20338983  7.79661017],0
b1,1,0.602027,0.271949,[25 12] ; [17  6],[25.9 11.1] ; [16.1  6.9],0
p5,1,0.61936,0.246769,[ 2 35] ; [ 2 21],[ 2.46666667 34.53333333] ; [ 1.53333333 21.46666667],0
p8,1,0.696307,0.152342,[19 18] ; [13 10],[19.73333333 17.26666667] ; [12.26666667 10.73333333],0
p11,1,0.851813,0.034897,[17 20] ; [10 13],[16.65 20.35] ; [10.35 12.65],0
p4,1,0.93619,0.00641,[27 10] ; [17  6],[27.13333333  9.86666667] ; [16.86666667  6.13333333],0
