Feature,DoF,P Value,Chi Square,Observed,Expected,Is Significant
p9,1,0.0,46.183515,[129  10] ; [ 4 10],[120.83006536  18.16993464] ; [12.16993464  1.83006536],1
p11,1,0.0,28.569265,[117  23] ; [ 3 11],[109.09090909  30.90909091] ; [10.90909091  3.09090909],1
p7,1,0.372233,0.796196,[95 43] ; [8 6],[93.51315789 44.48684211] ; [9.48684211 4.51315789],0
p5,1,0.484433,0.488867,[ 12 127] ; [ 2 12],[ 12.71895425 126.28104575] ; [ 1.28104575 12.71895425],0
b1,1,0.828536,0.046907,[46 94] ; [5 9],[46.36363636 93.63636364] ; [4.63636364 9.36363636],0
p6,1,0.885868,0.020602,[56 81] ; [6 8],[56.25165563 80.74834437] ; [5.74834437 8.25165563],0
