Feature,DoF,P Value,Chi Square,Observed,Expected,Is Significant
p9,1,0.0,26.49464,[ 9 20] ; [55 10],[19.74468085  9.25531915] ; [44.25531915 20.74468085],1
p11,1,0.004408,8.107425,[14 15] ; [52 15],[19.9375  9.0625] ; [46.0625 20.9375],0
p6,1,0.017723,5.623349,[13 13] ; [15 47],[ 8.27272727 17.72727273] ; [19.72727273 42.27272727],0
p5,1,0.202885,1.621485,[ 4 25] ; [ 4 63],[ 2.41666667 26.58333333] ; [ 5.58333333 61.41666667],0
p7,1,0.751634,0.100163,[22  7] ; [52 14],[22.58947368  6.41052632] ; [51.41052632 14.58947368],0
p1,1,0.801009,0.063525,[ 4 25] ; [ 8 59],[ 3.625 25.375] ; [ 8.375 58.625],0
b1,1,0.929873,0.007745,[14 15] ; [33 34],[14.19791667 14.80208333] ; [32.80208333 34.19791667],0
