Feature,DoF,P Value,Chi Square,Observed,Expected,Is Significant
p9,1,0.018906,5.510204,[20 29] ; [15  6],[24.5 24.5] ; [10.5 10.5],0
p1,1,0.209436,1.575319,[ 6 44] ; [ 5 16],[ 7.74647887 42.25352113] ; [ 3.25352113 17.74647887],0
b1,1,0.24298,1.363219,[29 21] ; [ 9 12],[26.76056338 23.23943662] ; [11.23943662  9.76056338],0
p11,1,0.518148,0.417577,[22 28] ; [11 10],[23.23943662 26.76056338] ; [ 9.76056338 11.23943662],0
p7,1,0.589154,0.291667,[31 19] ; [11  9],[30. 20.] ; [12.  8.],0
p5,1,0.602205,0.271684,[ 5 45] ; [ 3 18],[ 5.63380282 44.36619718] ; [ 2.36619718 18.63380282],0
p6,1,0.65592,0.198517,[16 31] ; [ 6 15],[15.20588235 31.79411765] ; [ 6.79411765 14.20588235],0
