Feature,DoF,P Value,Chi Square,Observed,Expected,Is Significant
p1,1,0.10615,2.610617,[ 8 39] ; [ 8 91],[ 5.15068493 41.84931507] ; [10.84931507 88.15068493],0
b1,1,0.270092,1.216281,[15 32] ; [41 58],[18.02739726 28.97260274] ; [37.97260274 61.02739726],0
p3,1,0.459484,0.54715,[24 23] ; [57 42],[26.07534247 20.92465753] ; [54.92465753 44.07534247],0
p10,1,0.527883,0.398464,[35 12] ; [68 30],[33.3862069 13.6137931] ; [69.6137931 28.3862069],0
p12,1,0.612195,0.256991,[ 5 42] ; [ 8 91],[ 4.18493151 42.81506849] ; [ 8.81506849 90.18493151],0
p11,1,0.757941,0.094979,[33 14] ; [67 32],[32.19178082 14.80821918] ; [67.80821918 31.19178082],0
p5,1,0.853627,0.034037,[ 3 44] ; [ 7 90],[ 3.26388889 43.73611111] ; [ 6.73611111 90.26388889],0
p2,1,0.911747,0.012285,[36 11] ; [75 24],[35.73287671 11.26712329] ; [75.26712329 23.73287671],0
