Feature,DoF,P Value,Chi Square,Observed,Expected,Is Significant
p8,1,0.001261,10.398551,[21 20] ; [186  60],[29.57142857 11.42857143] ; [177.42857143  68.57142857],0
p3,1,0.005209,7.805458,[21 19] ; [183  64],[28.43205575 11.56794425] ; [175.56794425  71.43205575],0
p5,1,0.067485,3.343155,[ 4 36] ; [ 56 191],[ 8.36236934 31.63763066] ; [ 51.63763066 195.36236934],0
p11,1,0.151878,2.053283,[31 10] ; [209  38],[34.16666667  6.83333333] ; [205.83333333  41.16666667],0
p1,1,0.205569,1.602357,[ 3 38] ; [ 36 210],[ 5.57142857 35.42857143] ; [ 33.42857143 212.57142857],0
p9,1,0.388088,0.744924,[36  5] ; [227  20],[37.44097222  3.55902778] ; [225.55902778  21.44097222],0
p12,1,0.482394,0.493447,[ 4 37] ; [ 34 213],[ 5.40972222 35.59027778] ; [ 32.59027778 214.40972222],0
b1,1,0.944429,0.004859,[18 23] ; [107 140],[17.79513889 23.20486111] ; [107.20486111 139.79513889],0
