Feature,DoF,P Value,Chi Square,Observed,Expected,Is Significant
p2,1,0.048619,3.888474,[129  23] ; [37 14],[124.2955665  27.7044335] ; [41.7044335  9.2955665],0
p5,1,0.065501,3.392323,[ 15 134] ; [ 1 50],[ 11.92 137.08] ; [ 4.08 46.92],0
p11,1,0.072207,3.232126,[121  32] ; [34 17],[116.25  36.75] ; [38.75 12.25],0
p6,1,0.144299,2.131504,[56 94] ; [13 37],[51.75 98.25] ; [17.25 32.75],0
p7,1,0.178423,1.810711,[83 68] ; [22 28],[78.88059701 72.11940299] ; [26.11940299 23.88059701],0
p1,1,0.337396,0.920301,[ 12 141] ; [ 2 49],[ 10.5 142.5] ; [ 3.5 47.5],0
p12,1,0.491967,0.472222,[ 10 143] ; [ 2 49],[  9. 144.] ; [ 3. 48.],0
b1,1,0.867873,0.027676,[59 94] ; [19 32],[58.5 94.5] ; [19.5 31.5],0
