Feature,DoF,P Value,Chi Square,Observed,Expected,Is Significant
p10,1,4e-06,21.122488,[82 30] ; [ 7 20],[71.71223022 40.28776978] ; [17.28776978  9.71223022],1
p7,1,0.000605,11.761695,[52 61] ; [23  5],[60.10638298 52.89361702] ; [14.89361702 13.10638298],1
b1,1,0.047066,3.943012,[53 60] ; [19  9],[57.70212766 55.29787234] ; [14.29787234 13.70212766],0
p1,1,0.117114,2.455498,[  9 104] ; [ 5 23],[ 11.21985816 101.78014184] ; [ 2.78014184 25.21985816],0
p11,1,0.443638,0.586854,[81 32] ; [18 10],[79.34042553 33.65957447] ; [19.65957447  8.34042553],0
p5,1,0.477937,0.503567,[13 97] ; [ 2 26],[11.95652174 98.04347826] ; [ 3.04347826 24.95652174],0
p4,1,0.671596,0.179741,[76 37] ; [20  8],[76.93617021 36.06382979] ; [19.06382979  8.93617021],0
