Feature,DoF,P Value,Chi Square,Observed,Expected,Is Significant
p10,1,0.003718,8.416734,[11 26] ; [24 14],[17.26666667 19.73333333] ; [17.73333333 20.26666667],0
b1,1,0.168669,1.894737,[22 16] ; [16 22],[19. 19.] ; [19. 19.],0
p1,1,0.304231,1.055556,[ 1 37] ; [ 3 35],[ 2. 36.] ; [ 2. 36.],0
p3,1,0.628687,0.233846,[14 24] ; [12 26],[13. 25.] ; [13. 25.],0
p2,1,0.802825,0.062346,[26 12] ; [27 11],[26.5 11.5] ; [26.5 11.5],0
p5,1,1.0,0.0,[ 1 37] ; [ 1 37],[ 1. 37.] ; [ 1. 37.],0
p11,1,1.0,0.0,[21 17] ; [21 17],[21. 17.] ; [21. 17.],0
