Feature,DoF,P Value,Chi Square,Observed,Expected,Is Significant
p8,1,0.0,90.910861,[ 63 134] ; [193  58],[112.57142857  84.42857143] ; [143.42857143 107.57142857],1
p4,1,0.0,75.092259,[ 96 103] ; [217  35],[138.10864745  60.89135255] ; [174.89135255  77.10864745],1
p3,1,0.0,53.893127,[ 70 129] ; [176  76],[108.54545455  90.45454545] ; [137.45454545 114.54545455],1
p5,1,6.6e-05,15.929938,[ 16 183] ; [ 55 197],[ 31.32815965 167.67184035] ; [ 39.67184035 212.32815965],1
b1,1,0.003994,8.286362,[ 62 137] ; [112 140],[ 76.77605322 122.22394678] ; [ 97.22394678 154.77605322],0
p11,1,0.021747,5.265897,[153  46] ; [215  37],[162.37694013  36.62305987] ; [205.62305987  46.37694013],0
p1,1,0.049738,3.850279,[ 16 183] ; [ 35 216],[ 22.55333333 176.44666667] ; [ 28.44666667 222.55333333],0
p12,1,0.108751,2.572274,[ 16 182] ; [ 32 218],[ 21.21428571 176.78571429] ; [ 26.78571429 223.21428571],0
p10,1,0.301385,1.068057,[172  27] ; [224  26],[175.51002227  23.48997773] ; [220.48997773  29.51002227],0
