Feature,DoF,P Value,Chi Square,Observed,Expected,Is Significant
p6,1,1.5e-05,18.781267,[30 56] ; [ 19 142],[17.06072874 68.93927126] ; [ 31.93927126 129.06072874],1
p9,1,0.000322,12.939408,[69 19] ; [150  10],[77.70967742 10.29032258] ; [141.29032258  18.70967742],1
p12,1,0.086478,2.938744,[ 2 87] ; [ 12 149],[ 4.984 84.016] ; [  9.016 151.984],0
p11,1,0.101963,2.674562,[59 30] ; [123  39],[64.53386454 24.46613546] ; [117.46613546  44.53386454],0
p2,1,0.167941,1.901228,[71 17] ; [118  44],[66.528 21.472] ; [122.472  39.528],0
b1,1,0.685192,0.16434,[28 61] ; [ 47 115],[26.5936255 62.4063745] ; [ 48.4063745 113.5936255],0
p5,1,0.808986,0.058436,[ 5 83] ; [  8 153],[ 4.59437751 83.40562249] ; [  8.40562249 152.59437751],0
p1,1,0.81618,0.054038,[ 5 84] ; [  8 154],[ 4.60956175 84.39043825] ; [  8.39043825 153.60956175],0
