Feature,DoF,P Value,Chi Square,Observed,Expected,Is Significant
p10,1,2e-06,22.90851,[425  30] ; [49 16],[414.75  40.25] ; [59.25  5.75],1
p6,1,0.000104,15.070958,[228 224] ; [15 47],[213.68871595 238.31128405] ; [29.31128405 32.68871595],1
p8,1,0.001436,10.159277,[320 134] ; [33 32],[308.78998073 145.21001927] ; [44.21001927 20.78998073],0
p5,1,0.030359,4.688825,[ 73 383] ; [ 4 63],[ 67.13575526 388.86424474] ; [ 9.86424474 57.13575526],0
p11,1,0.037489,4.328036,[398  59] ; [52 15],[392.46183206  64.53816794] ; [57.53816794  9.46183206],0
b1,1,0.053901,3.715751,[169 288] ; [33 34],[176.17175573 280.82824427] ; [25.82824427 41.17175573],0
p12,1,0.217275,1.522279,[ 42 414] ; [ 3 62],[ 39.38579655 416.61420345] ; [ 5.61420345 59.38579655],0
p1,1,0.558402,0.342479,[ 44 412] ; [ 8 59],[ 45.33843212 410.66156788] ; [ 6.66156788 60.33843212],0
