Feature,DoF,P Value,Chi Square,Observed,Expected,Is Significant
p11,1,0.015663,5.840354,[5 8] ; [30 10],[8.58490566 4.41509434] ; [26.41509434 13.58490566],0
b1,1,0.128956,2.30503,[9 4] ; [18 22],[6.62264151 6.37735849] ; [20.37735849 19.62264151],0
p7,1,0.569519,0.323489,[8 5] ; [21 19],[7.11320755 5.88679245] ; [21.88679245 18.11320755],0
p4,1,0.579444,0.307134,[7 6] ; [25 15],[7.8490566 5.1509434] ; [24.1509434 15.8490566],0
p1,1,0.804681,0.061154,[ 1 12] ; [ 4 36],[ 1.22641509 11.77358491] ; [ 3.77358491 36.22641509],0
p8,1,0.817375,0.053325,[6 7] ; [17 23],[5.64150943 7.35849057] ; [17.35849057 22.64150943],0
p5,1,0.981304,0.000549,[ 1 12] ; [ 3 35],[ 1.01960784 11.98039216] ; [ 2.98039216 35.01960784],0
