Feature,DoF,P Value,Chi Square,Observed,Expected,Is Significant
p7,1,0.185618,1.752059,[14  6] ; [28 25],[11.50684932  8.49315068] ; [30.49315068 22.50684932],0
p11,1,0.458588,0.549338,[11  9] ; [24 29],[ 9.5890411 10.4109589] ; [25.4109589 27.5890411],0
p5,1,0.750992,0.100699,[ 2 18] ; [ 4 48],[ 1.66666667 18.33333333] ; [ 4.33333333 47.66666667],0
b1,1,0.829085,0.046602,[10 10] ; [28 25],[10.4109589  9.5890411] ; [27.5890411 25.4109589],0
p8,1,0.883738,0.021384,[10 10] ; [25 27],[ 9.72222222 10.27777778] ; [25.27777778 26.72222222],0
p1,1,0.941603,0.005366,[ 2 18] ; [ 5 48],[ 1.91780822 18.08219178] ; [ 5.08219178 47.91780822],0
