Feature,DoF,P Value,Chi Square,Observed,Expected,Is Significant
p9,1,1.4e-05,18.863088,[12 16] ; [119  27],[21.08045977  6.91954023] ; [109.91954023  36.08045977],1
p1,1,0.000778,11.29372,[ 6 22] ; [  6 143],[ 1.89830508 26.10169492] ; [ 10.10169492 138.89830508],1
p5,1,0.030024,4.707918,[ 4 24] ; [  6 144],[ 1.57303371 26.42696629] ; [  8.42696629 141.57303371],0
b1,1,0.035756,4.408691,[17 11] ; [59 91],[11.95505618 16.04494382] ; [64.04494382 85.95505618],0
p11,1,0.082563,3.013703,[18 10] ; [119  31],[21.5505618  6.4494382] ; [115.4494382  34.5505618],0
p3,1,0.235372,1.408098,[13 15] ; [52 98],[10.2247191 17.7752809] ; [54.7752809 95.2247191],0
