Feature,DoF,P Value,Chi Square,Observed,Expected,Is Significant
p9,1,0.0,29.460196,[149  23] ; [18 20],[136.78095238  35.21904762] ; [30.21904762  7.78095238],1
p11,1,0.058379,3.582842,[142  31] ; [26 12],[137.74407583  35.25592417] ; [30.25592417  7.74407583],0
b1,1,0.137252,2.208498,[ 64 109] ; [19 19],[ 68.0521327 104.9478673] ; [14.9478673 23.0521327],0
p1,1,0.145977,2.113799,[ 14 158] ; [ 6 32],[ 16.38095238 155.61904762] ; [ 3.61904762 34.38095238],0
p5,1,0.302138,1.064733,[ 24 146] ; [ 3 35],[ 22.06730769 147.93269231] ; [ 4.93269231 33.06730769],0
p7,1,0.572688,0.318205,[110  63] ; [26 12],[111.507109  61.492891] ; [24.492891 13.507109],0
p8,1,0.837208,0.042216,[97 76] ; [22 16],[97.56872038 75.43127962] ; [21.43127962 16.56872038],0
