Feature,DoF,P Value,Chi Square,Observed,Expected,Is Significant
p10,1,0.018176,5.57912,[12 25] ; [20 13],[16.91428571 20.08571429] ; [15.08571429 17.91428571],0
p6,1,0.123862,2.367796,[17 18] ; [10 23],[13.89705882 21.10294118] ; [13.10294118 19.89705882],0
p5,1,0.219429,1.5081,[ 4 33] ; [ 1 31],[ 2.68115942 34.31884058] ; [ 2.31884058 29.68115942],0
p3,1,0.275778,1.187777,[20 16] ; [14 19],[17.73913043 18.26086957] ; [16.26086957 16.73913043],0
p1,1,0.299475,1.076531,[ 5 32] ; [ 2 31],[ 3.7 33.3] ; [ 3.3 29.7],0
p11,1,0.357527,0.846561,[22 15] ; [16 17],[20.08571429 16.91428571] ; [17.91428571 15.08571429],0
b1,1,0.914726,0.011466,[24 13] ; [21 12],[23.78571429 13.21428571] ; [21.21428571 11.78571429],0
