Feature,DoF,P Value,Chi Square,Observed,Expected,Is Significant
p9,1,0.0,269.518665,[13 61] ; [317   8],[61.20300752 12.79699248] ; [268.79699248  56.20300752],1
p11,1,0.0,111.678388,[26 51] ; [289  36],[60.3358209 16.6641791] ; [254.6641791  70.3358209],1
p7,1,0.0,106.507284,[14 61] ; [258  64],[51.38539043 23.61460957] ; [220.61460957 101.38539043],1
p8,1,0.0,98.839136,[ 8 68] ; [234  89],[46.0952381 29.9047619] ; [195.9047619 127.0952381],1
p5,1,0.000222,13.631141,[ 3 73] ; [ 72 250],[14.32160804 61.67839196] ; [ 60.67839196 261.32160804],1
b1,1,0.038708,4.273642,[42 35] ; [135 190],[33.90298507 43.09701493] ; [143.09701493 181.90298507],0
p1,1,0.068926,3.308425,[ 4 73] ; [ 40 282],[ 8.49122807 68.50877193] ; [ 35.50877193 286.49122807],0
