Feature,DoF,P Value,Chi Square,Observed,Expected,Is Significant
p4,1,0.001605,9.954342,[64 37] ; [19 33],[54.79084967 46.20915033] ; [28.20915033 23.79084967],0
p11,1,0.106593,2.604026,[80 21] ; [35 17],[75.91503268 25.08496732] ; [39.08496732 12.91503268],0
p5,1,0.404569,0.694705,[ 6 95] ; [ 5 47],[ 7.26143791 93.73856209] ; [ 3.73856209 48.26143791],0
p1,1,0.558506,0.342298,[ 7 94] ; [ 5 47],[ 7.92156863 93.07843137] ; [ 4.07843137 47.92156863],0
b1,1,0.718975,0.129477,[30 71] ; [14 38],[29.04575163 71.95424837] ; [14.95424837 37.04575163],0
p9,1,0.731034,0.118165,[85 16] ; [44  7],[85.71710526 15.28289474] ; [43.28289474  7.71710526],0
p12,1,0.775053,0.081665,[ 5 96] ; [ 2 49],[ 4.65131579 96.34868421] ; [ 2.34868421 48.65131579],0
p10,1,0.831485,0.045283,[78 22] ; [39 12],[77.48344371 22.51655629] ; [39.51655629 11.48344371],0
