Feature,DoF,P Value,Chi Square,Observed,Expected,Is Significant
p4,1,0.006919,7.293987,[97 89] ; [56 24],[106.98496241  79.01503759] ; [46.01503759 33.98496241],0
p11,1,0.032418,4.576269,[151  36] ; [55 25],[144.27715356  42.72284644] ; [61.72284644 18.27715356],0
p1,1,0.164871,1.928974,[ 10 177] ; [ 8 72],[ 12.60674157 174.39325843] ; [ 5.39325843 74.60674157],0
b1,1,0.212543,1.554022,[ 60 127] ; [32 48],[ 64.43445693 122.56554307] ; [27.56554307 52.43445693],0
p5,1,0.542999,0.37001,[ 13 173] ; [ 4 76],[ 11.88721805 174.11278195] ; [ 5.11278195 74.88721805],0
p2,1,0.583463,0.30067,[167  19] ; [70 10],[165.72180451  20.27819549] ; [71.27819549  8.72180451],0
p12,1,0.997897,7e-06,[  7 180] ; [ 3 77],[  7.00374532 179.99625468] ; [ 2.99625468 77.00374532],0
