Feature,DoF,P Value,Chi Square,Observed,Expected,Is Significant
p7,1,0.0,31.953542,[66 19] ; [21 45],[48.97350993 36.02649007] ; [38.02649007 27.97350993],1
p8,1,0.000208,13.754974,[47 42] ; [16 52],[35.7133758 53.2866242] ; [27.2866242 40.7133758],1
b1,1,0.032066,4.59498,[27 62] ; [32 36],[33.44585987 55.55414013] ; [25.55414013 42.44585987],0
p9,1,0.050945,3.810091,[84  5] ; [57 10],[80.44230769  8.55769231] ; [60.55769231  6.44230769],0
p11,1,0.080163,3.061593,[70 19] ; [45 23],[65.1910828 23.8089172] ; [49.8089172 18.1910828],0
p1,1,0.171681,1.868205,[ 7 82] ; [10 58],[ 9.63694268 79.36305732] ; [ 7.36305732 60.63694268],0
p12,1,0.626602,0.236697,[ 6 83] ; [ 6 62],[ 6.80254777 82.19745223] ; [ 5.19745223 62.80254777],0
p5,1,0.647208,0.209438,[ 7 82] ; [ 4 63],[ 6.27564103 82.72435897] ; [ 4.72435897 62.27564103],0
