Feature,DoF,P Value,Chi Square,Observed,Expected,Is Significant
p10,1,0.003882,8.338235,[15 35] ; [21 13],[21.42857143 28.57142857] ; [14.57142857 19.42857143],0
p3,1,0.017643,5.631266,[10 40] ; [15 19],[14.88095238 35.11904762] ; [10.11904762 23.88095238],0
p6,1,0.04692,3.948269,[ 8 41] ; [12 22],[11.80722892 37.19277108] ; [ 8.19277108 25.80722892],0
p11,1,0.323673,0.974045,[29 21] ; [16 18],[26.78571429 23.21428571] ; [18.21428571 15.78571429],0
p1,1,0.356479,0.85026,[ 1 48] ; [ 2 32],[ 1.77108434 47.22891566] ; [ 1.22891566 32.77108434],0
p8,1,0.668431,0.183443,[14 36] ; [11 23],[14.88095238 35.11904762] ; [10.11904762 23.88095238],0
p12,1,0.792513,0.069194,[ 1 48] ; [ 1 33],[ 1.18072289 47.81927711] ; [ 0.81927711 33.18072289],0
b1,1,0.857154,0.032399,[24 26] ; [17 17],[24.4047619 25.5952381] ; [16.5952381 17.4047619],0
