Feature,DoF,P Value,Chi Square,Observed,Expected,Is Significant
p8,1,1e-06,24.838012,[227  55] ; [149  96],[201.19924099  80.80075901] ; [174.80075901  70.19924099],1
p5,1,2e-06,23.060863,[ 65 216] ; [ 19 226],[ 44.87452471 236.12547529] ; [ 39.12547529 205.87452471],1
p12,1,0.000582,11.831603,[ 35 247] ; [ 10 237],[ 23.98865784 258.01134216] ; [ 21.01134216 225.98865784],1
p1,1,0.005174,7.817465,[ 36 244] ; [ 14 232],[ 26.61596958 253.38403042] ; [ 23.38403042 222.61596958],0
b1,1,0.051392,3.795452,[118 164] ; [ 83 164],[107.14933837 174.85066163] ; [ 93.85066163 153.14933837],0
p2,1,0.150256,2.069647,[265  16] ; [224  22],[260.73814042  20.26185958] ; [228.26185958  17.73814042],0
p11,1,0.716008,0.13235,[244  38] ; [211  36],[242.55198488  39.44801512] ; [212.44801512  34.55198488],0
p10,1,0.991501,0.000113,[258  24] ; [225  21],[257.96590909  24.03409091] ; [225.03409091  20.96590909],0
