Feature,DoF,P Value,Chi Square,Observed,Expected,Is Significant
p10,1,0.0,27.625606,[ 2 13] ; [103  29],[10.71428571  4.28571429] ; [94.28571429 37.71428571],1
p2,1,0.005662,7.654997,[8 7] ; [110  22],[12.04081633  2.95918367] ; [105.95918367  26.04081633],0
p11,1,0.073979,3.192442,[8 7] ; [99 33],[10.91836735  4.08163265] ; [96.08163265 35.91836735],0
p8,1,0.166118,1.91763,[ 4 11] ; [59 71],[6.51724138 8.48275862] ; [56.48275862 73.51724138],0
b1,1,0.508012,0.438161,[7 8] ; [50 82],[5.81632653 9.18367347] ; [51.18367347 80.81632653],0
p3,1,0.601845,0.272222,[ 4 11] ; [44 88],[ 4.89795918 10.10204082] ; [43.10204082 88.89795918],0
