Feature,DoF,P Value,Chi Square,Observed,Expected,Is Significant
p2,1,0.002236,9.345054,[15 12] ; [53  9],[20.62921348  6.37078652] ; [47.37078652 14.62921348],0
p8,1,0.006729,7.344034,[ 6 21] ; [33 29],[11.83146067 15.16853933] ; [27.16853933 34.83146067],0
p9,1,0.029851,4.717878,[13 14] ; [44 17],[17.48863636  9.51136364] ; [39.51136364 21.48863636],0
p10,1,0.112974,2.51212,[11 16] ; [36 25],[14.42045455 12.57954545] ; [32.57954545 28.42045455],0
p6,1,0.291401,1.113135,[10 17] ; [30 31],[12.27272727 14.72727273] ; [27.72727273 33.27272727],0
p7,1,0.629284,0.233033,[18  9] ; [38 24],[16.98876404 10.01123596] ; [39.01123596 22.98876404],0
p1,1,0.646055,0.21091,[ 3 24] ; [ 9 52],[ 3.68181818 23.31818182] ; [ 8.31818182 52.68181818],0
b1,1,0.970524,0.001365,[16 11] ; [37 25],[16.07865169 10.92134831] ; [36.92134831 25.07865169],0
