Feature,DoF,P Value,Chi Square,Observed,Expected,Is Significant
b1,1,0.090484,2.865736,[142 194] ; [4 1],[143.85923754 192.14076246] ; [2.14076246 2.85923754],0
p6,1,0.121132,2.402625,[183 151] ; [1 4],[181.28613569 152.71386431] ; [2.71386431 2.28613569],0
p9,1,0.335014,0.929419,[308  27] ; [4 1],[307.41176471  27.58823529] ; [4.58823529 0.41176471],0
p10,1,0.473786,0.513132,[300  34] ; [4 1],[299.51622419  34.48377581] ; [4.48377581 0.51622419],0
p8,1,0.556028,0.346628,[241  94] ; [3 2],[240.41176471  94.58823529] ; [3.58823529 1.41176471],0
p1,1,0.652934,0.202221,[ 44 291] ; [1 4],[ 44.33823529 290.66176471] ; [0.66176471 4.33823529],0
p11,1,0.79722,0.066022,[283  53] ; [4 1],[282.79178886  53.20821114] ; [4.20821114 0.79178886],0
