Feature,DoF,P Value,Chi Square,Observed,Expected,Is Significant
p7,1,0.0,85.184523,[224  29] ; [225 192],[169.54776119  83.45223881] ; [279.45223881 137.54776119],1
p4,1,0.0,84.410944,[221  37] ; [215 208],[165.18061674  92.81938326] ; [270.81938326 152.18061674],1
p8,1,0.0,44.194902,[187  70] ; [196 224],[145.3929099 111.6070901] ; [237.6070901 182.3929099],1
p3,1,0.0,44.042808,[180  78] ; [185 239],[138.07917889 119.92082111] ; [226.92082111 197.07917889],1
p5,1,1e-06,23.284158,[ 55 203] ; [ 35 384],[ 34.29837518 223.70162482] ; [ 55.70162482 363.29837518],1
p12,1,0.000852,11.124682,[ 36 221] ; [ 27 397],[ 23.7753304 233.2246696] ; [ 39.2246696 384.7753304],1
p1,1,0.00237,9.238073,[ 34 223] ; [ 27 397],[ 23.020558 233.979442] ; [ 37.979442 386.020558],0
b1,1,0.029453,4.740918,[105 153] ; [138 287],[ 91.7920937 166.2079063] ; [151.2079063 273.7920937],0
p11,1,0.875282,0.024634,[218  40] ; [361  64],[218.71449488  39.28550512] ; [360.28550512  64.71449488],0
