Feature,DoF,P Value,Chi Square,Observed,Expected,Is Significant
p9,1,0.0,41.808317,[149  23] ; [30 35],[129.907173  42.092827] ; [49.092827 15.907173],1
p8,1,0.000588,11.814106,[97 76] ; [21 46],[85.05833333 87.94166667] ; [32.94166667 34.05833333],1
p11,1,0.001072,10.698662,[142  31] ; [43 26],[132.25206612  40.74793388] ; [52.74793388 16.25206612],0
p5,1,0.003732,8.409762,[ 24 146] ; [ 1 68],[ 17.78242678 152.21757322] ; [ 7.21757322 61.78242678],0
p7,1,0.032253,4.584976,[110  63] ; [33 35],[102.65145228  70.34854772] ; [40.34854772 27.65145228],0
p12,1,0.185984,1.749149,[ 13 160] ; [ 2 66],[ 10.76763485 162.23236515] ; [ 4.23236515 63.76763485],0
p1,1,0.322538,0.978628,[ 14 158] ; [ 3 64],[ 12.23430962 159.76569038] ; [ 4.76569038 62.23430962],0
b1,1,0.60393,0.269109,[ 64 109] ; [28 41],[ 65.76859504 107.23140496] ; [26.23140496 42.76859504],0
