Feature,DoF,P Value,Chi Square,Observed,Expected,Is Significant
p4,1,0.031167,4.643735,[12 23] ; [21 14],[16.5 18.5] ; [16.5 18.5],0
p11,1,0.042993,4.095671,[25 11] ; [16 19],[20.78873239 15.21126761] ; [20.21126761 14.78873239],0
p8,1,0.122396,2.386389,[15 21] ; [21 14],[18.25352113 17.74647887] ; [17.74647887 17.25352113],0
p2,1,0.497323,0.460645,[23 13] ; [25 10],[24.33802817 11.66197183] ; [23.66197183 11.33802817],0
p1,1,0.666307,0.185952,[ 3 33] ; [ 2 33],[ 2.53521127 33.46478873] ; [ 2.46478873 32.53521127],0
b1,1,0.696576,0.152059,[21 15] ; [22 13],[21.8028169 14.1971831] ; [21.1971831 13.8028169],0
