Feature,DoF,P Value,Chi Square,Observed,Expected,Is Significant
p10,1,0.001811,9.732119,[123  16] ; [43 18],[115.37  23.63] ; [50.63 10.37],0
p8,1,0.009091,6.804929,[71 68] ; [19 42],[62.55 76.45] ; [27.45 33.55],0
p11,1,0.025841,4.966616,[111  29] ; [40 22],[104.65346535  35.34653465] ; [46.34653465 15.65346535],0
p2,1,0.295761,1.093208,[119  21] ; [49 13],[116.43564356  23.56435644] ; [51.56435644 10.43564356],0
b1,1,0.406038,0.690371,[49 91] ; [18 44],[46.43564356 93.56435644] ; [20.56435644 41.43564356],0
p6,1,0.503667,0.4472,[ 35 101] ; [13 48],[ 33.13705584 102.86294416] ; [14.86294416 46.13705584],0
p12,1,0.683604,0.166097,[  7 132] ; [ 4 58],[  7.60696517 131.39303483] ; [ 3.39303483 58.60696517],0
p1,1,0.837987,0.041808,[  8 132] ; [ 4 58],[  8.31683168 131.68316832] ; [ 3.68316832 58.31683168],0
p5,1,0.901417,0.015344,[  5 135] ; [ 2 60],[  4.85148515 135.14851485] ; [ 2.14851485 59.85148515],0
