Feature,DoF,P Value,Chi Square,Observed,Expected,Is Significant
p10,1,0.000328,12.905987,[82 30] ; [1 7],[77.46666667 34.53333333] ; [5.53333333 2.46666667],1
p4,1,0.001863,9.680191,[76 37] ; [1 7],[71.90909091 41.09090909] ; [5.09090909 2.90909091],0
p7,1,0.023305,5.145597,[52 61] ; [7 1],[55.09917355 57.90082645] ; [3.90082645 4.09917355],0
p11,1,0.04258,4.111998,[81 32] ; [3 5],[78.44628099 34.55371901] ; [5.55371901 2.44628099],0
b1,1,0.393448,0.72826,[53 60] ; [5 3],[54.16528926 58.83471074] ; [3.83471074 4.16528926],0
