Feature,DoF,P Value,Chi Square,Observed,Expected,Is Significant
p2,1,0.330706,0.946131,[8 7] ; [27 13],[9.54545455 5.45454545] ; [25.45454545 14.54545455],0
b1,1,0.655306,0.199275,[7 8] ; [16 24],[6.27272727 8.72727273] ; [16.72727273 23.27272727],0
p3,1,0.808466,0.058761,[ 4 11] ; [12 28],[ 4.36363636 10.63636364] ; [11.63636364 28.36363636],0
p8,1,0.899438,0.01597,[ 4 11] ; [10 30],[ 3.81818182 11.18181818] ; [10.18181818 29.81818182],0
p11,1,0.91197,0.012222,[8 7] ; [22 18],[8.18181818 6.81818182] ; [21.81818182 18.18181818],0
