Feature,DoF,P Value,Chi Square,Observed,Expected,Is Significant
p9,1,0.0,67.089775,[13 61] ; [96 28],[40.73737374 33.26262626] ; [68.26262626 55.73737374],1
p11,1,0.0,25.564197,[26 51] ; [87 37],[43.28855721 33.71144279] ; [69.71144279 54.28855721],1
p3,1,0.000223,13.62554,[13 64] ; [52 72],[24.90049751 52.09950249] ; [40.09950249 83.90049751],1
p4,1,0.000703,11.482071,[15 62] ; [53 71],[26.04975124 50.95024876] ; [41.95024876 82.04975124],1
b1,1,0.028172,4.8175,[42 35] ; [48 76],[34.47761194 42.52238806] ; [55.52238806 68.47761194],0
p1,1,0.296778,1.088618,[ 4 73] ; [  3 121],[ 2.68159204 74.31840796] ; [  4.31840796 119.68159204],0
p5,1,0.575843,0.313004,[ 3 73] ; [  7 115],[ 3.83838384 72.16161616] ; [  6.16161616 115.83838384],0
