Feature,DoF,P Value,Chi Square,Observed,Expected,Is Significant
p2,1,8.5e-05,15.435321,[192  16] ; [49 17],[182.94890511  25.05109489] ; [58.05109489  7.94890511],1
p5,1,0.059966,3.538332,[ 22 187] ; [ 2 64],[ 18.24 190.76] ; [ 5.76 60.24],0
p1,1,0.087747,2.915233,[ 19 189] ; [11 55],[ 22.77372263 185.22627737] ; [ 7.22627737 58.77372263],0
b1,1,0.116643,2.461834,[ 67 143] ; [28 38],[ 72.2826087 137.7173913] ; [22.7173913 43.2826087],0
p11,1,0.316352,1.003968,[185  25] ; [55 11],[182.60869565  27.39130435] ; [57.39130435  8.60869565],0
p7,1,0.810959,0.057211,[149  57] ; [48 17],[149.74907749  56.25092251] ; [47.25092251 17.74907749],0
p12,1,0.835896,0.04291,[ 11 198] ; [ 3 62],[ 10.67883212 198.32116788] ; [ 3.32116788 61.67883212],0
