Feature,DoF,P Value,Chi Square,Observed,Expected,Is Significant
p2,1,0.001733,9.812502,[160  13] ; [68 18],[152.29343629  20.70656371] ; [75.70656371 10.29343629],0
p11,1,0.00241,9.207596,[152  22] ; [62 24],[143.21538462  30.78461538] ; [70.78461538 15.21538462],0
p10,1,0.006236,7.480668,[154  20] ; [64 21],[146.45559846  27.54440154] ; [71.54440154 13.45559846],0
p12,1,0.016932,5.703428,[  8 166] ; [11 75],[ 12.71538462 161.28461538] ; [ 6.28461538 79.71538462],0
b1,1,0.109959,2.554804,[ 63 111] ; [40 46],[ 68.93076923 105.06923077] ; [34.06923077 51.93076923],0
p5,1,0.11873,2.433994,[ 14 160] ; [12 72],[ 17.53488372 156.46511628] ; [ 8.46511628 75.53488372],0
p1,1,0.147351,2.099458,[ 11 161] ; [10 76],[ 14. 158.] ; [ 7. 79.],0
p9,1,0.505603,0.443157,[149  23] ; [71 14],[147.23735409  24.76264591] ; [72.76264591 12.23735409],0
