Feature,DoF,P Value,Chi Square,Observed,Expected,Is Significant
p4,1,0.0,31.857252,[18 18] ; [184  24],[29.80327869  6.19672131] ; [172.19672131  35.80327869],1
p9,1,1.6e-05,18.561951,[23 13] ; [189  20],[31.15102041  4.84897959] ; [180.84897959  28.15102041],1
p10,1,0.000138,14.527908,[23 13] ; [185  24],[30.56326531  5.43673469] ; [177.43673469  31.56326531],1
p11,1,0.000138,14.527908,[23 13] ; [185  24],[30.56326531  5.43673469] ; [177.43673469  31.56326531],1
p5,1,0.020689,5.352838,[ 3 31] ; [ 57 152],[ 8.39506173 25.60493827] ; [ 51.60493827 157.39506173],0
b1,1,0.027358,4.868089,[23 13] ; [ 92 117],[16.89795918 19.10204082] ; [ 98.10204082 110.89795918],0
p12,1,0.032004,4.598298,[ 1 35] ; [ 34 174],[ 5.16393443 30.83606557] ; [ 29.83606557 178.16393443],0
p1,1,0.762683,0.091179,[ 5 31] ; [ 33 175],[ 5.60655738 30.39344262] ; [ 32.39344262 175.60655738],0
