Feature,DoF,P Value,Chi Square,Observed,Expected,Is Significant
p10,1,2.7e-05,17.630125,[15 11] ; [11 61],[ 6.89795918 19.10204082] ; [19.10204082 52.89795918],1
p6,1,0.002796,8.935993,[ 7 18] ; [ 4 66],[ 2.89473684 22.10526316] ; [ 8.10526316 61.89473684],0
p8,1,0.003719,8.416127,[ 8 17] ; [ 6 66],[ 3.60824742 21.39175258] ; [10.39175258 61.60824742],0
p5,1,0.090392,2.867384,[ 2 22] ; [ 1 71],[ 0.75 23.25] ; [ 2.25 69.75],0
p11,1,0.097701,2.742675,[15 11] ; [28 44],[11.40816327 14.59183673] ; [31.59183673 40.40816327],0
b1,1,0.312259,1.021096,[10 16] ; [36 36],[12.20408163 13.79591837] ; [33.79591837 38.20408163],0
p1,1,0.437583,0.602611,[ 1 25] ; [ 6 65],[ 1.87628866 24.12371134] ; [ 5.12371134 65.87628866],0
p12,1,0.454248,0.56003,[ 1 25] ; [ 1 70],[ 0.53608247 25.46391753] ; [ 1.46391753 69.53608247],0
