Feature,DoF,P Value,Chi Square,Observed,Expected,Is Significant
p10,1,0.0,30.709607,[11 26] ; [70 16],[24.36585366 12.63414634] ; [56.63414634 29.36585366],1
p11,1,0.001195,10.49789,[21 17] ; [72 15],[28.272  9.728] ; [64.728 22.272],0
p2,1,0.011967,6.315792,[26 12] ; [76 11],[31.008  6.992] ; [70.992 16.008],0
b1,1,0.03861,4.277936,[22 16] ; [33 54],[16.72 21.28] ; [38.28 48.72],0
p1,1,0.24974,1.324758,[ 1 37] ; [ 7 79],[ 2.4516129 35.5483871] ; [ 5.5483871 80.4516129],0
p12,1,0.446446,0.57966,[ 1 37] ; [ 5 81],[ 1.83870968 36.16129032] ; [ 4.16129032 81.83870968],0
p5,1,0.605861,0.266246,[ 1 37] ; [ 4 83],[ 1.52 36.48] ; [ 3.48 83.52],0
p6,1,0.767758,0.087207,[10 28] ; [24 59],[10.67768595 27.32231405] ; [23.32231405 59.67768595],0
p3,1,0.812902,0.056019,[14 24] ; [34 53],[14.592 23.408] ; [33.408 53.592],0
