Feature,DoF,P Value,Chi Square,Observed,Expected,Is Significant
p9,1,0.0,26.475214,[96  8] ; [12 12],[87.75 16.25] ; [20.25  3.75],1
p11,1,0.003974,8.295693,[87 17] ; [15 11],[81.6 22.4] ; [20.4  5.6],0
p1,1,0.260906,1.263942,[12 92] ; [ 1 24],[10.48062016 93.51937984] ; [ 2.51937984 22.48062016],0
p3,1,0.342038,0.902778,[34 70] ; [ 6 20],[32. 72.] ; [ 8. 18.],0
p7,1,0.36918,0.806422,[70 29] ; [16 10],[68.112 30.888] ; [17.888  8.112],0
b1,1,0.578174,0.309197,[34 70] ; [10 16],[35.2 68.8] ; [ 8.8 17.2],0
p2,1,0.633628,0.227173,[88 16] ; [21  5],[87.2 16.8] ; [21.8  4.2],0
p6,1,0.859922,0.031143,[24 79] ; [ 6 18],[24.33070866 78.66929134] ; [ 5.66929134 18.33070866],0
