Feature,DoF,P Value,Chi Square,Observed,Expected,Is Significant
p5,1,0.021036,5.323827,[ 5 83] ; [ 5 19],[ 7.85714286 80.14285714] ; [ 2.14285714 21.85714286],0
p12,1,0.030187,4.698635,[ 2 87] ; [ 3 21],[ 3.9380531 85.0619469] ; [ 1.0619469 22.9380531],0
p6,1,0.038133,4.299096,[30 56] ; [14 10],[34.4 51.6] ; [ 9.6 14.4],0
p7,1,0.095103,2.785804,[45 42] ; [17  7],[48.59459459 38.40540541] ; [13.40540541 10.59459459],0
p10,1,0.289462,1.12212,[64 23] ; [15  9],[61.91891892 25.08108108] ; [17.08108108  6.91891892],0
p11,1,0.416471,0.660252,[59 30] ; [18  6],[60.6460177 28.3539823] ; [16.3539823  7.6460177],0
p9,1,0.435865,0.607145,[69 19] ; [17  7],[67.57142857 20.42857143] ; [18.42857143  5.57142857],0
b1,1,0.861281,0.030535,[28 61] ; [ 8 16],[28.3539823 60.6460177] ; [ 7.6460177 16.3539823],0
