Feature,DoF,P Value,Chi Square,Observed,Expected,Is Significant
p9,1,0.0,143.217543,[192  14] ; [31 77],[146.29936306  59.70063694] ; [76.70063694 31.29936306],1
p11,1,0.0,37.669416,[162  45] ; [49 62],[137.3490566  69.6509434] ; [73.6509434 37.3490566],1
p2,1,0.0,30.425614,[151  56] ; [46 65],[128.23584906  78.76415094] ; [68.76415094 42.23584906],1
b1,1,0.003842,8.356865,[ 70 137] ; [56 55],[ 82.01886792 124.98113208] ; [43.98113208 67.01886792],0
p3,1,0.004503,8.068772,[ 64 142] ; [18 92],[ 53.4556962 152.5443038] ; [28.5443038 81.4556962],0
p5,1,0.009189,6.785741,[ 16 188] ; [  1 110],[ 11.00952381 192.99047619] ; [  5.99047619 105.00952381],0
p12,1,0.041005,4.175804,[ 18 188] ; [  3 107],[ 13.68987342 192.31012658] ; [  7.31012658 102.68987342],0
p1,1,0.655422,0.199132,[ 16 191] ; [  7 103],[ 15.01892744 191.98107256] ; [  7.98107256 102.01892744],0
