Feature,DoF,P Value,Chi Square,Observed,Expected,Is Significant
b1,1,0.000114,14.889431,[17  8] ; [ 66 157],[ 8.36693548 16.63306452] ; [ 74.63306452 148.36693548],1
p11,1,0.000136,14.553446,[ 9 16] ; [163  60],[17.33870968  7.66129032] ; [154.66129032  68.33870968],1
p7,1,0.005225,7.799719,[17  8] ; [ 84 132],[10.47717842 14.52282158] ; [ 90.52282158 125.47717842],0
p2,1,0.268737,1.223181,[16  9] ; [165  57],[18.31983806  6.68016194] ; [162.68016194  59.31983806],0
p5,1,0.293194,1.104896,[ 2 23] ; [  8 213],[ 1.01626016 23.98373984] ; [  8.98373984 212.01626016],0
p6,1,0.556768,0.34533,[ 6 17] ; [ 46 175],[ 4.90163934 18.09836066] ; [ 47.09836066 173.90163934],0
p1,1,0.817281,0.053381,[ 1 24] ; [  7 216],[ 0.80645161 24.19354839] ; [  7.19354839 215.80645161],0
