Feature,DoF,P Value,Chi Square,Observed,Expected,Is Significant
p9,1,0.0,46.212599,[84  5] ; [56 56],[61.99004975 27.00995025] ; [78.00995025 33.99004975],1
p4,1,0.0,38.797899,[56 33] ; [24 94],[34.39613527 54.60386473] ; [45.60386473 72.39613527],1
p11,1,3.2e-05,17.315331,[70 19] ; [60 59],[55.625 33.375] ; [74.375 44.625],1
b1,1,0.005299,7.774571,[27 62] ; [59 60],[36.79807692 52.20192308] ; [49.20192308 69.79807692],0
p5,1,0.164232,1.934823,[ 7 82] ; [  4 112],[ 4.77560976 84.22439024] ; [  6.22439024 109.77560976],0
p1,1,0.582614,0.302028,[ 7 82] ; [ 12 107],[ 8.12980769 80.87019231] ; [ 10.87019231 108.12980769],0
p12,1,0.99138,0.000117,[ 6 83] ; [  8 110],[ 6.01932367 82.98067633] ; [  7.98067633 110.01932367],0
