Feature,DoF,P Value,Chi Square,Observed,Expected,Is Significant
b1,1,0.002893,8.873878,[27 62] ; [10  4],[31.97087379 57.02912621] ; [5.02912621 8.97087379],0
p4,1,0.006577,7.384961,[56 33] ; [ 3 10],[51.48039216 37.51960784] ; [7.51960784 5.48039216],0
p7,1,0.008436,6.938602,[66 19] ; [5 7],[62.21649485 22.78350515] ; [8.78350515 3.21649485],0
p11,1,0.080998,3.044768,[70 19] ; [8 6],[67.39805825 21.60194175] ; [10.60194175  3.39805825],0
p8,1,0.091779,2.842887,[47 42] ; [ 4 10],[44.06796117 44.93203883] ; [6.93203883 7.06796117],0
p1,1,0.429063,0.625358,[ 7 82] ; [ 2 12],[ 7.77669903 81.22330097] ; [ 1.22330097 12.77669903],0
