Feature,DoF,P Value,Chi Square,Observed,Expected,Is Significant
p6,1,0.375231,0.786269,[13 73] ; [11 91],[10.9787234 75.0212766] ; [13.0212766 88.9787234],0
p3,1,0.38612,0.751125,[16 72] ; [24 79],[18.42931937 69.57068063] ; [21.57068063 81.42931937],0
p7,1,0.4027,0.700249,[27 61] ; [26 77],[24.41884817 63.58115183] ; [28.58115183 74.41884817],0
p2,1,0.579347,0.307292,[35 54] ; [45 59],[36.89119171 52.10880829] ; [43.10880829 60.89119171],0
p5,1,0.654463,0.200319,[ 1 88] ; [  2 102],[ 1.38341969 87.61658031] ; [  1.61658031 102.38341969],0
p12,1,0.873487,0.025354,[ 2 86] ; [  2 101],[ 1.84293194 86.15706806] ; [  2.15706806 100.84293194],0
b1,1,0.902237,0.015089,[47 42] ; [54 50],[46.57512953 42.42487047] ; [54.42487047 49.57512953],0
p1,1,0.966172,0.001799,[ 5 83] ; [ 6 97],[ 5.06806283 82.93193717] ; [ 5.93193717 97.06806283],0
p11,1,0.989004,0.00019,[35 54] ; [41 63],[35.04663212 53.95336788] ; [40.95336788 63.04663212],0
