Feature,DoF,P Value,Chi Square,Observed,Expected,Is Significant
p2,1,0.0,147.794872,[52 63] ; [337  19],[94.97876858 20.02123142] ; [294.02123142  61.97876858],1
p11,1,0.0,82.423248,[55 60] ; [315  43],[89.9577167 25.0422833] ; [280.0422833  77.9577167],1
p6,1,0.0,78.829392,[ 13 101] ; [211 146],[54.21656051 59.78343949] ; [169.78343949 187.21656051],1
p12,1,0.008396,6.946966,[  3 111] ; [ 38 320],[  9.90254237 104.09745763] ; [ 31.09745763 326.90254237],0
p1,1,0.030519,4.679842,[  5 109] ; [ 40 316],[ 10.91489362 103.08510638] ; [ 34.08510638 321.91489362],0
b1,1,0.245626,1.348013,[52 63] ; [140 218],[46.6807611 68.3192389] ; [145.3192389 212.6807611],0
