Feature,DoF,P Value,Chi Square,Observed,Expected,Is Significant
p8,1,0.002084,9.473751,[131  94] ; [133 165],[113.57552581 111.42447419] ; [150.42447419 147.57552581],0
p5,1,0.006904,7.297672,[ 26 197] ; [ 16 290],[ 17.70510397 205.29489603] ; [ 24.29489603 281.70510397],0
p1,1,0.010541,6.541121,[ 20 206] ; [ 11 295],[ 13.16917293 212.83082707] ; [ 17.83082707 288.16917293],0
b1,1,0.024908,5.030253,[ 83 144] ; [ 84 222],[ 71.12382739 155.87617261] ; [ 95.87617261 210.12382739],0
p11,1,0.04546,4.001492,[198  29] ; [247  59],[189.52157598  37.47842402] ; [255.47842402  50.52157598],0
p7,1,0.139637,2.18196,[142  84] ; [167 129],[133.7816092  92.2183908] ; [175.2183908 120.7816092],0
p12,1,0.23078,1.43605,[ 15 212] ; [ 13 292],[ 11.94736842 215.05263158] ; [ 16.05263158 288.94736842],0
