Feature,DoF,P Value,Chi Square,Observed,Expected,Is Significant
p6,1,0.058224,3.587272,[18 44] ; [19 21],[22.49019608 39.50980392] ; [14.50980392 25.49019608],0
p12,1,0.15021,2.070119,[ 3 62] ; [ 5 36],[ 4.90566038 60.09433962] ; [ 3.09433962 37.90566038],0
p10,1,0.161116,1.96372,[48 17] ; [35  6],[50.89622642 14.10377358] ; [32.10377358  8.89622642],0
b1,1,0.181891,1.782105,[35 32] ; [16 25],[31.63888889 35.36111111] ; [19.36111111 21.63888889],0
p5,1,0.206112,1.598525,[ 4 63] ; [ 5 33],[ 5.74285714 61.25714286] ; [ 3.25714286 34.74285714],0
p8,1,0.276477,1.184327,[34 31] ; [17 24],[31.27358491 33.72641509] ; [19.72641509 21.27358491],0
p11,1,0.567058,0.32763,[49 18] ; [32  9],[50.25 16.75] ; [30.75 10.25],0
p1,1,0.80998,0.057817,[ 4 63] ; [ 2 39],[ 3.72222222 63.27777778] ; [ 2.27777778 38.72222222],0
