Feature,DoF,P Value,Chi Square,Observed,Expected,Is Significant
p9,1,0.0,82.940051,[13 52] ; [134  26],[42.46666667 22.53333333] ; [104.53333333  55.46666667],1
p11,1,0.0,29.995258,[23 45] ; [116  44],[41.45614035 26.54385965] ; [97.54385965 62.45614035],1
p4,1,0.0,25.724901,[13 55] ; [89 71],[30.42105263 37.57894737] ; [71.57894737 88.42105263],1
p6,1,1.1e-05,19.325499,[ 5 61] ; [ 58 101],[18.48 47.52] ; [ 44.52 114.48],1
p3,1,1.7e-05,18.511401,[10 57] ; [72 88],[24.20264317 42.79735683] ; [ 57.79735683 102.20264317],1
b1,1,0.038441,4.285416,[36 32] ; [61 99],[28.92982456 39.07017544] ; [68.07017544 91.92982456],0
p5,1,0.158819,1.985439,[ 1 67] ; [  9 150],[ 2.99559471 65.00440529] ; [  7.00440529 151.99559471],0
p1,1,0.245446,1.349043,[ 5 63] ; [  6 154],[ 3.28070175 64.71929825] ; [  7.71929825 152.28070175],0
p12,1,0.475252,0.509738,[ 1 67] ; [  5 155],[ 1.78947368 66.21052632] ; [  4.21052632 155.78947368],0
