Feature,DoF,P Value,Chi Square,Observed,Expected,Is Significant
p9,1,0.110162,2.551901,[36  5] ; [15  6],[33.72580645  7.27419355] ; [17.27419355  3.72580645],0
p5,1,0.19791,1.65773,[ 2 39] ; [ 3 18],[ 3.30645161 37.69354839] ; [ 1.69354839 19.30645161],0
p11,1,0.302656,1.062453,[27 14] ; [11 10],[25.12903226 15.87096774] ; [12.87096774  8.12903226],0
p1,1,0.370768,0.801087,[ 6 35] ; [ 5 16],[ 7.27419355 33.72580645] ; [ 3.72580645 17.27419355],0
p3,1,0.423632,0.640217,[20 21] ; [ 8 13],[18.51612903 22.48387097] ; [ 9.48387097 11.51612903],0
p12,1,0.494289,0.467176,[ 4 37] ; [ 1 20],[ 3.30645161 37.69354839] ; [ 1.69354839 19.30645161],0
b1,1,0.501594,0.451563,[14 27] ; [ 9 12],[15.20967742 25.79032258] ; [ 7.79032258 13.20967742],0
p10,1,0.648393,0.207933,[29 12] ; [16  5],[29.75806452 11.24193548] ; [15.24193548  5.75806452],0
