Feature,DoF,P Value,Chi Square,Observed,Expected,Is Significant
p7,1,8e-06,19.881861,[14 22] ; [58 13],[24.22429907 11.77570093] ; [47.77570093 23.22429907],1
b1,1,0.001875,9.667786,[23 13] ; [23 48],[15.47663551 20.52336449] ; [30.52336449 40.47663551],0
p9,1,0.008775,6.868037,[23 13] ; [61 10],[28.26168224  7.73831776] ; [55.73831776 15.26168224],0
p11,1,0.026501,4.923025,[23 13] ; [59 12],[27.58878505  8.41121495] ; [54.41121495 16.58878505],0
p10,1,0.071396,3.250622,[23 13] ; [56 14],[26.83018868  9.16981132] ; [52.16981132 17.83018868],0
p1,1,0.25029,1.321683,[ 5 31] ; [ 5 66],[ 3.36448598 32.63551402] ; [ 6.63551402 64.36448598],0
p12,1,0.50837,0.43742,[ 1 35] ; [ 4 67],[ 1.68224299 34.31775701] ; [ 3.31775701 67.68224299],0
p5,1,0.865669,0.028616,[ 3 31] ; [ 7 64],[ 3.23809524 30.76190476] ; [ 6.76190476 64.23809524],0
