Feature,DoF,P Value,Chi Square,Observed,Expected,Is Significant
p11,1,0.0,41.891569,[310  30] ; [18 16],[298.18181818  41.81818182] ; [29.81818182  4.18181818],1
p2,1,3e-06,21.858212,[318  21] ; [24 10],[310.82573727  28.17426273] ; [31.17426273  2.82573727],1
p3,1,0.00031,13.009265,[238 101] ; [13 20],[228.73387097 110.26612903] ; [22.26612903 10.73387097],1
p4,1,0.001196,10.49674,[269  70] ; [18 15],[261.54032258  77.45967742] ; [25.45967742  7.54032258],0
p5,1,0.015668,5.839706,[ 67 273] ; [ 1 33],[ 61.81818182 278.18181818] ; [ 6.18181818 27.81818182],0
p1,1,0.114472,2.491364,[ 40 298] ; [ 1 33],[ 37.25268817 300.74731183] ; [ 3.74731183 30.25268817],0
b1,1,0.569723,0.323146,[133 207] ; [15 19],[134.54545455 205.45454545] ; [13.45454545 20.54545455],0
