Feature,DoF,P Value,Chi Square,Observed,Expected,Is Significant
p11,1,0.0,43.657973,[40 54] ; [200  52],[65.20231214 28.79768786] ; [174.79768786  77.20231214],1
p3,1,6.4e-05,15.976263,[15 78] ; [ 98 154],[30.46086957 62.53913043] ; [ 82.53913043 169.46086957],1
p7,1,0.000158,14.279258,[26 66] ; [127 121],[41.4 50.6] ; [111.6 136.4],1
b1,1,0.000507,12.089808,[51 43] ; [ 85 167],[36.94797688 57.05202312] ; [ 99.05202312 152.94797688],1
p6,1,0.00197,9.576912,[11 81] ; [ 70 180],[21.78947368 70.21052632] ; [ 59.21052632 190.78947368],0
p5,1,0.04245,4.117152,[ 1 93] ; [ 16 235],[ 4.63188406 89.36811594] ; [ 12.36811594 238.63188406],0
p12,1,0.224069,1.478116,[ 2 91] ; [ 13 239],[ 4.04347826 88.95652174] ; [ 10.95652174 241.04347826],0
p1,1,0.531146,0.392198,[ 6 87] ; [ 12 240],[ 4.85217391 88.14782609] ; [ 13.14782609 238.85217391],0
