Feature,DoF,P Value,Chi Square,Observed,Expected,Is Significant
b1,1,0.000253,13.388321,[28 20] ; [ 63 145],[17.0625 30.9375] ; [ 73.9375 134.0625],1
p6,1,0.027687,4.847472,[17 31] ; [ 42 163],[11.19367589 36.80632411] ; [ 47.80632411 157.19367589],0
p4,1,0.048914,3.878286,[22 26] ; [ 64 143],[16.18823529 31.81176471] ; [ 69.81176471 137.18823529],0
p11,1,0.269076,1.221453,[32 16] ; [155  53],[35.0625 12.9375] ; [151.9375  56.0625],0
p12,1,0.343659,0.896735,[ 1 47] ; [ 11 197],[ 2.25 45.75] ; [  9.75 198.25],0
p5,1,0.557592,0.343891,[ 1 46] ; [  8 198],[ 1.67193676 45.32806324] ; [  7.32806324 198.67193676],0
p1,1,0.645403,0.211745,[ 2 46] ; [  6 202],[ 1.5 46.5] ; [  6.5 201.5],0
p2,1,0.931074,0.007481,[36 12] ; [154  53],[35.76470588 12.23529412] ; [154.23529412  52.76470588],0
