Feature,DoF,P Value,Chi Square,Observed,Expected,Is Significant
p4,1,0.002863,8.892723,[34 16] ; [38 53],[25.53191489 24.46808511] ; [46.46808511 44.53191489],0
p8,1,0.064136,3.427058,[22 27] ; [26 63],[17.04347826 31.95652174] ; [30.95652174 58.04347826],0
b1,1,0.064668,3.413423,[29 21] ; [38 53],[23.75886525 26.24113475] ; [43.24113475 47.75886525],0
p7,1,0.081818,3.02842,[31 19] ; [42 48],[26.07142857 23.92857143] ; [46.92857143 43.07142857],0
p5,1,0.099761,2.709354,[ 5 45] ; [ 3 88],[ 2.83687943 47.16312057] ; [ 5.16312057 85.83687943],0
p1,1,0.100272,2.701208,[ 6 44] ; [ 4 85],[ 3.5971223 46.4028777] ; [ 6.4028777 82.5971223],0
p11,1,0.320309,0.987683,[22 28] ; [48 43],[24.82269504 25.17730496] ; [45.17730496 45.82269504],0
p9,1,0.845937,0.037754,[20 29] ; [37 50],[20.53676471 28.46323529] ; [36.46323529 50.53676471],0
