Feature,DoF,P Value,Chi Square,Observed,Expected,Is Significant
p7,1,4e-06,21.380429,[31 74] ; [31 13],[43.69127517 61.30872483] ; [18.30872483 25.69127517],1
p8,1,6.4e-05,15.97729,[20 87] ; [24 24],[30.37419355 76.62580645] ; [13.62580645 34.37419355],1
p2,1,0.000352,12.769004,[50 58] ; [37 11],[60.23076923 47.76923077] ; [26.76923077 21.23076923],1
p1,1,0.004699,7.991644,[  5 102] ; [ 9 39],[ 9.66451613 97.33548387] ; [ 4.33548387 43.66451613],0
p11,1,0.014006,6.037421,[49 59] ; [32 16],[56.07692308 51.92307692] ; [24.92307692 23.07692308],0
p12,1,0.050293,3.831678,[  1 106] ; [ 3 44],[  2.77922078 104.22077922] ; [ 1.22077922 45.77922078],0
p5,1,0.05364,3.723875,[  1 106] ; [ 3 45],[  2.76129032 104.23870968] ; [ 1.23870968 46.76129032],0
b1,1,0.190387,1.714623,[55 53] ; [19 29],[51.23076923 56.76923077] ; [22.76923077 25.23076923],0
