Feature,DoF,P Value,Chi Square,Observed,Expected,Is Significant
p10,1,2.1e-05,18.060758,[94 36] ; [53 63],[77.68292683 52.31707317] ; [69.31707317 46.68292683],1
p9,1,2.5e-05,17.729595,[100  31] ; [57 56],[84.29098361 46.70901639] ; [72.70901639 40.29098361],1
p7,1,3.8e-05,16.948672,[53 78] ; [19 96],[38.34146341 92.65853659] ; [33.65853659 81.34146341],1
p11,1,0.000555,11.920258,[91 41] ; [57 63],[77.52380952 54.47619048] ; [70.47619048 49.52380952],1
p5,1,0.005592,7.677178,[ 13 115] ; [  2 116],[  7.80487805 120.19512195] ; [  7.19512195 110.80487805],0
b1,1,0.188044,1.732876,[54 78] ; [59 61],[59.19047619 72.80952381] ; [53.80952381 66.19047619],0
p12,1,0.841715,0.03988,[  7 125] ; [  7 112],[  7.3625498 124.6374502] ; [  6.6374502 112.3625498],0
p1,1,0.843788,0.038829,[  8 124] ; [  8 112],[  8.38095238 123.61904762] ; [  7.61904762 112.38095238],0
