Feature,DoF,P Value,Chi Square,Observed,Expected,Is Significant
p8,1,0.0,118.314631,[ 53 152] ; [193  58],[110.59210526  94.40789474] ; [135.40789474 115.59210526],1
p4,1,0.0,104.371522,[ 84 123] ; [217  35],[135.74509804  71.25490196] ; [165.25490196  86.74509804],1
p3,1,0.0,68.317384,[ 64 142] ; [176  76],[107.94759825  98.05240175] ; [132.05240175 119.94759825],1
p5,1,4.2e-05,16.766067,[ 16 188] ; [ 55 197],[ 31.76315789 172.23684211] ; [ 39.23684211 212.76315789],1
b1,1,0.02055,5.364597,[ 70 137] ; [112 140],[ 82.07843137 124.92156863] ; [ 99.92156863 152.07843137],0
p1,1,0.035357,4.42785,[ 16 191] ; [ 35 216],[ 23.05021834 183.94978166] ; [ 27.94978166 223.05021834],0
p11,1,0.049547,3.856721,[162  45] ; [215  37],[170.01960784  36.98039216] ; [206.98039216  45.01960784],0
p12,1,0.167085,1.908908,[ 18 188] ; [ 32 218],[ 22.5877193 183.4122807] ; [ 27.4122807 222.5877193],0
p9,1,0.355961,0.852093,[192  14] ; [228  23],[189.32166302  16.67833698] ; [230.67833698  20.32166302],0
