Feature,DoF,P Value,Chi Square,Observed,Expected,Is Significant
p9,1,0.005661,7.655192,[22 15] ; [18  1],[26.42857143 10.57142857] ; [13.57142857  5.42857143],0
p4,1,0.006361,7.445016,[15 22] ; [15  4],[19.82142857 17.17857143] ; [10.17857143  8.82142857],0
p1,1,0.022607,5.198427,[ 1 36] ; [ 4 15],[ 3.30357143 33.69642857] ; [ 1.69642857 17.30357143],0
p10,1,0.20287,1.621588,[23 14] ; [15  4],[25.10714286 11.89285714] ; [12.89285714  6.10714286],0
p5,1,0.222552,1.487838,[ 2 33] ; [ 3 16],[ 3.24074074 31.75925926] ; [ 1.75925926 17.24074074],0
p3,1,0.397154,0.716927,[17 20] ; [11  8],[18.5 18.5] ; [9.5 9.5],0
b1,1,0.642028,0.2161,[18 19] ; [ 8 11],[17.17857143 19.82142857] ; [ 8.82142857 10.17857143],0
p11,1,0.941907,0.005311,[23 14] ; [12  7],[23.125 13.875] ; [11.875  7.125],0
