Feature,DoF,P Value,Chi Square,Observed,Expected,Is Significant
p10,1,0.00627,7.47115,[17 27] ; [31 15],[23.46666667 20.53333333] ; [24.53333333 21.46666667],0
p5,1,0.27538,1.189748,[ 3 41] ; [ 1 46],[ 1.93406593 42.06593407] ; [ 2.06593407 44.93406593],0
b1,1,0.312665,1.019387,[28 16] ; [25 22],[25.62637363 18.37362637] ; [27.37362637 19.62637363],0
p3,1,0.570658,0.321583,[19 24] ; [18 29],[17.67777778 25.32222222] ; [19.32222222 27.67777778],0
p11,1,0.816746,0.0537,[28 16] ; [31 16],[28.52747253 15.47252747] ; [30.47252747 16.52747253],0
p1,1,0.837517,0.042054,[ 5 39] ; [ 6 41],[ 5.31868132 38.68131868] ; [ 5.68131868 41.31868132],0
