Feature,DoF,P Value,Chi Square,Observed,Expected,Is Significant
p4,1,0.050072,3.83903,[221  37] ; [185  17],[227.71304348  30.28695652] ; [178.28695652  23.71304348],0
p8,1,0.149942,2.072836,[187  70] ; [158  43],[193.59170306  63.40829694] ; [151.40829694  49.59170306],0
p5,1,0.21666,1.526358,[ 55 203] ; [ 53 149],[ 60.57391304 197.42608696] ; [ 47.42608696 154.57391304],0
p1,1,0.27094,1.211983,[ 34 223] ; [ 34 167],[ 38.15720524 218.84279476] ; [ 29.84279476 171.15720524],0
b1,1,0.297136,1.087005,[105 153] ; [ 92 110],[110.49130435 147.50869565] ; [ 86.50869565 115.49130435],0
p12,1,0.390799,0.736455,[ 36 221] ; [ 34 167],[ 39.27947598 217.72052402] ; [ 30.72052402 170.27947598],0
p7,1,0.8597,0.031243,[224  29] ; [176  24],[223.3995585  29.6004415] ; [176.6004415  23.3995585],0
p11,1,0.963027,0.002149,[218  40] ; [171  31],[218.17826087  39.82173913] ; [170.82173913  31.17826087],0
