Feature,DoF,P Value,Chi Square,Observed,Expected,Is Significant
p11,1,0.078467,3.096374,[5 8] ; [12  5],[7.36666667 5.63333333] ; [9.63333333 7.36666667],0
p9,1,0.175823,1.832579,[6 7] ; [12  5],[7.8 5.2] ; [10.2  6.8],0
p1,1,0.248749,1.330317,[ 1 12] ; [ 4 13],[ 2.16666667 10.83333333] ; [ 2.83333333 14.16666667],0
b1,1,0.366799,0.81448,[9 4] ; [9 8],[7.8 5.2] ; [10.2  6.8],0
p5,1,0.426716,0.631744,[ 1 12] ; [ 3 14],[ 1.73333333 11.26666667] ; [ 2.26666667 14.73333333],0
p4,1,0.490644,0.475113,[7 6] ; [ 7 10],[6.06666667 6.93333333] ; [7.93333333 9.06666667],0
p8,1,0.490644,0.475113,[6 7] ; [10  7],[6.93333333 6.06666667] ; [9.06666667 7.93333333],0
p7,1,0.858411,0.031826,[8 5] ; [11  6],[8.23333333 4.76666667] ; [10.76666667  6.23333333],0
