Feature,DoF,P Value,Chi Square,Observed,Expected,Is Significant
p7,1,0.0,48.421488,[72 54] ; [269  39],[99. 27.] ; [242.  66.],1
p11,1,0.0,30.349085,[89 37] ; [282  27],[107.46206897  18.53793103] ; [263.53793103  45.46206897],1
p6,1,0.0,26.058596,[38 87] ; [177 131],[62.0669746 62.9330254] ; [152.9330254 155.0669746],1
p9,1,9.2e-05,15.296725,[107  18] ; [297  12],[116.359447   8.640553] ; [287.640553  21.359447],1
p5,1,0.000995,10.835945,[ 11 114] ; [ 69 240],[ 23.04147465 101.95852535] ; [ 56.95852535 252.04147465],1
p12,1,0.031682,4.615595,[  8 118] ; [ 42 267],[ 14.48275862 111.51724138] ; [ 35.51724138 273.48275862],0
b1,1,0.087002,2.928991,[61 65] ; [122 187],[53.00689655 72.99310345] ; [129.99310345 179.00689655],0
p1,1,0.276458,1.18442,[ 11 115] ; [ 38 269],[ 14.25866051 111.74133949] ; [ 34.74133949 272.25866051],0
