Feature,DoF,P Value,Chi Square,Observed,Expected,Is Significant
p9,1,0.0,34.349059,[24  1] ; [26 61],[11.16071429 13.83928571] ; [38.83928571 48.16071429],1
p8,1,0.0,27.48642,[15 10] ; [10 80],[ 5.43478261 19.56521739] ; [19.56521739 70.43478261],1
p3,1,0.0,25.499091,[13 11] ; [ 8 81],[ 4.46017699 19.53982301] ; [16.53982301 72.46017699],1
p5,1,0.000172,14.116123,[ 5 20] ; [ 1 89],[ 1.30434783 23.69565217] ; [ 4.69565217 85.30434783],1
p12,1,0.001087,10.673017,[ 5 20] ; [ 2 87],[ 1.53508772 23.46491228] ; [ 5.46491228 83.53508772],0
p11,1,0.00523,7.798157,[19  6] ; [40 50],[12.82608696 12.17391304] ; [46.17391304 43.82608696],0
p1,1,0.08066,3.051553,[ 5 20] ; [ 7 82],[ 2.63157895 22.36842105] ; [ 9.36842105 79.63157895],0
b1,1,0.620852,0.244673,[10 15] ; [41 49],[11.08695652 13.91304348] ; [39.91304348 50.08695652],0
