Feature,DoF,P Value,Chi Square,Observed,Expected,Is Significant
p10,1,0.0,78.370586,[13 61] ; [98 21],[42.55958549 31.44041451] ; [68.44041451 50.55958549],1
p11,1,0.0,38.177102,[26 49] ; [96 26],[46.44670051 28.55329949] ; [75.55329949 46.44670051],1
p7,1,0.0,30.940236,[15 57] ; [73 44],[33.52380952 38.47619048] ; [54.47619048 62.52380952],1
b1,1,0.000704,11.478409,[43 32] ; [40 82],[31.59898477 43.40101523] ; [51.40101523 70.59898477],1
p4,1,0.016447,5.75449,[18 55] ; [50 70],[25.72020725 47.27979275] ; [42.27979275 77.72020725],0
p1,1,0.396386,0.719262,[ 6 69] ; [  6 114],[ 4.61538462 70.38461538] ; [  7.38461538 112.61538462],0
p5,1,0.452959,0.563237,[ 4 70] ; [ 10 111],[ 5.31282051 68.68717949] ; [  8.68717949 112.31282051],0
