Feature,DoF,P Value,Chi Square,Observed,Expected,Is Significant
p10,1,0.0,122.55079,[238  22] ; [12 38],[209.67741935  50.32258065] ; [40.32258065  9.67741935],1
p11,1,0.0,36.681076,[232  29] ; [27 23],[217.36012862  43.63987138] ; [41.63987138  8.36012862],1
p2,1,0.0,36.342529,[243  17] ; [32 18],[230.64516129  29.35483871] ; [44.35483871  5.64516129],1
p5,1,0.002077,9.480383,[ 61 200] ; [ 2 47],[ 53.04193548 207.95806452] ; [ 9.95806452 39.04193548],0
p1,1,0.138583,2.193621,[ 35 224] ; [ 3 47],[ 31.85113269 227.14886731] ; [ 6.14886731 43.85113269],0
b1,1,0.306969,1.043674,[105 156] ; [24 26],[108.26045016 152.73954984] ; [20.73954984 29.26045016],0
