Feature,DoF,P Value,Chi Square,Observed,Expected,Is Significant
p7,1,1.7e-05,18.535539,[27 23] ; [13 62],[16. 34.] ; [24. 51.],1
p11,1,0.016614,5.736673,[29 21] ; [28 49],[22.44094488 27.55905512] ; [34.55905512 42.44094488],0
p1,1,0.169449,1.88781,[ 1 48] ; [ 6 71],[ 2.72222222 46.27777778] ; [ 4.27777778 72.72222222],0
b1,1,0.193724,1.689067,[24 26] ; [46 31],[27.55905512 22.44094488] ; [42.44094488 34.55905512],0
p6,1,0.243009,1.363053,[ 8 41] ; [ 7 68],[ 5.92741935 43.07258065] ; [ 9.07258065 65.92741935],0
p3,1,0.680682,0.169359,[10 40] ; [13 63],[ 9.12698413 40.87301587] ; [13.87301587 62.12698413],0
p12,1,0.745243,0.105572,[ 1 48] ; [ 1 76],[ 0.77777778 48.22222222] ; [ 1.22222222 75.77777778],0
