Feature,DoF,P Value,Chi Square,Observed,Expected,Is Significant
p9,1,0.0,44.963393,[13 61] ; [29  5],[28.77777778 45.22222222] ; [13.22222222 20.77777778],1
p4,1,3.9e-05,16.910099,[15 62] ; [20 14],[24.27927928 52.72072072] ; [10.72072072 23.27927928],1
p11,1,0.000325,12.918365,[26 51] ; [24 10],[34.68468468 42.31531532] ; [15.31531532 18.68468468],1
p3,1,0.002324,9.274623,[13 64] ; [15 19],[19.42342342 57.57657658] ; [ 8.57657658 25.42342342],0
b1,1,0.014441,5.983424,[42 35] ; [10 24],[36.07207207 40.92792793] ; [15.92792793 18.07207207],0
p1,1,0.090606,2.86358,[ 4 73] ; [ 5 29],[ 6.24324324 70.75675676] ; [ 2.75675676 31.24324324],0
