Feature,DoF,P Value,Chi Square,Observed,Expected,Is Significant
p2,1,0.008354,6.955901,[124  15] ; [22  9],[119.37647059  19.62352941] ; [26.62352941  4.37647059],0
b1,1,0.008687,6.886163,[46 94] ; [18 13],[52.39766082 87.60233918] ; [11.60233918 19.39766082],0
p6,1,0.009671,6.694511,[56 81] ; [ 5 26],[49.74404762 87.25595238] ; [11.25595238 19.74404762],0
p11,1,0.103522,2.650429,[117  23] ; [22  9],[113.80116959  26.19883041] ; [25.19883041  5.80116959],0
p8,1,0.394096,0.726265,[74 64] ; [14 17],[71.85798817 66.14201183] ; [16.14201183 14.85798817],0
p7,1,0.726694,0.122169,[95 43] ; [19 10],[94.20359281 43.79640719] ; [19.79640719  9.20359281],0
