Feature,DoF,P Value,Chi Square,Observed,Expected,Is Significant
p11,1,0.0,33.303204,[ 7 13] ; [212  34],[16.46616541  3.53383459] ; [202.53383459  43.46616541],1
p7,1,2.2e-05,18.036962,[10 10] ; [211  33],[16.74242424  3.25757576] ; [204.25757576  39.74242424],1
p8,1,0.000151,14.357345,[ 7 13] ; [183  62],[14.33962264  5.66037736] ; [175.66037736  69.33962264],1
b1,1,0.03105,4.650208,[13  7] ; [ 99 147],[ 8.42105263 11.57894737] ; [103.57894737 142.42105263],0
p1,1,0.293794,1.102153,[ 1 19] ; [ 32 213],[ 2.49056604 17.50943396] ; [ 30.50943396 214.49056604],0
p5,1,0.380235,0.769942,[ 3 17] ; [ 58 188],[ 4.58646617 15.41353383] ; [ 56.41353383 189.58646617],0
