Feature,DoF,P Value,Chi Square,Observed,Expected,Is Significant
p11,1,0.003587,8.481782,[ 9 10] ; [96 26],[14.14893617  4.85106383] ; [90.85106383 31.14893617],0
p7,1,0.005639,7.662333,[ 5 13] ; [73 44],[10.4  7.6] ; [67.6 49.4],0
b1,1,0.010702,6.514148,[12  7] ; [40 82],[ 7.0070922 11.9929078] ; [44.9929078 77.0070922],0
p1,1,0.336545,0.923549,[ 2 17] ; [  6 114],[ 1.09352518 17.90647482] ; [  6.90647482 113.09352518],0
p4,1,0.404856,0.693856,[ 6 13] ; [50 70],[ 7.65467626 11.34532374] ; [48.34532374 71.65467626],0
p5,1,0.651258,0.204317,[ 1 18] ; [ 10 111],[ 1.49285714 17.50714286] ; [  9.50714286 111.49285714],0
