Feature,DoF,P Value,Chi Square,Observed,Expected,Is Significant
p9,1,0.0,129.38446,[18 20] ; [341   8],[35.25064599  2.74935401] ; [323.74935401  25.25064599],1
p4,1,0.0003,13.073141,[24 14] ; [300  49],[31.81395349  6.18604651] ; [292.18604651  56.81395349],1
p11,1,0.000414,12.469472,[26 12] ; [310  39],[32.99224806  5.00775194] ; [303.00775194  45.99224806],1
p7,1,0.042714,4.106679,[26 12] ; [284  62],[30.67708333  7.32291667] ; [279.32291667  66.67708333],0
p5,1,0.062921,3.45867,[ 3 35] ; [ 71 277],[ 7.28497409 30.71502591] ; [ 66.71502591 281.28497409],0
p8,1,0.073598,3.200903,[22 16] ; [250  98],[26.77720207 11.22279793] ; [245.22279793 102.77720207],0
b1,1,0.316662,1.002685,[19 19] ; [145 204],[16.10335917 21.89664083] ; [147.89664083 201.10335917],0
p1,1,0.659376,0.194282,[ 6 32] ; [ 46 302],[ 5.11917098 32.88082902] ; [ 46.88082902 301.11917098],0
