Feature,DoF,P Value,Chi Square,Observed,Expected,Is Significant
p10,1,0.0,29.018982,[78 22] ; [ 7 22],[65.89147287 34.10852713] ; [19.10852713  9.89147287],1
b1,1,7e-05,15.797917,[30 71] ; [21  9],[39.32061069 61.67938931] ; [11.67938931 18.32061069],1
p11,1,0.033339,4.528294,[80 21] ; [18 12],[75.55725191 25.44274809] ; [22.44274809  7.55725191],0
p8,1,0.142238,2.153574,[52 49] ; [20 10],[55.51145038 45.48854962] ; [16.48854962 13.51145038],0
p1,1,0.266882,1.232702,[ 7 94] ; [ 4 26],[ 8.48091603 92.51908397] ; [ 2.51908397 27.48091603],0
p5,1,0.884058,0.021266,[ 6 95] ; [ 2 28],[ 6.16793893 94.83206107] ; [ 1.83206107 28.16793893],0
p4,1,0.997372,1.1e-05,[64 37] ; [19 11],[63.99236641 37.00763359] ; [19.00763359 10.99236641],0
