Feature,DoF,P Value,Chi Square,Observed,Expected,Is Significant
p4,1,0.0,84.678338,[89 32] ; [ 17 101],[53.66527197 67.33472803] ; [52.33472803 65.66527197],1
p9,1,0.0,56.904118,[114   7] ; [57 56],[88.42307692 32.57692308] ; [82.57692308 30.42307692],1
p7,1,0.0,39.880332,[68 53] ; [19 96],[44.6059322 76.3940678] ; [42.3940678 72.6059322],1
p11,1,0.0,29.44617,[98 23] ; [57 63],[77.82157676 43.17842324] ; [77.17842324 42.82157676],1
p6,1,0.0,25.698076,[38 82] ; [  7 111],[22.68907563 97.31092437] ; [22.31092437 95.68907563],1
p5,1,0.010232,6.593998,[ 11 107] ; [  2 116],[  6.5 111.5] ; [  6.5 111.5],0
p1,1,0.261826,1.259076,[ 13 108] ; [  8 112],[ 10.54356846 110.45643154] ; [ 10.45643154 109.54356846],0
p12,1,0.629051,0.23335,[  9 112] ; [  7 112],[  8.06666667 112.93333333] ; [  7.93333333 111.06666667],0
b1,1,0.749045,0.102335,[57 64] ; [59 61],[58.2406639 62.7593361] ; [57.7593361 62.2406639],0
