Feature,DoF,P Value,Chi Square,Observed,Expected,Is Significant
p9,1,0.0,49.965882,[65  3] ; [13 27],[49.11111111 18.88888889] ; [28.88888889 11.11111111],1
p11,1,0.000149,14.383676,[54 14] ; [18 23],[44.91743119 23.08256881] ; [27.08256881 13.91743119],1
b1,1,0.004501,8.069563,[21 47] ; [24 17],[28.0733945 39.9266055] ; [16.9266055 24.0733945],0
p6,1,0.121147,2.402425,[15 53] ; [14 25],[18.42990654 49.57009346] ; [10.57009346 28.42990654],0
p2,1,0.205735,1.601184,[58 10] ; [31 10],[55.52293578 12.47706422] ; [33.47706422  7.52293578],0
p1,1,0.248913,1.329394,[10 58] ; [ 3 38],[ 8.11009174 59.88990826] ; [ 4.88990826 36.11009174],0
p5,1,0.875063,0.024722,[ 9 59] ; [ 5 36],[ 8.73394495 59.26605505] ; [ 5.26605505 35.73394495],0
p4,1,0.903526,0.014691,[39 29] ; [24 17],[39.30275229 28.69724771] ; [23.69724771 17.30275229],0
