Feature,DoF,P Value,Chi Square,Observed,Expected,Is Significant
p10,1,0.0001,15.128791,[35 12] ; [22 38],[25.03738318 21.96261682] ; [31.96261682 28.03738318],1
b1,1,0.005158,7.823356,[15 32] ; [36 25],[22.19444444 24.80555556] ; [28.80555556 32.19444444],0
p12,1,0.042955,4.097171,[ 5 42] ; [ 1 60],[ 2.61111111 44.38888889] ; [ 3.38888889 57.61111111],0
p8,1,0.049255,3.866626,[18 29] ; [35 26],[23.06481481 23.93518519] ; [29.93518519 31.06481481],0
p1,1,0.086252,2.942972,[ 8 39] ; [ 4 57],[ 5.22222222 41.77777778] ; [ 6.77777778 54.22222222],0
p4,1,0.124343,2.361748,[33 14] ; [34 27],[29.15740741 17.84259259] ; [37.84259259 23.15740741],0
p3,1,0.296851,1.088288,[24 23] ; [25 36],[21.32407407 25.67592593] ; [27.67592593 33.32407407],0
p11,1,0.302486,1.063201,[33 14] ; [37 24],[30.46296296 16.53703704] ; [39.53703704 21.46296296],0
p5,1,0.446553,0.579387,[ 3 44] ; [ 2 59],[ 2.17592593 44.82407407] ; [ 2.82407407 58.17592593],0
