Feature,DoF,P Value,Chi Square,Observed,Expected,Is Significant
p7,1,0.002366,9.241421,[163 118] ; [114  43],[177.71004566 103.28995434] ; [99.28995434 57.71004566],0
p9,1,0.010534,6.542316,[268  22] ; [133  24],[260.15659955  29.84340045] ; [140.84340045  16.15659955],0
p4,1,0.063258,3.449838,[124 166] ; [83 77],[133.4 156.6] ; [73.6 86.4],0
p1,1,0.164933,1.928408,[ 10 281] ; [ 10 150],[ 12.90465632 278.09534368] ; [  7.09534368 152.90465632],0
b1,1,0.192659,1.697162,[ 84 207] ; [ 56 105],[ 90.13274336 200.86725664] ; [ 49.86725664 111.13274336],0
p6,1,0.242633,1.365232,[ 78 210] ; [ 52 109],[ 83.38530067 204.61469933] ; [ 46.61469933 114.38530067],0
p5,1,0.566592,0.328418,[ 16 275] ; [ 11 150],[ 17.38274336 273.61725664] ; [  9.61725664 151.38274336],0
p11,1,0.642997,0.214844,[239  52] ; [135  26],[240.78318584  50.21681416] ; [133.21681416  27.78318584],0
p12,1,0.752901,0.099109,[ 11 279] ; [  7 152],[ 11.62583519 278.37416481] ; [  6.37416481 152.62583519],0
