Feature,DoF,P Value,Chi Square,Observed,Expected,Is Significant
p10,1,0.113394,2.506266,[13  7] ; [ 8 12],[10.5  9.5] ; [10.5  9.5],0
p11,1,0.751529,0.100251,[11  9] ; [10 10],[10.5  9.5] ; [10.5  9.5],0
b1,1,1.0,0.0,[10 10] ; [10 10],[10. 10.] ; [10. 10.],0
p7,1,1.0,0.0,[14  6] ; [14  6],[14.  6.] ; [14.  6.],0
