Feature,DoF,P Value,Chi Square,Observed,Expected,Is Significant
p1,1,7.7e-05,15.623878,[ 8 17] ; [ 13 175],[ 2.46478873 22.53521127] ; [ 18.53521127 169.46478873],1
p6,1,0.151503,2.057056,[ 4 21] ; [ 14 173],[ 2.12264151 22.87735849] ; [ 15.87735849 171.12264151],0
p10,1,0.294495,1.098959,[17  8] ; [106  80],[14.57345972 10.42654028] ; [108.42654028  77.57345972],0
p5,1,0.405417,0.692201,[ 1 24] ; [  3 185],[ 0.46948357 24.53051643] ; [  3.53051643 184.46948357],0
p9,1,0.417438,0.657517,[18  7] ; [116  66],[16.18357488  8.81642512] ; [117.81642512  64.18357488],0
p2,1,0.58982,0.290626,[14 11] ; [95 94],[12.73364486 12.26635514] ; [96.26635514 92.73364486],0
b1,1,0.679027,0.171224,[11 14] ; [ 75 114],[10.04672897 14.95327103] ; [ 75.95327103 113.04672897],0
p11,1,0.799766,0.064338,[16  9] ; [116  73],[15.42056075  9.57943925] ; [116.57943925  72.42056075],0
