Feature,DoF,P Value,Chi Square,Observed,Expected,Is Significant
p7,1,0.121015,2.404129,[18 30] ; [30 27],[21.94285714 26.05714286] ; [26.05714286 30.94285714],0
b1,1,0.215378,1.534906,[23 26] ; [20 37],[19.87735849 29.12264151] ; [23.12264151 33.87735849],0
p4,1,0.315201,1.008756,[18 31] ; [26 30],[20.53333333 28.46666667] ; [23.46666667 32.53333333],0
p6,1,0.354665,0.856698,[12 37] ; [18 37],[14.13461538 34.86538462] ; [15.86538462 39.13461538],0
p5,1,0.385383,0.753459,[ 1 48] ; [ 3 54],[ 1.8490566 47.1509434] ; [ 2.1509434 54.8490566],0
p11,1,0.511529,0.430939,[27 22] ; [35 22],[28.66037736 20.33962264] ; [33.33962264 23.66037736],0
p12,1,0.649553,0.206464,[ 1 48] ; [ 2 55],[ 1.38679245 47.61320755] ; [ 1.61320755 55.38679245],0
p3,1,0.791863,0.069639,[16 33] ; [20 37],[16.64150943 32.35849057] ; [19.35849057 37.64150943],0
p1,1,0.853223,0.034228,[ 3 46] ; [ 4 53],[ 3.23584906 45.76415094] ; [ 3.76415094 53.23584906],0
