Feature,DoF,P Value,Chi Square,Observed,Expected,Is Significant
p3,1,0.0,127.215184,[156  52] ; [ 49 182],[ 97.12984055 110.87015945] ; [107.87015945 123.12984055],1
p5,1,0.0,46.775646,[ 57 152] ; [  9 221],[ 31.4214123 177.5785877] ; [ 34.5785877 195.4214123],1
p2,1,2e-06,22.96847,[193  16] ; [174  57],[174.325  34.675] ; [192.675  38.325],1
p1,1,4.6e-05,16.606875,[ 33 175] ; [ 10 222],[ 20.32727273 187.67272727] ; [ 22.67272727 209.32727273],1
p12,1,0.000139,14.509226,[ 34 174] ; [ 12 219],[ 21.79498861 186.20501139] ; [ 24.20501139 206.79498861],1
p11,1,0.016649,5.733029,[185  24] ; [186  46],[175.82539683  33.17460317] ; [195.17460317  36.82539683],0
b1,1,0.019507,5.455477,[ 92 117] ; [ 77 155],[ 80.09297052 128.90702948] ; [ 88.90702948 143.09297052],0
p9,1,0.89132,0.018669,[189  20] ; [208  23],[188.575  20.425] ; [208.425  22.575],0
