Feature,DoF,P Value,Chi Square,Observed,Expected,Is Significant
p7,1,0.000751,11.358075,[18 30] ; [23  7],[25.23076923 22.76923077] ; [15.76923077 14.23076923],1
p4,1,0.148149,2.091212,[18 31] ; [16 14],[21.08860759 27.91139241] ; [12.91139241 17.08860759],0
p6,1,0.289838,1.120373,[12 37] ; [11 20],[14.0875 34.9125] ; [ 8.9125 22.0875],0
b1,1,0.332095,0.940713,[23 26] ; [18 13],[25.1125 23.8875] ; [15.8875 15.1125],0
p2,1,0.433162,0.614329,[34 15] ; [24  7],[35.525 13.475] ; [22.475  8.525],0
p5,1,0.740847,0.109384,[ 1 48] ; [ 1 30],[ 1.225 47.775] ; [ 0.775 30.225],0
p11,1,0.794695,0.067714,[27 22] ; [18 13],[27.5625 21.4375] ; [17.4375 13.5625],0
p1,1,0.952749,0.003511,[ 3 46] ; [ 2 29],[ 3.0625 45.9375] ; [ 1.9375 29.0625],0
