Feature,DoF,P Value,Chi Square,Observed,Expected,Is Significant
p11,1,0.0,40.444875,[398  59] ; [10 15],[386.83817427  70.16182573] ; [21.16182573  3.83817427],1
p8,1,0.000295,13.100689,[320 134] ; [ 9 16],[311.82881002 142.17118998] ; [17.17118998  7.82881002],1
b1,1,0.131452,2.275269,[169 288] ; [13 12],[172.56016598 284.43983402] ; [ 9.43983402 15.56016598],0
p1,1,0.302279,1.064114,[ 44 412] ; [ 4 21],[ 45.50519751 410.49480249] ; [ 2.49480249 22.50519751],0
p4,1,0.514417,0.425073,[337 119] ; [17  8],[335.6008316 120.3991684] ; [18.3991684  6.6008316],0
p5,1,0.592609,0.286289,[ 73 383] ; [ 3 22],[ 72.04989605 383.95010395] ; [ 3.95010395 21.04989605],0
p6,1,0.659884,0.193665,[228 224] ; [11 13],[226.94957983 225.05042017] ; [12.05042017 11.94957983],0
