Feature,DoF,P Value,Chi Square,Observed,Expected,Is Significant
p2,1,0.017212,5.674603,[22 17] ; [22  4],[26.4 12.6] ; [17.6  8.4],0
b1,1,0.127603,2.321429,[21 18] ; [ 9 17],[18. 21.] ; [12. 14.],0
p11,1,0.127603,2.321429,[18 21] ; [17  9],[21. 18.] ; [14. 12.],0
p7,1,0.53951,0.376448,[21 18] ; [16 10],[22.2 16.8] ; [14.8 11.2],0
p1,1,0.599716,0.275424,[ 3 36] ; [ 3 23],[ 3.6 35.4] ; [ 2.4 23.6],0
p5,1,0.599716,0.275424,[ 3 36] ; [ 3 23],[ 3.6 35.4] ; [ 2.4 23.6],0
p4,1,0.682513,0.16731,[23 16] ; [14 12],[22.2 16.8] ; [14.8 11.2],0
