Feature,DoF,P Value,Chi Square,Observed,Expected,Is Significant
p6,1,0.0,101.636011,[184 115] ; [ 37 180],[128.06007752 170.93992248] ; [ 92.93992248 124.06007752],1
p5,1,0.0,40.615048,[ 67 232] ; [  6 214],[ 42.05587669 256.94412331] ; [ 30.94412331 189.05587669],1
p1,1,1e-05,19.478524,[ 37 260] ; [  4 215],[ 23.59883721 273.40116279] ; [ 17.40116279 201.59883721],1
p10,1,1.4e-05,18.856549,[269  30] ; [166  53],[251.09073359  47.90926641] ; [183.90926641  35.09073359],1
p11,1,8.5e-05,15.452675,[268  31] ; [170  51],[251.85  47.15] ; [186.15  34.85],1
p12,1,0.000757,11.344824,[ 36 263] ; [  8 210],[ 25.44680851 273.55319149] ; [ 18.55319149 199.44680851],1
b1,1,0.001418,10.182311,[123 176] ; [ 61 160],[105.8 193.2] ; [ 78.2 142.8],0
p9,1,0.00556,7.687504,[269  30] ; [176  40],[258.3592233  40.6407767] ; [186.6407767  29.3592233],0
