Feature,DoF,P Value,Chi Square,Observed,Expected,Is Significant
p3,1,2.8e-05,17.566282,[23 59] ; [68 49],[37.49748744 44.50251256] ; [53.50251256 63.49748744],1
p8,1,0.012296,6.267745,[16 66] ; [42 75],[23.89949749 58.10050251] ; [34.10050251 82.89949749],0
p5,1,0.15163,2.055777,[ 4 74] ; [ 13 105],[ 6.76530612 71.23469388] ; [ 10.23469388 107.76530612],0
p10,1,0.252925,1.307076,[69 13] ; [90 26],[65.84848485 16.15151515] ; [93.15151515 22.84848485],0
p1,1,0.291741,1.11157,[ 6 76] ; [ 14 104],[ 8.2 73.8] ; [ 11.8 106.2],0
p12,1,0.698494,0.150043,[ 7 75] ; [ 12 106],[ 7.79 74.21] ; [ 11.21 106.79],0
p11,1,0.840975,0.040259,[58 24] ; [85 33],[58.63 23.37] ; [84.37 33.63],0
b1,1,0.950958,0.003783,[33 49] ; [48 70],[33.21 48.79] ; [47.79 70.21],0
