Feature,DoF,P Value,Chi Square,Observed,Expected,Is Significant
p11,1,0.000337,12.852,[17  7] ; [17 43],[ 9.71428571 14.28571429] ; [24.28571429 35.71428571],1
p6,1,0.039293,4.248176,[ 3 21] ; [ 1 57],[ 1.17073171 22.82926829] ; [ 2.82926829 55.17073171],0
p3,1,0.211145,1.563559,[ 7 17] ; [10 49],[ 4.91566265 19.08433735] ; [12.08433735 46.91566265],0
p4,1,0.211145,1.563559,[ 7 17] ; [10 49],[ 4.91566265 19.08433735] ; [12.08433735 46.91566265],0
p1,1,0.655439,0.199111,[ 2 22] ; [ 7 53],[ 2.57142857 21.42857143] ; [ 6.42857143 53.57142857],0
b1,1,0.8891,0.019444,[14 10] ; [34 26],[13.71428571 10.28571429] ; [34.28571429 25.71428571],0
