Feature,DoF,P Value,Chi Square,Observed,Expected,Is Significant
p6,1,0.000105,15.036358,[ 1 14] ; [186 137],[8.29881657 6.70118343] ; [178.70118343 144.29881657],1
p3,1,0.000171,14.121659,[ 4 10] ; [241  83],[10.14792899  3.85207101] ; [234.85207101  89.14792899],1
p11,1,0.0161,5.791974,[10  5] ; [286  39],[13.05882353  1.94117647] ; [282.94117647  42.05882353],0
b1,1,0.352765,0.863485,[8 7] ; [134 191],[6.26470588 8.73529412] ; [135.73529412 189.26470588],0
p1,1,0.481813,0.494757,[ 3 12] ; [ 44 280],[ 2.07964602 12.92035398] ; [ 44.92035398 279.07964602],0
