Feature,DoF,P Value,Chi Square,Observed,Expected,Is Significant
p7,1,0.03251,4.571399,[123 124] ; [29 14],[129.46206897 117.53793103] ; [22.53793103 20.46206897],0
p11,1,0.122883,2.380182,[207  51] ; [33 14],[203.01639344  54.98360656] ; [36.98360656 10.01639344],0
p1,1,0.175189,1.837972,[ 18 240] ; [ 6 41],[ 20.30163934 237.69836066] ; [ 3.69836066 43.30163934],0
p8,1,0.373689,0.791361,[ 96 158] ; [21 26],[ 98.73089701 155.26910299] ; [18.26910299 28.73089701],0
p12,1,0.660487,0.192932,[ 15 241] ; [ 2 45],[ 14.3630363 241.6369637] ; [ 2.6369637 44.3630363],0
b1,1,0.760289,0.093087,[ 82 176] ; [16 31],[ 82.89836066 175.10163934] ; [15.10163934 31.89836066],0
p2,1,0.890852,0.018831,[200  57] ; [37 10],[200.35855263  56.64144737] ; [36.64144737 10.35855263],0
p5,1,0.896779,0.01683,[ 12 244] ; [ 2 45],[ 11.82838284 244.17161716] ; [ 2.17161716 44.82838284],0
