Feature,DoF,P Value,Chi Square,Observed,Expected,Is Significant
p3,1,0.0,61.787503,[28 70] ; [158  51],[59.37459283 38.62540717] ; [126.62540717  82.37459283],1
p7,1,0.0,36.290762,[59 35] ; [189  18],[77.44850498 16.55149502] ; [170.55149502  36.44850498],1
p5,1,1.7e-05,18.472623,[ 6 91] ; [ 58 152],[20.22149837 76.77850163] ; [ 43.77850163 166.22149837],1
p12,1,9.9e-05,15.150462,[ 2 95] ; [ 38 171],[12.67973856 84.32026144] ; [ 27.32026144 181.67973856],1
p10,1,0.000452,12.304143,[79 18] ; [197  12],[87.49019608  9.50980392] ; [188.50980392  20.49019608],1
p11,1,0.00979,6.672658,[77 21] ; [188  22],[84.31818182 13.68181818] ; [180.68181818  29.31818182],0
p1,1,0.020508,5.368092,[ 6 90] ; [ 33 176],[12.27540984 83.72459016] ; [ 26.72459016 182.27540984],0
p2,1,0.049493,3.858567,[82 15] ; [193  17],[86.88925081 10.11074919] ; [188.11074919  21.88925081],0
b1,1,0.157353,1.999477,[31 67] ; [ 84 126],[36.59090909 61.40909091] ; [ 78.40909091 131.59090909],0
