Feature,DoF,P Value,Chi Square,Observed,Expected,Is Significant
p4,1,0.0,28.607564,[16 55] ; [46 22],[31.66906475 39.33093525] ; [30.33093525 37.66906475],1
p12,1,0.102044,2.673308,[ 7 65] ; [ 2 66],[ 4.62857143 67.37142857] ; [ 4.37142857 63.62857143],0
b1,1,0.247815,1.335578,[29 43] ; [34 34],[32.4 39.6] ; [30.6 37.4],0
p5,1,0.322453,0.978972,[ 6 64] ; [ 3 65],[ 4.56521739 65.43478261] ; [ 4.43478261 63.56521739],0
p1,1,0.443824,0.586375,[ 8 64] ; [ 5 63],[ 6.68571429 65.31428571] ; [ 6.31428571 61.68571429],0
p10,1,0.481197,0.496148,[58 14] ; [57 10],[59.56834532 12.43165468] ; [55.43165468 11.56834532],0
p11,1,0.674876,0.175952,[49 23] ; [44 24],[47.82857143 24.17142857] ; [45.17142857 22.82857143],0
