Feature,DoF,P Value,Chi Square,Observed,Expected,Is Significant
p9,1,0.0,52.037982,[26 37] ; [84  5],[45.59210526 17.40789474] ; [64.40789474 24.59210526],1
p11,1,0.000641,11.654274,[33 30] ; [70 19],[42.69078947 20.30921053] ; [60.30921053 28.69078947],1
p7,1,0.013375,6.118872,[37 26] ; [66 19],[43.84459459 19.15540541] ; [59.15540541 25.84459459],0
b1,1,0.018315,5.565812,[31 32] ; [27 62],[24.03947368 38.96052632] ; [33.96052632 55.03947368],0
p12,1,0.135292,2.230708,[ 1 62] ; [ 6 83],[ 2.90131579 60.09868421] ; [ 4.09868421 84.90131579],0
p1,1,0.495398,0.464781,[ 7 56] ; [ 7 82],[ 5.80263158 57.19736842] ; [ 8.19736842 80.80263158],0
p8,1,0.528378,0.397509,[30 33] ; [47 42],[31.91447368 31.08552632] ; [45.08552632 43.91447368],0
p5,1,0.98718,0.000258,[ 5 58] ; [ 7 82],[ 4.97368421 58.02631579] ; [ 7.02631579 81.97368421],0
