Feature,DoF,P Value,Chi Square,Observed,Expected,Is Significant
p9,1,0.0,147.5221,[13 61] ; [208  23],[53.61967213 20.38032787] ; [167.38032787  63.61967213],1
p11,1,0.0,57.807107,[26 51] ; [186  46],[52.82847896 24.17152104] ; [159.17152104  72.82847896],1
p7,1,3.4e-05,17.159841,[14 61] ; [103 123],[29.15282392 45.84717608] ; [ 87.84717608 138.15282392],1
p8,1,6.6e-05,15.930818,[ 8 68] ; [ 79 151],[21.60784314 54.39215686] ; [ 65.39215686 164.60784314],1
b1,1,0.000847,11.134438,[42 35] ; [ 77 155],[29.65372168 47.34627832] ; [ 89.34627832 142.65372168],1
p3,1,0.41196,0.673136,[13 64] ; [ 49 182],[15.5 61.5] ; [ 46.5 184.5],0
p1,1,0.746431,0.104555,[ 4 73] ; [ 10 222],[ 3.48867314 73.51132686] ; [ 10.51132686 221.48867314],0
p5,1,0.989336,0.000179,[ 3 73] ; [  9 221],[ 2.98039216 73.01960784] ; [  9.01960784 220.98039216],0
