Feature,DoF,P Value,Chi Square,Observed,Expected,Is Significant
p9,1,0.002693,9.00456,[22 15] ; [176  40],[28.95652174  8.04347826] ; [169.04347826  46.95652174],0
b1,1,0.010149,6.608567,[18 19] ; [ 61 160],[11.32945736 25.67054264] ; [ 67.67054264 153.32945736],0
p11,1,0.055596,3.664119,[23 14] ; [170  51],[27.67829457  9.32170543] ; [165.32170543  55.67829457],0
p10,1,0.080918,3.046366,[23 14] ; [166  53],[27.31640625  9.68359375] ; [161.68359375  57.31640625],0
p5,1,0.346406,0.886581,[ 2 33] ; [  6 214],[ 1.09803922 33.90196078] ; [  6.90196078 213.09803922],0
p1,1,0.721666,0.126902,[ 1 36] ; [  4 215],[ 0.72265625 36.27734375] ; [  4.27734375 214.72265625],0
p8,1,0.988023,0.000225,[13 23] ; [ 77 137],[12.96 23.04] ; [ 77.04 136.96],0
