Feature,DoF,P Value,Chi Square,Observed,Expected,Is Significant
p3,1,1e-06,25.145163,[10  7] ; [ 8 81],[ 2.88679245 14.11320755] ; [15.11320755 73.88679245],1
p9,1,0.000285,13.168177,[13  4] ; [26 61],[ 6.375 10.625] ; [32.625 54.375],1
b1,1,0.147373,2.099237,[11  6] ; [41 49],[8.26168224 8.73831776] ; [43.73831776 46.26168224],0
p1,1,0.206113,1.598524,[ 3 14] ; [ 7 82],[ 1.60377358 15.39622642] ; [ 8.39622642 80.60377358],0
p11,1,0.84244,0.039511,[8 9] ; [40 50],[7.62616822 9.37383178] ; [40.37383178 49.62616822],0
