Feature,DoF,P Value,Chi Square,Observed,Expected,Is Significant
p11,1,0.189238,1.723543,[98 23] ; [122  42],[93.40350877 27.59649123] ; [126.59649123  37.40350877],0
b1,1,0.20756,1.588366,[57 64] ; [65 99],[51.79649123 69.20350877] ; [70.20350877 93.79649123],0
p6,1,0.251663,1.314049,[38 82] ; [ 62 100],[42.55319149 77.44680851] ; [ 57.44680851 104.55319149],0
p1,1,0.312118,1.021692,[ 13 108] ; [ 12 152],[ 10.61403509 110.38596491] ; [ 14.38596491 149.61403509],0
p2,1,0.336682,0.923023,[98 23] ; [139  24],[100.97535211  20.02464789] ; [136.02464789  26.97535211],0
p12,1,0.65386,0.201068,[  9 112] ; [ 10 154],[  8.06666667 112.93333333] ; [ 10.93333333 153.06666667],0
p7,1,0.753413,0.098686,[68 53] ; [88 74],[66.69964664 54.30035336] ; [89.30035336 72.69964664],0
p5,1,0.850348,0.035598,[ 11 107] ; [ 16 144],[ 11.46043165 106.53956835] ; [ 15.53956835 144.46043165],0
