Feature,DoF,P Value,Chi Square,Observed,Expected,Is Significant
p11,1,0.0,42.209934,[22 28] ; [211  36],[39.22558923 10.77441077] ; [193.77441077  53.22558923],1
p8,1,8e-06,19.971663,[22 27] ; [189  58],[34.92905405 14.07094595] ; [176.07094595  70.92905405],1
p4,1,0.002416,9.20345,[34 16] ; [211  35],[41.38513514  8.61486486] ; [203.61486486  42.38513514],0
p5,1,0.033455,4.522323,[ 5 45] ; [ 58 189],[10.60606061 39.39393939] ; [ 52.39393939 194.60606061],0
b1,1,0.044717,4.029276,[29 21] ; [105 142],[22.55892256 27.44107744] ; [111.44107744 135.55892256],0
p1,1,0.731303,0.117919,[ 6 44] ; [ 34 212],[ 6.75675676 43.24324324] ; [ 33.24324324 212.75675676],0
