Feature,DoF,P Value,Chi Square,Observed,Expected,Is Significant
p10,1,0.0,36.309829,[ 8 29] ; [57 13],[22.47663551 14.52336449] ; [42.52336449 27.47663551],1
p7,1,0.000165,14.189925,[25 11] ; [21 47],[15.92307692 20.07692308] ; [30.07692308 37.92307692],1
p8,1,0.001568,9.997367,[19 18] ; [15 55],[11.75700935 25.24299065] ; [22.24299065 47.75700935],0
p6,1,0.013862,6.055637,[12 22] ; [10 60],[ 7.19230769 26.80769231] ; [14.80769231 55.19230769],0
b1,1,0.021825,5.259693,[25 12] ; [31 39],[19.36448598 17.63551402] ; [36.63551402 33.36448598],0
p11,1,0.048089,3.906886,[17 20] ; [46 24],[21.78504673 15.21495327] ; [41.21495327 28.78504673],0
p1,1,0.352212,0.865472,[ 3 34] ; [10 60],[ 4.4953271 32.5046729] ; [ 8.5046729 61.4953271],0
p5,1,0.933703,0.00692,[ 2 35] ; [ 4 65],[ 2.09433962 34.90566038] ; [ 3.90566038 65.09433962],0
