Feature,DoF,P Value,Chi Square,Observed,Expected,Is Significant
p4,1,0.0,37.63388,[ 4 11] ; [183  26],[12.52232143  2.47767857] ; [174.47767857  34.52232143],1
p2,1,3e-06,21.858342,[8 7] ; [193  17],[13.4  1.6] ; [187.6  22.4],1
p3,1,0.000133,14.602343,[ 4 10] ; [158  51],[10.17040359  3.82959641] ; [151.82959641  57.17040359],1
p11,1,0.008493,6.926407,[10  5] ; [188  22],[13.2  1.8] ; [184.8  25.2],0
b1,1,0.310218,1.029748,[8 7] ; [ 84 126],[6.13333333 8.86666667] ; [ 85.86666667 124.13333333],0
p1,1,0.668001,0.183949,[ 3 12] ; [ 33 176],[ 2.41071429 12.58928571] ; [ 33.58928571 175.41071429],0
