Feature,DoF,P Value,Chi Square,Observed,Expected,Is Significant
p7,1,1.6e-05,18.667565,[51 18] ; [36 55],[37.51875 31.48125] ; [49.48125 41.51875],1
p8,1,0.0129,6.182713,[35 35] ; [29 65],[27.31707317 42.68292683] ; [36.68292683 57.31707317],0
p12,1,0.066202,3.374761,[ 3 66] ; [12 82],[ 6.34969325 62.65030675] ; [ 8.65030675 85.34969325],0
p5,1,0.173402,1.853282,[ 3 67] ; [ 9 81],[ 5.25 64.75] ; [ 6.75 83.25],0
p1,1,0.335935,0.925882,[11 59] ; [10 84],[ 8.96341463 61.03658537] ; [12.03658537 81.96341463],0
p11,1,0.366861,0.814271,[57 13] ; [71 23],[54.63414634 15.36585366] ; [73.36585366 20.63414634],0
b1,1,0.718694,0.129747,[28 42] ; [35 59],[26.8902439 43.1097561] ; [36.1097561 57.8902439],0
p6,1,0.994461,4.8e-05,[17 49] ; [24 69],[17.01886792 48.98113208] ; [23.98113208 69.01886792],0
