Feature,DoF,P Value,Chi Square,Observed,Expected,Is Significant
p12,1,0.046185,3.97482,[ 3 77] ; [ 5 31],[ 5.51724138 74.48275862] ; [ 2.48275862 33.51724138],0
p1,1,0.160773,1.966938,[ 8 72] ; [ 7 29],[10.34482759 69.65517241] ; [ 4.65517241 31.34482759],0
p11,1,0.318748,0.994077,[55 25] ; [28  8],[57.24137931 22.75862069] ; [25.75862069 10.24137931],0
p2,1,0.327872,0.957285,[70 10] ; [29  7],[68.27586207 11.72413793] ; [30.72413793  5.27586207],0
b1,1,0.329893,0.949319,[32 48] ; [11 25],[29.65517241 50.34482759] ; [13.34482759 22.65517241],0
p4,1,0.513545,0.426837,[56 24] ; [23 13],[54.48275862 25.51724138] ; [24.51724138 11.48275862],0
p9,1,0.79063,0.070486,[77  3] ; [35  1],[77.24137931  2.75862069] ; [34.75862069  1.24137931],0
p5,1,0.90053,0.015623,[ 4 76] ; [ 2 34],[ 4.13793103 75.86206897] ; [ 1.86206897 34.13793103],0
p3,1,0.977886,0.000768,[38 42] ; [17 19],[37.93103448 42.06896552] ; [17.06896552 18.93103448],0
