Feature,DoF,P Value,Chi Square,Observed,Expected,Is Significant
p2,1,0.095619,2.777136,[88 16] ; [49 17],[83.81176471 20.18823529] ; [53.18823529 12.81176471],0
b1,1,0.198894,1.650476,[34 70] ; [28 38],[37.92941176 66.07058824] ; [24.07058824 41.92941176],0
p5,1,0.20803,1.585082,[ 8 96] ; [ 2 64],[ 6.11764706 97.88235294] ; [ 3.88235294 62.11764706],0
p1,1,0.340742,0.907636,[12 92] ; [11 55],[14.07058824 89.92941176] ; [ 8.92941176 57.07058824],0
p7,1,0.661602,0.191584,[70 29] ; [48 17],[71.23170732 27.76829268] ; [46.76829268 18.23170732],0
p12,1,0.932619,0.007149,[ 5 97] ; [ 3 62],[ 4.88622754 97.11377246] ; [ 3.11377246 61.88622754],0
p11,1,0.956212,0.003015,[87 17] ; [55 11],[86.87058824 17.12941176] ; [55.12941176 10.87058824],0
p9,1,0.977768,0.000777,[96  8] ; [61  5],[96.04705882  7.95294118] ; [60.95294118  5.04705882],0
p6,1,0.983824,0.000411,[24 79] ; [15 49],[24.05389222 78.94610778] ; [14.94610778 49.05389222],0
