Feature,DoF,P Value,Chi Square,Observed,Expected,Is Significant
b1,1,0.005694,7.64454,[138 287] ; [9 4],[142.6369863 282.3630137] ; [4.3630137 8.6369863],0
p11,1,0.022515,5.205512,[361  64] ; [8 5],[358.04794521  66.95205479] ; [10.95205479  2.04794521],0
p2,1,0.03613,4.390935,[354  69] ; [8 5],[351.20642202  71.79357798] ; [10.79357798  2.20642202],0
p1,1,0.198265,1.65511,[ 27 397] ; [ 2 11],[ 28.13729977 395.86270023] ; [ 0.86270023 12.13729977],0
p7,1,0.383532,0.75935,[225 192] ; [8 4],[226.48251748 190.51748252] ; [6.51748252 5.48251748],0
p4,1,0.446668,0.579094,[215 208] ; [8 5],[216.35091743 206.64908257] ; [6.64908257 6.35091743],0
p5,1,0.932332,0.00721,[ 35 384] ; [ 1 12],[ 34.91666667 384.08333333] ; [ 1.08333333 11.91666667],0
p8,1,0.970882,0.001332,[196 224] ; [6 7],[195.93533487 224.06466513] ; [6.06466513 6.93533487],0
