Feature,DoF,P Value,Chi Square,Observed,Expected,Is Significant
p7,1,0.001086,10.674197,[ 98 112] ; [46 20],[109.56521739 100.43478261] ; [34.43478261 31.56521739],0
p1,1,0.001171,10.535055,[  4 215] ; [ 7 59],[  8.45263158 210.54736842] ; [ 2.54736842 63.45263158],0
p9,1,0.01465,5.958099,[176  40] ; [62  4],[182.29787234  33.70212766] ; [55.70212766 10.29787234],0
b1,1,0.022339,5.219175,[ 61 160] ; [28 38],[ 68.53310105 152.46689895] ; [20.46689895 45.53310105],0
p10,1,0.075961,3.149279,[166  53] ; [56  9],[171.19014085  47.80985915] ; [50.80985915 14.19014085],0
p5,1,0.458047,0.550662,[  6 214] ; [ 3 63],[  6.92307692 213.07692308] ; [ 2.07692308 63.92307692],0
p11,1,0.483954,0.48994,[170  51] ; [48 18],[167.86759582  53.13240418] ; [50.13240418 15.86759582],0
p12,1,0.746667,0.104353,[  8 210] ; [ 3 63],[  8.44366197 209.55633803] ; [ 2.55633803 63.44366197],0
