Feature,DoF,P Value,Chi Square,Observed,Expected,Is Significant
p5,1,0.010916,6.478883,[  4 183] ; [ 4 34],[  6.64888889 180.35111111] ; [ 1.35111111 36.64888889],0
p10,1,0.018892,5.511508,[158  31] ; [27 13],[152.68558952  36.31441048] ; [32.31441048  7.68558952],0
b1,1,0.054361,3.701571,[ 64 125] ; [20 20],[ 69.32751092 119.67248908] ; [14.67248908 25.32751092],0
p1,1,0.137004,2.21129,[  8 181] ; [ 4 36],[  9.90393013 179.09606987] ; [ 2.09606987 37.90393013],0
p12,1,0.391958,0.732859,[ 11 178] ; [ 1 39],[  9.90393013 179.09606987] ; [ 2.09606987 37.90393013],0
p7,1,0.512577,0.428802,[ 68 116] ; [17 23],[ 69.82142857 114.17857143] ; [15.17857143 24.82142857],0
p11,1,0.64667,0.210124,[139  50] ; [28 12],[137.82969432  51.17030568] ; [29.17030568 10.82969432],0
