Feature,DoF,P Value,Chi Square,Observed,Expected,Is Significant
p3,1,0.000163,14.217561,[107 165] ; [95 69],[126.01834862 145.98165138] ; [75.98165138 88.01834862],1
p6,1,0.027103,4.884219,[ 76 195] ; [ 62 100],[ 86.36951501 184.63048499] ; [ 51.63048499 110.36951501],0
p5,1,0.159771,1.976395,[ 17 254] ; [ 16 144],[ 20.74941995 250.25058005] ; [ 12.25058005 147.74941995],0
b1,1,0.192339,1.699611,[ 91 181] ; [65 99],[ 97.32110092 174.67889908] ; [ 58.67889908 105.32110092],0
p1,1,0.269567,1.218947,[ 13 259] ; [ 12 152],[ 15.59633028 256.40366972] ; [  9.40366972 154.59633028],0
p7,1,0.384941,0.754863,[134 134] ; [88 74],[138.3627907 129.6372093] ; [83.6372093 78.3627907],0
p10,1,0.640512,0.218073,[237  34] ; [145  18],[238.52995392  32.47004608] ; [143.47004608  19.52995392],0
p12,1,0.673354,0.177704,[ 14 258] ; [ 10 154],[ 14.97247706 257.02752294] ; [  9.02752294 154.97247706],0
p11,1,0.687265,0.162062,[207  65] ; [122  42],[205.24770642  66.75229358] ; [123.75229358  40.24770642],0
