Feature,DoF,P Value,Chi Square,Observed,Expected,Is Significant
p9,1,4e-06,21.311097,[84 24] ; [12 22],[73.01408451 34.98591549] ; [22.98591549 11.01408451],1
b1,1,0.004434,8.096944,[37 71] ; [21 13],[44.11267606 63.88732394] ; [13.88732394 20.11267606],0
p1,1,0.008521,6.920526,[  3 105] ; [ 5 29],[  6.08450704 101.91549296] ; [ 1.91549296 32.08450704],0
p4,1,0.146261,2.110824,[45 63] ; [19 15],[48.67605634 59.32394366] ; [15.32394366 18.67605634],0
p5,1,0.234368,1.414155,[  4 103] ; [ 3 31],[  5.31205674 101.68794326] ; [ 1.68794326 32.31205674],0
p2,1,0.456161,0.555298,[88 19] ; [26  8],[86.5106383 20.4893617] ; [27.4893617  6.5106383],0
p11,1,0.924119,0.009072,[74 34] ; [23 11],[73.77464789 34.22535211] ; [23.22535211 10.77464789],0
