Feature,DoF,P Value,Chi Square,Observed,Expected,Is Significant
p11,1,0.0,80.138815,[22 31] ; [348  40],[44.46712018  8.53287982] ; [325.53287982  62.46712018],1
p7,1,0.0,30.470328,[27 26] ; [320  63],[42.18119266 10.81880734] ; [304.81880734  78.18119266],1
p12,1,0.032285,4.5833,[ 1 52] ; [ 44 342],[ 5.43280182 47.56719818] ; [ 39.56719818 346.43280182],0
p3,1,0.035579,4.417191,[27 26] ; [255 133],[33.89115646 19.10884354] ; [248.10884354 139.89115646],0
p5,1,0.047464,3.928855,[ 4 48] ; [ 73 315],[ 9.1 42.9] ; [ 67.9 320.1],0
p1,1,0.069242,3.300909,[ 2 51] ; [ 47 340],[ 5.90227273 47.09772727] ; [ 43.09772727 343.90227273],0
b1,1,0.19362,1.689856,[24 29] ; [140 248],[19.70975057 33.29024943] ; [144.29024943 243.70975057],0
