Feature,DoF,P Value,Chi Square,Observed,Expected,Is Significant
p10,1,2e-06,22.89708,[11 26] ; [39  9],[21.76470588 15.23529412] ; [28.23529412 19.76470588],1
p3,1,0.029902,4.714912,[14 24] ; [29 19],[19. 19.] ; [24. 24.],0
b1,1,0.049506,3.858106,[22 16] ; [18 31],[17.47126437 20.52873563] ; [22.52873563 26.47126437],0
p2,1,0.052819,3.749633,[26 12] ; [42  7],[29.70114943  8.29885057] ; [38.29885057 10.70114943],0
p1,1,0.062066,3.481304,[ 1 37] ; [ 7 42],[ 3.49425287 34.50574713] ; [ 4.50574713 44.49425287],0
p5,1,0.062066,3.481304,[ 1 37] ; [ 7 42],[ 3.49425287 34.50574713] ; [ 4.50574713 44.49425287],0
p12,1,0.062066,3.481304,[ 1 37] ; [ 7 42],[ 3.49425287 34.50574713] ; [ 4.50574713 44.49425287],0
p11,1,0.118389,2.4385,[21 17] ; [35 14],[24.45977011 13.54022989] ; [31.54022989 17.45977011],0
p6,1,0.616771,0.250431,[10 28] ; [15 33],[11.04651163 26.95348837] ; [13.95348837 34.04651163],0
