Feature,DoF,P Value,Chi Square,Observed,Expected,Is Significant
p9,1,0.00108,10.685714,[17 28] ; [17  4],[23.18181818 21.81818182] ; [10.81818182 10.18181818],0
p11,1,0.015844,5.820106,[20 25] ; [16  5],[24.54545455 20.45454545] ; [11.45454545  9.54545455],0
p7,1,0.076714,3.133187,[24 21] ; [16  5],[27.27272727 17.72727273] ; [12.72727273  8.27272727],0
p5,1,0.134924,2.234921,[ 6 39] ; [ 6 15],[ 8.18181818 36.81818182] ; [ 3.81818182 17.18181818],0
b1,1,0.186376,1.746032,[25 20] ; [ 8 13],[22.5 22.5] ; [10.5 10.5],0
p1,1,0.916366,0.011028,[ 6 39] ; [ 3 18],[ 6.13636364 38.86363636] ; [ 2.86363636 18.13636364],0
