Feature,DoF,P Value,Chi Square,Observed,Expected,Is Significant
p9,1,0.0,36.142427,[176  40] ; [14 25],[160.94117647  55.05882353] ; [29.05882353  9.94117647],1
p6,1,0.0,30.334227,[ 37 180] ; [22 16],[ 50.20784314 166.79215686] ; [ 8.79215686 29.20784314],1
p1,1,5.3e-05,16.333393,[  4 215] ; [ 6 33],[  8.48837209 210.51162791] ; [ 1.51162791 37.48837209],1
p7,1,0.000517,12.053765,[ 98 112] ; [30  9],[107.95180723 102.04819277] ; [20.04819277 18.95180723],1
p5,1,0.000529,12.011408,[  6 214] ; [ 6 33],[ 10.19305019 209.80694981] ; [ 1.80694981 37.19305019],1
p11,1,0.002619,9.055315,[170  51] ; [21 18],[162.35  58.65] ; [28.65 10.35],0
b1,1,0.00324,8.666913,[ 61 160] ; [20 19],[ 68.85 152.15] ; [12.15 26.85],0
p12,1,0.729396,0.119667,[  8 210] ; [ 1 38],[  7.63424125 210.36575875] ; [ 1.36575875 37.63424125],0
