Feature,DoF,P Value,Chi Square,Observed,Expected,Is Significant
p10,1,1e-06,23.356341,[23 50] ; [65 29],[38.46706587 34.53293413] ; [49.53293413 44.46706587],1
p1,1,0.196364,1.669211,[ 3 69] ; [ 1 93],[ 1.73493976 70.26506024] ; [ 2.26506024 91.73493976],0
p11,1,0.407855,0.685046,[42 31] ; [60 34],[44.58682635 28.41317365] ; [57.41317365 36.58682635],0
p12,1,0.452906,0.563368,[ 1 71] ; [ 3 91],[ 1.73493976 70.26506024] ; [ 2.26506024 91.73493976],0
b1,1,0.703021,0.145348,[34 39] ; [41 53],[32.78443114 40.21556886] ; [42.21556886 51.78443114],0
p3,1,0.739974,0.110149,[22 50] ; [31 63],[22.98795181 49.01204819] ; [30.01204819 63.98795181],0
