Feature,DoF,P Value,Chi Square,Observed,Expected,Is Significant
p7,1,0.055031,3.681138,[20 14] ; [31 48],[15.34513274 18.65486726] ; [35.65486726 43.34513274],0
p11,1,0.077653,3.11336,[25 11] ; [41 38],[20.66086957 15.33913043] ; [45.33913043 33.66086957],0
b1,1,0.098897,2.723243,[21 15] ; [33 46],[16.90434783 19.09565217] ; [37.09565217 41.90434783],0
p1,1,0.318607,0.994658,[ 3 33] ; [ 3 75],[ 1.89473684 34.10526316] ; [ 4.10526316 73.89473684],0
p3,1,0.369907,0.803978,[ 9 26] ; [27 52],[11.05263158 23.94736842] ; [24.94736842 54.05263158],0
p4,1,0.450669,0.568969,[12 23] ; [33 46],[13.81578947 21.18421053] ; [31.18421053 47.81578947],0
