Feature,DoF,P Value,Chi Square,Observed,Expected,Is Significant
p10,1,0.0,288.162818,[10 68] ; [425  30],[63.65853659 14.34146341] ; [371.34146341  83.65853659],1
p8,1,0.0,107.76865,[ 7 72] ; [320 134],[48.46716698 30.53283302] ; [278.53283302 175.46716698],1
p11,1,0.0,96.519828,[31 48] ; [398  59],[63.22947761 15.77052239] ; [365.77052239  91.22947761],1
p4,1,0.0,92.579973,[14 64] ; [337 119],[51.26966292 26.73033708] ; [299.73033708 156.26966292],1
p6,1,0.0,55.497662,[ 4 74] ; [228 224],[34.14339623 43.85660377] ; [197.85660377 254.14339623],1
p5,1,0.000458,12.279532,[ 1 78] ; [ 73 383],[10.9271028 68.0728972] ; [ 63.0728972 392.9271028],1
p12,1,0.017406,5.654967,[ 1 77] ; [ 42 414],[ 6.28089888 71.71910112] ; [ 36.71910112 419.28089888],0
b1,1,0.060845,3.514199,[38 41] ; [169 288],[30.50932836 48.49067164] ; [176.49067164 280.50932836],0
p1,1,0.583552,0.300528,[ 6 72] ; [ 44 412],[ 7.30337079 70.69662921] ; [ 42.69662921 413.30337079],0
