Feature,DoF,P Value,Chi Square,Observed,Expected,Is Significant
p1,1,0.062105,3.480254,[ 7 82] ; [3 9],[ 8.81188119 80.18811881] ; [ 1.18811881 10.81188119],0
p10,1,0.14131,2.163636,[70 20] ; [7 5],[67.94117647 22.05882353] ; [9.05882353 2.94117647],0
p12,1,0.401928,0.702551,[ 3 87] ; [ 1 11],[ 3.52941176 86.47058824] ; [ 0.47058824 11.52941176],0
p9,1,0.498783,0.457525,[75 14] ; [11  1],[75.78217822 13.21782178] ; [10.21782178  1.78217822],0
b1,1,0.918566,0.010453,[29 62] ; [4 8],[29.15533981 61.84466019] ; [3.84466019 8.15533981],0
p5,1,0.94639,0.004521,[ 7 83] ; [ 1 11],[ 7.05882353 82.94117647] ; [ 0.94117647 11.05882353],0
p11,1,0.95009,0.003918,[69 22] ; [9 3],[68.91262136 22.08737864] ; [9.08737864 2.91262136],0
