Feature,DoF,P Value,Chi Square,Observed,Expected,Is Significant
p2,1,0.006392,7.436314,[11 10] ; [30  5],[15.375  5.625] ; [25.625  9.375],0
p6,1,0.034843,4.452847,[ 2 18] ; [12 21],[ 5.28301887 14.71698113] ; [ 8.71698113 24.28301887],0
p8,1,0.035902,4.401761,[ 4 17] ; [16 18],[ 7.63636364 13.36363636] ; [12.36363636 21.63636364],0
b1,1,0.0843,2.979991,[14  7] ; [15 20],[10.875 10.125] ; [18.125 16.875],0
p11,1,0.213022,1.550769,[ 9 12] ; [21 14],[11.25  9.75] ; [18.75 16.25],0
p1,1,0.276162,1.185882,[ 3 18] ; [ 2 33],[ 1.875 19.125] ; [ 3.125 31.875],0
p4,1,0.316063,1.005168,[14  7] ; [18 16],[12.21818182  8.78181818] ; [19.78181818 14.21818182],0
p5,1,0.878215,0.02348,[ 1 20] ; [ 2 33],[ 1.125 19.875] ; [ 1.875 33.125],0
