Feature,DoF,P Value,Chi Square,Observed,Expected,Is Significant
p9,1,0.000223,13.62379,[68 26] ; [164  19],[78.72924188 15.27075812] ; [153.27075812  29.72924188],1
p11,1,0.000845,11.140788,[60 34] ; [150  33],[71.26353791 22.73646209] ; [138.73646209  44.26353791],1
p2,1,0.002106,9.455123,[71 23] ; [163  19],[79.69565217 14.30434783] ; [154.30434783  27.69565217],0
p6,1,0.033971,4.496172,[22 71] ; [ 66 116],[29.76 63.24] ; [ 58.24 123.76],0
p5,1,0.039886,4.222727,[ 1 93] ; [ 12 170],[ 4.42753623 89.57246377] ; [  8.57246377 173.42753623],0
p1,1,0.103482,2.651042,[ 1 93] ; [  9 174],[ 3.39350181 90.60649819] ; [  6.60649819 176.39350181],0
b1,1,0.160285,1.971537,[41 53] ; [ 64 119],[35.63176895 58.36823105] ; [ 69.36823105 113.63176895],0
p12,1,0.969084,0.001502,[ 3 91] ; [  6 177],[ 3.05415162 90.94584838] ; [  5.94584838 177.05415162],0
