Feature,DoF,P Value,Chi Square,Observed,Expected,Is Significant
p10,1,4e-06,21.104055,[121  48] ; [ 2 13],[112.97282609  56.02717391] ; [10.02717391  4.97282609],1
p11,1,0.120377,2.412404,[123  47] ; [8 7],[120.37837838  49.62162162] ; [10.62162162  4.37837838],0
b1,1,0.329099,0.952438,[ 58 112] ; [7 8],[ 59.72972973 110.27027027] ; [5.27027027 9.72972973],0
p3,1,0.683285,0.166451,[ 54 116] ; [ 4 11],[ 53.2972973 116.7027027] ; [ 4.7027027 10.2972973],0
