Feature,DoF,P Value,Chi Square,Observed,Expected,Is Significant
p11,1,0.00636,7.445455,[ 7 15] ; [21  9],[11.84615385 10.15384615] ; [16.15384615 13.84615385],0
p4,1,0.080262,3.059588,[ 9 13] ; [19 10],[12.07843137  9.92156863] ; [15.92156863 13.07843137],0
p1,1,0.106712,2.602251,[ 1 21] ; [ 6 24],[ 2.96153846 19.03846154] ; [ 4.03846154 25.96153846],0
b1,1,0.122754,2.381827,[15  7] ; [14 16],[12.26923077  9.73076923] ; [16.73076923 13.26923077],0
p8,1,0.191654,1.704857,[ 8 13] ; [17 13],[10.29411765 10.70588235] ; [14.70588235 15.29411765],0
p3,1,0.350837,0.870428,[10 12] ; [17 12],[11.64705882 10.35294118] ; [15.35294118 13.64705882],0
p5,1,0.598311,0.277551,[ 3 18] ; [ 6 24],[ 3.70588235 17.29411765] ; [ 5.29411765 24.70588235],0
