Feature,DoF,P Value,Chi Square,Observed,Expected,Is Significant
b1,1,0.001975,9.5727,[ 69 163] ; [34 34],[ 79.65333333 152.34666667] ; [23.34666667 44.65333333],0
p11,1,0.03875,4.271808,[179  53] ; [44 24],[172.45333333  59.54666667] ; [50.54666667 17.45333333],0
p2,1,0.109659,2.559135,[176  55] ; [58 10],[180.7826087  50.2173913] ; [53.2173913 14.7826087],0
p1,1,0.315345,1.008156,[ 10 221] ; [ 5 63],[ 11.58862876 219.41137124] ; [ 3.41137124 64.58862876],0
p12,1,0.372373,0.79573,[ 13 218] ; [ 2 66],[ 11.58862876 219.41137124] ; [ 3.41137124 64.58862876],0
p10,1,0.963696,0.002072,[196  35] ; [57 10],[196.11744966  34.88255034] ; [56.88255034 10.11744966],0
p5,1,0.981908,0.000514,[ 10 220] ; [ 3 65],[ 10.03355705 219.96644295] ; [ 2.96644295 65.03355705],0
