Feature,DoF,P Value,Chi Square,Observed,Expected,Is Significant
p11,1,0.055688,3.661362,[111  29] ; [12  8],[107.625  32.375] ; [15.375  4.625],0
p8,1,0.077785,3.110592,[71 68] ; [ 6 14],[67.31446541 71.68553459] ; [ 9.68553459 10.31446541],0
p2,1,0.093853,2.807018,[119  21] ; [14  6],[116.375  23.625] ; [16.625  3.375],0
b1,1,0.384185,0.757268,[49 91] ; [ 9 11],[50.75 89.25] ; [ 7.25 12.75],0
p3,1,0.574415,0.315351,[51 89] ; [ 6 14],[49.875 90.125] ; [ 7.125 12.875],0
p1,1,0.896813,0.016819,[  8 132] ; [ 1 19],[  7.875 132.125] ; [ 1.125 18.875],0
