Feature,DoF,P Value,Chi Square,Observed,Expected,Is Significant
p11,1,0.0,116.14581,[23 47] ; [526  83],[56.59793814 13.40206186] ; [492.40206186 116.59793814],1
p7,1,0.0,73.621949,[13 55] ; [425 172],[44.78796992 23.21203008] ; [393.21203008 203.78796992],1
p8,1,0.0,72.296305,[ 5 65] ; [364 237],[38.4947839 31.5052161] ; [330.5052161 270.4947839],1
p3,1,0.0,45.7804,[ 9 60] ; [341 268],[35.61946903 33.38053097] ; [314.38053097 294.61946903],1
p6,1,0.0,27.630809,[ 6 62] ; [251 354],[25.96731055 42.03268945] ; [231.03268945 373.96731055],1
b1,1,0.000601,11.773073,[39 31] ; [212 397],[25.87628866 44.12371134] ; [225.12371134 383.87628866],1
p5,1,0.002592,9.074797,[ 1 69] ; [ 86 522],[ 8.98230088 61.01769912] ; [ 78.01769912 529.98230088],0
p12,1,0.026113,4.948553,[ 1 69] ; [ 56 551],[ 5.89364845 64.10635155] ; [ 51.10635155 555.89364845],0
p1,1,0.566971,0.327777,[ 5 65] ; [ 56 552],[ 6.2979351 63.7020649] ; [ 54.7020649 553.2979351],0
