Feature,DoF,P Value,Chi Square,Observed,Expected,Is Significant
p6,1,0.000149,14.385228,[36 76] ; [ 21 139],[23.47058824 88.52941176] ; [ 33.52941176 126.47058824],1
b1,1,0.000232,13.553645,[55 57] ; [ 44 117],[40.61538462 71.38461538] ; [ 58.38461538 102.61538462],1
p5,1,0.008708,6.881686,[12 97] ; [  5 156],[  6.86296296 102.13703704] ; [ 10.13703704 150.86296296],0
p1,1,0.074031,3.191295,[ 10 102] ; [  6 154],[  6.58823529 105.41176471] ; [  9.41176471 150.58823529],0
p10,1,0.220344,1.502132,[89 22] ; [118  42],[84.78597786 26.21402214] ; [122.21402214  37.78597786],0
p12,1,0.331312,0.943762,[  8 104] ; [  7 152],[  6.19926199 105.80073801] ; [  8.80073801 150.19926199],0
p9,1,0.338201,0.91724,[95 16] ; [129  30],[92.08888889 18.91111111] ; [131.91111111  27.08888889],0
p11,1,0.936652,0.006317,[83 29] ; [120  41],[83.28205128 28.71794872] ; [119.71794872  41.28205128],0
