Feature,DoF,P Value,Chi Square,Observed,Expected,Is Significant
p2,1,0.078089,3.104224,[14 11] ; [30  9],[17.1875  7.8125] ; [26.8125 12.1875],0
p1,1,0.116706,2.460976,[ 8 17] ; [ 6 33],[ 5.46875 19.53125] ; [ 8.53125 30.46875],0
b1,1,0.126973,2.32913,[11 14] ; [10 29],[ 8.203125 16.796875] ; [12.796875 26.203125],0
p9,1,0.221,1.497863,[18  7] ; [33  6],[19.921875  5.078125] ; [31.078125  7.921875],0
p5,1,0.362861,0.827967,[ 1 24] ; [ 4 35],[ 1.953125 23.046875] ; [ 3.046875 35.953125],0
p6,1,0.497864,0.459487,[ 4 21] ; [ 4 35],[ 3.125 21.875] ; [ 4.875 34.125],0
p10,1,0.580926,0.304739,[17  8] ; [29 10],[17.96875  7.03125] ; [28.03125 10.96875],0
p11,1,0.82654,0.048023,[16  9] ; [26 13],[16.40625  8.59375] ; [25.59375 13.40625],0
