Feature,DoF,P Value,Chi Square,Observed,Expected,Is Significant
p2,1,0.0,144.463755,[294  17] ; [35 54],[255.7975  55.2025] ; [73.2025 15.7975],1
p7,1,0.0,111.574086,[269  42] ; [27 61],[230.71679198  80.28320802] ; [65.28320802 22.71679198],1
p11,1,0.0,109.016232,[282  30] ; [35 54],[246.64339152  65.35660848] ; [70.35660848 18.64339152],1
p3,1,0.0,99.96925,[238  74] ; [16 72],[198.12 113.88] ; [55.88 32.12],1
p6,1,0.0,51.127786,[183 129] ; [13 73],[153.64824121 158.35175879] ; [42.35175879 43.64824121],1
p5,1,3e-06,21.998174,[ 71 241] ; [ 1 88],[ 56.01995012 255.98004988] ; [15.98004988 73.01995012],1
p12,1,0.002547,9.106595,[ 43 269] ; [ 2 86],[ 35.1 276.9] ; [ 9.9 78.1],0
b1,1,0.011259,6.424036,[118 194] ; [47 42],[128.37905237 183.62094763] ; [36.62094763 52.37905237],0
p1,1,0.068542,3.317585,[ 39 271] ; [ 5 83],[ 34.27135678 275.72864322] ; [ 9.72864322 78.27135678],0
