Feature,DoF,P Value,Chi Square,Observed,Expected,Is Significant
p9,1,1e-06,23.363989,[77  3] ; [19 12],[69.18918919 10.81081081] ; [26.81081081  4.18918919],1
p4,1,0.002397,9.21759,[56 24] ; [12 19],[49.00900901 30.99099099] ; [18.99099099 12.00900901],0
b1,1,0.086128,2.945286,[32 48] ; [18 13],[36.03603604 43.96396396] ; [13.96396396 17.03603604],0
p11,1,0.287122,1.13307,[55 25] ; [18 13],[52.61261261 27.38738739] ; [20.38738739 10.61261261],0
p5,1,0.701243,0.147182,[ 4 76] ; [ 2 27],[ 4.40366972 75.59633028] ; [ 1.59633028 27.40366972],0
p12,1,0.89424,0.017673,[ 3 77] ; [ 1 30],[ 2.88288288 77.11711712] ; [ 1.11711712 29.88288288],0
p1,1,0.959301,0.002604,[ 8 72] ; [ 3 28],[ 7.92792793 72.07207207] ; [ 3.07207207 27.92792793],0
