Feature,DoF,P Value,Chi Square,Observed,Expected,Is Significant
p9,1,0.0,26.566968,[33  2] ; [21 32],[21.47727273 13.52272727] ; [32.52272727 20.47727273],1
p11,1,0.019407,5.464461,[25 10] ; [26 30],[19.61538462 15.38461538] ; [31.38461538 24.61538462],0
p12,1,0.062034,3.482143,[ 5 30] ; [ 2 54],[ 2.69230769 32.30769231] ; [ 4.30769231 51.69230769],0
p3,1,0.090731,2.861352,[22 13] ; [25 31],[18.07692308 16.92307692] ; [28.92307692 27.07692308],0
b1,1,0.547772,0.361324,[14 21] ; [26 30],[15.38461538 19.61538462] ; [24.61538462 31.38461538],0
p2,1,0.5818,0.303333,[28  7] ; [42 14],[26.92307692  8.07692308] ; [43.07692308 12.92307692],0
p8,1,0.582959,0.301475,[15 20] ; [20 34],[13.76404494 21.23595506] ; [21.23595506 32.76404494],0
p5,1,0.772625,0.083488,[ 2 33] ; [ 4 51],[ 2.33333333 32.66666667] ; [ 3.66666667 51.33333333],0
