Feature,DoF,P Value,Chi Square,Observed,Expected,Is Significant
p10,1,0.0,59.869792,[21 91] ; [35  5],[41.26315789 70.73684211] ; [14.73684211 25.26315789],1
p4,1,8.9e-05,15.358737,[31 81] ; [25 15],[41.26315789 70.73684211] ; [14.73684211 25.26315789],1
p11,1,0.000819,11.198755,[50 63] ; [30 10],[59.08496732 53.91503268] ; [20.91503268 19.08496732],1
p7,1,0.001583,9.978977,[28 83] ; [21 19],[36.01986755 74.98013245] ; [12.98013245 27.01986755],0
p12,1,0.005571,7.684198,[  1 111] ; [ 4 36],[  3.68421053 108.31578947] ; [ 1.31578947 38.68421053],0
p5,1,0.152581,2.046259,[  3 110] ; [ 3 35],[  4.49006623 108.50993377] ; [ 1.50993377 36.49006623],0
b1,1,0.328593,0.954435,[61 52] ; [18 22],[58.34640523 54.65359477] ; [20.65359477 19.34640523],0
p1,1,0.565139,0.330884,[  8 104] ; [ 4 36],[  8.84210526 103.15789474] ; [ 3.15789474 36.84210526],0
