Feature,DoF,P Value,Chi Square,Observed,Expected,Is Significant
p11,1,0.19029,1.715371,[26 12] ; [17 15],[23.34285714 14.65714286] ; [19.65714286 12.34285714],0
p8,1,0.238175,1.391361,[22 16] ; [14 18],[19.54285714 18.45714286] ; [16.45714286 15.54285714],0
p7,1,0.293783,1.102204,[26 12] ; [18 14],[23.88571429 14.11428571] ; [20.11428571 11.88571429],0
p3,1,0.357527,0.846561,[16 22] ; [17 15],[17.91428571 20.08571429] ; [15.08571429 16.91428571],0
p1,1,0.424457,0.637942,[ 6 32] ; [ 3 29],[ 4.88571429 33.11428571] ; [ 4.11428571 27.88571429],0
p5,1,0.522296,0.409357,[ 3 35] ; [ 4 28],[ 3.8 34.2] ; [ 3.2 28.8],0
b1,1,1.0,0.0,[19 19] ; [16 16],[19. 19.] ; [16. 16.],0
