Feature,DoF,P Value,Chi Square,Observed,Expected,Is Significant
p8,1,0.018464,5.551595,[15 13] ; [26 63],[ 9.81196581 18.18803419] ; [31.18803419 57.81196581],0
p7,1,0.02193,5.25135,[20  8] ; [42 48],[14.71186441 13.28813559] ; [47.28813559 42.71186441],0
p11,1,0.036964,4.352057,[21  7] ; [48 43],[16.23529412 11.76470588] ; [52.76470588 38.23529412],0
p1,1,0.226151,1.464908,[ 3 25] ; [ 4 85],[ 1.67521368 26.32478632] ; [ 5.32478632 83.67521368],0
p5,1,0.375036,0.78691,[ 2 26] ; [ 3 88],[ 1.17647059 26.82352941] ; [ 3.82352941 87.17647059],0
p4,1,0.441969,0.591164,[14 14] ; [38 53],[12.23529412 15.76470588] ; [39.76470588 51.23529412],0
p9,1,0.7173,0.131094,[13 15] ; [37 50],[12.17391304 15.82608696] ; [37.82608696 49.17391304],0
b1,1,0.816173,0.054042,[11 17] ; [38 53],[11.52941176 16.47058824] ; [37.47058824 53.52941176],0
