Feature,DoF,P Value,Chi Square,Observed,Expected,Is Significant
p10,1,0.003238,8.66839,[13  7] ; [145  18],[17.26775956  2.73224044] ; [140.73224044  22.26775956],0
p11,1,0.067397,3.34531,[11  9] ; [122  42],[14.45652174  5.54347826] ; [118.54347826  45.45652174],0
p12,1,0.142417,2.151643,[ 3 17] ; [ 10 154],[ 1.41304348 18.58695652] ; [ 11.58695652 152.41304348],0
p7,1,0.18258,1.776494,[14  6] ; [88 74],[11.20879121  8.79120879] ; [90.79120879 71.20879121],0
b1,1,0.373117,0.793257,[10 10] ; [65 99],[ 8.15217391 11.84782609] ; [66.84782609 97.15217391],0
p1,1,0.669209,0.182529,[ 2 18] ; [ 12 152],[ 1.52173913 18.47826087] ; [ 12.47826087 151.52173913],0
p5,1,1.0,0.0,[ 2 18] ; [ 16 144],[ 2. 18.] ; [ 16. 144.],0
