Feature,DoF,P Value,Chi Square,Observed,Expected,Is Significant
p3,1,3e-05,17.432758,[16 22] ; [185  61],[26.8943662 11.1056338] ; [174.1056338  71.8943662],1
p7,1,0.0047,7.991453,[26 12] ; [211  33],[31.93617021  6.06382979] ; [205.06382979  38.93617021],0
p11,1,0.005687,7.646823,[26 12] ; [212  34],[31.84507042  6.15492958] ; [206.15492958  39.84507042],0
p5,1,0.028461,4.799908,[ 3 35] ; [ 58 188],[ 8.16197183 29.83802817] ; [ 52.83802817 193.16197183],0
p8,1,0.031052,4.650095,[22 16] ; [183  62],[27.52650177 10.47349823] ; [177.47349823  67.52650177],0
b1,1,0.256043,1.290028,[19 19] ; [ 99 147],[15.78873239 22.21126761] ; [102.21126761 143.78873239],0
p1,1,0.646261,0.210647,[ 6 32] ; [ 32 213],[ 5.1024735 32.8975265] ; [ 32.8975265 212.1024735],0
