Feature,DoF,P Value,Chi Square,Observed,Expected,Is Significant
p5,1,0.027818,4.8393,[  4 207] ; [ 3 32],[  6.00406504 204.99593496] ; [ 0.99593496 34.00406504],0
p9,1,0.198173,1.655789,[132  72] ; [21 18],[128.44444444  75.55555556] ; [24.55555556 14.44444444],0
b1,1,0.294731,1.097882,[ 79 133] ; [18 21],[ 81.92828685 130.07171315] ; [15.07171315 23.92828685],0
p10,1,0.695274,0.153436,[121  87] ; [24 15],[122.10526316  85.89473684] ; [22.89473684 16.10526316],0
p11,1,0.782514,0.076201,[130  82] ; [23 16],[129.22709163  82.77290837] ; [23.77290837 15.22709163],0
p12,1,0.883988,0.021291,[ 12 198] ; [ 2 37],[ 11.80722892 198.19277108] ; [ 2.19277108 36.80722892],0
p1,1,0.916877,0.010893,[ 10 201] ; [ 2 37],[ 10.128 200.872] ; [ 1.872 37.128],0
