Feature,DoF,P Value,Chi Square,Observed,Expected,Is Significant
p11,1,0.0,45.988489,[273  33] ; [16 19],[259.3372434  46.6627566] ; [29.6627566  5.3372434],1
p2,1,2.4e-05,17.819391,[284  21] ; [25 10],[277.19117647  27.80882353] ; [31.80882353  3.19117647],1
p4,1,0.000411,12.481046,[258  48] ; [21 14],[250.36363636  55.63636364] ; [28.63636364  6.36363636],1
b1,1,0.017595,5.636079,[128 178] ; [22 13],[134.60410557 171.39589443] ; [15.39589443 19.60410557],0
p8,1,0.019739,5.43482,[238  68] ; [21 14],[232.41642229  73.58357771] ; [26.58357771  8.41642229],0
p6,1,0.031432,4.629201,[175 129] ; [13 21],[169.0887574 134.9112426] ; [18.9112426 15.0887574],0
p5,1,0.086901,2.930866,[ 63 242] ; [ 3 32],[ 59.20588235 245.79411765] ; [ 6.79411765 28.20588235],0
p1,1,0.256926,1.285244,[ 37 267] ; [ 2 33],[ 34.97345133 269.02654867] ; [ 4.02654867 30.97345133],0
