Feature,DoF,P Value,Chi Square,Observed,Expected,Is Significant
p7,1,0.0,27.283659,[26 87] ; [17  4],[36.26119403 76.73880597] ; [ 6.73880597 14.26119403],1
p4,1,0.006629,7.37093,[23 92] ; [10 11],[27.90441176 87.09558824] ; [ 5.09558824 15.90441176],0
p2,1,0.009044,6.814079,[52 63] ; [16  5],[57.5 57.5] ; [10.5 10.5],0
p11,1,0.046585,3.960313,[55 60] ; [15  6],[59.19117647 55.80882353] ; [10.80882353 10.19117647],0
p1,1,0.077453,3.117544,[  5 109] ; [ 3 18],[  6.75555556 107.24444444] ; [ 1.24444444 19.75555556],0
b1,1,0.544929,0.36648,[52 63] ; [11 10],[53.27205882 61.72794118] ; [ 9.72794118 11.27205882],0
