Feature,DoF,P Value,Chi Square,Observed,Expected,Is Significant
p8,1,0.15565,2.015992,[30 33] ; [13 26],[26.55882353 36.44117647] ; [16.44117647 22.55882353],0
p11,1,0.541034,0.373626,[33 30] ; [18 21],[31.5 31.5] ; [19.5 19.5],0
p1,1,0.572574,0.318395,[ 7 56] ; [ 3 36],[ 6.17647059 56.82352941] ; [ 3.82352941 35.17647059],0
p7,1,0.628391,0.234249,[37 26] ; [21 18],[35.82352941 27.17647059] ; [22.17647059 16.82352941],0
b1,1,0.648729,0.207506,[31 32] ; [21 18],[32.11764706 30.88235294] ; [19.88235294 19.11764706],0
p5,1,0.964442,0.001987,[ 5 58] ; [ 3 36],[ 4.94117647 58.05882353] ; [ 3.05882353 35.94117647],0
