Feature,DoF,P Value,Chi Square,Observed,Expected,Is Significant
p1,1,0.067085,3.352941,[ 2 36] ; [ 4 15],[ 4. 34.] ; [ 2. 17.],0
p11,1,0.074144,3.188811,[32  6] ; [12  7],[29.33333333  8.66666667] ; [14.66666667  4.33333333],0
p12,1,0.440973,0.59375,[ 5 33] ; [ 4 15],[ 6. 32.] ; [ 3. 16.],0
p5,1,0.648676,0.207574,[ 4 31] ; [ 3 16],[ 4.53703704 30.46296296] ; [ 2.46296296 16.53703704],0
b1,1,0.700404,0.148052,[14 24] ; [ 8 11],[14.66666667 23.33333333] ; [ 7.33333333 11.66666667],0
p9,1,0.713878,0.134434,[35  3] ; [18  1],[35.33333333  2.66666667] ; [17.66666667  1.33333333],0
p3,1,0.848599,0.036445,[23 15] ; [11  8],[22.66666667 15.33333333] ; [11.33333333  7.66666667],0
