Feature,DoF,P Value,Chi Square,Observed,Expected,Is Significant
p3,1,0.000115,14.866178,[76 56] ; [52 98],[59.91489362 72.08510638] ; [68.08510638 81.91489362],1
p5,1,0.04261,4.110789,[ 13 115] ; [  6 144],[  8.74820144 119.25179856] ; [ 10.25179856 139.74820144],0
p11,1,0.045784,3.98954,[91 41] ; [119  31],[98.29787234 33.70212766] ; [111.70212766  38.29787234],0
p9,1,0.290941,1.11526,[100  31] ; [119  27],[103.57039711  27.42960289] ; [115.42960289  30.57039711],0
p10,1,0.2988,1.079541,[94 36] ; [115  33],[97.73381295 32.26618705] ; [111.26618705  36.73381295],0
p1,1,0.434208,0.611543,[  8 124] ; [  6 143],[  6.57651246 125.42348754] ; [  7.42348754 141.57651246],0
b1,1,0.78759,0.072599,[54 78] ; [59 91],[52.89361702 79.10638298] ; [60.10638298 89.89361702],0
p12,1,0.826087,0.048278,[  7 125] ; [  7 141],[  6.6 125.4] ; [  7.4 140.6],0
