Feature,DoF,P Value,Chi Square,Observed,Expected,Is Significant
p8,1,2e-06,22.755239,[16 10] ; [15 81],[ 6.60655738 19.39344262] ; [24.39344262 71.60655738],1
p10,1,1.5e-05,18.793309,[18  8] ; [23 73],[ 8.73770492 17.26229508] ; [32.26229508 63.73770492],1
p3,1,5e-05,16.457182,[14 11] ; [16 80],[ 6.19834711 18.80165289] ; [23.80165289 72.19834711],1
p5,1,0.000142,14.474971,[ 5 21] ; [ 1 95],[ 1.27868852 24.72131148] ; [ 4.72131148 91.27868852],1
p12,1,0.00114,10.584417,[ 4 22] ; [ 1 94],[ 1.07438017 24.92561983] ; [ 3.92561983 91.07438017],0
p11,1,0.173806,1.849807,[15 11] ; [41 55],[11.93442623 14.06557377] ; [44.06557377 51.93442623],0
p1,1,0.253863,1.301917,[ 3 23] ; [ 5 90],[ 1.71900826 24.28099174] ; [ 6.28099174 88.71900826],0
b1,1,0.748593,0.102717,[15 11] ; [52 44],[14.27868852 11.72131148] ; [52.72131148 43.27868852],0
