Feature,DoF,P Value,Chi Square,Observed,Expected,Is Significant
p1,1,0.004038,8.266869,[ 3 12] ; [  8 209],[ 0.7112069 14.2887931] ; [ 10.2887931 206.7112069],0
p2,1,0.045093,4.015156,[8 7] ; [166  51],[11.25  3.75] ; [162.75  54.25],0
b1,1,0.079166,3.081945,[8 7] ; [ 68 149],[ 4.9137931 10.0862069] ; [ 71.0862069 145.9137931],0
p8,1,0.301998,1.065352,[ 3 12] ; [ 70 143],[ 4.80263158 10.19736842] ; [ 68.19736842 144.80263158],0
p6,1,0.359673,0.839033,[ 1 14] ; [ 33 182],[ 2.2173913 12.7826087] ; [ 31.7826087 183.2173913],0
p11,1,0.364696,0.821657,[10  5] ; [167  50],[11.44396552  3.55603448] ; [165.55603448  51.44396552],0
