Feature,DoF,P Value,Chi Square,Observed,Expected,Is Significant
p11,1,0.0,27.223567,[310  30] ; [15 11],[301.91256831  38.08743169] ; [23.08743169  2.91256831],1
p9,1,7e-06,20.243697,[324  16] ; [19  7],[318.63387978  21.36612022] ; [24.36612022  1.63387978],1
p4,1,0.001583,9.979886,[269  70] ; [13 12],[262.63186813  76.36813187] ; [19.36813187  5.63186813],0
b1,1,0.062876,3.459847,[133 207] ; [15 11],[137.4863388 202.5136612] ; [10.5136612 15.4863388],0
p3,1,0.137479,2.205952,[238 101] ; [14 11],[234.69230769 104.30769231] ; [17.30769231  7.69230769],0
p12,1,0.62287,0.241854,[ 41 298] ; [ 4 22],[ 41.79452055 297.20547945] ; [ 3.20547945 22.79452055],0
p5,1,0.95316,0.00345,[ 67 273] ; [ 5 21],[ 66.8852459 273.1147541] ; [ 5.1147541 20.8852459],0
p1,1,0.964076,0.002029,[ 40 298] ; [ 3 23],[ 39.92857143 298.07142857] ; [ 3.07142857 22.92857143],0
