Feature,DoF,P Value,Chi Square,Observed,Expected,Is Significant
p2,1,1.3e-05,19.012964,[30  7] ; [36 57],[18.78461538 18.21538462] ; [47.21538462 45.78461538],1
p3,1,6.1e-05,16.056321,[20 16] ; [18 74],[10.6875 25.3125] ; [27.3125 64.6875],1
p10,1,0.027496,4.859424,[12 25] ; [14 78],[ 7.45736434 29.54263566] ; [18.54263566 73.45736434],0
p5,1,0.033709,4.509395,[ 4 33] ; [ 2 91],[ 1.70769231 35.29230769] ; [ 4.29230769 88.70769231],0
p11,1,0.054923,3.684422,[22 15] ; [38 55],[17.07692308 19.92307692] ; [42.92307692 50.07692308],0
b1,1,0.170201,1.881169,[24 13] ; [48 45],[20.49230769 16.50769231] ; [51.50769231 41.49230769],0
p1,1,0.537791,0.379649,[ 5 32] ; [ 9 83],[ 4.01550388 32.98449612] ; [ 9.98449612 82.01550388],0
