Feature,DoF,P Value,Chi Square,Observed,Expected,Is Significant
p5,1,0.217496,1.520816,[ 1 24] ; [ 3 18],[ 2.17391304 22.82608696] ; [ 1.82608696 19.17391304],0
p6,1,0.303172,1.06019,[ 4 21] ; [ 6 15],[ 5.43478261 19.56521739] ; [ 4.56521739 16.43478261],0
p11,1,0.425332,0.635537,[16  9] ; [11 10],[14.67391304 10.32608696] ; [12.32608696  8.67391304],0
p1,1,0.538869,0.37764,[ 8 17] ; [ 5 16],[ 7.06521739 17.93478261] ; [ 5.93478261 15.06521739],0
p10,1,0.538869,0.37764,[17  8] ; [16  5],[17.93478261  7.06521739] ; [15.06521739  5.93478261],0
b1,1,0.93792,0.006066,[11 14] ; [ 9 12],[10.86956522 14.13043478] ; [ 9.13043478 11.86956522],0
p9,1,0.965802,0.001838,[18  7] ; [15  6],[17.93478261  7.06521739] ; [15.06521739  5.93478261],0
