Feature,DoF,P Value,Chi Square,Observed,Expected,Is Significant
p9,1,0.0,87.770398,[298   8] ; [12 12],[287.45454545  18.54545455] ; [22.54545455  1.45454545],1
p11,1,5e-06,20.713487,[273  33] ; [15 11],[265.44578313  40.55421687] ; [22.55421687  3.44578313],1
p6,1,0.002012,9.53863,[175 129] ; [ 6 18],[167.75609756 136.24390244] ; [13.24390244 10.75609756],0
p2,1,0.024699,5.044835,[284  21] ; [21  5],[281.04229607  23.95770393] ; [23.95770393  2.04229607],0
p1,1,0.219186,1.509694,[ 37 267] ; [ 1 24],[ 35.11246201 268.88753799] ; [ 2.88753799 22.11246201],0
b1,1,0.737933,0.111952,[128 178] ; [10 16],[127.19277108 178.80722892] ; [10.80722892 15.19277108],0
