Feature,DoF,P Value,Chi Square,Observed,Expected,Is Significant
p10,1,0.0,73.014203,[224  26] ; [ 3 16],[210.96654275  39.03345725] ; [16.03345725  2.96654275],1
p11,1,2e-06,22.635497,[215  37] ; [ 8 11],[207.36531365  44.63468635] ; [15.63468635  3.36531365],1
p8,1,0.000362,12.719427,[193  58] ; [ 7 11],[186.61710037  64.38289963] ; [13.38289963  4.61710037],1
p3,1,0.042409,4.118789,[176  76] ; [ 9 10],[172.0295203  79.9704797] ; [12.9704797  6.0295203],0
b1,1,0.256141,1.289496,[112 140] ; [11  8],[114.37638376 137.62361624] ; [ 8.62361624 10.37638376],0
p5,1,0.281881,1.158001,[ 55 197] ; [ 2 16],[ 53.2 198.8] ; [ 3.8 14.2],0
p1,1,0.28315,1.151911,[ 35 216] ; [ 1 18],[ 33.46666667 217.53333333] ; [ 2.53333333 16.46666667],0
