Feature,DoF,P Value,Chi Square,Observed,Expected,Is Significant
p7,1,0.008384,6.949565,[225 192] ; [71 33],[236.91362764 180.08637236] ; [59.08637236 44.91362764],0
p3,1,0.024884,5.031918,[185 239] ; [35 75],[174.68164794 249.31835206] ; [45.31835206 64.68164794],0
p1,1,0.049458,3.859723,[ 27 397] ; [13 96],[ 31.81988743 392.18011257] ; [  8.18011257 100.81988743],0
p12,1,0.497589,0.460075,[ 27 397] ; [  5 103],[ 25.5037594 398.4962406] ; [  6.4962406 101.5037594],0
p2,1,0.51493,0.424035,[354  69] ; [94 15],[356.21052632  66.78947368] ; [91.78947368 17.21052632],0
b1,1,0.620428,0.245267,[138 287] ; [33 77],[135.8411215 289.1588785] ; [35.1588785 74.8411215],0
p11,1,0.917803,0.010651,[361  64] ; [93 17],[360.65420561  64.34579439] ; [93.34579439 16.65420561],0
p5,1,0.974138,0.001051,[ 35 384] ; [  9 100],[ 34.91666667 384.08333333] ; [ 9.08333333 99.91666667],0
