Feature,DoF,P Value,Chi Square,Observed,Expected,Is Significant
p10,1,0.018328,5.564488,[15 19] ; [33 14],[20.14814815 13.85185185] ; [27.85185185 19.14814815],0
p11,1,0.112148,2.523684,[18 16] ; [33 14],[21.40740741 12.59259259] ; [29.59259259 17.40740741],0
p1,1,0.120408,2.412003,[ 1 33] ; [ 6 41],[ 2.9382716 31.0617284] ; [ 4.0617284 42.9382716],0
b1,1,0.357211,0.847673,[15 19] ; [16 31],[13.01234568 20.98765432] ; [17.98765432 29.01234568],0
p2,1,0.402059,0.702158,[24 10] ; [37 10],[25.60493827  8.39506173] ; [35.39506173 11.60493827],0
p5,1,0.757264,0.095528,[ 1 33] ; [ 2 45],[ 1.25925926 32.74074074] ; [ 1.74074074 45.25925926],0
p7,1,0.833955,0.043946,[23 10] ; [29 14],[22.57894737 10.42105263] ; [29.42105263 13.57894737],0
