Feature,DoF,P Value,Chi Square,Observed,Expected,Is Significant
p1,1,5.3e-05,16.337504,[12 72] ; [  8 273],[ 4.60273973 79.39726027] ; [ 15.39726027 265.60273973],1
p5,1,0.00015,14.367415,[11 71] ; [  8 274],[ 4.28021978 77.71978022] ; [ 14.71978022 267.28021978],1
p10,1,0.038172,4.29732,[64 19] ; [182  98],[56.24793388 26.75206612] ; [189.75206612  90.24793388],0
p12,1,0.063409,3.445891,[ 8 76] ; [ 12 269],[ 4.60273973 79.39726027] ; [ 15.39726027 265.60273973],0
p2,1,0.126508,2.33484,[61 23] ; [180 103],[55.16076294 28.83923706] ; [185.83923706  97.16076294],0
b1,1,0.15824,1.990968,[37 47] ; [101 183],[31.5 52.5] ; [106.5 177.5],0
p9,1,0.179203,1.80422,[65 18] ; [194  80],[60.21568627 22.78431373] ; [198.78431373  75.21568627],0
p11,1,0.434816,0.609924,[60 24] ; [190  94],[57.06521739 26.93478261] ; [192.93478261  91.06521739],0
p8,1,0.648517,0.207775,[23 61] ; [ 70 211],[21.40273973 62.59726027] ; [ 71.59726027 209.40273973],0
