Feature,DoF,P Value,Chi Square,Observed,Expected,Is Significant
p9,1,0.0,172.493506,[ 5 17] ; [317   8],[20.41498559  1.58501441] ; [301.58501441  23.41498559],1
p11,1,0.0,53.59451,[ 7 15] ; [289  36],[18.76657061  3.23342939] ; [277.23342939  47.76657061],1
p8,1,0.000838,11.154059,[ 8 13] ; [234  89],[14.77325581  6.22674419] ; [227.22674419  95.77325581],1
b1,1,0.014633,5.960132,[15  7] ; [135 190],[ 9.51008646 12.48991354] ; [140.48991354 184.51008646],0
p6,1,0.087886,2.912677,[ 8 14] ; [178 145],[11.86086957 10.13913043] ; [174.13913043 148.86086957],0
p1,1,0.269933,1.217088,[ 1 21] ; [ 40 282],[ 2.62209302 19.37790698] ; [ 38.37790698 283.62209302],0
p5,1,0.38574,0.75233,[ 3 18] ; [ 72 250],[ 4.59183673 16.40816327] ; [ 70.40816327 251.59183673],0
