Feature,DoF,P Value,Chi Square,Observed,Expected,Is Significant
p9,1,0.0,85.351522,[ 9 20] ; [185  11],[25.00444444  3.99555556] ; [168.99555556  27.00444444],1
p11,1,5e-06,20.940359,[14 15] ; [166  30],[23.2  5.8] ; [156.8  39.2],1
p2,1,0.00199,9.558522,[22  7] ; [183  13],[26.42222222  2.57777778] ; [178.57777778  17.42222222],0
p7,1,0.055991,3.652333,[22  7] ; [172  22],[25.22869955  3.77130045] ; [168.77130045  25.22869955],0
p5,1,0.125776,2.343874,[ 4 25] ; [ 53 143],[ 7.34666667 21.65333333] ; [ 49.65333333 146.34666667],0
p1,1,0.720309,0.128197,[ 4 25] ; [ 32 163],[ 4.66071429 24.33928571] ; [ 31.33928571 163.66071429],0
b1,1,0.933676,0.006926,[14 15] ; [ 93 103],[13.79111111 15.20888889] ; [ 93.20888889 102.79111111],0
