Feature,DoF,P Value,Chi Square,Observed,Expected,Is Significant
b1,1,0.008649,6.893843,[15  7] ; [11 23],[10.21428571 11.78571429] ; [15.78571429 18.21428571],0
p9,1,0.170418,1.879261,[ 5 17] ; [13 19],[ 7.33333333 14.66666667] ; [10.66666667 21.33333333],0
p11,1,0.257546,1.281901,[ 7 15] ; [16 18],[ 9.03571429 12.96428571] ; [13.96428571 20.03571429],0
p5,1,0.292246,1.109244,[ 3 18] ; [ 2 32],[ 1.90909091 19.09090909] ; [ 3.09090909 30.90909091],0
p3,1,0.591744,0.287629,[10 12] ; [13 21],[ 9.03571429 12.96428571] ; [13.96428571 20.03571429],0
p4,1,0.651185,0.204409,[ 9 13] ; [16 18],[ 9.82142857 12.17857143] ; [15.17857143 18.82142857],0
p1,1,0.768703,0.086478,[ 1 21] ; [ 1 32],[ 0.8 21.2] ; [ 1.2 31.8],0
