Feature,DoF,P Value,Chi Square,Observed,Expected,Is Significant
p12,1,0.023056,5.164248,[ 4 30] ; [3 3],[ 5.95 28.05] ; [1.05 4.95],0
p9,1,0.246235,1.344538,[25  9] ; [3 3],[23.8 10.2] ; [4.2 1.8],0
p7,1,0.375825,0.784314,[16 18] ; [4 2],[17. 17.] ; [3. 3.],0
p10,1,0.403414,0.698125,[23 11] ; [3 3],[22.1 11.9] ; [3.9 2.1],0
b1,1,0.45102,0.568087,[17 17] ; [2 4],[16.15 17.85] ; [2.85 3.15],0
p11,1,0.609134,0.261438,[25  9] ; [5 1],[25.5  8.5] ; [4.5 1.5],0
p6,1,0.819129,0.052288,[13 21] ; [2 4],[12.75 21.25] ; [2.25 3.75],0
p8,1,0.894187,0.017691,[16 18] ; [3 3],[16.15 17.85] ; [2.85 3.15],0
