Feature,DoF,P Value,Chi Square,Observed,Expected,Is Significant
p10,1,0.0,108.827703,[235  12] ; [16 28],[213.04810997  33.95189003] ; [37.95189003  6.04810997],1
p11,1,0.000139,14.515564,[211  36] ; [27 17],[202.0137457  44.9862543] ; [35.9862543  8.0137457],1
p3,1,0.001824,9.719118,[176  70] ; [21 23],[167.11034483  78.88965517] ; [29.88965517 14.11034483],0
p4,1,0.004132,8.224907,[211  35] ; [30 14],[204.43448276  41.56551724] ; [36.56551724  7.43448276],0
p2,1,0.008174,6.994916,[228  19] ; [35  9],[223.23367698  23.76632302] ; [39.76632302  4.23367698],0
p5,1,0.012355,6.259254,[ 58 189] ; [ 3 41],[ 51.7766323 195.2233677] ; [ 9.2233677 34.7766323],0
b1,1,0.020649,5.356193,[105 142] ; [27 17],[112.04123711 134.95876289] ; [19.95876289 24.04123711],0
p1,1,0.199713,1.644472,[ 34 212] ; [ 3 41],[ 31.3862069 214.6137931] ; [ 5.6137931 38.3862069],0
