Feature,DoF,P Value,Chi Square,Observed,Expected,Is Significant
p10,1,0.0,54.214084,[208  35] ; [20 32],[187.81016949  55.18983051] ; [40.18983051 11.81016949],1
p11,1,0.000311,13.00112,[194  50] ; [29 23],[183.82432432  60.17567568] ; [39.17567568 12.82432432],1
b1,1,0.001852,9.690562,[ 76 168] ; [28 24],[ 85.72972973 158.27027027] ; [18.27027027 33.72972973],0
p3,1,0.001867,9.676396,[ 49 194] ; [21 31],[ 57.66101695 185.33898305] ; [12.33898305 39.66101695],0
p8,1,0.114784,2.487086,[ 81 161] ; [23 28],[ 85.89761092 156.10238908] ; [18.10238908 32.89761092],0
p12,1,0.291509,1.112638,[ 13 230] ; [ 1 51],[ 11.53220339 231.46779661] ; [ 2.46779661 49.53220339],0
p2,1,0.543022,0.369968,[182  60] ; [37 15],[180.26530612  61.73469388] ; [38.73469388 13.26530612],0
p5,1,0.949158,0.004066,[  9 232] ; [ 2 49],[  9.07876712 231.92123288] ; [ 1.92123288 49.07876712],0
