Feature,DoF,P Value,Chi Square,Observed,Expected,Is Significant
p10,1,3.3e-05,17.225361,[58 14] ; [1 7],[53.1 18.9] ; [5.9 2.1],1
p7,1,0.000783,11.281357,[19 49] ; [7 1],[23.26315789 44.73684211] ; [2.73684211 5.26315789],1
p8,1,0.065903,3.382226,[15 57] ; [4 4],[17.1 54.9] ; [1.9 6.1],0
p11,1,0.085622,2.954823,[49 23] ; [3 5],[46.8 25.2] ; [5.2 2.8],0
b1,1,0.227734,1.454959,[29 43] ; [5 3],[30.6 41.4] ; [3.4 4.6],0
p4,1,0.512611,0.428734,[16 55] ; [1 7],[15.27848101 55.72151899] ; [1.72151899 6.27848101],0
