Feature,DoF,P Value,Chi Square,Observed,Expected,Is Significant
p11,1,0.0,57.448166,[247  59] ; [46 63],[216.04337349  89.95662651] ; [76.95662651 32.04337349],1
p8,1,0.0,34.94951,[133 165] ; [14 95],[107.63144963 190.36855037] ; [39.36855037 69.63144963],1
b1,1,5.4e-05,16.292594,[ 84 222] ; [53 56],[101.01686747 204.98313253] ; [35.98313253 73.01686747],1
p4,1,0.000723,11.430179,[128 176] ; [26 83],[113.3559322 190.6440678] ; [40.6440678 68.3559322],1
p12,1,0.099662,2.710946,[ 13 292] ; [  1 107],[ 10.33898305 294.66101695] ; [  3.66101695 104.33898305],0
p1,1,0.10355,2.649998,[ 11 295] ; [  8 100],[ 14.04347826 291.95652174] ; [  4.95652174 103.04347826],0
p5,1,0.135253,2.231156,[ 16 290] ; [  2 107],[ 13.27228916 292.72771084] ; [  4.72771084 104.27228916],0
