Feature,DoF,P Value,Chi Square,Observed,Expected,Is Significant
p9,1,0.0,165.339665,[320  35] ; [37 81],[267.93868922  87.06131078] ; [89.06131078 28.93868922],1
p4,1,0.0,132.909864,[281  76] ; [26 98],[227.85654886 129.14345114] ; [79.14345114 44.85654886],1
p11,1,0.0,99.543142,[318  39] ; [57 67],[278.32640333  78.67359667] ; [96.67359667 27.32640333],1
p12,1,0.004887,7.920888,[ 38 318] ; [  3 120],[ 30.47181628 325.52818372] ; [ 10.52818372 112.47181628],0
p1,1,0.013426,6.112152,[ 42 313] ; [  5 117],[ 34.97903564 320.02096436] ; [ 12.02096436 109.97903564],0
b1,1,0.298249,1.082006,[145 212] ; [57 67],[149.92515593 207.07484407] ; [52.07484407 71.92515593],0
