Feature,DoF,P Value,Chi Square,Observed,Expected,Is Significant
p3,1,8.4e-05,15.475696,[38 42] ; [176  70],[52.51533742 27.48466258] ; [161.48466258  84.51533742],1
p5,1,0.000247,13.433364,[ 4 76] ; [ 58 189],[15.16819572 64.83180428] ; [ 46.83180428 200.16819572],1
p11,1,0.000876,11.072869,[55 25] ; [211  36],[65.0764526 14.9235474] ; [200.9235474  46.0764526],1
p4,1,0.001458,10.131475,[56 24] ; [211  35],[65.52147239 14.47852761] ; [201.47852761  44.52147239],0
p12,1,0.009166,6.790237,[ 3 77] ; [ 36 210],[ 9.57055215 70.42944785] ; [ 29.42944785 216.57055215],0
p2,1,0.188641,1.728199,[70 10] ; [228  19],[72.90519878  7.09480122] ; [225.09480122  21.90519878],0
p1,1,0.375511,0.785345,[ 8 72] ; [ 34 212],[10.30674847 69.69325153] ; [ 31.69325153 214.30674847],0
b1,1,0.692488,0.156405,[32 48] ; [105 142],[33.51681957 46.48318043] ; [103.48318043 143.51681957],0
