Feature,DoF,P Value,Chi Square,Observed,Expected,Is Significant
p8,1,8e-06,19.879944,[130 154] ; [ 39 121],[108.0990991 175.9009009] ; [60.9009009 99.0990991],1
p6,1,0.000161,14.240193,[ 78 210] ; [ 19 142],[ 62.21826281 225.78173719] ; [ 34.78173719 126.21826281],1
p4,1,0.000615,11.731297,[124 166] ; [ 43 119],[107.1460177 182.8539823] ; [ 59.8539823 102.1460177],1
p12,1,0.090474,2.865927,[ 11 279] ; [ 12 149],[ 14.78935698 275.21064302] ; [  8.21064302 152.78935698],0
p11,1,0.114158,2.495698,[239  52] ; [123  39],[232.54304636  58.45695364] ; [129.45695364  32.54304636],0
p1,1,0.432848,0.61517,[ 10 281] ; [  8 154],[ 11.56291391 279.43708609] ; [  6.43708609 155.56291391],0
p9,1,0.597548,0.278709,[268  22] ; [150  10],[269.37777778  20.62222222] ; [148.62222222  11.37777778],0
p5,1,0.810063,0.057765,[ 16 275] ; [  8 153],[ 15.45132743 275.54867257] ; [  8.54867257 152.45132743],0
b1,1,0.973728,0.001085,[ 84 207] ; [ 47 115],[ 84.15231788 206.84768212] ; [ 46.84768212 115.15231788],0
