Feature,DoF,P Value,Chi Square,Observed,Expected,Is Significant
p8,1,0.002508,9.134962,[ 13 101] ; [ 7 11],[17.27272727 96.72727273] ; [ 2.72727273 15.27272727],0
p7,1,0.003298,8.635059,[19 91] ; [ 9 10],[23.87596899 86.12403101] ; [ 4.12403101 14.87596899],0
p10,1,0.013708,6.075383,[51 60] ; [ 3 16],[46.10769231 64.89230769] ; [ 7.89230769 11.10769231],0
p5,1,0.153555,2.036576,[  4 109] ; [ 2 16],[  5.17557252 107.82442748] ; [ 0.82442748 17.17557252],0
p6,1,0.600747,0.273871,[ 10 103] ; [ 1 18],[  9.41666667 103.58333333] ; [ 1.58333333 17.41666667],0
p1,1,0.607193,0.264282,[ 10 104] ; [ 1 18],[  9.42857143 104.57142857] ; [ 1.57142857 17.42857143],0
b1,1,0.619695,0.246296,[59 55] ; [11  8],[60. 54.] ; [10.  9.],0
p11,1,0.670274,0.181281,[54 60] ; [ 8 11],[53.14285714 60.85714286] ; [ 8.85714286 10.14285714],0
