Feature,DoF,P Value,Chi Square,Observed,Expected,Is Significant
p9,1,0.0,29.8878,[6 7] ; [290  25],[11.73170732  1.26829268] ; [284.26829268  30.73170732],1
p11,1,4e-06,21.367128,[5 8] ; [273  44],[10.95151515  2.04848485] ; [267.04848485  49.95151515],1
p4,1,0.005742,7.629488,[7 6] ; [265  52],[10.71515152  2.28484848] ; [261.28484848  55.71515152],0
p8,1,0.010446,6.557175,[6 7] ; [243  72],[9.86890244 3.13109756] ; [239.13109756  75.86890244],0
b1,1,0.067682,3.338373,[9 4] ; [138 179],[5.79090909 7.20909091] ; [141.20909091 175.79090909],0
p5,1,0.255836,1.291151,[ 1 12] ; [ 65 251],[ 2.60790274 10.39209726] ; [ 63.39209726 252.60790274],0
p1,1,0.615152,0.25274,[ 1 12] ; [ 39 277],[ 1.58054711 11.41945289] ; [ 38.41945289 277.58054711],0
