Feature,DoF,P Value,Chi Square,Observed,Expected,Is Significant
p3,1,0.000195,13.877907,[ 30 101] ; [27 26],[40.58152174 90.41847826] ; [16.41847826 36.58152174],1
p7,1,0.001411,10.191217,[34 95] ; [27 26],[43.23626374 85.76373626] ; [17.76373626 35.23626374],0
p2,1,0.003566,8.492374,[63 68] ; [38 15],[71.9076087 59.0923913] ; [29.0923913 23.9076087],0
p5,1,0.085719,2.952986,[  3 128] ; [ 4 48],[  5.01092896 125.98907104] ; [ 1.98907104 50.01092896],0
b1,1,0.471387,0.518723,[67 64] ; [24 29],[64.78804348 66.21195652] ; [26.21195652 26.78804348],0
p1,1,0.647575,0.208971,[  7 123] ; [ 2 51],[  6.39344262 123.60655738] ; [ 2.60655738 50.39344262],0
p12,1,0.866333,0.028331,[  2 128] ; [ 1 52],[  2.13114754 127.86885246] ; [ 0.86885246 52.13114754],0
p11,1,0.877634,0.023706,[56 75] ; [22 31],[55.5326087 75.4673913] ; [22.4673913 30.5326087],0
p9,1,0.934831,0.006686,[37 91] ; [15 38],[36.77348066 91.22651934] ; [15.22651934 37.77348066],0
