Feature,DoF,P Value,Chi Square,Observed,Expected,Is Significant
p9,1,0.0,58.902137,[149  23] ; [13 30],[129.6  42.4] ; [32.4 10.6],1
p11,1,0.0,47.83981,[152  22] ; [17 27],[134.88990826  39.11009174] ; [34.11009174  9.88990826],1
p2,1,5.9e-05,16.144343,[160  13] ; [31 13],[152.2718894  20.7281106] ; [38.7281106  5.2718894],1
b1,1,0.051411,3.794831,[ 63 111] ; [23 21],[ 68.64220183 105.35779817] ; [17.35779817 26.64220183],0
p5,1,0.251098,1.317185,[ 14 160] ; [ 6 38],[ 15.96330275 158.03669725] ; [ 4.03669725 39.96330275],0
p4,1,0.556525,0.345756,[115  59] ; [27 17],[113.33944954  60.66055046] ; [28.66055046 15.33944954],0
p1,1,0.919027,0.010335,[ 11 161] ; [ 3 41],[ 11.14814815 160.85185185] ; [ 2.85185185 41.14814815],0
