Feature,DoF,P Value,Chi Square,Observed,Expected,Is Significant
p2,1,2e-06,23.028585,[8 7] ; [137  10],[13.42592593  1.57407407] ; [131.57407407  15.42592593],1
p3,1,0.005665,7.654015,[ 4 10] ; [97 50],[8.7826087 5.2173913] ; [92.2173913 54.7826087],0
p11,1,0.042373,4.120225,[10  5] ; [128  20],[12.6993865  2.3006135] ; [125.3006135  22.6993865],0
b1,1,0.163762,1.939139,[8 7] ; [52 96],[5.52147239 9.47852761] ; [54.47852761 93.52147239],0
p1,1,0.207265,1.590426,[ 3 12] ; [ 14 133],[ 1.57407407 13.42592593] ; [ 15.42592593 131.57407407],0
