Feature,DoF,P Value,Chi Square,Observed,Expected,Is Significant
p9,1,0.0,30.0385,[59 58] ; [165  42],[80.88888889 36.11111111] ; [143.11111111  63.88888889],1
p10,1,0.0,26.104253,[56 64] ; [154  52],[77.3006135 42.6993865] ; [132.6993865  73.3006135],1
p11,1,0.0,25.441682,[57 67] ; [153  55],[78.43373494 45.56626506] ; [131.56626506  76.43373494],1
p7,1,2e-06,23.000569,[20 98] ; [ 88 116],[39.57763975 78.42236025] ; [ 68.42236025 135.57763975],1
p4,1,0.00015,14.377785,[ 18 103] ; [ 71 137],[32.7325228 88.2674772] ; [ 56.2674772 151.7325228],1
b1,1,0.00016,14.254112,[60 64] ; [ 58 150],[44.07228916 79.92771084] ; [ 73.92771084 134.07228916],1
p1,1,0.067287,3.347997,[  8 116] ; [  5 202],[  4.87009063 119.12990937] ; [  8.12990937 198.87009063],0
p12,1,0.499242,0.456547,[  6 117] ; [  7 200],[  4.84545455 118.15454545] ; [  8.15454545 198.84545455],0
p5,1,0.830097,0.046043,[  4 117] ; [  6 202],[  3.67781155 117.32218845] ; [  6.32218845 201.67781155],0
