Feature,DoF,P Value,Chi Square,Observed,Expected,Is Significant
p8,1,0.0,31.427704,[71 68] ; [154  38],[94.48640483 44.51359517] ; [130.51359517  61.48640483],1
p5,1,0.0,31.240765,[  5 135] ; [ 52 141],[ 23.96396396 116.03603604] ; [ 33.03603604 159.96396396],1
p12,1,0.000552,11.931013,[  7 132] ; [ 34 158],[ 17.21752266 121.78247734] ; [ 23.78247734 168.21752266],1
p1,1,0.002467,9.165192,[  8 132] ; [ 32 160],[ 16.86746988 123.13253012] ; [ 23.13253012 168.86746988],0
p2,1,0.013947,6.04486,[119  21] ; [180  13],[125.70570571  14.29429429] ; [173.29429429  19.70570571],0
b1,1,0.052428,3.762053,[49 91] ; [ 88 105],[57.5975976 82.4024024] ; [ 79.4024024 113.5975976],0
p11,1,0.105324,2.623016,[111  29] ; [166  27],[116.45645646  23.54354354] ; [160.54354354  32.45645646],0
