Feature,DoF,P Value,Chi Square,Observed,Expected,Is Significant
p5,1,0.019134,5.489254,[ 8 25] ; [ 7 78],[ 4.19491525 28.80508475] ; [10.80508475 74.19491525],0
p12,1,0.022935,5.173418,[ 5 28] ; [ 3 83],[ 2.21848739 30.78151261] ; [ 5.78151261 80.21848739],0
b1,1,0.048805,3.882041,[11 22] ; [46 40],[15.80672269 17.19327731] ; [41.19327731 44.80672269],0
p1,1,0.100256,2.701468,[ 5 28] ; [ 5 81],[ 2.77310924 30.22689076] ; [ 7.22689076 78.77310924],0
p6,1,0.210485,1.568087,[17 16] ; [33 52],[13.98305085 19.01694915] ; [36.01694915 48.98305085],0
p10,1,0.267784,1.228062,[29  4] ; [68 18],[26.89915966  6.10084034] ; [70.10084034 15.89915966],0
p11,1,0.270975,1.211804,[26  7] ; [59 27],[23.57142857  9.42857143] ; [61.42857143 24.57142857],0
p4,1,0.283617,1.149677,[17 15] ; [55 31],[19.52542373 12.47457627] ; [52.47457627 33.52542373],0
