Feature,DoF,P Value,Chi Square,Observed,Expected,Is Significant
p3,1,0.004538,8.054889,[76 56] ; [20 37],[67.04761905 64.95238095] ; [28.95238095 28.04761905],0
p7,1,0.12234,2.387108,[53 78] ; [30 27],[57.83510638 73.16489362] ; [25.16489362 31.83510638],0
p5,1,0.274296,1.195134,[ 13 115] ; [ 3 54],[ 11.07027027 116.92972973] ; [ 4.92972973 52.07027027],0
p11,1,0.31315,1.017344,[91 41] ; [35 22],[88. 44.] ; [38. 19.],0
b1,1,0.451741,0.566281,[54 78] ; [20 37],[51.68253968 80.31746032] ; [22.31746032 34.68253968],0
p12,1,0.595005,0.282596,[  7 125] ; [ 2 55],[  6.28571429 125.71428571] ; [ 2.71428571 54.28571429],0
p1,1,0.804439,0.061309,[  8 124] ; [ 4 53],[  8.38095238 123.61904762] ; [ 3.61904762 53.38095238],0
