Feature,DoF,P Value,Chi Square,Observed,Expected,Is Significant
p9,1,0.0,53.802145,[114   7] ; [60 55],[89.21186441 31.78813559] ; [84.78813559 30.21186441],1
p7,1,0.0,35.888505,[68 53] ; [22 96],[45.56485356 75.43514644] ; [44.43514644 73.56485356],1
p11,1,0.0,25.796861,[98 23] ; [61 61],[79.17283951 41.82716049] ; [79.82716049 42.17283951],1
p5,1,0.055201,3.676018,[ 11 107] ; [  4 117],[  7.40585774 110.59414226] ; [  7.59414226 113.40585774],0
p12,1,0.270732,1.213033,[  9 112] ; [  5 116],[  7. 114.] ; [  7. 114.],0
p1,1,0.360459,0.836294,[ 13 108] ; [  9 113],[ 10.95473251 110.04526749] ; [ 11.04526749 110.95473251],0
b1,1,0.651925,0.203481,[57 64] ; [61 61],[58.75720165 62.24279835] ; [59.24279835 62.75720165],0
