Feature,DoF,P Value,Chi Square,Observed,Expected,Is Significant
p9,1,0.0,31.740757,[85 16] ; [16 27],[70.84027778 30.15972222] ; [30.15972222 12.84027778],1
p11,1,0.000835,11.161321,[80 21] ; [24 22],[71.45578231 29.54421769] ; [32.54421769 13.45578231],1
b1,1,0.004194,8.197824,[30 71] ; [25 21],[37.78911565 63.21088435] ; [17.21088435 28.78911565],0
p8,1,0.07479,3.174626,[52 49] ; [16 29],[47.04109589 53.95890411] ; [20.95890411 24.04109589],0
p1,1,0.248355,1.332531,[ 7 94] ; [ 1 44],[ 5.53424658 95.46575342] ; [ 2.46575342 42.53424658],0
p5,1,0.320047,0.988754,[ 6 95] ; [ 1 45],[ 4.80952381 96.19047619] ; [ 2.19047619 43.80952381],0
p12,1,0.430169,0.622368,[ 5 96] ; [ 1 45],[ 4.12244898 96.87755102] ; [ 1.87755102 44.12244898],0
