Feature,DoF,P Value,Chi Square,Observed,Expected,Is Significant
p4,1,0.0,59.509742,[57 19] ; [ 28 107],[30.61611374 45.38388626] ; [54.38388626 80.61611374],1
p9,1,0.000179,14.042424,[58 17] ; [66 64],[45.36585366 29.63414634] ; [78.63414634 51.36585366],1
p10,1,0.002317,9.279936,[53 22] ; [65 68],[42.54807692 32.45192308] ; [75.45192308 57.54807692],0
p11,1,0.011111,6.447501,[53 23] ; [71 66],[44.24413146 31.75586854] ; [79.75586854 57.24413146],0
p1,1,0.092451,2.831171,[11 65] ; [ 10 127],[ 7.49295775 68.50704225] ; [ 13.50704225 123.49295775],0
p5,1,0.09259,2.828765,[ 7 67] ; [  5 128],[ 4.28985507 69.71014493] ; [  7.71014493 125.28985507],0
p12,1,0.423901,0.639475,[ 6 70] ; [  7 129],[ 4.66037736 71.33962264] ; [  8.33962264 127.66037736],0
b1,1,0.878307,0.023445,[38 38] ; [70 67],[38.53521127 37.46478873] ; [69.46478873 67.53521127],0
