Feature,DoF,P Value,Chi Square,Observed,Expected,Is Significant
p11,1,0.0,73.761826,[22 31] ; [247  26],[43.73312883  9.26687117] ; [225.26687117  47.73312883],1
p7,1,0.0,43.269678,[27 26] ; [240  31],[43.67592593  9.32407407] ; [223.32407407  47.67592593],1
p2,1,1e-06,24.299763,[38 15] ; [255  17],[47.78153846  5.21846154] ; [245.21846154  26.78153846],1
p5,1,0.009193,6.784852,[ 4 48] ; [ 65 208],[11.04 40.96] ; [ 57.96 215.04],0
p12,1,0.010129,6.612114,[ 1 52] ; [ 40 232],[ 6.68615385 46.31384615] ; [ 34.31384615 237.68615385],0
p1,1,0.029425,4.742589,[ 2 51] ; [ 40 231],[ 6.87037037 46.12962963] ; [ 35.12962963 235.87037037],0
b1,1,0.326797,0.961547,[24 29] ; [104 169],[20.80981595 32.19018405] ; [107.19018405 165.80981595],0
