Feature,DoF,P Value,Chi Square,Observed,Expected,Is Significant
p4,1,0.0,26.494851,[ 48 188] ; [24 17],[ 61.34296029 174.65703971] ; [10.65703971 30.34296029],1
p8,1,1e-06,24.661721,[ 44 191] ; [22 18],[ 56.4 178.6] ; [ 9.6 30.4],1
p9,1,2.2e-05,17.978223,[155  74] ; [13 27],[143.01858736  85.98141264] ; [24.98141264 15.01858736],1
b1,1,0.008414,6.943117,[ 87 150] ; [24 17],[ 94.6294964 142.3705036] ; [16.3705036 24.6294964],0
p5,1,0.013867,6.055023,[  8 228] ; [ 5 36],[ 11.07581227 224.92418773] ; [ 1.92418773 39.07581227],0
p11,1,0.025394,4.996847,[148  89] ; [18 23],[141.51798561  95.48201439] ; [24.48201439 16.51798561],0
p2,1,0.039667,4.232085,[139  98] ; [31 10],[144.92805755  92.07194245] ; [25.07194245 15.92805755],0
p1,1,0.559911,0.339859,[ 12 224] ; [ 3 38],[ 12.77978339 223.22021661] ; [ 2.22021661 38.77978339],0
