Feature,DoF,P Value,Chi Square,Observed,Expected,Is Significant
p11,1,0.003805,8.374545,[80 21] ; [17 15],[73.66165414 27.33834586] ; [23.33834586  8.66165414],0
p7,1,0.014763,5.944568,[76 21] ; [18 14],[70.68217054 26.31782946] ; [23.31782946  8.68217054],0
b1,1,0.035417,4.424976,[30 71] ; [16 16],[34.93233083 66.06766917] ; [11.06766917 20.93233083],0
p5,1,0.220111,1.50365,[ 6 95] ; [ 4 28],[ 7.59398496 93.40601504] ; [ 2.40601504 29.59398496],0
p8,1,0.445677,0.581623,[52 49] ; [14 18],[50.12030075 50.87969925] ; [15.87969925 16.12030075],0
p1,1,0.64771,0.208799,[ 7 94] ; [ 3 29],[ 7.59398496 93.40601504] ; [ 2.40601504 29.59398496],0
p12,1,0.664597,0.187988,[ 5 96] ; [ 1 31],[ 4.55639098 96.44360902] ; [ 1.44360902 30.55639098],0
