Feature,DoF,P Value,Chi Square,Observed,Expected,Is Significant
p10,1,0.0,45.968865,[12 25] ; [166  31],[28.14529915  8.85470085] ; [149.85470085  47.14529915],1
p11,1,0.002458,9.171508,[22 15] ; [162  36],[28.97021277  8.02978723] ; [155.02978723  42.97021277],0
b1,1,0.002786,8.942741,[24 13] ; [ 76 122],[15.74468085 21.25531915] ; [ 84.25531915 113.74468085],0
p7,1,0.081374,3.037248,[30  6] ; [136  61],[25.64806867 10.35193133] ; [140.35193133  56.64806867],0
p1,1,0.40596,0.690601,[ 5 32] ; [ 18 180],[ 3.6212766 33.3787234] ; [ 19.3787234 178.6212766],0
p5,1,0.879984,0.022798,[ 4 33] ; [ 23 174],[ 4.26923077 32.73076923] ; [ 22.73076923 174.26923077],0
