Feature,DoF,P Value,Chi Square,Observed,Expected,Is Significant
p9,1,0.0,29.02005,[103   4] ; [194  80],[83.40944882 23.59055118] ; [213.59055118  60.40944882],1
p2,1,0.000161,14.238101,[90 18] ; [180 103],[74.57800512 33.42199488] ; [195.42199488  87.57800512],1
p5,1,0.000758,11.342204,[12 94] ; [  8 274],[  5.46391753 100.53608247] ; [ 14.53608247 267.46391753],1
p12,1,0.000829,11.174173,[15 93] ; [ 12 269],[  7.49614396 100.50385604] ; [ 19.50385604 261.49614396],1
p1,1,0.002637,9.042836,[11 97] ; [  8 273],[  5.27506427 102.72493573] ; [ 13.72493573 267.27506427],0
p11,1,0.004513,8.06488,[88 20] ; [190  94],[76.59183673 31.40816327] ; [201.40816327  82.59183673],0
p8,1,0.023837,5.106455,[39 68] ; [ 70 211],[30.05927835 76.94072165] ; [ 78.94072165 202.05927835],0
b1,1,0.94425,0.00489,[38 70] ; [101 183],[38.29591837 69.70408163] ; [100.70408163 183.29591837],0
