Feature,DoF,P Value,Chi Square,Observed,Expected,Is Significant
p11,1,4.6e-05,16.606254,[87 17] ; [16 17],[78.18978102 25.81021898] ; [24.81021898  8.18978102],1
p9,1,4.8e-05,16.517626,[96  8] ; [21 12],[88.81751825 15.18248175] ; [28.18248175  4.81751825],1
b1,1,0.00158,9.982649,[34 70] ; [21 12],[41.75182482 62.24817518] ; [13.24817518 19.75182482],0
p3,1,0.307264,1.042401,[34 70] ; [14 19],[36.4379562 67.5620438] ; [11.5620438 21.4379562],0
p5,1,0.363423,0.826031,[ 8 96] ; [ 1 31],[ 6.88235294 97.11764706] ; [ 2.11764706 29.88235294],0
p1,1,0.365378,0.819324,[12 92] ; [ 2 31],[10.62773723 93.37226277] ; [ 3.37226277 29.62773723],0
p6,1,0.418855,0.653526,[24 79] ; [10 23],[25.75 77.25] ; [ 8.25 24.75],0
