Feature,DoF,P Value,Chi Square,Observed,Expected,Is Significant
p10,1,0.0,81.407546,[69 13] ; [21 91],[38.04123711 43.95876289] ; [51.95876289 60.04123711],1
p11,1,0.00024,13.488027,[58 24] ; [50 63],[45.41538462 36.58461538] ; [62.58461538 50.41538462],1
p12,1,0.00817,6.995861,[ 7 75] ; [  1 111],[ 3.3814433 78.6185567] ; [  4.6185567 107.3814433],0
b1,1,0.058054,3.592112,[33 49] ; [61 52],[39.52820513 42.47179487] ; [54.47179487 58.52820513],0
p5,1,0.371221,0.799572,[ 4 74] ; [  3 110],[ 2.85863874 75.14136126] ; [  4.14136126 108.85863874],0
p3,1,0.423152,0.641545,[23 59] ; [26 87],[20.60512821 61.39487179] ; [28.39487179 84.60512821],0
p7,1,0.685734,0.163742,[22 57] ; [28 83],[20.78947368 58.21052632] ; [29.21052632 81.78947368],0
p4,1,0.786514,0.073354,[21 60] ; [31 81],[21.8238342 59.1761658] ; [30.1761658 81.8238342],0
p1,1,0.963052,0.002146,[ 6 76] ; [  8 104],[ 5.91752577 76.08247423] ; [  8.08247423 103.91752577],0
