Feature,DoF,P Value,Chi Square,Observed,Expected,Is Significant
p4,1,0.011599,6.371192,[19 21] ; [17  4],[23.60655738 16.39344262] ; [12.39344262  8.60655738],0
b1,1,0.015615,5.845763,[18 23] ; [16  5],[22.48387097 18.51612903] ; [11.51612903  9.48387097],0
p11,1,0.135509,2.228234,[31 10] ; [12  9],[28.43548387 12.56451613] ; [14.56451613  6.43548387],0
p1,1,0.167189,1.907966,[ 3 38] ; [ 4 17],[ 4.62903226 36.37096774] ; [ 2.37096774 18.62903226],0
p3,1,0.717128,0.131261,[21 19] ; [10 11],[20.32786885 19.67213115] ; [10.67213115 10.32786885],0
p5,1,0.952683,0.003521,[ 4 36] ; [ 2 19],[ 3.93442623 36.06557377] ; [ 2.06557377 18.93442623],0
