Feature,DoF,P Value,Chi Square,Observed,Expected,Is Significant
p10,1,0.195105,1.678641,[17  9] ; [38 10],[19.32432432  6.67567568] ; [35.67567568 12.32432432],0
b1,1,0.222536,1.487942,[13 13] ; [31 17],[15.45945946 10.54054054] ; [28.54054054 19.45945946],0
p12,1,0.227775,1.454701,[ 3 23] ; [ 2 46],[ 1.75675676 24.24324324] ; [ 3.24324324 44.75675676],0
p5,1,0.242835,1.36406,[ 2 24] ; [ 1 47],[ 1.05405405 24.94594595] ; [ 1.94594595 46.05405405],0
p4,1,0.337451,0.920093,[22  4] ; [36 12],[20.37837838  5.62162162] ; [37.62162162 10.37837838],0
p1,1,0.359355,0.840148,[ 6 20] ; [ 7 41],[ 4.56756757 21.43243243] ; [ 8.43243243 39.56756757],0
p11,1,0.562587,0.335244,[18  8] ; [30 18],[16.86486486  9.13513514] ; [31.13513514 16.86486486],0
p9,1,0.702241,0.146151,[24  2] ; [43  5],[23.54054054  2.45945946] ; [43.45945946  4.54054054],0
p2,1,0.8229,0.050094,[20  6] ; [38 10],[20.37837838  5.62162162] ; [37.62162162 10.37837838],0
