Feature,DoF,P Value,Chi Square,Observed,Expected,Is Significant
p1,1,0.174311,1.845472,[ 3 18] ; [ 5 83],[ 1.5412844 19.4587156] ; [ 6.4587156 81.5412844],0
b1,1,0.250438,1.320861,[14  7] ; [47 42],[11.64545455  9.35454545] ; [49.35454545 39.64545455],0
p5,1,0.261664,1.259933,[ 1 20] ; [ 1 88],[ 0.38181818 20.61818182] ; [ 1.61818182 87.38181818],0
p2,1,0.275286,1.190214,[11 10] ; [35 54],[ 8.78181818 12.21818182] ; [37.21818182 51.78181818],0
p8,1,0.515317,0.423255,[ 4 17] ; [12 77],[ 3.05454545 17.94545455] ; [12.94545455 76.05454545],0
p6,1,0.554322,0.349631,[ 2 18] ; [13 73],[ 2.83018868 17.16981132] ; [12.16981132 73.83018868],0
p11,1,0.766372,0.088283,[ 9 12] ; [35 54],[ 8.4 12.6] ; [35.6 53.4],0
