Feature,DoF,P Value,Chi Square,Observed,Expected,Is Significant
p7,1,0.005245,7.793035,[31 19] ; [15 30],[24.21052632 25.78947368] ; [21.78947368 23.21052632],0
p6,1,0.130148,2.290739,[16 31] ; [ 9 36],[12.77173913 34.22826087] ; [12.22826087 32.77173913],0
p1,1,0.185476,1.753193,[ 6 44] ; [ 2 43],[ 4.21052632 45.78947368] ; [ 3.78947368 41.21052632],0
p5,1,0.300725,1.070978,[ 5 45] ; [ 2 43],[ 3.68421053 46.31578947] ; [ 3.31578947 41.68421053],0
b1,1,0.500601,0.453662,[29 21] ; [23 22],[27.36842105 22.63157895] ; [24.63157895 20.36842105],0
p9,1,0.935788,0.006491,[20 29] ; [18 27],[19.80851064 29.19148936] ; [18.19148936 26.80851064],0
p11,1,0.965262,0.001897,[22 28] ; [20 25],[22.10526316 27.89473684] ; [19.89473684 25.10526316],0
