Feature,DoF,P Value,Chi Square,Observed,Expected,Is Significant
p4,1,0.0,80.51389,[90 91] ; [300  49],[133.18867925  47.81132075] ; [256.81132075  92.18867925],1
p8,1,0.0,75.692422,[ 58 121] ; [250  98],[104.61480076  74.38519924] ; [203.38519924 144.61480076],1
p6,1,0.0,63.768798,[ 29 151] ; [180 166],[ 71.52091255 108.47908745] ; [137.47908745 208.52091255],1
p5,1,0.000167,14.167489,[ 14 167] ; [ 71 277],[ 29.0831758 151.9168242] ; [ 55.9168242 292.0831758],1
b1,1,0.011949,6.318386,[ 55 126] ; [145 204],[ 68.30188679 112.69811321] ; [131.69811321 217.30188679],0
p11,1,0.015923,5.811404,[147  34] ; [310  39],[156.06981132  24.93018868] ; [300.93018868  48.06981132],0
p1,1,0.059168,3.560561,[ 14 167] ; [ 46 302],[ 20.52930057 160.47069943] ; [ 39.47069943 308.52930057],0
p12,1,0.114584,2.489832,[ 15 165] ; [ 45 303],[ 20.45454545 159.54545455] ; [ 39.54545455 308.45454545],0
p9,1,0.170868,1.875313,[172   8] ; [341   8],[174.5557656   5.4442344] ; [338.4442344  10.5557656],0
