Feature,DoF,P Value,Chi Square,Observed,Expected,Is Significant
p1,1,0.194983,1.679557,[ 6 32] ; [ 3 41],[ 4.17073171 33.82926829] ; [ 4.82926829 39.17073171],0
b1,1,0.301145,1.069115,[19 19] ; [27 17],[21.31707317 16.68292683] ; [24.68292683 19.31707317],0
p11,1,0.505059,0.444291,[26 12] ; [27 17],[24.56097561 13.43902439] ; [28.43902439 15.56097561],0
p3,1,0.609937,0.260267,[16 22] ; [21 23],[17.14634146 20.85365854] ; [19.85365854 24.14634146],0
p4,1,0.632365,0.228868,[24 14] ; [30 14],[25.02439024 12.97560976] ; [28.97560976 15.02439024],0
p5,1,0.851918,0.034846,[ 3 35] ; [ 3 41],[ 2.7804878 35.2195122] ; [ 3.2195122 40.7804878],0
