Feature,DoF,P Value,Chi Square,Observed,Expected,Is Significant
p10,1,6e-06,20.589696,[17 77] ; [57 62],[32.657277 61.342723] ; [41.342723 77.657277],1
p7,1,0.099633,2.711404,[26 66] ; [22 96],[21.02857143 70.97142857] ; [26.97142857 91.02857143],0
p11,1,0.276814,1.182667,[40 54] ; [61 61],[43.9537037 50.0462963] ; [57.0462963 64.9537037],0
p5,1,0.279274,1.170621,[ 1 93] ; [  4 117],[ 2.18604651 91.81395349] ; [  2.81395349 118.18604651],0
p12,1,0.419163,0.65266,[ 2 91] ; [  5 116],[ 3.04205607 89.95794393] ; [  3.95794393 117.04205607],0
b1,1,0.534895,0.385083,[51 43] ; [61 61],[48.74074074 45.25925926] ; [63.25925926 58.74074074],0
p1,1,0.791863,0.069639,[ 6 87] ; [  9 113],[ 6.48837209 86.51162791] ; [  8.51162791 113.48837209],0
p3,1,0.911973,0.012221,[15 78] ; [ 19 103],[14.70697674 78.29302326] ; [ 19.29302326 102.70697674],0
