Feature,DoF,P Value,Chi Square,Observed,Expected,Is Significant
p2,1,7e-06,20.166954,[193  16] ; [47 19],[182.4  26.6] ; [57.6  8.4],1
p5,1,9.7e-05,15.188953,[ 57 152] ; [ 3 63],[ 45.6 163.4] ; [14.4 51.6],1
p9,1,0.001712,9.834975,[189  20] ; [49 16],[181.54014599  27.45985401] ; [56.45985401  8.54014599],0
p10,1,0.004535,8.056273,[185  24] ; [49 17],[177.84  31.16] ; [56.16  9.84],0
p11,1,0.004535,8.056273,[185  24] ; [49 17],[177.84  31.16] ; [56.16  9.84],0
p12,1,0.00527,7.78424,[ 34 174] ; [ 2 64],[ 27.32846715 180.67153285] ; [ 8.67153285 57.32846715],0
p1,1,0.457506,0.551988,[ 33 175] ; [ 8 58],[ 31.12408759 176.87591241] ; [ 9.87591241 56.12408759],0
b1,1,0.525019,0.404022,[ 92 117] ; [32 34],[ 94.24 114.76] ; [29.76 36.24],0
