Feature,DoF,P Value,Chi Square,Observed,Expected,Is Significant
p11,1,4e-06,21.44207,[55 25] ; [336  42],[68.29694323 11.70305677] ; [322.70305677  55.29694323],1
p5,1,0.001731,9.814927,[ 4 76] ; [ 73 302],[13.53846154 66.46153846] ; [ 63.46153846 311.53846154],0
p4,1,0.003763,8.394571,[56 24] ; [317  61],[65.15283843 14.84716157] ; [307.84716157  70.15283843],0
p12,1,0.017705,5.625137,[ 3 77] ; [ 49 327],[ 9.12280702 70.87719298] ; [ 42.87719298 333.12280702],0
p7,1,0.212396,1.555022,[57 21] ; [298  77],[61.12582781 16.87417219] ; [293.87417219  81.12582781],0
p2,1,0.384773,0.755397,[70 10] ; [341  35],[72.10526316  7.89473684] ; [338.89473684  37.10526316],0
p1,1,0.451909,0.565859,[ 8 72] ; [ 49 326],[10.02197802 69.97802198] ; [ 46.97802198 328.02197802],0
b1,1,0.902455,0.015021,[32 48] ; [154 224],[32.48908297 47.51091703] ; [153.51091703 224.48908297],0
