Feature,DoF,P Value,Chi Square,Observed,Expected,Is Significant
p11,1,0.0,26.250094,[18 12] ; [282  27],[26.54867257  3.45132743] ; [273.45132743  35.54867257],1
p2,1,9.1e-05,15.314154,[23  7] ; [293  15],[28.04733728  1.95266272] ; [287.95266272  20.04733728],1
p3,1,0.000119,14.803658,[13 17] ; [234  74],[21.92307692  8.07692308] ; [225.07692308  82.92307692],1
b1,1,0.001232,10.442242,[21  9] ; [122 187],[12.65486726 17.34513274] ; [130.34513274 178.65486726],0
p5,1,0.044121,4.051912,[ 2 28] ; [ 69 240],[ 6.28318584 23.71681416] ; [ 64.71681416 244.28318584],0
p1,1,0.879796,0.02287,[ 4 26] ; [ 38 269],[ 3.7388724 26.2611276] ; [ 38.2611276 268.7388724],0
