Feature,DoF,P Value,Chi Square,Observed,Expected,Is Significant
p11,1,0.015635,5.843469,[112  44] ; [117  23],[120.68918919  35.31081081] ; [108.31081081  31.68918919],0
b1,1,0.264151,1.246873,[61 95] ; [46 94],[56.39189189 99.60810811] ; [50.60810811 89.39189189],0
p12,1,0.413066,0.66996,[  4 152] ; [  6 134],[  5.27027027 150.72972973] ; [  4.72972973 135.27027027],0
p1,1,0.460834,0.543867,[  7 149] ; [  9 131],[  8.43243243 147.56756757] ; [  7.56756757 132.43243243],0
p2,1,0.471532,0.518384,[134  21] ; [124  15],[136.02040816  18.97959184] ; [121.97959184  17.02040816],0
p5,1,0.487706,0.481583,[ 10 144] ; [ 12 127],[ 11.56313993 142.43686007] ; [ 10.43686007 128.56313993],0
p6,1,0.575102,0.314219,[58 96] ; [56 81],[60.32989691 93.67010309] ; [53.67010309 83.32989691],0
