Feature,DoF,P Value,Chi Square,Observed,Expected,Is Significant
p3,1,0.0,118.739636,[158  52] ; [ 32 137],[105.27704485 104.72295515] ; [84.72295515 84.27704485],1
p7,1,0.0,113.435307,[193  14] ; [71 95],[146.50938338  60.49061662] ; [117.49061662  48.50938338],1
p5,1,0.0,41.998279,[ 54 156] ; [  3 166],[ 31.58311346 178.41688654] ; [ 25.41688654 143.58311346],1
p1,1,9e-06,19.816634,[ 34 175] ; [  4 164],[ 21.066313 187.933687] ; [ 16.933687 151.066313],1
p10,1,2.7e-05,17.648311,[187  22] ; [123  46],[171.4021164  37.5978836] ; [138.5978836  30.4021164],1
p9,1,0.000229,13.577808,[193  17] ; [133  36],[180.63324538  29.36675462] ; [145.36675462  23.63324538],1
p11,1,0.000252,13.397509,[184  26] ; [123  46],[170.1055409  39.8944591] ; [136.8944591  32.1055409],1
p12,1,0.00027,13.265667,[ 33 176] ; [  7 161],[ 22.17506631 186.82493369] ; [ 17.82493369 150.17506631],1
b1,1,0.025273,5.005108,[ 92 118] ; [ 55 114],[ 81.45118734 128.54881266] ; [ 65.54881266 103.45118734],0
