Feature,DoF,P Value,Chi Square,Observed,Expected,Is Significant
p7,1,7e-06,20.156518,[19 44] ; [46 20],[31.74418605 31.25581395] ; [33.25581395 32.74418605],1
p9,1,0.152305,2.049007,[58  9] ; [62  4],[60.45112782  6.54887218] ; [59.54887218  6.45112782],0
p12,1,0.205512,1.602764,[ 7 61] ; [ 3 63],[ 5.07462687 62.92537313] ; [ 4.92537313 61.07462687],0
p5,1,0.465659,0.532258,[ 5 61] ; [ 3 63],[ 4. 62.] ; [ 4. 62.],0
p11,1,0.520555,0.412794,[46 22] ; [48 18],[47.70149254 20.29850746] ; [46.29850746 19.70149254],0
p1,1,0.952936,0.003483,[ 7 61] ; [ 7 59],[ 7.10447761 60.89552239] ; [ 6.89552239 59.10447761],0
b1,1,0.979192,0.00068,[29 39] ; [28 38],[28.92537313 39.07462687] ; [28.07462687 37.92537313],0
