Feature,DoF,P Value,Chi Square,Observed,Expected,Is Significant
p8,1,0.203857,1.614524,[15 10] ; [241  94],[17.77777778  7.22222222] ; [238.22222222  96.77777778],0
p12,1,0.282339,1.155797,[ 5 20] ; [ 42 294],[ 3.25484765 21.74515235] ; [ 43.74515235 292.25484765],0
p11,1,0.283201,1.151662,[19  6] ; [283  53],[20.91412742  4.08587258] ; [281.08587258  54.91412742],0
p1,1,0.334187,0.932603,[ 5 20] ; [ 44 291],[ 3.40277778 21.59722222] ; [ 45.59722222 289.40277778],0
p7,1,0.369099,0.806696,[18  7] ; [265  68],[19.76256983  5.23743017] ; [263.23743017  69.76256983],0
p9,1,0.464705,0.534539,[24  1] ; [308  27],[23.05555556  1.94444444] ; [308.94444444  26.05555556],0
b1,1,0.8251,0.048837,[10 15] ; [142 194],[10.52631579 14.47368421] ; [141.47368421 194.52631579],0
p5,1,0.833909,0.04397,[ 5 20] ; [ 73 262],[ 5.41666667 19.58333333] ; [ 72.58333333 262.41666667],0
