Feature,DoF,P Value,Chi Square,Observed,Expected,Is Significant
p11,1,0.0,45.376557,[50 63] ; [186  46],[77.29855072 35.70144928] ; [158.70144928  73.29855072],1
p2,1,0.0,33.995566,[49 64] ; [174  57],[73.25290698 39.74709302] ; [149.74709302  81.25290698],1
b1,1,0.000216,13.688492,[61 52] ; [ 77 155],[45.2 67.8] ; [ 92.8 139.2],1
p7,1,0.000316,12.97333,[28 83] ; [103 123],[43.14836795 67.85163205] ; [ 87.85163205 138.14836795],1
p12,1,0.050396,3.828222,[  1 111] ; [ 12 219],[  4.24489796 107.75510204] ; [  8.75510204 222.24489796],0
p1,1,0.268943,1.222132,[  8 104] ; [ 10 222],[  5.86046512 106.13953488] ; [ 12.13953488 219.86046512],0
p5,1,0.551138,0.355283,[  3 110] ; [  9 221],[  3.95335277 109.04664723] ; [  8.04664723 221.95335277],0
p3,1,0.704648,0.143681,[26 87] ; [ 49 182],[24.63662791 88.36337209] ; [ 50.36337209 180.63662791],0
