Feature,DoF,P Value,Chi Square,Observed,Expected,Is Significant
p10,1,1.1e-05,19.306731,[13  7] ; [17 79],[ 5.17241379 14.82758621] ; [24.82758621 71.17241379],1
p4,1,3.3e-05,17.209452,[13  7] ; [19 78],[ 5.47008547 14.52991453] ; [26.52991453 70.47008547],1
p7,1,9.6e-05,15.216194,[14  6] ; [24 72],[ 6.55172414 13.44827586] ; [31.44827586 64.55172414],1
p12,1,0.009193,6.784902,[ 3 17] ; [ 2 95],[ 0.85470085 19.14529915] ; [ 4.14529915 92.85470085],0
p5,1,0.020074,5.405454,[ 2 18] ; [ 1 97],[ 0.50847458 19.49152542] ; [ 2.49152542 95.50847458],0
p11,1,0.510887,0.43225,[11  9] ; [46 52],[ 9.66101695 10.33898305] ; [47.33898305 50.66101695],0
p1,1,0.538283,0.378731,[ 2 18] ; [ 6 91],[ 1.36752137 18.63247863] ; [ 6.63247863 90.36752137],0
b1,1,0.933703,0.00692,[10 10] ; [48 50],[ 9.83050847 10.16949153] ; [48.16949153 49.83050847],0
