Feature,DoF,P Value,Chi Square,Observed,Expected,Is Significant
p6,1,0.001041,10.753237,[ 19 191] ; [13 37],[ 25.84615385 184.15384615] ; [ 6.15384615 43.84615385],0
p2,1,0.020456,5.37254,[116  96] ; [37 14],[123.33079848  88.66920152] ; [29.66920152 21.33079848],0
p4,1,0.120321,2.413138,[ 42 169] ; [15 35],[ 46.08045977 164.91954023] ; [10.91954023 39.08045977],0
p11,1,0.479269,0.500526,[130  82] ; [34 17],[132.19771863  79.80228137] ; [31.80228137 19.19771863],0
p12,1,0.610262,0.259794,[ 12 198] ; [ 2 49],[ 11.26436782 198.73563218] ; [ 2.73563218 48.26436782],0
p1,1,0.80205,0.062848,[ 10 201] ; [ 2 49],[  9.66412214 201.33587786] ; [ 2.33587786 48.66412214],0
p5,1,0.975692,0.000928,[  4 207] ; [ 1 50],[  4.02671756 206.97328244] ; [ 0.97328244 50.02671756],0
b1,1,0.999021,2e-06,[ 79 133] ; [19 32],[ 78.99619772 133.00380228] ; [19.00380228 31.99619772],0
