Feature,DoF,P Value,Chi Square,Observed,Expected,Is Significant
p9,1,0.0,92.39893,[337  34] ; [37 43],[307.65853659  63.34146341] ; [66.34146341 13.65853659],1
p8,1,0.0,49.832474,[281  89] ; [29 52],[254.32372506 115.67627494] ; [55.67627494 25.32372506],1
p6,1,0.0,27.010443,[217 154] ; [22 60],[195.73730684 175.26269316] ; [43.26269316 38.73730684],1
p11,1,7e-06,20.257519,[319  52] ; [54 29],[304.80837004  66.19162996] ; [68.19162996 14.80837004],1
p5,1,6e-05,16.095129,[ 70 300] ; [ 1 82],[ 57.99116998 312.00883002] ; [13.00883002 69.99116998],1
p12,1,0.077386,3.118954,[ 36 335] ; [ 3 79],[ 31.94039735 339.05960265] ; [ 7.05960265 74.94039735],0
p1,1,0.084097,2.983896,[ 42 328] ; [ 4 77],[ 37.7383592 332.2616408] ; [ 8.2616408 72.7383592],0
b1,1,0.498416,0.458308,[149 222] ; [30 53],[146.2753304 224.7246696] ; [32.7246696 50.2753304],0
