Feature,DoF,P Value,Chi Square,Observed,Expected,Is Significant
p1,1,0.004542,8.053342,[ 6 35] ; [  8 209],[ 2.2248062 38.7751938] ; [ 11.7751938 205.2248062],0
p11,1,0.131064,2.279861,[27 14] ; [167  50],[30.82945736 10.17054264] ; [163.17054264  53.82945736],0
p12,1,0.307481,1.041464,[ 4 37] ; [ 12 204],[ 2.55252918 38.44747082] ; [ 13.44747082 202.55252918],0
p9,1,0.560852,0.338232,[36  5] ; [196  20],[37.01167315  3.98832685] ; [194.98832685  21.01167315],0
b1,1,0.723057,0.125583,[14 27] ; [ 68 149],[13.03100775 27.96899225] ; [ 68.96899225 148.03100775],0
p8,1,0.873006,0.025549,[14 27] ; [ 70 143],[13.55905512 27.44094488] ; [ 70.44094488 142.55905512],0
p5,1,0.944895,0.004777,[ 2 39] ; [ 10 206],[ 1.91439689 39.08560311] ; [ 10.08560311 205.91439689],0
