Feature,DoF,P Value,Chi Square,Observed,Expected,Is Significant
p10,1,0.0,34.09474,[235  12] ; [23 12],[225.9787234  21.0212766] ; [32.0212766  2.9787234],1
p8,1,3.1e-05,17.359824,[189  58] ; [15 20],[178.68085106  68.31914894] ; [25.31914894  9.68085106],1
p5,1,0.01623,5.777798,[ 58 189] ; [ 2 33],[ 52.55319149 194.44680851] ; [ 7.44680851 27.55319149],0
p2,1,0.018499,5.548225,[228  19] ; [28  7],[224.22695035  22.77304965] ; [31.77304965  3.22695035],0
p11,1,0.035953,4.399315,[211  36] ; [25 10],[206.70921986  40.29078014] ; [29.29078014  5.70921986],0
p3,1,0.291837,1.111125,[176  70] ; [22 13],[173.33807829  72.66192171] ; [24.66192171 10.33807829],0
b1,1,0.778398,0.07919,[105 142] ; [14 21],[104.23049645 142.76950355] ; [14.76950355 20.23049645],0
p1,1,0.940706,0.005533,[ 34 212] ; [ 5 30],[ 34.14234875 211.85765125] ; [ 4.85765125 30.14234875],0
p12,1,0.956429,0.002985,[ 36 210] ; [ 5 30],[ 35.89323843 210.10676157] ; [ 5.10676157 29.89323843],0
