Feature,DoF,P Value,Chi Square,Observed,Expected,Is Significant
p8,1,0.00801,7.031309,[21 20] ; [238  95],[28.39304813 12.60695187] ; [230.60695187 102.39304813],0
p11,1,0.0524,3.762951,[31 10] ; [291  44],[35.11170213  5.88829787] ; [286.88829787  48.11170213],0
p5,1,0.071274,3.253443,[ 4 36] ; [ 74 258],[ 8.38709677 31.61290323] ; [ 69.61290323 262.38709677],0
p6,1,0.163604,1.940591,[18 23] ; [185 149],[22.19466667 18.80533333] ; [180.80533333 153.19466667],0
p1,1,0.322562,0.978529,[ 3 38] ; [ 42 290],[ 4.9463807 36.0536193] ; [ 40.0536193 291.9463807],0
p12,1,0.475239,0.509768,[ 4 37] ; [ 46 288],[ 5.46666667 35.53333333] ; [ 44.53333333 289.46666667],0
b1,1,0.767727,0.087231,[18 23] ; [139 196],[17.11968085 23.88031915] ; [139.88031915 195.11968085],0
