Feature,DoF,P Value,Chi Square,Observed,Expected,Is Significant
p11,1,0.002036,9.517094,[21 14] ; [93 17],[27.51724138  7.48275862] ; [86.48275862 23.51724138],0
b1,1,0.159179,1.982005,[15 20] ; [33 77],[11.5862069 23.4137931] ; [36.4137931 73.5862069],0
p6,1,0.173044,1.856375,[12 21] ; [26 81],[ 8.95714286 24.04285714] ; [29.04285714 77.95714286],0
p1,1,0.295216,1.09568,[ 2 33] ; [13 96],[ 3.64583333 31.35416667] ; [11.35416667 97.64583333],0
p3,1,0.559864,0.33994,[13 22] ; [35 75],[11.5862069 23.4137931] ; [36.4137931 73.5862069],0
p5,1,0.622224,0.242754,[ 2 33] ; [  9 100],[ 2.67361111 32.32638889] ; [  8.32638889 100.67361111],0
p12,1,0.649449,0.206596,[ 1 34] ; [  5 103],[ 1.46853147 33.53146853] ; [  4.53146853 103.46853147],0
p2,1,0.937808,0.006088,[30  5] ; [94 15],[30.13888889  4.86111111] ; [93.86111111 15.13888889],0
