Feature,DoF,P Value,Chi Square,Observed,Expected,Is Significant
p3,1,0.0,26.370574,[227  72] ; [ 8 19],[215.53680982  83.46319018] ; [19.46319018  7.53680982],1
p6,1,0.000321,12.944677,[184 115] ; [ 7 20],[175.1809816 123.8190184] ; [15.8190184 11.1809816],1
p11,1,0.003141,8.723624,[268  31] ; [19  8],[263.23006135  35.76993865] ; [23.76993865  3.23006135],0
b1,1,0.010338,6.575788,[123 176] ; [18  9],[129.32208589 169.67791411] ; [11.67791411 15.32208589],0
p2,1,0.011151,6.44103,[281  17] ; [22  5],[277.82769231  20.17230769] ; [25.17230769  1.82769231],0
