Feature,DoF,P Value,Chi Square,Observed,Expected,Is Significant
p7,1,1.1e-05,19.417659,[58 27] ; [227  29],[71.04105572 13.95894428] ; [213.95894428  42.04105572],1
p5,1,2.6e-05,17.712963,[ 4 83] ; [ 66 192],[17.65217391 69.34782609] ; [ 52.34782609 205.65217391],1
p11,1,0.00025,13.410522,[61 26] ; [225  33],[72.12173913 14.87826087] ; [213.87826087  44.12173913],1
p12,1,0.004927,7.905878,[ 3 84] ; [ 38 220],[10.33913043 76.66086957] ; [ 30.66086957 227.33913043],0
p10,1,0.014626,5.960919,[70 16] ; [234  23],[76.22157434  9.77842566] ; [227.77842566  29.22157434],0
p1,1,0.14316,2.143654,[ 7 80] ; [ 36 220],[10.90670554 76.09329446] ; [ 32.09329446 223.90670554],0
p9,1,0.167667,1.903678,[76 11] ; [238  20],[79.1826087  7.8173913] ; [234.8173913  23.1826087],0
b1,1,0.694923,0.153808,[33 54] ; [104 154],[34.54782609 52.45217391] ; [102.45217391 155.54782609],0
