Feature,DoF,P Value,Chi Square,Observed,Expected,Is Significant
p7,1,0.158867,1.984974,[31 19] ; [7 1],[32.75862069 17.24137931] ; [5.24137931 2.75862069],0
p11,1,0.330063,0.94865,[22 28] ; [5 3],[23.27586207 26.72413793] ; [3.72413793 4.27586207],0
p8,1,0.355233,0.854677,[22 27] ; [5 3],[23.21052632 25.78947368] ; [3.78947368 4.21052632],0
b1,1,0.361437,0.832894,[29 21] ; [6 2],[30.17241379 19.82758621] ; [4.82758621 3.17241379],0
p4,1,0.691108,0.157889,[34 16] ; [6 2],[34.48275862 15.51724138] ; [5.51724138 2.48275862],0
