Feature,DoF,P Value,Chi Square,Observed,Expected,Is Significant
p11,1,0.00017,14.1375,[87 17] ; [29 23],[77.33333333 26.66666667] ; [38.66666667 13.33333333],1
b1,1,0.010924,6.477694,[34 70] ; [28 24],[41.33333333 62.66666667] ; [20.66666667 31.33333333],0
p2,1,0.047003,3.94529,[88 16] ; [37 15],[83.33333333 20.66666667] ; [41.66666667 10.33333333],0
p3,1,0.343144,0.89865,[34 70] ; [21 31],[36.66666667 67.33333333] ; [18.33333333 33.66666667],0
p12,1,0.366282,0.816241,[ 5 97] ; [ 1 51],[ 3.97402597 98.02597403] ; [ 2.02597403 49.97402597],0
p5,1,0.369259,0.806158,[ 8 96] ; [ 2 49],[ 6.70967742 97.29032258] ; [ 3.29032258 47.70967742],0
