Feature,DoF,P Value,Chi Square,Observed,Expected,Is Significant
p9,1,0.0,40.456735,[19  9] ; [408  16],[26.45132743  1.54867257] ; [400.54867257  23.45132743],1
p11,1,0.058166,3.588911,[21  7] ; [372  53],[24.29139073  3.70860927] ; [368.70860927  56.29139073],0
b1,1,0.058679,3.574334,[16 12] ; [166 259],[11.24944812 16.75055188] ; [170.75055188 254.24944812],0
p3,1,0.128254,2.313509,[16 12] ; [300 124],[19.57522124  8.42477876] ; [296.42477876 127.57522124],0
p8,1,0.480936,0.496739,[17 10] ; [293 129],[18.64142539  8.35857461] ; [291.35857461 130.64142539],0
p1,1,0.494835,0.465996,[ 2 26] ; [ 48 376],[ 3.09734513 24.90265487] ; [ 46.90265487 377.09734513],0
p12,1,0.518144,0.417586,[ 2 26] ; [ 47 378],[ 3.02869757 24.97130243] ; [ 45.97130243 379.02869757],0
p6,1,0.55074,0.355993,[13 15] ; [221 202],[14.52771619 13.47228381] ; [219.47228381 203.52771619],0
p5,1,0.57408,0.315903,[ 6 20] ; [ 79 345],[ 4.91111111 21.08888889] ; [ 80.08888889 343.91111111],0
