Feature,DoF,P Value,Chi Square,Observed,Expected,Is Significant
p9,1,0.0,53.636874,[251   7] ; [16 10],[242.55633803  15.44366197] ; [24.44366197  1.55633803],1
p4,1,0.0,31.679768,[221  37] ; [10 15],[210.59363958  47.40636042] ; [20.40636042  4.59363958],1
p7,1,5e-06,20.959676,[224  29] ; [13 11],[216.46570397  36.53429603] ; [20.53429603  3.46570397],1
p11,1,0.000117,14.834748,[218  40] ; [14 12],[210.76056338  47.23943662] ; [21.23943662  4.76056338],1
p3,1,0.096297,2.765818,[180  78] ; [14 12],[176.23943662  81.76056338] ; [17.76056338  8.23943662],0
p5,1,0.238415,1.389942,[ 55 203] ; [ 3 23],[ 52.69014085 205.30985915] ; [ 5.30985915 20.69014085],0
p1,1,0.419379,0.652055,[ 34 223] ; [ 2 24],[ 32.69257951 224.30742049] ; [ 3.30742049 22.69257951],0
b1,1,0.546482,0.363657,[105 153] ; [ 9 17],[103.56338028 154.43661972] ; [10.43661972 15.56338028],0
