Feature,DoF,P Value,Chi Square,Observed,Expected,Is Significant
p8,1,0.027585,4.853795,[15 10] ; [ 8 19],[11.05769231 13.94230769] ; [11.94230769 15.05769231],0
p5,1,0.066098,3.377348,[ 5 20] ; [ 1 26],[ 2.88461538 22.11538462] ; [ 3.11538462 23.88461538],0
b1,1,0.087575,2.918385,[10 15] ; [ 5 22],[ 7.21153846 17.78846154] ; [ 7.78846154 19.21153846],0
p12,1,0.183759,1.766961,[ 5 20] ; [ 2 25],[ 3.36538462 21.63461538] ; [ 3.63461538 23.36538462],0
p9,1,0.186262,1.746938,[24  1] ; [23  4],[22.59615385  2.40384615] ; [24.40384615  2.59615385],0
p1,1,0.374742,0.787879,[ 5 20] ; [ 3 24],[ 3.84615385 21.15384615] ; [ 4.15384615 22.84615385],0
p11,1,0.457942,0.550919,[19  6] ; [18  9],[17.78846154  7.21153846] ; [19.21153846  7.78846154],0
p4,1,0.667817,0.184167,[13 11] ; [13 14],[12.23529412 11.76470588] ; [13.76470588 13.23529412],0
