Feature,DoF,P Value,Chi Square,Observed,Expected,Is Significant
p10,1,4.5e-05,16.637958,[239  37] ; [18 13],[231.04885993  44.95114007] ; [25.95114007  5.04885993],1
p11,1,0.013358,6.121008,[217  61] ; [18 13],[211.42394822  66.57605178] ; [23.57605178  7.42394822],0
p8,1,0.139496,2.183508,[ 98 175] ; [ 7 24],[ 94.29276316 178.70723684] ; [10.70723684 20.29276316],0
p12,1,0.285074,1.142742,[ 14 263] ; [ 3 28],[ 15.28896104 261.71103896] ; [ 1.71103896 29.28896104],0
b1,1,0.546559,0.363518,[ 84 194] ; [11 20],[ 85.46925566 192.53074434] ; [ 9.53074434 21.46925566],0
p5,1,0.697674,0.150902,[ 14 261] ; [ 1 28],[ 13.56907895 261.43092105] ; [ 1.43092105 27.56907895],0
p1,1,0.838842,0.041361,[ 11 266] ; [ 1 30],[ 10.79220779 266.20779221] ; [ 1.20779221 29.79220779],0
