Feature,DoF,P Value,Chi Square,Observed,Expected,Is Significant
p1,1,0.300564,1.07169,[ 18 240] ; [ 11 220],[ 15.3006135 242.6993865] ; [ 13.6993865 217.3006135],0
p7,1,0.410224,0.678151,[123 124] ; [119 103],[127.44989339 119.55010661] ; [114.55010661 107.44989339],0
p8,1,0.418227,0.655291,[ 96 158] ; [ 94 133],[100.33264033 153.66735967] ; [ 89.66735967 137.33264033],0
b1,1,0.440267,0.595587,[ 82 176] ; [ 66 165],[ 78.08588957 179.91411043] ; [ 69.91411043 161.08588957],0
p12,1,0.457996,0.550788,[ 15 241] ; [ 10 219],[ 13.19587629 242.80412371] ; [ 11.80412371 217.19587629],0
p11,1,0.655563,0.198959,[207  51] ; [189  42],[208.93251534  49.06748466] ; [187.06748466  43.93251534],0
p5,1,0.66769,0.184316,[ 12 244] ; [  9 222],[ 11.03901437 244.96098563] ; [  9.96098563 221.03901437],0
p6,1,0.77865,0.079005,[ 46 208] ; [ 43 182],[ 47.19415449 206.80584551] ; [ 41.80584551 183.19415449],0
p3,1,0.984678,0.000369,[ 61 196] ; [ 55 176],[ 61.09016393 195.90983607] ; [ 54.90983607 176.09016393],0
