Feature,DoF,P Value,Chi Square,Observed,Expected,Is Significant
p5,1,5.9e-05,16.12103,[ 14 160] ; [ 74 258],[ 30.26086957 143.73913043] ; [ 57.73913043 274.26086957],1
p12,1,0.001453,10.136748,[  8 166] ; [ 46 288],[ 18.49606299 155.50393701] ; [ 35.50393701 298.49606299],0
p10,1,0.008388,6.948613,[154  20] ; [317  17],[161.32677165  12.67322835] ; [309.67322835  24.32677165],0
p1,1,0.029966,4.711232,[ 11 161] ; [ 42 290],[ 18.08730159 153.91269841] ; [ 34.91269841 297.08730159],0
b1,1,0.247626,1.336649,[ 63 111] ; [139 196],[ 69.05304519 104.94695481] ; [132.94695481 202.05304519],0
p11,1,0.875798,0.024429,[152  22] ; [291  44],[151.43811395  22.56188605] ; [291.56188605  43.43811395],0
p2,1,0.997757,8e-06,[160  13] ; [308  25],[160.00790514  12.99209486] ; [307.99209486  25.00790514],0
