Feature,DoF,P Value,Chi Square,Observed,Expected,Is Significant
p7,1,0.0,127.484676,[21 56] ; [243  28],[58.4137931 18.5862069] ; [205.5862069  65.4137931],1
p4,1,0.0,108.620975,[24 55] ; [241  33],[59.30594901 19.69405099] ; [205.69405099  68.30594901],1
p6,1,0.0,44.091085,[13 66] ; [158 110],[38.93083573 40.06916427] ; [132.06916427 135.93083573],1
p11,1,6e-06,20.573862,[54 26] ; [243  31],[67.11864407 12.88135593] ; [229.88135593  44.11864407],1
p5,1,3.5e-05,17.098866,[ 2 74] ; [ 65 209],[14.54857143 61.45142857] ; [ 52.45142857 221.54857143],1
p10,1,0.006272,7.470462,[65 15] ; [250  22],[71.59090909  8.40909091] ; [243.40909091  28.59090909],0
p1,1,0.150307,2.069131,[ 7 73] ; [ 41 232],[10.87818697 69.12181303] ; [ 37.12181303 235.87818697],0
p12,1,0.252728,1.308163,[ 7 73] ; [ 37 236],[ 9.97167139 70.02832861] ; [ 34.02832861 238.97167139],0
b1,1,0.510578,0.432883,[36 44] ; [112 162],[33.44632768 46.55367232] ; [114.55367232 159.44632768],0
