Feature,DoF,P Value,Chi Square,Observed,Expected,Is Significant
p1,1,0.001674,9.877005,[ 3 14] ; [  8 273],[ 0.62751678 16.37248322] ; [ 10.37248322 270.62751678],0
b1,1,0.01575,5.830524,[11  6] ; [101 183],[ 6.3255814 10.6744186] ; [105.6744186 178.3255814],0
p7,1,0.022317,5.220872,[10  7] ; [ 88 188],[ 5.68600683 11.31399317] ; [ 92.31399317 183.68600683],0
p11,1,0.093935,2.805613,[8 9] ; [190  94],[11.18272425  5.81727575] ; [186.81727575  97.18272425],0
p10,1,0.605001,0.267518,[10  7] ; [182  98],[10.98989899  6.01010101] ; [181.01010101  98.98989899],0
p9,1,0.616787,0.25041,[13  4] ; [194  80],[12.09278351  4.90721649] ; [194.90721649  79.09278351],0
