Feature,DoF,P Value,Chi Square,Observed,Expected,Is Significant
p11,1,0.0,35.336431,[526  83] ; [34 26],[509.77578475  99.22421525] ; [50.22421525  9.77578475],1
p7,1,9e-06,19.655452,[425 172] ; [26 34],[409.81278539 187.18721461] ; [41.18721461 18.81278539],1
p4,1,2.8e-05,17.560739,[408 200] ; [24 36],[393.19760479 214.80239521] ; [38.80239521 21.19760479],1
p3,1,0.000117,14.841089,[341 268] ; [18 42],[326.80269058 282.19730942] ; [32.19730942 27.80269058],1
p6,1,0.000464,12.256998,[251 354] ; [11 49],[238.36090226 366.63909774] ; [23.63909774 36.36090226],1
p12,1,0.048379,3.896757,[ 56 551] ; [ 1 58],[ 51.95045045 555.04954955] ; [ 5.04954955 53.95045045],0
b1,1,0.067735,3.337075,[212 397] ; [28 32],[218.47533632 390.52466368] ; [21.52466368 38.47533632],0
p1,1,0.286632,1.135372,[ 56 552] ; [ 3 56],[ 53.78110945 554.21889055] ; [ 5.21889055 53.78110945],0
