Feature,DoF,P Value,Chi Square,Observed,Expected,Is Significant
p4,1,0.009642,6.699865,[ 6 13] ; [55 31],[11.03809524  7.96190476] ; [49.96190476 36.03809524],0
p11,1,0.079491,3.075286,[ 9 10] ; [59 27],[12.3047619  6.6952381] ; [55.6952381 30.3047619],0
b1,1,0.443011,0.588472,[12  7] ; [46 40],[10.4952381  8.5047619] ; [47.5047619 38.4952381],0
p1,1,0.456125,0.555386,[ 2 17] ; [ 5 81],[ 1.26666667 17.73333333] ; [ 5.73333333 80.26666667],0
p6,1,0.555395,0.34774,[ 6 13] ; [33 52],[ 7.125 11.875] ; [31.875 53.125],0
p5,1,0.660276,0.193189,[ 1 18] ; [ 7 78],[ 1.46153846 17.53846154] ; [ 6.53846154 78.46153846],0
