Feature,DoF,P Value,Chi Square,Observed,Expected,Is Significant
p10,1,1e-06,24.333508,[ 4 17] ; [123  46],[14.03684211  6.96315789] ; [112.96315789  56.03684211],1
b1,1,0.002165,9.403758,[14  7] ; [ 55 114],[ 7.62631579 13.37368421] ; [ 61.37368421 107.62631579],0
p11,1,0.00498,7.886689,[ 9 12] ; [123  46],[14.58947368  6.41052632] ; [117.41052632  51.58947368],0
p1,1,0.006459,7.417582,[ 3 18] ; [  4 164],[ 0.77777778 20.22222222] ; [  6.22222222 161.77777778],0
p5,1,0.368561,0.808512,[ 1 20] ; [  3 166],[ 0.44210526 20.55789474] ; [  3.55789474 165.44210526],0
p6,1,0.477315,0.504991,[ 2 18] ; [ 27 141],[ 3.08510638 16.91489362] ; [ 25.91489362 142.08510638],0
