Feature,DoF,P Value,Chi Square,Observed,Expected,Is Significant
p10,1,0.0,50.420551,[17 27] ; [129  15],[34.17021277  9.82978723] ; [111.82978723  32.17021277],1
b1,1,0.0001,15.135158,[28 16] ; [ 45 100],[16.99470899 27.00529101] ; [56.00529101 88.99470899],1
p11,1,0.019056,5.496399,[28 16] ; [117  28],[33.75661376 10.24338624] ; [111.24338624  33.75661376],0
p7,1,0.085787,2.951704,[35  8] ; [97 46],[30.51612903 12.48387097] ; [101.48387097  41.51612903],0
p1,1,0.252616,1.308781,[ 5 39] ; [  9 136],[ 3.25925926 40.74074074] ; [ 10.74074074 134.25925926],0
p5,1,0.645731,0.211325,[ 3 41] ; [ 13 131],[ 3.74468085 40.25531915] ; [ 12.25531915 131.74468085],0
p6,1,0.891522,0.018599,[17 24] ; [61 82],[17.38043478 23.61956522] ; [60.61956522 82.38043478],0
