Feature,DoF,P Value,Chi Square,Observed,Expected,Is Significant
p11,1,0.000939,10.944906,[139  50] ; [31 30],[128.52  60.48] ; [41.48 19.52],1
p3,1,0.039068,4.257913,[ 35 153] ; [19 42],[ 40.77108434 147.22891566] ; [13.22891566 47.77108434],0
p1,1,0.091113,2.854604,[  8 181] ; [ 6 54],[ 10.62650602 178.37349398] ; [ 3.37349398 56.62650602],0
p12,1,0.190627,1.712768,[ 11 178] ; [ 1 59],[  9.10843373 179.89156627] ; [ 2.89156627 57.10843373],0
b1,1,0.215194,1.536132,[ 64 125] ; [26 35],[ 68.04 120.96] ; [21.96 39.04],0
p6,1,0.296238,1.091053,[ 27 161] ; [12 48],[ 29.56451613 158.43548387] ; [ 9.43548387 50.56451613],0
p5,1,0.614938,0.253046,[  4 183] ; [ 2 59],[  4.52419355 182.47580645] ; [ 1.47580645 59.52419355],0
