Feature,DoF,P Value,Chi Square,Observed,Expected,Is Significant
p9,1,0.0,131.107336,[26 61] ; [200  15],[65.10596026 21.89403974] ; [160.89403974  54.10596026],1
p11,1,0.0,44.349059,[40 50] ; [177  38],[64.03278689 25.96721311] ; [152.96721311  62.03278689],1
p8,1,0.0,26.895008,[10 80] ; [ 88 123],[29.30232558 60.69767442] ; [ 68.69767442 142.30232558],1
p3,1,0.005024,7.870641,[ 8 81] ; [ 49 166],[16.6875 72.3125] ; [ 40.3125 174.6875],0
p6,1,0.007181,7.227094,[ 5 83] ; [ 37 174],[12.36120401 75.63879599] ; [ 29.63879599 181.36120401],0
b1,1,0.008127,7.005224,[41 49] ; [ 64 151],[30.98360656 59.01639344] ; [ 74.01639344 140.98360656],0
p1,1,0.191148,1.708748,[ 7 82] ; [  9 206],[ 4.68421053 84.31578947] ; [ 11.31578947 203.68421053],0
p5,1,0.219303,1.508924,[ 1 89] ; [  8 207],[ 2.6557377 87.3442623] ; [  6.3442623 208.6557377],0
p12,1,0.402829,0.699865,[ 2 87] ; [  9 204],[ 3.24172185 85.75827815] ; [  7.75827815 205.24172185],0
