Feature,DoF,P Value,Chi Square,Observed,Expected,Is Significant
p6,1,0.041066,4.173289,[ 35 101] ; [17 23],[40.18181818 95.81818182] ; [11.81818182 28.18181818],0
b1,1,0.248557,1.331396,[49 91] ; [18 22],[52.11111111 87.88888889] ; [14.88888889 25.11111111],0
p12,1,0.249327,1.327072,[  7 132] ; [ 4 36],[  8.54189944 130.45810056] ; [ 2.45810056 37.54189944],0
p5,1,0.25395,1.301443,[  5 135] ; [ 3 35],[  6.29213483 133.70786517] ; [ 1.70786517 36.29213483],0
p1,1,0.337904,0.918367,[  8 132] ; [ 4 36],[  9.33333333 130.66666667] ; [ 2.66666667 37.33333333],0
p8,1,0.338864,0.914726,[71 68] ; [17 23],[68.33519553 70.66480447] ; [19.66480447 20.33519553],0
p11,1,0.561749,0.336685,[111  29] ; [30 10],[109.66666667  30.33333333] ; [31.33333333  8.66666667],0
p10,1,0.86397,0.029351,[123  16] ; [35  5],[122.69273743  16.30726257] ; [35.30726257  4.69273743],0
