Feature,DoF,P Value,Chi Square,Observed,Expected,Is Significant
p3,1,0.0,80.530187,[ 35 153] ; [341 268],[88.69259724 99.30740276] ; [287.30740276 321.69259724],1
p7,1,0.0,70.808853,[ 68 116] ; [425 172],[116.14852753  67.85147247] ; [376.85147247 220.14852753],1
p6,1,0.0,46.355657,[ 27 161] ; [251 354],[ 65.90668348 122.09331652] ; [212.09331652 392.90668348],1
p5,1,6e-06,20.533152,[  4 183] ; [ 86 522],[ 21.16981132 165.83018868] ; [ 68.83018868 539.16981132],1
p11,1,3.6e-05,17.084401,[139  50] ; [526  83],[157.5  31.5] ; [507.5 101.5],1
p1,1,0.027851,4.837278,[  8 181] ; [ 56 552],[ 15.17691343 173.82308657] ; [ 48.82308657 559.17691343],0
p12,1,0.140869,2.168438,[ 11 178] ; [ 56 551],[ 15.90829146 173.09170854] ; [ 51.09170854 555.90829146],0
b1,1,0.81068,0.057384,[ 64 125] ; [212 397],[ 65.36842105 123.63157895] ; [210.63157895 398.36842105],0
