Feature,DoF,P Value,Chi Square,Observed,Expected,Is Significant
p9,1,9e-06,19.751779,[17 28] ; [29  4],[26.53846154 18.46153846] ; [19.46153846 13.53846154],1
p11,1,0.000861,11.104386,[20 25] ; [27  6],[27.11538462 17.88461538] ; [19.88461538 13.11538462],1
b1,1,0.09354,2.812369,[25 20] ; [12 21],[21.34615385 23.65384615] ; [15.65384615 17.34615385],0
p7,1,0.209075,1.577819,[24 21] ; [21 10],[26.64473684 18.35526316] ; [18.35526316 12.64473684],0
p5,1,0.356295,0.850909,[ 6 39] ; [ 7 26],[ 7.5 37.5] ; [ 5.5 27.5],0
p6,1,0.547986,0.360937,[17 27] ; [15 18],[18.28571429 25.71428571] ; [13.71428571 19.28571429],0
p1,1,0.819696,0.051955,[ 6 39] ; [ 5 28],[ 6.34615385 38.65384615] ; [ 4.65384615 28.34615385],0
