Feature,DoF,P Value,Chi Square,Observed,Expected,Is Significant
p8,1,3e-05,17.412886,[ 63 134] ; [22  9],[ 73.44298246 123.55701754] ; [11.55701754 19.44298246],1
b1,1,0.001085,10.675803,[ 62 137] ; [19 12],[ 70.0826087 128.9173913] ; [10.9173913 20.0826087],0
p3,1,0.035741,4.409399,[ 70 129] ; [17 14],[ 75.27391304 123.72608696] ; [11.72608696 19.27391304],0
p1,1,0.046331,3.969519,[ 16 183] ; [ 6 25],[ 19.03478261 179.96521739] ; [ 2.96521739 28.03478261],0
p11,1,0.062922,3.458651,[153  46] ; [19 12],[148.8173913  50.1826087] ; [23.1826087  7.8173913],0
p5,1,0.371415,0.798926,[ 16 183] ; [ 4 27],[ 17.30434783 181.69565217] ; [ 2.69565217 28.30434783],0
