Feature,DoF,P Value,Chi Square,Observed,Expected,Is Significant
p9,1,0.004011,8.278948,[49 16] ; [18 20],[42.2815534 22.7184466] ; [24.7184466 13.2815534],0
p8,1,0.146537,2.107932,[28 37] ; [22 16],[31.55339806 33.44660194] ; [18.44660194 19.55339806],0
p5,1,0.480553,0.497608,[ 3 63] ; [ 3 35],[ 3.80769231 62.19230769] ; [ 2.19230769 35.80769231],0
p11,1,0.523803,0.406399,[49 17] ; [26 12],[47.59615385 18.40384615] ; [27.40384615 10.59615385],0
p1,1,0.59765,0.278555,[ 8 58] ; [ 6 32],[ 8.88461538 57.11538462] ; [ 5.11538462 32.88461538],0
b1,1,0.881682,0.022153,[32 34] ; [19 19],[32.36538462 33.63461538] ; [18.63461538 19.36538462],0
p7,1,0.939039,0.005849,[44 21] ; [26 12],[44.17475728 20.82524272] ; [25.82524272 12.17475728],0
