Feature,DoF,P Value,Chi Square,Observed,Expected,Is Significant
p10,1,0.0,55.106894,[196  35] ; [10 25],[178.89473684  52.10526316] ; [27.10526316  7.89473684],1
b1,1,0.000726,11.422218,[ 69 163] ; [21 15],[ 77.91044776 154.08955224] ; [12.08955224 23.91044776],1
p11,1,0.01575,5.830563,[179  53] ; [21 15],[173.13432836  58.86567164] ; [26.86567164  9.13432836],0
p7,1,0.019242,5.479382,[ 89 132] ; [22 14],[ 95.45136187 125.54863813] ; [15.54863813 20.45136187],0
p6,1,0.073642,3.199913,[ 36 194] ; [10 26],[ 39.77443609 190.22556391] ; [ 6.22556391 29.77443609],0
p8,1,0.137688,2.203608,[ 75 153] ; [16 19],[ 78.88973384 149.11026616] ; [12.11026616 22.88973384],0
p1,1,0.299096,1.078222,[ 10 221] ; [ 3 33],[ 11.24719101 219.75280899] ; [ 1.75280899 34.24719101],0
p2,1,0.605829,0.266293,[176  55] ; [26 10],[174.76404494  56.23595506] ; [27.23595506  8.76404494],0
p5,1,0.680412,0.169663,[ 10 220] ; [ 1 34],[  9.54716981 220.45283019] ; [ 1.45283019 33.54716981],0
