Feature,DoF,P Value,Chi Square,Observed,Expected,Is Significant
p10,1,1e-06,23.581659,[124  29] ; [317  17],[138.54825462  14.45174538] ; [302.45174538  31.54825462],1
p5,1,3.5e-05,17.131971,[ 11 145] ; [ 74 258],[ 27.17213115 128.82786885] ; [ 57.82786885 274.17213115],1
p8,1,0.000142,14.477368,[83 71] ; [238  95],[101.50718686  52.49281314] ; [219.49281314 113.50718686],1
p12,1,0.000889,11.044971,[  6 150] ; [ 46 288],[ 16.55510204 139.44489796] ; [ 35.44489796 298.55510204],1
p6,1,0.00371,8.420674,[64 91] ; [185 149],[78.92638037 76.07361963] ; [170.07361963 163.92638037],0
p7,1,0.014699,5.952215,[106  49] ; [261  71],[116.80698152  38.19301848] ; [250.19301848  81.80698152],0
p11,1,0.035329,4.429191,[124  32] ; [291  44],[131.85336049  24.14663951] ; [283.14663951  51.85336049],0
p1,1,0.063749,3.437067,[ 11 145] ; [ 42 290],[ 16.94262295 139.05737705] ; [ 36.05737705 295.94262295],0
b1,1,0.188169,1.731899,[ 55 101] ; [139 196],[61.63747454 94.36252546] ; [132.36252546 202.63747454],0
