Feature,DoF,P Value,Chi Square,Observed,Expected,Is Significant
p8,1,0.000605,11.760948,[ 63 134] ; [73 72],[ 78.33918129 118.66081871] ; [57.66081871 87.33918129],1
p12,1,0.033936,4.497944,[ 16 182] ; [  4 144],[ 11.44508671 186.55491329] ; [  8.55491329 139.44508671],0
p1,1,0.036105,4.392151,[ 16 183] ; [  4 143],[ 11.50289017 187.49710983] ; [  8.49710983 138.50289017],0
p10,1,0.064133,3.42713,[172  27] ; [116  31],[165.6416185  33.3583815] ; [122.3583815  24.6416185],0
p5,1,0.139877,2.179316,[ 16 183] ; [  6 140],[ 12.68985507 186.31014493] ; [  9.31014493 136.68985507],0
p4,1,0.153819,2.033962,[ 96 103] ; [60 88],[ 89.46397695 109.53602305] ; [66.53602305 81.46397695],0
b1,1,0.297852,1.083787,[ 62 137] ; [54 94],[ 66.52449568 132.47550432] ; [49.47550432 98.52449568],0
p11,1,0.793216,0.068716,[153  46] ; [112  36],[151.9740634  47.0259366] ; [113.0259366  34.9740634],0
