Feature,DoF,P Value,Chi Square,Observed,Expected,Is Significant
p10,1,0.0,60.960255,[160  30] ; [ 8 28],[141.23893805  48.76106195] ; [26.76106195  9.23893805],1
p11,1,0.004752,7.971382,[144  46] ; [19 17],[137.03539823  52.96460177] ; [25.96460177 10.03539823],0
b1,1,0.007634,7.117465,[ 66 124] ; [21 15],[ 73.14159292 116.85840708] ; [13.85840708 22.14159292],0
p6,1,0.016562,5.742167,[ 29 161] ; [11 23],[ 33.92857143 156.07142857] ; [ 6.07142857 27.92857143],0
p5,1,0.13969,2.181372,[  9 178] ; [ 4 32],[ 10.90134529 176.09865471] ; [ 2.09865471 33.90134529],0
p1,1,0.373222,0.792908,[ 13 177] ; [ 4 32],[ 14.2920354 175.7079646] ; [ 2.7079646 33.2920354],0
p2,1,0.586632,0.295635,[134  56] ; [27  9],[135.3539823  54.6460177] ; [25.6460177 10.3539823],0
