Feature,DoF,P Value,Chi Square,Observed,Expected,Is Significant
p6,1,0.001264,10.393985,[17 18] ; [ 1 18],[11.66666667 23.33333333] ; [ 6.33333333 12.66666667],0
p7,1,0.00523,7.798161,[30  6] ; [ 9 10],[25.52727273 10.47272727] ; [13.47272727  5.52727273],0
p10,1,0.183001,1.773084,[12 25] ; [ 3 16],[ 9.91071429 27.08928571] ; [ 5.08928571 13.91071429],0
p11,1,0.217612,1.52005,[22 15] ; [ 8 11],[19.82142857 17.17857143] ; [10.17857143  8.82142857],0
p1,1,0.344601,0.893239,[ 5 32] ; [ 1 18],[ 3.96428571 33.03571429] ; [ 2.03571429 16.96428571],0
p3,1,0.563059,0.334435,[20 16] ; [ 9 10],[18.98181818 17.01818182] ; [10.01818182  8.98181818],0
b1,1,0.60997,0.260218,[24 13] ; [11  8],[23.125 13.875] ; [11.875  7.125],0
p5,1,0.97326,0.001124,[ 4 33] ; [ 2 16],[ 4.03636364 32.96363636] ; [ 1.96363636 16.03636364],0
