Feature,DoF,P Value,Chi Square,Observed,Expected,Is Significant
p1,1,1.4e-05,18.804234,[ 8 17] ; [ 16 235],[ 2.17391304 22.82608696] ; [ 21.82608696 229.17391304],1
p10,1,0.525616,0.40286,[17  8] ; [152  95],[15.53308824  9.46691176] ; [153.46691176  93.53308824],0
p9,1,0.54372,0.368688,[18  7] ; [161  83],[16.63568773  8.36431227] ; [162.36431227  81.63568773],0
b1,1,0.851683,0.034959,[11 14] ; [106 146],[10.55956679 14.44043321] ; [106.44043321 145.55956679],0
p11,1,0.897803,0.016496,[16  9] ; [158  94],[15.70397112  9.29602888] ; [158.29602888  93.70397112],0
p5,1,0.922502,0.009464,[ 1 24] ; [ 11 238],[ 1.09489051 23.90510949] ; [ 10.90510949 238.09489051],0
p2,1,0.973215,0.001127,[14 11] ; [142 110],[14.07942238 10.92057762] ; [141.92057762 110.07942238],0
