Feature,DoF,P Value,Chi Square,Observed,Expected,Is Significant
p4,1,0.0,27.12634,[34 16] ; [26 80],[19.23076923 30.76923077] ; [40.76923077 65.23076923],1
p7,1,0.000114,14.884921,[31 19] ; [31 74],[20. 30.] ; [42. 63.],1
p8,1,0.000614,11.731784,[22 27] ; [20 87],[13.19230769 35.80769231] ; [28.80769231 78.19230769],1
p5,1,0.005775,7.619056,[ 5 45] ; [  1 106],[ 1.91082803 48.08917197] ; [  4.08917197 102.91082803],0
p1,1,0.093805,2.807841,[ 6 44] ; [  5 102],[ 3.50318471 46.49681529] ; [ 7.49681529 99.50318471],0
b1,1,0.407229,0.686877,[29 21] ; [55 53],[26.58227848 23.41772152] ; [57.41772152 50.58227848],0
p11,1,0.87205,0.025939,[22 28] ; [49 59],[22.46835443 27.53164557] ; [48.53164557 59.46835443],0
