Feature,DoF,P Value,Chi Square,Observed,Expected,Is Significant
p9,1,0.008651,6.893453,[193  17] ; [228   6],[199.12162162  10.87837838] ; [221.87837838  12.12162162],0
p7,1,0.240998,1.374747,[193  14] ; [210  23],[189.59318182  17.40681818] ; [213.40681818  19.59318182],0
p1,1,0.31159,1.023926,[ 34 175] ; [ 30 203],[ 30.26244344 178.73755656] ; [ 33.73755656 199.26244344],0
b1,1,0.553358,0.351336,[ 92 118] ; [ 96 138],[ 88.91891892 121.08108108] ; [ 99.08108108 134.91891892],0
p5,1,0.663984,0.18872,[ 54 156] ; [ 56 178],[ 52.02702703 157.97297297] ; [ 57.97297297 176.02702703],0
p3,1,0.838675,0.041448,[158  52] ; [178  56],[158.91891892  51.08108108] ; [177.08108108  56.91891892],0
p11,1,0.889222,0.019402,[184  26] ; [204  30],[183.51351351  26.48648649] ; [204.48648649  29.51351351],0
p12,1,0.994831,4.2e-05,[ 33 176] ; [ 37 197],[ 33.0248307 175.9751693] ; [ 36.9751693 197.0248307],0
