Feature,DoF,P Value,Chi Square,Observed,Expected,Is Significant
p8,1,0.005745,7.628735,[20 10] ; [24 42],[13.75 16.25] ; [30.25 35.75],0
b1,1,0.025495,4.989947,[21  9] ; [30 36],[15.9375 14.0625] ; [35.0625 30.9375],0
p4,1,0.029357,4.746572,[19 11] ; [26 40],[14.0625 15.9375] ; [30.9375 35.0625],0
p5,1,0.178746,1.808016,[ 2 28] ; [ 1 65],[ 0.9375 29.0625] ; [ 2.0625 63.9375],0
p1,1,0.241478,1.371942,[ 4 26] ; [ 4 61],[ 2.52631579 27.47368421] ; [ 5.47368421 59.52631579],0
p10,1,0.346578,0.885946,[ 7 22] ; [22 43],[ 8.94680851 20.05319149] ; [20.05319149 44.94680851],0
p11,1,0.526698,0.400759,[18 12] ; [44 22],[19.375 10.625] ; [42.625 23.375],0
