Feature,DoF,P Value,Chi Square,Observed,Expected,Is Significant
p7,1,0.0,27.994032,[24  4] ; [20 53],[12.1980198 15.8019802] ; [31.8019802 41.1980198],1
p9,1,5e-06,20.736216,[12 16] ; [65 10],[20.93203883  7.06796117] ; [56.06796117 18.93203883],1
p4,1,1.3e-05,19.018374,[22  6] ; [23 52],[12.23300971 15.76699029] ; [32.76699029 42.23300971],1
p5,1,0.029576,4.733761,[ 4 24] ; [ 2 70],[ 1.68 26.32] ; [ 4.32 67.68],0
p1,1,0.094695,2.792696,[ 6 22] ; [ 7 69],[ 3.5 24.5] ; [ 9.5 66.5],0
p3,1,0.124285,2.362475,[13 15] ; [23 53],[ 9.69230769 18.30769231] ; [26.30769231 49.69230769],0
b1,1,0.148253,2.090131,[17 11] ; [34 42],[13.73076923 14.26923077] ; [37.26923077 38.73076923],0
p11,1,0.690061,0.159019,[18 10] ; [52 24],[18.84615385  9.15384615] ; [51.15384615 24.84615385],0
