Feature,DoF,P Value,Chi Square,Observed,Expected,Is Significant
p1,1,7e-06,20.171953,[  8 263] ; [ 9 39],[ 14.44200627 256.55799373] ; [ 2.55799373 45.44200627],1
p7,1,0.005636,7.663146,[128 139] ; [31 13],[136.50482315 130.49517685] ; [22.49517685 21.50482315],0
p9,1,0.012651,6.217211,[218  50] ; [46  2],[223.89873418  44.10126582] ; [40.10126582  7.89873418],0
p11,1,0.087873,2.912912,[213  60] ; [32 16],[208.36448598  64.63551402] ; [36.63551402 11.36448598],0
b1,1,0.227669,1.455363,[ 84 189] ; [19 29],[ 87.59813084 185.40186916] ; [15.40186916 32.59813084],0
p8,1,0.23601,1.404267,[109 158] ; [24 24],[112.73333333 154.26666667] ; [20.26666667 27.73333333],0
p12,1,0.311996,1.022206,[  9 261] ; [ 3 44],[ 10.22082019 259.77917981] ; [ 1.77917981 45.22082019],0
p5,1,0.48723,0.482637,[ 11 262] ; [ 3 45],[ 11.90654206 261.09345794] ; [ 2.09345794 45.90654206],0
