Feature,DoF,P Value,Chi Square,Observed,Expected,Is Significant
p10,1,0.0,30.8,[14 28] ; [74 16],[28. 14.] ; [60. 30.],1
p11,1,0.001408,10.194989,[27 16] ; [79 12],[34.01492537  8.98507463] ; [71.98507463 19.01492537],0
b1,1,0.032003,4.598323,[26 17] ; [37 54],[20.21641791 22.78358209] ; [42.78358209 48.21641791],0
p2,1,0.048731,3.88461,[34  9] ; [83  8],[37.54477612  5.45522388] ; [79.45522388 11.54477612],0
p1,1,0.751282,0.100457,[ 4 39] ; [ 7 84],[ 3.52985075 39.47014925] ; [ 7.47014925 83.52985075],0
p6,1,0.924772,0.008916,[19 24] ; [41 50],[19.25373134 23.74626866] ; [40.74626866 50.25373134],0
p5,1,0.947281,0.004372,[ 4 38] ; [ 9 82],[ 4.10526316 37.89473684] ; [ 8.89473684 82.10526316],0
