Feature,DoF,P Value,Chi Square,Observed,Expected,Is Significant
p11,1,0.0,41.272842,[111  29] ; [23 45],[90.19230769 49.80769231] ; [43.80769231 24.19230769],1
p8,1,0.0,34.900261,[71 68] ; [ 6 62],[51.70531401 87.29468599] ; [25.29468599 42.70531401],1
p3,1,0.001498,10.080837,[51 89] ; [10 57],[41.25603865 98.74396135] ; [19.74396135 47.25603865],0
p6,1,0.002384,9.227174,[ 35 101] ; [ 5 61],[ 26.93069307 109.06930693] ; [13.06930693 52.93069307],0
b1,1,0.013545,6.096465,[49 91] ; [36 32],[57.21153846 82.78846154] ; [27.78846154 40.21153846],0
p12,1,0.211329,1.562296,[  7 132] ; [ 1 67],[  5.37198068 133.62801932] ; [ 2.62801932 65.37198068],0
p5,1,0.39579,0.721081,[  5 135] ; [ 1 67],[  4.03846154 135.96153846] ; [ 1.96153846 66.03846154],0
p1,1,0.646965,0.209748,[  8 132] ; [ 5 63],[  8.75 131.25] ; [ 4.25 63.75],0
