Feature,DoF,P Value,Chi Square,Observed,Expected,Is Significant
p4,1,0.0,246.851946,[ 48 188] ; [308  55],[140.26043406  95.73956594] ; [215.73956594 147.26043406],1
p8,1,0.0,152.460232,[ 44 191] ; [255 107],[117.69681742 117.30318258] ; [181.30318258 180.69681742],1
p10,1,0.0,103.364186,[142  90] ; [341  20],[188.96458685  43.03541315] ; [294.03541315  66.96458685],1
p11,1,0.0,49.522099,[148  89] ; [316  47],[183.28  53.72] ; [280.72  82.28],1
p5,1,0.0,35.108876,[  8 228] ; [ 74 288],[ 32.36120401 203.63879599] ; [ 49.63879599 312.36120401],1
p1,1,0.000845,11.13912,[ 12 224] ; [ 49 313],[ 24.0735786 211.9264214] ; [ 36.9264214 325.0735786],1
p12,1,0.001586,9.976022,[ 11 223] ; [ 45 317],[ 21.98657718 212.01342282] ; [ 34.01342282 327.98657718],0
b1,1,0.318965,0.993184,[ 87 150] ; [148 215],[ 92.825 144.175] ; [142.175 220.825],0
