Feature,DoF,P Value,Chi Square,Observed,Expected,Is Significant
p7,1,0.0,119.5701,[21 56] ; [269  39],[58. 19.] ; [232.  76.],1
p3,1,0.0,63.327746,[23 57] ; [234  74],[52.98969072 27.01030928] ; [204.01030928 103.98969072],1
p6,1,0.0,42.314321,[13 66] ; [177 131],[38.78552972 40.21447028] ; [151.21447028 156.78552972],1
p11,1,0.0,30.489751,[54 26] ; [282  27],[69.10025707 10.89974293] ; [266.89974293  42.10025707],1
p5,1,7.3e-05,15.736637,[ 2 74] ; [ 69 240],[14.01558442 61.98441558] ; [ 56.98441558 252.01558442],1
p12,1,0.244691,1.353363,[ 7 73] ; [ 42 267],[10.07712082 69.92287918] ; [ 38.92287918 270.07712082],0
p1,1,0.367285,0.812829,[ 7 73] ; [ 38 269],[ 9.30232558 70.69767442] ; [ 35.69767442 271.30232558],0
b1,1,0.370448,0.80216,[36 44] ; [122 187],[32.49357326 47.50642674] ; [125.50642674 183.49357326],0
