Feature,DoF,P Value,Chi Square,Observed,Expected,Is Significant
p6,1,0.000198,13.853555,[ 10 103] ; [11 20],[16.47916667 96.52083333] ; [ 4.52083333 26.47916667],1
p8,1,0.000955,10.913684,[ 13 101] ; [11 19],[19. 95.] ; [ 5. 25.],1
p10,1,0.130827,2.282659,[51 60] ; [19 12],[54.71830986 56.28169014] ; [15.28169014 15.71830986],0
p11,1,0.290912,1.115398,[54 60] ; [18 13],[56.60689655 57.39310345] ; [15.39310345 15.60689655],0
p9,1,0.330974,0.945082,[55 52] ; [19 12],[57.37681159 49.62318841] ; [16.62318841 14.37681159],0
p5,1,0.422789,0.64255,[  4 109] ; [ 2 27],[  4.77464789 108.22535211] ; [ 1.22535211 27.77464789],0
p12,1,0.522651,0.408658,[  7 106] ; [ 1 30],[  6.27777778 106.72222222] ; [ 1.72222222 29.27777778],0
b1,1,0.532466,0.389683,[59 55] ; [18 13],[60.53793103 53.46206897] ; [16.46206897 14.53793103],0
p1,1,0.875659,0.024484,[ 10 104] ; [ 3 28],[ 10.22068966 103.77931034] ; [ 2.77931034 28.22068966],0
