Feature,DoF,P Value,Chi Square,Observed,Expected,Is Significant
p7,1,1e-06,24.882458,[106  49] ; [217  28],[125.1625  29.8375] ; [197.8375  47.1625],1
p8,1,7e-06,20.274866,[83 71] ; [186  60],[103.565  50.435] ; [165.435  80.565],1
p5,1,4.1e-05,16.831317,[ 11 145] ; [ 56 191],[ 25.93548387 130.06451613] ; [ 41.06451613 205.93548387],1
p12,1,0.00118,10.521999,[  6 150] ; [ 34 213],[ 15.48387097 140.51612903] ; [ 24.51612903 222.48387097],0
p9,1,0.007249,7.210301,[128  26] ; [227  20],[136.33416459  17.66583541] ; [218.66583541  28.33416459],0
p10,1,0.008896,6.843499,[124  29] ; [221  24],[132.62562814  20.37437186] ; [212.37437186  32.62562814],0
p1,1,0.021124,5.316504,[ 11 145] ; [ 36 210],[ 18.23880597 137.76119403] ; [ 28.76119403 217.23880597],0
b1,1,0.10781,2.586032,[ 55 101] ; [107 140],[62.70967742 93.29032258] ; [ 99.29032258 147.70967742],0
p11,1,0.185635,1.751923,[124  32] ; [209  38],[128.90322581  27.09677419] ; [204.09677419  42.90322581],0
