Feature,DoF,P Value,Chi Square,Observed,Expected,Is Significant
p7,1,2e-06,22.220441,[ 80 121] ; [71 33],[ 99.51147541 101.48852459] ; [51.48852459 52.51147541],1
p1,1,0.001275,10.377848,[  6 202] ; [13 96],[ 12.46687697 195.53312303] ; [  6.53312303 102.46687697],0
p2,1,0.014891,5.929288,[154  53] ; [94 15],[162.4556962  44.5443038] ; [85.5443038 23.4556962],0
p11,1,0.040111,4.213162,[155  53] ; [93 17],[162.21383648  45.78616352] ; [85.78616352 24.21383648],0
p5,1,0.102231,2.67039,[  8 198] ; [  9 100],[ 11.11746032 194.88253968] ; [  5.88253968 103.11746032],0
p6,1,0.438905,0.599143,[ 42 163] ; [26 81],[ 44.67948718 160.32051282] ; [23.32051282 83.67948718],0
p12,1,0.799989,0.064192,[ 11 197] ; [  5 103],[ 10.53164557 197.46835443] ; [  5.46835443 102.53164557],0
b1,1,0.957494,0.002841,[ 63 145] ; [33 77],[ 62.79245283 145.20754717] ; [33.20754717 76.79245283],0
