Feature,DoF,P Value,Chi Square,Observed,Expected,Is Significant
p10,1,0.0,127.162857,[23 50] ; [250  22],[57.76521739 15.23478261] ; [215.23478261  56.76521739],1
p4,1,0.0,66.879207,[32 41] ; [241  33],[57.43227666 15.56772334] ; [215.56772334  58.43227666],1
p7,1,0.0,57.711495,[37 36] ; [243  28],[59.41860465 13.58139535] ; [220.58139535  50.41860465],1
p11,1,0.0,38.11843,[42 31] ; [243  31],[59.95677233 13.04322767] ; [225.04322767  48.95677233],1
p12,1,0.003359,8.601241,[ 1 71] ; [ 37 236],[ 7.93043478 64.06956522] ; [ 30.06956522 242.93043478],0
p1,1,0.014068,6.029572,[ 3 69] ; [ 41 232],[ 9.1826087 62.8173913] ; [ 34.8173913 238.1826087],0
b1,1,0.380751,0.768275,[34 39] ; [112 162],[30.71469741 42.28530259] ; [115.28530259 158.71469741],0
