Feature,DoF,P Value,Chi Square,Observed,Expected,Is Significant
p8,1,0.0,39.841028,[12 77] ; [17  4],[23.46363636 65.53636364] ; [ 5.53636364 15.46363636],1
p7,1,1e-06,24.851391,[27 61] ; [19  2],[37.13761468 50.86238532] ; [ 8.86238532 12.13761468],1
p2,1,4e-06,21.246656,[35 54] ; [20  1],[44.5 44.5] ; [10.5 10.5],1
p3,1,0.001106,10.640966,[16 72] ; [11 10],[21.79816514 66.20183486] ; [ 5.20183486 15.79816514],0
p1,1,0.009716,6.686194,[ 5 83] ; [ 5 16],[ 8.0733945 79.9266055] ; [ 1.9266055 19.0733945],0
b1,1,0.018681,5.531171,[47 42] ; [17  4],[51.78181818 37.21818182] ; [12.21818182  8.78181818],0
p5,1,0.033513,4.519367,[ 1 88] ; [ 2 19],[ 2.42727273 86.57272727] ; [ 0.57272727 20.42727273],0
p11,1,0.060563,3.521887,[35 54] ; [13  8],[38.83636364 50.16363636] ; [ 9.16363636 11.83636364],0
