Feature,DoF,P Value,Chi Square,Observed,Expected,Is Significant
p3,1,0.002444,9.182233,[ 86 175] ; [ 47 180],[ 71.13319672 189.86680328] ; [ 61.86680328 165.13319672],0
p7,1,0.008211,6.986938,[ 96 161] ; [110 113],[110.29583333 146.70416667] ; [ 95.70416667 127.29583333],0
p10,1,0.009167,6.789959,[224  37] ; [174  53],[212.8647541  48.1352459] ; [185.1352459  41.8647541],0
p5,1,0.144234,2.132193,[ 15 241] ; [  7 220],[ 11.66045549 244.33954451] ; [ 10.33954451 216.66045549],0
p12,1,0.167603,1.904251,[ 18 244] ; [  9 216],[ 14.52566735 247.47433265] ; [ 12.47433265 212.52566735],0
b1,1,0.427559,0.629444,[ 92 170] ; [ 72 155],[ 87.86912065 174.13087935] ; [ 76.13087935 150.86912065],0
p1,1,0.526015,0.402083,[ 11 251] ; [  7 218],[  9.68377823 252.31622177] ; [  8.31622177 216.68377823],0
p11,1,0.597274,0.279127,[199  63] ; [177  50],[201.45603272  60.54396728] ; [174.54396728  52.45603272],0
