Feature,DoF,P Value,Chi Square,Observed,Expected,Is Significant
p9,1,0.0,41.018408,[37 91] ; [68 26],[60.54054054 67.45945946] ; [44.45945946 49.54054054],1
p2,1,3.5e-05,17.108564,[63 68] ; [71 23],[78.01777778 52.98222222] ; [55.98222222 38.01777778],1
p11,1,0.001804,9.738863,[56 75] ; [60 34],[67.53777778 63.46222222] ; [48.46222222 45.53777778],0
p1,1,0.085489,2.957338,[  7 123] ; [ 1 93],[  4.64285714 125.35714286] ; [ 3.35714286 90.64285714],0
p3,1,0.09351,2.812893,[ 30 101] ; [31 63],[35.51555556 95.48444444] ; [25.48444444 68.51555556],0
b1,1,0.26497,1.242605,[67 64] ; [41 53],[62.88 68.12] ; [45.12 48.88],0
p12,1,0.408531,0.68307,[  2 128] ; [ 3 91],[  2.90178571 127.09821429] ; [ 2.09821429 91.90178571],0
p5,1,0.492396,0.471286,[  3 128] ; [ 1 93],[  2.32888889 128.67111111] ; [ 1.67111111 92.32888889],0
