Feature,DoF,P Value,Chi Square,Observed,Expected,Is Significant
p8,1,1e-06,23.258581,[30 12] ; [ 8 34],[19. 23.] ; [19. 23.],1
p6,1,0.001178,10.525014,[19 24] ; [ 5 36],[12.28571429 30.71428571] ; [11.71428571 29.28571429],0
p3,1,0.037876,4.310594,[21 22] ; [11 30],[16.38095238 26.61904762] ; [15.61904762 25.38095238],0
p10,1,0.136497,2.217009,[14 28] ; [ 8 34],[11. 31.] ; [11. 31.],0
b1,1,0.159665,1.977398,[26 17] ; [19 23],[22.76470588 20.23529412] ; [22.23529412 19.76470588],0
p11,1,0.595138,0.282392,[27 16] ; [24 18],[25.8 17.2] ; [25.2 16.8],0
p1,1,0.943542,0.005015,[ 4 39] ; [ 4 37],[ 4.0952381 38.9047619] ; [ 3.9047619 37.0952381],0
