Feature,DoF,P Value,Chi Square,Observed,Expected,Is Significant
p7,1,0.0,28.82577,[21 10] ; [22 96],[ 8.94630872 22.05369128] ; [34.05369128 83.94630872],1
p3,1,8e-06,19.956958,[17 15] ; [ 19 103],[ 7.48051948 24.51948052] ; [28.51948052 93.48051948],1
p9,1,0.000222,13.635985,[29  4] ; [60 55],[19.84459459 13.15540541] ; [69.15540541 45.84459459],1
p5,1,0.0004,12.534435,[ 7 26] ; [  4 117],[ 2.35714286 30.64285714] ; [  8.64285714 112.35714286],1
p11,1,0.001063,10.715161,[27  6] ; [61 61],[18.73548387 14.26451613] ; [69.26451613 52.73548387],0
p12,1,0.02278,5.185185,[ 5 28] ; [  5 116],[ 2.14285714 30.85714286] ; [  7.85714286 113.14285714],0
b1,1,0.163831,1.9385,[12 21] ; [61 61],[15.54193548 17.45806452] ; [57.45806452 64.54193548],0
p1,1,0.166882,1.910731,[ 5 28] ; [  9 113],[ 2.98064516 30.01935484] ; [ 11.01935484 110.98064516],0
