Feature,DoF,P Value,Chi Square,Observed,Expected,Is Significant
p11,1,0.017526,5.642897,[27 22] ; [21 43],[20.81415929 28.18584071] ; [27.18584071 36.81415929],0
p7,1,0.055954,3.653433,[18 30] ; [13 49],[13.52727273 34.47272727] ; [17.47272727 44.52727273],0
p3,1,0.062216,3.477318,[16 33] ; [11 52],[11.8125 37.1875] ; [15.1875 47.8125],0
p6,1,0.066753,3.361108,[12 37] ; [ 7 55],[ 8.38738739 40.61261261] ; [10.61261261 51.38738739],0
b1,1,0.251023,1.317601,[23 26] ; [37 27],[26.01769912 22.98230088] ; [33.98230088 30.01769912],0
p1,1,0.728496,0.120497,[ 3 46] ; [ 5 59],[ 3.46902655 45.53097345] ; [ 4.53097345 59.46902655],0
p5,1,0.848445,0.03652,[ 1 48] ; [ 1 63],[ 0.86725664 48.13274336] ; [ 1.13274336 62.86725664],0
p12,1,0.848445,0.03652,[ 1 48] ; [ 1 63],[ 0.86725664 48.13274336] ; [ 1.13274336 62.86725664],0
