Feature,DoF,P Value,Chi Square,Observed,Expected,Is Significant
p11,1,0.000627,11.693919,[151  36] ; [7 9],[145.54679803  41.45320197] ; [12.45320197  3.54679803],1
p10,1,0.004349,8.13201,[164  22] ; [10  6],[160.21782178  25.78217822] ; [13.78217822  2.21782178],0
p1,1,0.035583,4.416988,[ 10 177] ; [ 3 13],[ 11.97536946 175.02463054] ; [ 1.02463054 14.97536946],0
p5,1,0.419813,0.650839,[ 13 173] ; [ 2 14],[ 13.81188119 172.18811881] ; [ 1.18811881 14.81188119],0
p4,1,0.518821,0.416235,[97 89] ; [7 9],[95.76237624 90.23762376] ; [8.23762376 7.76237624],0
p6,1,0.601168,0.273238,[ 70 115] ; [ 5 11],[ 69.02985075 115.97014925] ; [ 5.97014925 10.02985075],0
p12,1,0.620873,0.244643,[  7 180] ; [ 1 15],[  7.36945813 179.63054187] ; [ 0.63054187 15.36945813],0
b1,1,0.945184,0.004727,[ 60 127] ; [ 5 11],[ 59.87684729 127.12315271] ; [ 5.12315271 10.87684729],0
