Feature,DoF,P Value,Chi Square,Observed,Expected,Is Significant
p11,1,0.041599,4.151425,[25 10] ; [79 12],[28.88888889  6.11111111] ; [75.11111111 15.88888889],0
p10,1,0.046851,3.950721,[23 12] ; [74 16],[27.16  7.84] ; [69.84 20.16],0
p2,1,0.081829,3.028191,[28  7] ; [83  8],[30.83333333  4.16666667] ; [80.16666667 10.83333333],0
p9,1,0.084552,2.97516,[33  2] ; [74 16],[29.96  5.04] ; [77.04 12.96],0
p12,1,0.102016,2.67374,[ 5 30] ; [ 5 86],[ 2.77777778 32.22222222] ; [ 7.22222222 83.77777778],0
p1,1,0.258774,1.275304,[ 5 30] ; [ 7 84],[ 3.33333333 31.66666667] ; [ 8.66666667 82.33333333],0
p5,1,0.457017,0.553189,[ 2 33] ; [ 9 82],[ 3.05555556 31.94444444] ; [ 7.94444444 83.05555556],0
b1,1,0.946155,0.004561,[14 21] ; [37 54],[14.16666667 20.83333333] ; [36.83333333 54.16666667],0
