Feature,DoF,P Value,Chi Square,Observed,Expected,Is Significant
p10,1,0.001197,10.495739,[48 17] ; [ 4 10],[42.78481013 22.21518987] ; [9.21518987 4.78481013],0
p11,1,0.00143,10.167188,[49 18] ; [ 4 10],[43.83950617 23.16049383] ; [9.16049383 4.83950617],0
b1,1,0.523109,0.407759,[35 32] ; [6 8],[33.91358025 33.08641975] ; [7.08641975 6.91358025],0
p5,1,0.868297,0.027497,[ 4 63] ; [ 1 13],[ 4.13580247 62.86419753] ; [ 0.86419753 13.13580247],0
p6,1,0.972606,0.001179,[18 44] ; [ 4 10],[17.94736842 44.05263158] ; [4.05263158 9.94736842],0
