Feature,DoF,P Value,Chi Square,Observed,Expected,Is Significant
p7,1,0.086294,2.942189,[37 26] ; [28  9],[40.95 22.05] ; [24.05 12.95],0
p6,1,0.50093,0.452965,[24 38] ; [16 19],[25.56701031 36.43298969] ; [14.43298969 20.56701031],0
b1,1,0.639647,0.219204,[31 32] ; [20 17],[32.13 30.87] ; [18.87 18.13],0
p11,1,0.718498,0.129936,[33 30] ; [18 19],[32.13 30.87] ; [18.87 18.13],0
p1,1,0.963041,0.002147,[ 7 56] ; [ 4 33],[ 6.93 56.07] ; [ 4.07 32.93],0
p5,1,0.975637,0.000933,[ 5 58] ; [ 3 34],[ 5.04 57.96] ; [ 2.96 34.04],0
p3,1,0.993368,6.9e-05,[34 29] ; [20 17],[34.02 28.98] ; [19.98 17.02],0
