Feature,DoF,P Value,Chi Square,Observed,Expected,Is Significant
p11,1,2.8e-05,17.569103,[17 20] ; [98 23],[26.93037975 10.06962025] ; [88.06962025 32.93037975],1
b1,1,0.029272,4.75153,[25 12] ; [57 64],[19.20253165 17.79746835] ; [62.79746835 58.20253165],0
p7,1,0.155644,2.016046,[25 11] ; [68 53],[21.32484076 14.67515924] ; [71.67515924 49.32484076],0
p5,1,0.453314,0.562352,[ 2 35] ; [ 11 107],[ 3.10322581 33.89677419] ; [  9.89677419 108.10322581],0
p1,1,0.641886,0.216285,[ 3 34] ; [ 13 108],[ 3.74683544 33.25316456] ; [ 12.25316456 108.74683544],0
p6,1,0.690084,0.158994,[12 22] ; [38 82],[11.03896104 22.96103896] ; [38.96103896 81.03896104],0
p4,1,0.944212,0.004897,[27 10] ; [89 32],[27.16455696  9.83544304] ; [88.83544304 32.16455696],0
