Feature,DoF,P Value,Chi Square,Observed,Expected,Is Significant
p11,1,0.0,32.460946,[ 7 15] ; [193  38],[17.39130435  4.60869565] ; [182.60869565  48.39130435],1
b1,1,0.003006,8.804121,[15  7] ; [ 83 148],[ 8.52173913 13.47826087] ; [ 89.47826087 141.52173913],0
p3,1,0.077283,3.121128,[10 12] ; [149  82],[13.82608696  8.17391304] ; [145.17391304  85.82608696],0
p8,1,0.108033,2.582768,[ 8 13] ; [129 100],[11.508  9.492] ; [125.492 103.508],0
p1,1,0.537948,0.379357,[ 1 21] ; [ 19 211],[ 1.74603175 20.25396825] ; [ 18.25396825 211.74603175],0
p5,1,0.795922,0.066888,[ 3 18] ; [ 28 199],[ 2.625 18.375] ; [ 28.375 198.625],0
