Feature,DoF,P Value,Chi Square,Observed,Expected,Is Significant
p8,1,5e-06,20.789538,[15 21] ; [ 9 96],[ 6.12765957 29.87234043] ; [17.87234043 87.12765957],1
p4,1,0.003699,8.425873,[12 23] ; [13 91],[ 6.29496403 28.70503597] ; [18.70503597 85.29496403],0
p11,1,0.010572,6.535954,[25 11] ; [47 58],[18.38297872 17.61702128] ; [53.61702128 51.38297872],0
b1,1,0.226986,1.459648,[21 15] ; [49 56],[17.87234043 18.12765957] ; [52.12765957 52.87234043],0
p1,1,0.964761,0.001952,[ 3 33] ; [ 9 96],[ 3.06382979 32.93617021] ; [ 8.93617021 96.06382979],0
