Feature,DoF,P Value,Chi Square,Observed,Expected,Is Significant
p7,1,0.000669,11.572591,[68 53] ; [20  1],[74.98591549 46.01408451] ; [13.01408451  7.98591549],1
b1,1,0.013836,6.058995,[57 64] ; [16  5],[62.20422535 58.79577465] ; [10.79577465 10.20422535],0
p11,1,0.015753,5.830238,[98 23] ; [12  9],[93.73239437 27.26760563] ; [16.26760563  4.73239437],0
p1,1,0.279233,1.170819,[ 13 108] ; [ 4 17],[ 14.48591549 106.51408451] ; [ 2.51408451 18.48591549],0
p4,1,0.471869,0.517596,[89 32] ; [17  4],[90.32394366 30.67605634] ; [15.67605634  5.32394366],0
p5,1,0.976657,0.000856,[ 11 107] ; [ 2 19],[ 11.03597122 106.96402878] ; [ 1.96402878 19.03597122],0
p2,1,0.996615,1.8e-05,[98 23] ; [17  4],[97.99295775 23.00704225] ; [17.00704225  3.99295775],0
