Feature,DoF,P Value,Chi Square,Observed,Expected,Is Significant
p8,1,0.001088,10.672239,[ 53 152] ; [26 27],[ 62.77131783 142.22868217] ; [16.22868217 36.77131783],0
p1,1,0.015874,5.816749,[ 16 191] ; [10 43],[ 20.7 186.3] ; [ 5.3 47.7],0
p11,1,0.115116,2.482541,[162  45] ; [36 17],[157.63846154  49.36153846] ; [40.36153846 12.63846154],0
p2,1,0.221818,1.492568,[151  56] ; [43 10],[154.45384615  52.54615385] ; [39.54615385 13.45384615],0
b1,1,0.42909,0.625285,[ 70 137] ; [21 32],[ 72.45 134.55] ; [18.55 34.45],0
p12,1,0.484209,0.489368,[ 18 188] ; [ 3 49],[ 16.76744186 189.23255814] ; [ 4.23255814 47.76744186],0
p5,1,0.588453,0.292766,[ 16 188] ; [ 3 50],[ 15.08171206 188.91828794] ; [ 3.91828794 49.08171206],0
p3,1,0.887793,0.019908,[ 64 142] ; [17 36],[ 64.42471042 141.57528958] ; [16.57528958 36.42471042],0
