Feature,DoF,P Value,Chi Square,Observed,Expected,Is Significant
p9,1,0.003873,8.342235,[13 54] ; [10  9],[17.91860465 49.08139535] ; [ 5.08139535 13.91860465],0
p3,1,0.017238,5.672006,[ 9 60] ; [ 7 12],[12.54545455 56.45454545] ; [ 3.45454545 15.54545455],0
p5,1,0.051331,3.797427,[ 1 69] ; [ 2 17],[ 2.35955056 67.64044944] ; [ 0.64044944 18.35955056],0
p6,1,0.114826,2.486515,[ 6 62] ; [ 4 14],[ 7.90697674 60.09302326] ; [ 2.09302326 15.90697674],0
b1,1,0.144311,2.131373,[39 31] ; [ 7 12],[36.17977528 33.82022472] ; [9.82022472 9.17977528],0
p1,1,0.24255,1.365712,[ 5 65] ; [ 3 16],[ 6.29213483 63.70786517] ; [ 1.70786517 17.29213483],0
p11,1,0.916039,0.011114,[23 47] ; [ 6 13],[22.80898876 47.19101124] ; [ 6.19101124 12.80898876],0
