Feature,DoF,P Value,Chi Square,Observed,Expected,Is Significant
p11,1,0.0,35.78955,[ 7 15] ; [232  43],[17.7037037  4.2962963] ; [221.2962963  53.7037037],1
p4,1,2e-06,22.834866,[ 9 13] ; [228  46],[17.61486486  4.38513514] ; [219.38513514  54.61486486],1
p8,1,0.001186,10.512234,[ 8 13] ; [197  77],[14.59322034  6.40677966] ; [190.40677966  83.59322034],0
b1,1,0.008988,6.825241,[15  7] ; [109 166],[ 9.18518519 12.81481481] ; [114.81481481 160.18518519],0
p3,1,0.021286,5.303251,[10 12] ; [190  84],[14.86486486  7.13513514] ; [185.13513514  88.86486486],0
p1,1,0.200947,1.635476,[ 1 21] ; [ 39 235],[ 2.97297297 19.02702703] ; [ 37.02702703 236.97297297],0
p5,1,0.416304,0.660727,[ 3 18] ; [ 60 215],[ 4.46959459 16.53040541] ; [ 58.53040541 216.46959459],0
