Feature,DoF,P Value,Chi Square,Observed,Expected,Is Significant
p10,1,0.0,137.915339,[237  34] ; [10 54],[199.8119403  71.1880597] ; [47.1880597 16.8119403],1
p11,1,0.0,44.515738,[207  65] ; [21 43],[184.57142857  87.42857143] ; [43.42857143 20.57142857],1
p7,1,3.4e-05,17.180414,[134 134] ; [13 49],[119.38181818 148.61818182] ; [27.61818182 34.38181818],1
b1,1,0.000306,13.033132,[ 91 181] ; [37 27],[103.61904762 168.38095238] ; [24.38095238 39.61904762],1
p3,1,0.001054,10.730612,[107 165] ; [11 52],[ 95.80895522 176.19104478] ; [22.19104478 40.80895522],0
p6,1,0.005939,7.568711,[ 76 195] ; [ 7 55],[ 67.54654655 203.45345345] ; [15.45345345 46.54654655],0
p5,1,0.132799,2.259477,[ 17 254] ; [ 1 63],[ 14.56119403 256.43880597] ; [ 3.43880597 60.56119403],0
p12,1,0.21154,1.560858,[ 14 258] ; [ 1 63],[ 12.14285714 259.85714286] ; [ 2.85714286 61.14285714],0
p1,1,0.332261,0.940067,[ 13 259] ; [ 5 59],[ 14.57142857 257.42857143] ; [ 3.42857143 60.57142857],0
