Feature,DoF,P Value,Chi Square,Observed,Expected,Is Significant
p9,1,0.0,48.904483,[13 15] ; [158  10],[24.42857143  3.57142857] ; [146.57142857  21.42857143],1
p4,1,0.0,46.179945,[14 14] ; [159   9],[24.71428571  3.28571429] ; [148.28571429  19.71428571],1
p7,1,0.000283,13.178928,[20  8] ; [156  11],[25.27179487  2.72820513] ; [150.72820513  16.27179487],1
p2,1,0.005622,7.667593,[22  6] ; [158  10],[25.71428571  2.28571429] ; [154.28571429  13.71428571],0
p5,1,0.007791,7.080937,[ 2 26] ; [ 53 115],[ 7.85714286 20.14285714] ; [ 47.14285714 120.85714286],0
p11,1,0.100471,2.698052,[21  7] ; [146  22],[23.85714286  4.14285714] ; [143.14285714  24.85714286],0
p1,1,0.379201,0.773292,[ 3 25] ; [ 29 138],[ 4.59487179 23.40512821] ; [ 27.40512821 139.59487179],0
b1,1,0.637834,0.221586,[11 17] ; [74 94],[12.14285714 15.85714286] ; [72.85714286 95.14285714],0
