Feature,DoF,P Value,Chi Square,Observed,Expected,Is Significant
p2,1,1e-06,23.410208,[112  91] ; [101  23],[132.2293578  70.7706422] ; [80.7706422 43.2293578],1
p10,1,0.019107,5.491672,[119  81] ; [89 34],[128.79256966  71.20743034] ; [79.20743034 43.79256966],0
p9,1,0.052442,3.761598,[132  64] ; [96 28],[139.65  56.35] ; [88.35 35.65],0
p11,1,0.160881,1.965929,[127  76] ; [87 37],[132.85015291  70.14984709] ; [81.14984709 42.85015291],0
p5,1,0.218756,1.512512,[  6 196] ; [  7 115],[  8.10493827 193.89506173] ; [  4.89506173 117.10493827],0
p12,1,0.249951,1.323578,[ 10 190] ; [  3 121],[  8.02469136 191.97530864] ; [  4.97530864 119.02469136],0
p1,1,0.256844,1.285687,[ 10 192] ; [  3 121],[  8.05521472 193.94478528] ; [  4.94478528 119.05521472],0
b1,1,0.682275,0.167576,[ 74 129] ; [48 76],[ 75.73700306 127.26299694] ; [46.26299694 77.73700306],0
