Feature,DoF,P Value,Chi Square,Observed,Expected,Is Significant
p9,1,1.2e-05,19.135686,[ 4 10] ; [55 10],[10.4556962  3.5443038] ; [48.5443038 16.4556962],1
p11,1,4.2e-05,16.771325,[ 3 11] ; [52 15],[9.50617284 4.49382716] ; [45.49382716 21.50617284],1
p7,1,0.089352,2.886003,[8 6] ; [52 14],[10.5  3.5] ; [49.5 16.5],0
p6,1,0.158394,1.989491,[6 8] ; [15 47],[ 3.86842105 10.13157895] ; [17.13157895 44.86842105],0
p5,1,0.279914,1.167505,[ 2 12] ; [ 4 63],[ 1.03703704 12.96296296] ; [ 4.96296296 62.03703704],0
b1,1,0.355878,0.852388,[5 9] ; [33 34],[6.56790123 7.43209877] ; [31.43209877 35.56790123],0
