Feature,DoF,P Value,Chi Square,Observed,Expected,Is Significant
p7,1,0.001431,10.165567,[11 12] ; [19 91],[ 5.18796992 17.81203008] ; [24.81203008 85.18796992],0
p11,1,0.036573,4.370186,[17  7] ; [54 60],[12.34782609 11.65217391] ; [58.65217391 55.34782609],0
b1,1,0.557296,0.344407,[14 10] ; [59 55],[12.69565217 11.30434783] ; [60.30434783 53.69565217],0
p6,1,0.579441,0.30714,[ 3 21] ; [ 10 103],[ 2.27737226 21.72262774] ; [ 10.72262774 102.27737226],0
p1,1,0.944744,0.004804,[ 2 22] ; [ 10 104],[ 2.08695652 21.91304348] ; [  9.91304348 104.08695652],0
