Feature,DoF,P Value,Chi Square,Observed,Expected,Is Significant
p9,1,3e-06,21.590881,[ 4 10] ; [96 19],[10.85271318  3.14728682] ; [89.14728682 25.85271318],1
p11,1,0.000146,14.422518,[ 3 11] ; [85 33],[9.33333333 4.66666667] ; [78.66666667 39.33333333],1
p6,1,0.132199,2.266493,[6 8] ; [28 88],[ 3.66153846 10.33846154] ; [30.33846154 85.66153846],0
p3,1,0.561664,0.33683,[7 7] ; [68 49],[8.01526718 5.98473282] ; [66.98473282 50.01526718],0
p5,1,0.715585,0.132762,[ 2 12] ; [ 13 105],[ 1.59090909 12.40909091] ; [ 13.40909091 104.59090909],0
b1,1,0.720182,0.128318,[5 9] ; [48 70],[5.62121212 8.37878788] ; [47.37878788 70.62121212],0
