Feature,DoF,P Value,Chi Square,Observed,Expected,Is Significant
p3,1,0.00158,9.983256,[11 11] ; [13 63],[ 5.3877551 16.6122449] ; [18.6122449 57.3877551],0
p6,1,0.008319,6.96353,[ 7 15] ; [ 7 68],[ 3.17525773 18.82474227] ; [10.82474227 64.17525773],0
p7,1,0.020236,5.391419,[ 9 13] ; [13 62],[ 4.98969072 17.01030928] ; [17.01030928 57.98969072],0
p5,1,0.03095,4.655718,[ 3 18] ; [ 2 75],[ 1.07142857 19.92857143] ; [ 3.92857143 73.07142857],0
p9,1,0.485461,0.486571,[ 6 16] ; [15 59],[ 4.8125 17.1875] ; [16.1875 57.8125],0
p1,1,0.600321,0.274512,[ 1 21] ; [ 6 71],[ 1.55555556 20.44444444] ; [ 5.44444444 71.55555556],0
b1,1,0.956346,0.002996,[13  9] ; [46 31],[13.11111111  8.88888889] ; [45.88888889 31.11111111],0
p11,1,1.0,0.0,[ 8 14] ; [28 49],[ 8. 14.] ; [28. 49.],0
