Feature,DoF,P Value,Chi Square,Observed,Expected,Is Significant
p1,1,0.005389,7.743972,[ 11 251] ; [ 9 59],[ 15.87878788 246.12121212] ; [ 4.12121212 63.87878788],0
p5,1,0.091881,2.84111,[ 15 241] ; [ 8 60],[ 18.17283951 237.82716049] ; [ 4.82716049 63.17283951],0
p2,1,0.113998,2.497901,[195  66] ; [57 11],[199.91489362  61.08510638] ; [52.08510638 15.91489362],0
p4,1,0.1263,2.337407,[100 161] ; [33 35],[105.5106383 155.4893617] ; [27.4893617 40.5106383],0
p10,1,0.175763,1.833092,[224  37] ; [53 14],[220.41768293  40.58231707] ; [56.58231707 10.41768293],0
b1,1,0.264604,1.24451,[ 92 170] ; [19 49],[ 88.12727273 173.87272727] ; [22.87272727 45.12727273],0
p12,1,0.474641,0.51115,[ 18 244] ; [ 3 64],[ 16.72340426 245.27659574] ; [ 4.27659574 62.72340426],0
p11,1,0.507756,0.438689,[199  63] ; [49 19],[196.8969697  65.1030303] ; [51.1030303 16.8969697],0
p3,1,0.830836,0.045638,[ 86 175] ; [23 44],[ 86.7347561 174.2652439] ; [22.2652439 44.7347561],0
