Feature,DoF,P Value,Chi Square,Observed,Expected,Is Significant
p8,1,1e-06,24.785439,[ 6 62] ; [26 27],[17.98347107 50.01652893] ; [14.01652893 38.98347107],1
p11,1,0.000197,13.863109,[23 45] ; [36 17],[33.15702479 34.84297521] ; [25.84297521 27.15702479],1
p3,1,0.025474,4.991355,[10 57] ; [17 36],[15.075 51.925] ; [11.925 41.075],0
p1,1,0.056521,3.636635,[ 5 63] ; [10 43],[ 8.42975207 59.57024793] ; [ 6.57024793 46.42975207],0
b1,1,0.145344,2.120451,[36 32] ; [21 32],[32.03305785 35.96694215] ; [24.96694215 28.03305785],0
p12,1,0.193626,1.689811,[ 1 67] ; [ 3 49],[ 2.26666667 65.73333333] ; [ 1.73333333 50.26666667],0
p5,1,0.200914,1.635719,[ 1 67] ; [ 3 50],[ 2.24793388 65.75206612] ; [ 1.75206612 51.24793388],0
