Feature,DoF,P Value,Chi Square,Observed,Expected,Is Significant
p7,1,0.0,33.069254,[95 43] ; [20 53],[75.21327014 62.78672986] ; [39.78672986 33.21327014],1
p6,1,3.5e-05,17.148657,[56 81] ; [10 65],[42.6509434 94.3490566] ; [23.3490566 51.6509434],1
p11,1,0.009964,6.641369,[117  23] ; [52 24],[109.53703704  30.46296296] ; [59.46296296 16.53703704],0
b1,1,0.084242,2.981106,[46 94] ; [34 42],[51.85185185 88.14814815] ; [28.14814815 47.85185185],0
p5,1,0.10519,2.625041,[ 12 127] ; [ 2 70],[  9.22274882 129.77725118] ; [ 4.77725118 67.22274882],0
p9,1,0.140998,2.167035,[129  10] ; [65 10],[126.00934579  12.99065421] ; [67.99065421  7.00934579],0
p12,1,0.146129,2.112201,[  6 134] ; [ 7 69],[  8.42592593 131.57407407] ; [ 4.57407407 71.42592593],0
p1,1,0.455943,0.555835,[  9 131] ; [ 7 69],[ 10.37037037 129.62962963] ; [ 5.62962963 70.37037037],0
