Feature,DoF,P Value,Chi Square,Observed,Expected,Is Significant
p10,1,0.0,66.09367,[237  34] ; [ 6 20],[221.72727273  49.27272727] ; [21.27272727  4.72727273],1
p7,1,0.001125,10.609367,[134 134] ; [21  4],[141.77474403 126.22525597] ; [13.22525597 11.77474403],0
p11,1,0.003819,8.36797,[207  65] ; [13 13],[200.80536913  71.19463087] ; [19.19463087  6.80536913],0
p4,1,0.011691,6.357167,[139 133] ; [20  6],[145.12751678 126.87248322] ; [13.87248322 12.12751678],0
b1,1,0.013652,6.08259,[ 91 181] ; [15 11],[ 96.75167785 175.24832215] ; [ 9.24832215 16.75167785],0
p6,1,0.118256,2.440274,[ 76 195] ; [10 13],[ 79.27210884 191.72789116] ; [ 6.72789116 16.27210884],0
p5,1,0.30614,1.047254,[ 17 254] ; [ 3 23],[ 18.24915825 252.75084175] ; [ 1.75084175 24.24915825],0
p1,1,0.516318,0.421241,[ 13 259] ; [ 2 24],[ 13.69127517 258.30872483] ; [ 1.30872483 24.69127517],0
