Feature,DoF,P Value,Chi Square,Observed,Expected,Is Significant
p9,1,0.003626,8.462243,[55  7] ; [21 12],[49.6 12.4] ; [26.4  6.6],0
p6,1,0.019304,5.47377,[ 7 56] ; [10 23],[11.15625 51.84375] ; [ 5.84375 27.15625],0
b1,1,0.037328,4.335395,[26 37] ; [21 12],[30.84375 32.15625] ; [16.15625 16.84375],0
p11,1,0.040084,4.214334,[44 19] ; [16 17],[39.375 23.625] ; [20.625 12.375],0
p3,1,0.229453,1.444251,[19 44] ; [14 19],[21.65625 41.34375] ; [11.34375 21.65625],0
p1,1,0.229477,1.4441,[ 9 54] ; [ 2 31],[ 7.21875 55.78125] ; [ 3.78125 29.21875],0
p5,1,0.475421,0.509349,[ 4 56] ; [ 1 31],[ 3.26086957 56.73913043] ; [ 1.73913043 30.26086957],0
p4,1,0.859283,0.031431,[18 45] ; [10 23],[18.375 44.625] ; [ 9.625 23.375],0
