Feature,DoF,P Value,Chi Square,Observed,Expected,Is Significant
p10,1,0.121951,2.392089,[79 18] ; [131  17],[83.14285714 13.85714286] ; [126.85714286  21.14285714],0
p11,1,0.133311,2.253515,[77 21] ; [128  21],[81.33603239 16.66396761] ; [123.66396761  25.33603239],0
p12,1,0.195831,1.673198,[ 2 95] ; [  8 140],[ 3.95918367 93.04081633] ; [  6.04081633 141.95918367],0
p2,1,0.213365,1.548445,[82 15] ; [133  15],[85.12244898 11.87755102] ; [129.87755102  18.12244898],0
p5,1,0.280151,1.166357,[ 6 91] ; [ 15 133],[ 8.31428571 88.68571429] ; [ 12.68571429 135.31428571],0
p7,1,0.284824,1.143929,[59 35] ; [100  44],[62.79831933 31.20168067] ; [96.20168067 47.79831933],0
p1,1,0.587524,0.294228,[ 6 90] ; [ 12 136],[ 7.08196721 88.91803279] ; [ 10.91803279 137.08196721],0
b1,1,0.988251,0.000217,[31 67] ; [ 47 102],[30.94736842 67.05263158] ; [ 47.05263158 101.94736842],0
