Feature,DoF,P Value,Chi Square,Observed,Expected,Is Significant
p7,1,0.0,195.018004,[ 63 169] ; [324  65],[144.57971014  87.42028986] ; [242.42028986 146.57971014],1
p2,1,0.0,111.375097,[137 101] ; [364  29],[188.96671949  49.03328051] ; [312.03328051  80.96671949],1
p6,1,0.0,99.127858,[ 26 211] ; [197 196],[ 83.89047619 153.10952381] ; [139.10952381 253.89047619],1
p11,1,0.0,67.717065,[151  87] ; [356  38],[190.92721519  47.07278481] ; [316.07278481  77.92721519],1
p5,1,0.0,44.653714,[  3 234] ; [ 77 317],[ 30.04754358 206.95245642] ; [ 49.95245642 344.04754358],1
p1,1,4.6e-05,16.596744,[  7 230] ; [ 49 343],[ 21.10015898 215.89984102] ; [ 34.89984102 357.10015898],1
p12,1,0.003113,8.739823,[ 12 224] ; [ 48 344],[ 22.5477707 213.4522293] ; [ 37.4522293 354.5477707],0
b1,1,0.731923,0.117353,[ 89 149] ; [142 252],[ 86.99050633 151.00949367] ; [144.00949367 249.99050633],0
