Feature,DoF,P Value,Chi Square,Observed,Expected,Is Significant
p3,1,0.0,26.485075,[17 15] ; [ 17 119],[ 6.47619048 25.52380952] ; [ 27.52380952 108.47619048],1
p6,1,1e-06,24.754137,[15 18] ; [ 13 123],[ 5.46745562 27.53254438] ; [ 22.53254438 113.46745562],1
p5,1,0.001231,10.443059,[ 7 26] ; [  6 129],[ 2.55357143 30.44642857] ; [ 10.44642857 124.55357143],0
p12,1,0.075402,3.161332,[ 5 28] ; [  8 127],[ 2.55357143 30.44642857] ; [ 10.44642857 124.55357143],0
p1,1,0.278299,1.175379,[ 5 28] ; [ 12 124],[ 3.31952663 29.68047337] ; [ 13.68047337 122.31952663],0
p11,1,0.456874,0.553543,[27  6] ; [103  33],[25.38461538  7.61538462] ; [104.61538462  31.38461538],0
p9,1,0.473075,0.514784,[29  4] ; [124  11],[30.05357143  2.94642857] ; [122.94642857  12.05357143],0
b1,1,0.601677,0.272474,[12 21] ; [43 93],[10.73964497 22.26035503] ; [44.26035503 91.73964497],0
