Feature,DoF,P Value,Chi Square,Observed,Expected,Is Significant
p3,1,0.001438,10.156586,[ 8 81] ; [ 7 12],[12.36111111 76.63888889] ; [ 2.63888889 16.36111111],0
p2,1,0.018461,5.551906,[35 55] ; [13  6],[39.63302752 50.36697248] ; [ 8.36697248 10.63302752],0
p6,1,0.021798,5.261857,[ 5 83] ; [ 4 14],[ 7.47169811 80.52830189] ; [ 1.52830189 16.47169811],0
p5,1,0.022641,5.195831,[ 1 89] ; [ 2 17],[ 2.47706422 87.52293578] ; [ 0.52293578 18.47706422],0
p9,1,0.057864,3.597561,[26 61] ; [10  9],[29.54716981 57.45283019] ; [ 6.45283019 12.54716981],0
p1,1,0.279358,1.17021,[ 7 82] ; [ 3 16],[ 8.24074074 80.75925926] ; [ 1.75925926 17.24074074],0
p11,1,0.302173,1.064578,[40 50] ; [ 6 13],[37.98165138 52.01834862] ; [ 8.01834862 10.98165138],0
b1,1,0.486924,0.483317,[41 49] ; [ 7 12],[39.63302752 50.36697248] ; [ 8.36697248 10.63302752],0
