Feature,DoF,P Value,Chi Square,Observed,Expected,Is Significant
p2,1,0.015669,5.839632,[36 58] ; [13  6],[40.76106195 53.23893805] ; [ 8.23893805 10.76106195],0
p5,1,0.01928,5.475912,[ 1 93] ; [ 2 17],[ 2.49557522 91.50442478] ; [ 0.50442478 18.49557522],0
p3,1,0.038377,4.288234,[15 78] ; [ 7 12],[18.26785714 74.73214286] ; [ 3.73214286 15.26785714],0
b1,1,0.166039,1.918347,[51 43] ; [ 7 12],[48.24778761 45.75221239] ; [9.75221239 9.24778761],0
p1,1,0.172449,1.861528,[ 6 87] ; [ 3 16],[ 7.47321429 85.52678571] ; [ 1.52678571 17.47321429],0
p6,1,0.245777,1.347148,[11 81] ; [ 4 14],[12.54545455 79.45454545] ; [ 2.45454545 15.54545455],0
p11,1,0.374513,0.788636,[40 54] ; [ 6 13],[38.26548673 55.73451327] ; [ 7.73451327 11.26548673],0
