Feature,DoF,P Value,Chi Square,Observed,Expected,Is Significant
p3,1,7e-06,20.131811,[238 101] ; [ 9 21],[226.91869919 112.08130081] ; [20.08130081  9.91869919],1
p2,1,0.005385,7.745505,[318  21] ; [24  6],[314.19512195  24.80487805] ; [27.80487805  2.19512195],0
p11,1,0.011103,6.448802,[310  30] ; [23  7],[306.  34.] ; [27.  3.],0
p9,1,0.045151,4.012997,[324  16] ; [26  4],[321.62162162  18.37837838] ; [28.37837838  1.62162162],0
p1,1,0.070539,3.270424,[ 40 298] ; [ 7 23],[ 43.16847826 294.83152174] ; [ 3.83152174 26.16847826],0
p5,1,0.078799,3.089507,[ 67 273] ; [ 2 28],[ 63.40540541 276.59459459] ; [ 5.59459459 24.40540541],0
p12,1,0.780466,0.07768,[ 41 298] ; [ 3 26],[ 40.5326087 298.4673913] ; [ 3.4673913 25.5326087],0
b1,1,0.924394,0.009006,[133 207] ; [12 18],[133.24324324 206.75675676] ; [11.75675676 18.24324324],0
