Feature,DoF,P Value,Chi Square,Observed,Expected,Is Significant
p7,1,0.000573,11.861631,[18 30] ; [18  4],[24.68571429 23.31428571] ; [11.31428571 10.68571429],1
p1,1,0.114969,2.484553,[ 3 46] ; [ 4 18],[ 4.83098592 44.16901408] ; [ 2.16901408 19.83098592],0
b1,1,0.343577,0.89704,[23 26] ; [13  9],[24.84507042 24.15492958] ; [11.15492958 10.84507042],0
p12,1,0.506212,0.44189,[ 1 48] ; [ 1 19],[ 1.42028986 47.57971014] ; [ 0.57971014 19.42028986],0
p5,1,0.555289,0.347927,[ 1 48] ; [ 1 21],[ 1.38028169 47.61971831] ; [ 0.61971831 21.38028169],0
p2,1,0.919063,0.010325,[34 15] ; [15  7],[33.81690141 15.18309859] ; [15.18309859  6.81690141],0
p11,1,0.965233,0.0019,[27 22] ; [12 10],[26.91549296 22.08450704] ; [12.08450704  9.91549296],0
