Feature,DoF,P Value,Chi Square,Observed,Expected,Is Significant
p4,1,0.0,179.691465,[ 82 194] ; [178  15],[153.00639659 122.99360341] ; [106.99360341  86.00639659],1
p7,1,0.0,113.192322,[115 155] ; [175  17],[169.48051948 100.51948052] ; [120.51948052  71.48051948],1
p8,1,0.0,89.157478,[ 98 175] ; [154  38],[147.9483871 125.0516129] ; [104.0516129  87.9483871],1
p5,1,0.0,44.704585,[ 14 261] ; [ 52 141],[ 38.78205128 236.21794872] ; [ 27.21794872 165.78205128],1
p1,1,3e-06,21.947177,[ 11 266] ; [ 32 160],[ 25.39658849 251.60341151] ; [ 17.60341151 174.39658849],1
p12,1,9e-06,19.765083,[ 14 263] ; [ 34 158],[ 28.34968017 248.65031983] ; [ 19.65031983 172.34968017],1
p2,1,1.6e-05,18.598333,[218  59] ; [180  13],[234.56595745  42.43404255] ; [163.43404255  29.56595745],1
b1,1,0.000651,11.623518,[ 84 194] ; [ 88 105],[101.52016985 176.47983015] ; [ 70.47983015 122.52016985],1
p11,1,0.029431,4.74223,[217  61] ; [166  27],[226.05944798  51.94055202] ; [156.94055202  36.05944798],0
