Feature,DoF,P Value,Chi Square,Observed,Expected,Is Significant
p11,1,0.056658,3.632597,[207  65] ; [33 19],[201.48148148  70.51851852] ; [38.51851852 13.48148148],0
b1,1,0.079541,3.074265,[ 91 181] ; [24 28],[ 96.54320988 175.45679012] ; [18.45679012 33.54320988],0
p6,1,0.109602,2.559949,[ 76 195] ; [20 31],[ 80.79503106 190.20496894] ; [15.20496894 35.79503106],0
p4,1,0.29646,1.090052,[139 133] ; [22 29],[135.57894737 136.42105263] ; [25.42105263 25.57894737],0
p5,1,0.513242,0.427452,[ 17 254] ; [ 2 49],[ 15.99068323 255.00931677] ; [ 3.00931677 47.99068323],0
p12,1,0.691584,0.157376,[ 14 258] ; [ 2 50],[ 13.43209877 258.56790123] ; [ 2.56790123 49.43209877],0
p1,1,0.789352,0.07137,[ 13 259] ; [ 2 49],[ 12.63157895 259.36842105] ; [ 2.36842105 48.63157895],0
