Feature,DoF,P Value,Chi Square,Observed,Expected,Is Significant
p8,1,1e-06,24.555168,[24 26] ; [ 4 56],[12.72727273 37.27272727] ; [15.27272727 44.72727273],1
p6,1,1e-06,24.523895,[20 31] ; [ 1 57],[ 9.82568807 41.17431193] ; [11.17431193 46.82568807],1
p11,1,0.000192,13.909863,[33 19] ; [17 43],[23.21428571 28.78571429] ; [26.78571429 33.21428571],1
p4,1,0.002564,9.09449,[22 29] ; [10 49],[14.83636364 36.16363636] ; [17.16363636 41.83636364],0
p1,1,0.136277,2.219502,[ 2 49] ; [ 7 53],[ 4.13513514 46.86486486] ; [ 4.86486486 55.13513514],0
b1,1,0.26681,1.233075,[24 28] ; [34 26],[26.92857143 25.07142857] ; [31.07142857 28.92857143],0
p12,1,0.476174,0.507614,[ 2 50] ; [ 1 59],[ 1.39285714 50.60714286] ; [ 1.60714286 58.39285714],0
p5,1,0.868384,0.02746,[ 2 49] ; [ 2 58],[ 1.83783784 49.16216216] ; [ 2.16216216 57.83783784],0
