Feature,DoF,P Value,Chi Square,Observed,Expected,Is Significant
p10,1,0.0,32.432,[18  8] ; [12 77],[ 6.7826087 19.2173913] ; [23.2173913 65.7826087],1
p3,1,0.000249,13.422128,[14 11] ; [17 72],[ 6.79824561 18.20175439] ; [24.20175439 64.79824561],1
p5,1,0.001336,10.29162,[ 5 21] ; [ 2 88],[ 1.56896552 24.43103448] ; [ 5.43103448 84.56896552],0
p12,1,0.001707,9.840104,[ 4 22] ; [ 1 88],[ 1.13043478 24.86956522] ; [ 3.86956522 85.13043478],0
p4,1,0.012917,6.180501,[13 12] ; [23 66],[ 7.89473684 17.10526316] ; [28.10526316 60.89473684],0
p11,1,0.134268,2.242447,[15 11] ; [37 53],[11.65517241 14.34482759] ; [40.34482759 49.65517241],0
b1,1,0.62234,0.242592,[15 11] ; [47 43],[13.89655172 12.10344828] ; [48.10344828 41.89655172],0
p1,1,0.834251,0.043787,[ 3 23] ; [ 9 80],[ 2.71304348 23.28695652] ; [ 9.28695652 79.71304348],0
