Feature,DoF,P Value,Chi Square,Observed,Expected,Is Significant
p4,1,7e-06,20.237838,[14 64] ; [23 16],[24.66666667 53.33333333] ; [12.33333333 26.66666667],1
p8,1,0.000859,11.10905,[ 7 72] ; [13 26],[13.38983051 65.61016949] ; [ 6.61016949 32.38983051],1
p2,1,0.057769,3.600308,[30 49] ; [22 17],[34.81355932 44.18644068] ; [17.18644068 21.81355932],0
p5,1,0.069587,3.292728,[ 1 78] ; [ 3 36],[ 2.6779661 76.3220339] ; [ 1.3220339 37.6779661],0
p10,1,0.156189,2.010741,[10 68] ; [ 9 30],[12.66666667 65.33333333] ; [ 6.33333333 32.66666667],0
p11,1,0.473442,0.51393,[31 48] ; [18 21],[32.80508475 46.19491525] ; [16.19491525 22.80508475],0
b1,1,0.557133,0.344693,[38 41] ; [21 18],[39.5 39.5] ; [19.5 19.5],0
p1,1,1.0,0.0,[ 6 72] ; [ 3 36],[ 6. 72.] ; [ 3. 36.],0
