Feature,DoF,P Value,Chi Square,Observed,Expected,Is Significant
p11,1,2e-06,23.043634,[ 7 15] ; [217  61],[16.42666667  5.57333333] ; [207.57333333  70.42666667],1
b1,1,0.000267,13.290673,[15  7] ; [ 84 194],[ 7.26 14.74] ; [ 91.74 186.26],1
p5,1,0.080885,3.047022,[ 3 18] ; [ 14 261],[ 1.20608108 19.79391892] ; [ 15.79391892 259.20608108],0
p4,1,0.272378,1.204732,[ 9 13] ; [ 82 194],[ 6.71812081 15.28187919] ; [ 84.28187919 191.71812081],0
p8,1,0.839819,0.040855,[ 8 13] ; [ 98 175],[ 7.57142857 13.42857143] ; [ 98.42857143 174.57142857],0
p1,1,0.894901,0.017452,[ 1 21] ; [ 11 266],[ 0.88294314 21.11705686] ; [ 11.11705686 265.88294314],0
