Feature,DoF,P Value,Chi Square,Observed,Expected,Is Significant
p8,1,0.0,47.270603,[ 7 72] ; [17  4],[18.96 60.04] ; [ 5.04 15.96],1
p2,1,3e-06,21.760096,[30 49] ; [20  1],[39.5 39.5] ; [10.5 10.5],1
b1,1,0.007154,7.233882,[38 41] ; [17  4],[43.45 35.55] ; [11.55  9.45],0
p1,1,0.036973,4.351648,[ 6 72] ; [ 5 16],[ 8.66666667 69.33333333] ; [ 2.33333333 18.66666667],0
p5,1,0.048639,3.887781,[ 1 78] ; [ 2 19],[ 2.37 76.63] ; [ 0.63 20.37],0
p11,1,0.062927,3.458507,[31 48] ; [13  8],[34.76 44.24] ; [ 9.24 11.76],0
p10,1,0.063673,3.43904,[10 68] ; [ 6 14],[12.73469388 65.26530612] ; [ 3.26530612 16.73469388],0
