Feature,DoF,P Value,Chi Square,Observed,Expected,Is Significant
p10,1,1e-05,19.525378,[80 26] ; [ 5 15],[71.50793651 34.49206349] ; [13.49206349  6.50793651],1
p1,1,0.021945,5.250145,[  3 105] ; [ 3 18],[  5.02325581 102.97674419] ; [ 0.97674419 20.02325581],0
b1,1,0.115951,2.471178,[37 71] ; [11 10],[40.18604651 67.81395349] ; [ 7.81395349 13.18604651],0
p2,1,0.515879,0.422124,[88 19] ; [16  5],[86.9375 20.0625] ; [17.0625  3.9375],0
p4,1,0.613789,0.254695,[45 63] ; [10 11],[46.04651163 61.95348837] ; [ 8.95348837 12.04651163],0
p11,1,0.791926,0.069596,[74 34] ; [15  6],[74.51162791 33.48837209] ; [14.48837209  6.51162791],0
p5,1,0.824814,0.048999,[  4 103] ; [ 1 20],[  4.1796875 102.8203125] ; [ 0.8203125 20.1796875],0
