Feature,DoF,P Value,Chi Square,Observed,Expected,Is Significant
p11,1,7e-06,20.214057,[147  34] ; [28 27],[134.21610169  46.78389831] ; [40.78389831 14.21610169],1
p6,1,0.000121,14.783478,[ 29 151] ; [22 32],[ 39.23076923 140.76923077] ; [11.76923077 42.23076923],1
b1,1,0.000455,12.289609,[ 55 126] ; [31 24],[ 65.95762712 115.04237288] ; [20.04237288 34.95762712],1
p8,1,0.009432,6.739211,[ 58 121] ; [28 26],[ 66.06866953 112.93133047] ; [19.93133047 34.06866953],0
p3,1,0.050019,3.840836,[ 62 118] ; [27 28],[ 68.17021277 111.82978723] ; [20.82978723 34.17021277],0
p12,1,0.093195,2.818305,[ 15 165] ; [ 1 54],[ 12.25531915 167.74468085] ; [ 3.74468085 51.25531915],0
p1,1,0.56677,0.328118,[ 14 167] ; [ 3 52],[ 13.03813559 167.96186441] ; [ 3.96186441 51.03813559],0
p4,1,0.877634,0.023707,[90 91] ; [28 27],[90.5 90.5] ; [27.5 27.5],0
p5,1,0.93672,0.006303,[ 14 167] ; [ 4 50],[ 13.86382979 167.13617021] ; [ 4.13617021 49.86382979],0
