Feature,DoF,P Value,Chi Square,Observed,Expected,Is Significant
p7,1,9.2e-05,15.289946,[57 21] ; [12 23],[47.62831858 30.37168142] ; [21.37168142 13.62831858],1
p2,1,0.015626,5.84446,[70 10] ; [24 11],[65.39130435 14.60869565] ; [28.60869565  6.39130435],0
p11,1,0.136196,2.220416,[55 25] ; [19 16],[51.47826087 28.52173913] ; [22.52173913 12.47826087],0
b1,1,0.2553,1.294066,[32 48] ; [18 17],[34.7826087 45.2173913] ; [15.2173913 19.7826087],0
p5,1,0.604117,0.268831,[ 4 76] ; [ 1 34],[ 3.47826087 76.52173913] ; [ 1.52173913 33.47826087],0
p1,1,0.810585,0.057443,[ 8 72] ; [ 3 32],[ 7.65217391 72.34782609] ; [ 3.34782609 31.65217391],0
p3,1,0.859859,0.031171,[38 42] ; [16 19],[37.56521739 42.43478261] ; [16.43478261 18.56521739],0
