Feature,DoF,P Value,Chi Square,Observed,Expected,Is Significant
p4,1,0.015163,5.897436,[88 68] ; [50 70],[78. 78.] ; [60. 60.],0
p10,1,0.156488,2.007843,[137  18] ; [98 21],[132.9379562  22.0620438] ; [102.0620438  16.9379562],0
p11,1,0.188808,1.726898,[112  44] ; [96 26],[116.71942446  39.28057554] ; [91.28057554 30.71942446],0
b1,1,0.277249,1.180524,[61 95] ; [40 82],[56.67625899 99.32374101] ; [44.32374101 77.67625899],0
p2,1,0.356249,0.851071,[134  21] ; [109  12],[136.4673913  18.5326087] ; [106.5326087  14.4673913],0
p5,1,0.574552,0.315126,[ 10 144] ; [ 10 111],[ 11.2 142.8] ; [  8.8 112.2],0
p1,1,0.841986,0.039742,[  7 149] ; [  6 114],[  7.34782609 148.65217391] ; [  5.65217391 114.34782609],0
p12,1,0.973213,0.001127,[  4 152] ; [  3 117],[  3.95652174 152.04347826] ; [  3.04347826 116.95652174],0
