Feature,DoF,P Value,Chi Square,Observed,Expected,Is Significant
p1,1,3.3e-05,17.221348,[  8 263] ; [11 59],[ 15.09970674 255.90029326] ; [ 3.90029326 66.09970674],1
p7,1,0.000116,14.859019,[128 139] ; [51 18],[142.24107143 124.75892857] ; [36.75892857 32.24107143],1
p10,1,0.049123,3.871141,[210  60] ; [61  8],[215.84070796  54.15929204] ; [55.15929204 13.84070796],0
b1,1,0.141761,2.158741,[ 84 189] ; [28 42],[ 89.14285714 183.85714286] ; [22.85714286 47.14285714],0
p8,1,0.167161,1.908223,[109 158] ; [35 35],[114.08902077 152.91097923] ; [29.91097923 40.08902077],0
p11,1,0.534446,0.38593,[213  60] ; [57 13],[214.89795918  58.10204082] ; [55.10204082 14.89795918],0
p12,1,0.684011,0.165646,[  9 261] ; [ 3 66],[  9.55752212 260.44247788] ; [ 2.44247788 66.55752212],0
p5,1,0.922943,0.009356,[ 11 262] ; [ 3 67],[ 11.14285714 261.85714286] ; [ 2.85714286 67.14285714],0
