Feature,DoF,P Value,Chi Square,Observed,Expected,Is Significant
p7,1,0.001273,10.381934,[16 18] ; [52 14],[23.12 10.88] ; [44.88 21.12],0
p5,1,0.118075,2.442677,[ 5 27] ; [ 4 63],[ 2.90909091 29.09090909] ; [ 6.09090909 60.90909091],0
p6,1,0.14772,2.095642,[13 21] ; [15 47],[ 9.91666667 24.08333333] ; [18.08333333 43.91666667],0
p9,1,0.183504,1.769015,[25  9] ; [55 10],[27.47474747  6.52525253] ; [52.52525253 12.47474747],0
p12,1,0.187585,1.736486,[ 4 30] ; [ 3 62],[ 2.4040404 31.5959596] ; [ 4.5959596 60.4040404],0
p1,1,0.335419,0.927864,[ 2 32] ; [ 8 59],[ 3.36633663 30.63366337] ; [ 6.63366337 60.36633663],0
p10,1,0.411726,0.673812,[23 11] ; [49 16],[24.72727273  9.27272727] ; [47.27272727 17.72727273],0
p11,1,0.648729,0.207506,[25  9] ; [52 15],[25.92079208  8.07920792] ; [51.07920792 15.92079208],0
p8,1,0.725864,0.122943,[16 18] ; [33 32],[16.82828283 17.17171717] ; [32.17171717 32.82828283],0
b1,1,0.943488,0.005025,[17 17] ; [33 34],[16.83168317 17.16831683] ; [33.16831683 33.83168317],0
