Feature,DoF,P Value,Chi Square,Observed,Expected,Is Significant
p9,1,0.0,60.663984,[58  9] ; [13 54],[35.5 31.5] ; [35.5 31.5],1
p11,1,4.4e-05,16.69916,[46 22] ; [23 47],[34. 34.] ; [35. 35.],1
p8,1,0.012828,6.192654,[15 53] ; [ 5 65],[ 9.85507246 58.14492754] ; [10.14492754 59.85507246],0
p12,1,0.025875,4.964365,[ 7 61] ; [ 1 69],[ 3.94202899 64.05797101] ; [ 4.05797101 65.94202899],0
p5,1,0.081038,3.04396,[ 5 61] ; [ 1 69],[ 2.91176471 63.08823529] ; [ 3.08823529 66.91176471],0
b1,1,0.124771,2.356383,[29 39] ; [39 31],[33.50724638 34.49275362] ; [34.49275362 35.50724638],0
p7,1,0.141688,2.159529,[19 44] ; [13 55],[15.38931298 47.61068702] ; [16.61068702 51.38931298],0
p6,1,0.183585,1.768363,[11 56] ; [ 6 62],[ 8.43703704 58.56296296] ; [ 8.56296296 59.43703704],0
p1,1,0.511292,0.431423,[ 7 61] ; [ 5 65],[ 5.91304348 62.08695652] ; [ 6.08695652 63.91304348],0
