Feature,DoF,P Value,Chi Square,Observed,Expected,Is Significant
p7,1,0.0,32.692665,[ 98 112] ; [160  57],[126.8852459  83.1147541] ; [131.1147541  85.8852459],1
p10,1,0.000857,11.113886,[166  53] ; [192  26],[179.40961098  39.59038902] ; [178.59038902  39.40961098],1
p1,1,0.002193,9.380245,[  4 215] ; [ 18 201],[ 11. 208.] ; [ 11. 208.],0
p5,1,0.004647,8.011891,[  6 214] ; [ 20 200],[ 13. 207.] ; [ 13. 207.],0
p11,1,0.010469,6.553322,[170  51] ; [190  30],[180.40816327  40.59183673] ; [179.59183673  40.40816327],0
p9,1,0.030239,4.695652,[176  40] ; [192  24],[184.  32.] ; [184.  32.],0
b1,1,0.169189,1.890117,[ 61 160] ; [ 74 146],[ 67.65306122 153.34693878] ; [ 67.34693878 152.65306122],0
p12,1,0.481587,0.495267,[  8 210] ; [ 11 207],[  9.5 208.5] ; [  9.5 208.5],0
