Feature,DoF,P Value,Chi Square,Observed,Expected,Is Significant
p9,1,0.115139,2.482224,[33  2] ; [71 14],[30.33333333  4.66666667] ; [73.66666667 11.33333333],0
p5,1,0.186056,1.748571,[ 2 33] ; [12 72],[ 4.11764706 30.88235294] ; [ 9.88235294 74.11764706],0
p10,1,0.285405,1.141171,[23 12] ; [64 21],[25.375  9.625] ; [61.625 23.375],0
p8,1,0.343505,0.897307,[15 20] ; [29 57],[12.72727273 22.27272727] ; [31.27272727 54.72727273],0
b1,1,0.513545,0.426837,[14 21] ; [40 46],[15.61983471 19.38016529] ; [38.38016529 47.61983471],0
p1,1,0.687497,0.161809,[ 5 30] ; [10 76],[ 4.33884298 30.66115702] ; [10.66115702 75.33884298],0
p12,1,0.825775,0.048455,[ 5 30] ; [11 75],[ 4.62809917 30.37190083] ; [11.37190083 74.62809917],0
p2,1,0.908767,0.013132,[28  7] ; [68 18],[27.76859504  7.23140496] ; [68.23140496 17.76859504],0
p11,1,0.941226,0.005436,[25 10] ; [62 24],[25.16528926  9.83471074] ; [61.83471074 24.16528926],0
