Feature,DoF,P Value,Chi Square,Observed,Expected,Is Significant
p4,1,2e-06,22.829137,[18 45] ; [137  82],[34.62765957 28.37234043] ; [120.37234043  98.62765957],1
p11,1,0.002244,9.33861,[44 19] ; [190  30],[52.09187279 10.90812721] ; [181.90812721  38.09187279],0
p3,1,0.004835,7.940159,[19 44] ; [110 109],[28.81914894 34.18085106] ; [100.18085106 118.81914894],0
p12,1,0.033111,4.540041,[ 8 55] ; [ 11 207],[ 4.25978648 58.74021352] ; [ 14.74021352 203.25978648],0
p1,1,0.149264,2.079751,[ 9 54] ; [ 18 201],[ 6.03191489 56.96808511] ; [ 20.96808511 198.03191489],0
b1,1,0.263754,1.248945,[26 37] ; [ 74 146],[22.2614841 40.7385159] ; [ 77.7385159 142.2614841],0
p5,1,0.552119,0.353535,[ 4 56] ; [ 20 200],[ 5.14285714 54.85714286] ; [ 18.85714286 201.14285714],0
p9,1,0.968478,0.001562,[55  7] ; [192  24],[55.08633094  6.91366906] ; [191.91366906  24.08633094],0
