Feature,DoF,P Value,Chi Square,Observed,Expected,Is Significant
p6,1,1.3e-05,18.984318,[13 24] ; [ 19 191],[ 4.79352227 32.20647773] ; [ 27.20647773 182.79352227],1
p9,1,0.000799,11.244312,[35  3] ; [132  72],[26.2231405 11.7768595] ; [140.7768595  63.2231405],1
p5,1,0.003233,8.670876,[ 4 31] ; [  4 207],[ 1.13821138 33.86178862] ; [  6.86178862 204.13821138],0
p11,1,0.006515,7.401925,[32  6] ; [130  82],[24.624 13.376] ; [137.376  74.624],0
p12,1,0.094719,2.792292,[ 5 33] ; [ 12 198],[ 2.60483871 35.39516129] ; [ 14.39516129 195.60483871],0
p1,1,0.889618,0.019262,[ 2 36] ; [ 10 201],[ 1.8313253 36.1686747] ; [ 10.1686747 200.8313253],0
b1,1,0.960467,0.002457,[14 24] ; [ 79 133],[14.136 23.864] ; [ 78.864 133.136],0
