Feature,DoF,P Value,Chi Square,Observed,Expected,Is Significant
p6,1,0.023793,5.109659,[17 27] ; [ 3 21],[12.94117647 31.05882353] ; [ 7.05882353 16.94117647],0
p11,1,0.036301,4.382918,[20 25] ; [17  7],[24.13043478 20.86956522] ; [12.86956522 11.13043478],0
p2,1,0.138661,2.192758,[34 11] ; [14 10],[31.30434783 13.69565217] ; [16.69565217  7.30434783],0
p1,1,0.536662,0.381762,[ 6 39] ; [ 2 22],[ 5.2173913 39.7826087] ; [ 2.7826087 21.2173913],0
p7,1,0.667268,0.184815,[24 21] ; [11 12],[23.16176471 21.83823529] ; [11.83823529 11.16176471],0
b1,1,0.824557,0.049145,[25 20] ; [14 10],[25.43478261 19.56521739] ; [13.56521739 10.43478261],0
