Feature,DoF,P Value,Chi Square,Observed,Expected,Is Significant
p9,1,0.0,162.960195,[26 37] ; [317   8],[55.69329897  7.30670103] ; [287.30670103  37.69329897],1
p11,1,0.0,49.916418,[33 30] ; [289  36],[52.28350515 10.71649485] ; [269.71649485  55.28350515],1
p8,1,0.000106,15.031667,[30 33] ; [234  89],[43.0880829 19.9119171] ; [220.9119171 102.0880829],1
p7,1,0.000243,13.464159,[37 26] ; [258  64],[48.27272727 14.72727273] ; [246.72727273  75.27272727],1
p12,1,0.005052,7.860781,[ 1 62] ; [ 46 278],[ 7.65116279 55.34883721] ; [ 39.34883721 284.65116279],0
p5,1,0.008858,6.851277,[ 5 58] ; [ 72 250],[12.6 50.4] ; [ 64.4 257.6],0
p6,1,0.01787,5.608805,[24 38] ; [178 145],[32.52987013 29.47012987] ; [169.47012987 153.52987013],0
b1,1,0.260237,1.267494,[31 32] ; [135 190],[26.95360825 36.04639175] ; [139.04639175 185.95360825],0
p1,1,0.771249,0.08453,[ 7 56] ; [ 40 282],[ 7.69090909 55.30909091] ; [ 39.30909091 282.69090909],0
