Feature,DoF,P Value,Chi Square,Observed,Expected,Is Significant
p11,1,2e-06,22.204189,[8 9] ; [391  56],[14.61853448  2.38146552] ; [384.38146552  62.61853448],1
p4,1,0.00039,12.57895,[ 6 11] ; [332 115],[12.38362069  4.61637931] ; [325.61637931 121.38362069],1
p9,1,0.00106,10.720447,[13  4] ; [425  22],[16.04741379  0.95258621] ; [421.95258621  25.04741379],0
b1,1,0.031461,4.62764,[11  6] ; [173 274],[ 6.74137931 10.25862069] ; [177.25862069 269.74137931],0
p1,1,0.278795,1.172953,[ 3 14] ; [ 43 403],[ 1.68898488 15.31101512] ; [ 44.31101512 401.68898488],0
p3,1,0.692327,0.156578,[10  7] ; [284 163],[10.77155172  6.22844828] ; [283.22844828 163.77155172],0
