Feature,DoF,P Value,Chi Square,Observed,Expected,Is Significant
p9,1,0.000286,13.162081,[55  7] ; [23 17],[47.41176471 14.58823529] ; [30.58823529  9.41176471],1
p4,1,0.014682,5.954245,[18 45] ; [21 19],[23.85436893 39.14563107] ; [15.14563107 24.85436893],0
p8,1,0.025226,5.008324,[10 53] ; [14 26],[14.67961165 48.32038835] ; [ 9.32038835 30.67961165],0
p12,1,0.074043,3.191042,[ 8 55] ; [ 1 39],[ 5.50485437 57.49514563] ; [ 3.49514563 36.50485437],0
b1,1,0.385061,0.754483,[26 37] ; [20 20],[28.13592233 34.86407767] ; [17.86407767 22.13592233],0
p5,1,0.496551,0.4623,[ 4 56] ; [ 4 34],[ 4.89795918 55.10204082] ; [ 3.10204082 34.89795918],0
p1,1,0.523255,0.407473,[ 9 54] ; [ 4 36],[ 7.95145631 55.04854369] ; [ 5.04854369 34.95145631],0
p11,1,0.986343,0.000293,[44 19] ; [28 12],[44.03883495 18.96116505] ; [27.96116505 12.03883495],0
