Feature,DoF,P Value,Chi Square,Observed,Expected,Is Significant
p2,1,0.0,34.379372,[88 19] ; [45 59],[67.44549763 39.55450237] ; [65.55450237 38.44549763],1
p11,1,2.1e-05,18.07063,[74 34] ; [41 63],[58.58490566 49.41509434] ; [56.41509434 47.58490566],1
p6,1,0.000131,14.625216,[35 72] ; [11 91],[23.55023923 83.44976077] ; [22.44976077 79.55023923],1
b1,1,0.009389,6.747383,[37 71] ; [54 50],[46.35849057 61.64150943] ; [44.64150943 59.35849057],0
p4,1,0.015786,5.826603,[45 63] ; [27 77],[36.67924528 71.32075472] ; [35.32075472 68.67924528],0
p1,1,0.273517,1.199022,[  3 105] ; [ 6 97],[  4.60663507 103.39336493] ; [ 4.39336493 98.60663507],0
p5,1,0.427716,0.629018,[  4 103] ; [  2 102],[  3.04265403 103.95734597] ; [  2.95734597 101.04265403],0
p12,1,0.961826,0.002291,[  2 106] ; [  2 101],[  2.04739336 105.95260664] ; [  1.95260664 101.04739336],0
