Feature,DoF,P Value,Chi Square,Observed,Expected,Is Significant
p11,1,0.022093,5.238439,[54 26] ; [72 15],[60.35928144 19.64071856] ; [65.64071856 21.35928144],0
p6,1,0.058986,3.565679,[13 66] ; [24 59],[18.04320988 60.95679012] ; [18.95679012 64.04320988],0
p3,1,0.159567,1.978324,[23 57] ; [34 53],[27.30538922 52.69461078] ; [29.69461078 57.30538922],0
b1,1,0.354036,0.858939,[36 44] ; [33 54],[33.05389222 46.94610778] ; [35.94610778 51.05389222],0
p12,1,0.465455,0.532746,[ 7 73] ; [ 5 81],[ 5.78313253 74.21686747] ; [ 6.21686747 79.78313253],0
p5,1,0.506027,0.442273,[ 2 74] ; [ 4 83],[ 2.79754601 73.20245399] ; [ 3.20245399 83.79754601],0
p1,1,0.887535,0.020001,[ 7 73] ; [ 7 79],[ 6.74698795 73.25301205] ; [ 7.25301205 78.74698795],0
p10,1,0.980844,0.000577,[65 15] ; [70 16],[65.06024096 14.93975904] ; [69.93975904 16.06024096],0
