Feature,DoF,P Value,Chi Square,Observed,Expected,Is Significant
p3,1,0.012444,6.246464,[ 7 17] ; [57 42],[12.48780488 11.51219512] ; [51.51219512 47.48780488],0
p2,1,0.08683,2.932179,[14 10] ; [75 24],[17.36585366  6.63414634] ; [71.63414634 27.36585366],0
b1,1,0.134754,2.236862,[14 10] ; [41 58],[10.73170732 13.26829268] ; [44.26829268 54.73170732],0
p6,1,0.374673,0.788107,[ 3 21] ; [20 78],[ 4.52459016 19.47540984] ; [18.47540984 79.52459016],0
p11,1,0.765597,0.088887,[17  7] ; [67 32],[16.3902439  7.6097561] ; [67.6097561 31.3902439],0
p1,1,0.967606,0.001649,[ 2 22] ; [ 8 91],[ 1.95121951 22.04878049] ; [ 8.04878049 90.95121951],0
