Feature,DoF,P Value,Chi Square,Observed,Expected,Is Significant
p11,1,0.000298,13.081772,[ 8 14] ; [88 29],[15.1942446  6.8057554] ; [80.8057554 36.1942446],1
b1,1,0.050005,3.841279,[13  9] ; [43 74],[ 8.86330935 13.13669065] ; [47.13669065 69.86330935],0
p3,1,0.349922,0.873741,[11 11] ; [71 46],[12.97841727  9.02158273] ; [69.02158273 47.97841727],0
p1,1,0.456827,0.553658,[ 1 21] ; [ 11 106],[ 1.89928058 20.10071942] ; [ 10.10071942 106.89928058],0
p8,1,0.561848,0.336515,[ 9 12] ; [42 74],[ 7.81751825 13.18248175] ; [43.18248175 72.81751825],0
p6,1,0.731275,0.117944,[ 7 15] ; [33 84],[ 6.33093525 15.66906475] ; [33.66906475 83.33093525],0
p5,1,0.787867,0.072405,[ 3 18] ; [ 14 101],[ 2.625 18.375] ; [ 14.375 100.625],0
