Feature,DoF,P Value,Chi Square,Observed,Expected,Is Significant
p10,1,0.0,65.679248,[151  95] ; [284  31],[190.7486631  55.2513369] ; [244.2513369  70.7486631],1
p9,1,0.0,57.910283,[161  81] ; [290  25],[195.94614004  46.05385996] ; [255.05385996  59.94614004],1
p5,1,0.0,46.295992,[  4 243] ; [ 65 251],[ 30.27175844 216.72824156] ; [ 38.72824156 277.27175844],1
p11,1,0.0,39.447185,[158  91] ; [273  44],[189.60954064  59.39045936] ; [241.39045936  75.60954064],1
p1,1,0.000506,12.093884,[ 10 238] ; [ 39 277],[ 21.54609929 226.45390071] ; [ 27.45390071 288.54609929],1
p12,1,0.005675,7.650788,[ 12 235] ; [ 36 279],[ 21.09608541 225.90391459] ; [ 26.90391459 288.09608541],0
b1,1,0.539249,0.376934,[102 147] ; [138 179],[105.58303887 143.41696113] ; [134.41696113 182.58303887],0
