Feature,DoF,P Value,Chi Square,Observed,Expected,Is Significant
p7,1,1e-06,23.533879,[106  49] ; [281  42],[125.4916318  29.5083682] ; [261.5083682  61.4916318],1
p5,1,7.1e-05,15.79704,[ 11 145] ; [ 70 255],[ 26.27027027 129.72972973] ; [ 54.72972973 270.27027027],1
p6,1,0.000841,11.147724,[64 91] ; [186 137],[81.06694561 73.93305439] ; [168.93305439 154.06694561],1
p10,1,0.002799,8.933783,[124  29] ; [293  30],[134.03571429  18.96428571] ; [282.96428571  40.03571429],0
p12,1,0.003137,8.725787,[  6 150] ; [ 40 285],[ 14.91891892 141.08108108] ; [ 31.08108108 293.91891892],0
p11,1,0.013742,6.070966,[124  32] ; [286  39],[132.97297297  23.02702703] ; [277.02702703  47.97297297],0
p9,1,0.015436,5.866009,[128  26] ; [294  30],[135.958159  18.041841] ; [286.041841  37.958159],0
p1,1,0.03543,4.424334,[ 11 145] ; [ 44 280],[ 17.875 138.125] ; [ 37.125 286.875],0
b1,1,0.209162,1.577215,[ 55 101] ; [134 191],[61.2972973 94.7027027] ; [127.7027027 197.2972973],0
