Feature,DoF,P Value,Chi Square,Observed,Expected,Is Significant
p11,1,0.038273,4.292868,[ 7 15] ; [21 14],[10.80701754 11.19298246] ; [17.19298246 17.80701754],0
b1,1,0.062299,3.475108,[15  7] ; [15 20],[11.57894737 10.42105263] ; [18.42105263 16.57894737],0
p5,1,0.276162,1.185882,[ 3 18] ; [ 2 33],[ 1.875 19.125] ; [ 3.125 31.875],0
p4,1,0.378835,0.774479,[ 9 13] ; [18 16],[10.60714286 11.39285714] ; [16.39285714 17.60714286],0
p8,1,0.514906,0.424084,[ 8 13] ; [16 18],[ 9.16363636 11.83636364] ; [14.83636364 19.16363636],0
p3,1,0.533491,0.387737,[10 12] ; [13 22],[ 8.87719298 13.12280702] ; [14.12280702 20.87719298],0
p1,1,0.847439,0.037013,[ 1 21] ; [ 2 33],[ 1.15789474 20.84210526] ; [ 1.84210526 33.15789474],0
p6,1,1.0,0.0,[ 8 14] ; [12 21],[ 8. 14.] ; [12. 21.],0
