Feature,DoF,P Value,Chi Square,Observed,Expected,Is Significant
p10,1,0.0,104.973028,[26 81] ; [160  30],[67.01010101 39.98989899] ; [118.98989899  71.01010101],1
p11,1,0.0,27.92157,[49 59] ; [144  46],[69.94630872 38.05369128] ; [123.05369128  66.94630872],1
p2,1,3.5e-05,17.115062,[50 58] ; [134  56],[66.68456376 41.31543624] ; [117.31543624  72.68456376],1
p12,1,0.005463,7.719418,[  1 106] ; [ 17 173],[  6.48484848 100.51515152] ; [ 11.51515152 178.48484848],0
b1,1,0.006228,7.483065,[55 53] ; [ 66 124],[43.85234899 64.14765101] ; [ 77.14765101 112.85234899],0
p4,1,0.011914,6.323673,[26 80] ; [ 74 116],[35.81081081 70.18918919] ; [ 64.18918919 125.81081081],0
p5,1,0.077551,3.115495,[  1 106] ; [  9 178],[  3.63945578 103.36054422] ; [  6.36054422 180.63945578],0
p1,1,0.451955,0.565743,[  5 102] ; [ 13 177],[  6.48484848 100.51515152] ; [ 11.51515152 178.48484848],0
