Feature,DoF,P Value,Chi Square,Observed,Expected,Is Significant
p11,1,3.9e-05,16.925017,[31 55] ; [52 24],[44.0617284 41.9382716] ; [38.9382716 37.0617284],1
p12,1,0.019184,5.484621,[ 1 84] ; [ 7 69],[ 4.22360248 80.77639752] ; [ 3.77639752 72.22360248],0
p6,1,0.117547,2.449702,[ 5 78] ; [10 65],[ 7.87974684 75.12025316] ; [ 7.12025316 67.87974684],0
p3,1,0.132457,2.263472,[17 68] ; [23 53],[21.11801242 63.88198758] ; [18.88198758 57.11801242],0
b1,1,0.413991,0.66731,[44 42] ; [34 42],[41.40740741 44.59259259] ; [36.59259259 39.40740741],0
p5,1,0.45883,0.548748,[ 1 85] ; [ 2 70],[ 1.63291139 84.36708861] ; [ 1.36708861 70.63291139],0
p4,1,0.825125,0.048823,[25 61] ; [23 52],[25.63975155 60.36024845] ; [22.36024845 52.63975155],0
p1,1,0.826465,0.048065,[ 7 78] ; [ 7 69],[ 7.39130435 77.60869565] ; [ 6.60869565 69.39130435],0
