Feature,DoF,P Value,Chi Square,Observed,Expected,Is Significant
p4,1,0.000127,14.683029,[ 91 180] ; [42 30],[105.08163265 165.91836735] ; [27.91836735 44.08163265],1
p1,1,0.000216,13.684385,[  8 263] ; [10 62],[ 14.22157434 256.77842566] ; [ 3.77842566 68.22157434],1
p5,1,0.006219,7.485815,[ 11 262] ; [ 9 63],[ 15.82608696 257.17391304] ; [ 4.17391304 67.82608696],0
p12,1,0.061341,3.500753,[  9 261] ; [ 6 65],[ 11.87683284 258.12316716] ; [ 3.12316716 67.87683284],0
p9,1,0.141558,2.160941,[218  50] ; [63  8],[222.14749263  45.85250737] ; [58.85250737 12.14749263],0
p10,1,0.474515,0.511443,[210  60] ; [58 13],[212.19941349  57.80058651] ; [55.80058651 15.19941349],0
p11,1,0.585539,0.297366,[213  60] ; [54 18],[211.27826087  61.72173913] ; [55.72173913 16.27826087],0
b1,1,0.847918,0.036778,[ 84 189] ; [23 49],[ 84.66956522 188.33043478] ; [22.33043478 49.66956522],0
