Feature,DoF,P Value,Chi Square,Observed,Expected,Is Significant
p8,1,0.0,85.414417,[15 57] ; [184  46],[47.44370861 24.55629139] ; [151.55629139  78.44370861],1
p11,1,0.000541,11.96924,[49 23] ; [198  32],[58.88741722 13.11258278] ; [188.11258278  41.88741722],1
p5,1,0.002914,8.860801,[ 6 64] ; [ 58 172],[14.93333333 55.06666667] ; [ 49.06666667 180.93333333],0
p10,1,0.008273,6.973339,[58 14] ; [210  19],[64.10631229  7.89368771] ; [203.89368771  25.10631229],0
p12,1,0.354766,0.856338,[ 7 65] ; [ 32 198],[ 9.29801325 62.70198675] ; [ 29.70198675 200.29801325],0
p1,1,0.532527,0.389567,[ 8 64] ; [ 32 197],[ 9.56810631 62.43189369] ; [ 30.43189369 198.56810631],0
b1,1,0.543098,0.369827,[29 43] ; [102 128],[31.23178808 40.76821192] ; [ 99.76821192 130.23178808],0
