Feature,DoF,P Value,Chi Square,Observed,Expected,Is Significant
p4,1,0.0,84.545861,[15 51] ; [269  70],[46.28148148 19.71851852] ; [237.71851852 101.28148148],1
p6,1,0.0,32.614711,[11 56] ; [185 154],[32.34482759 34.65517241] ; [163.65517241 175.34482759],1
p11,1,0.0,28.21089,[46 22] ; [310  30],[59.33333333  8.66666667] ; [296.66666667  43.33333333],1
p9,1,0.006545,7.393841,[58  9] ; [324  16],[62.88452088  4.11547912] ; [319.11547912  20.88452088],0
p5,1,0.018225,5.57443,[ 5 61] ; [ 67 273],[11.7044335 54.2955665] ; [ 60.2955665 279.7044335],0
b1,1,0.587129,0.294851,[29 39] ; [133 207],[27. 41.] ; [135. 205.],0
p12,1,0.674433,0.17646,[ 7 61] ; [ 41 298],[ 8.01965602 59.98034398] ; [ 39.98034398 299.01965602],0
p1,1,0.717197,0.131194,[ 7 61] ; [ 40 298],[ 7.87192118 60.12807882] ; [ 39.12807882 298.87192118],0
