Feature,DoF,P Value,Chi Square,Observed,Expected,Is Significant
p6,1,0.0,31.766548,[ 5 61] ; [22 16],[17.13461538 48.86538462] ; [ 9.86538462 28.13461538],1
p3,1,2e-06,22.30901,[10 57] ; [23 16],[20.85849057 46.14150943] ; [12.14150943 26.85849057],1
p5,1,0.005087,7.848108,[ 1 67] ; [ 6 33],[ 4.44859813 63.55140187] ; [ 2.55140187 36.44859813],0
p11,1,0.042782,4.103988,[23 45] ; [21 18],[27.96261682 40.03738318] ; [16.03738318 22.96261682],0
p9,1,0.073419,3.204874,[13 52] ; [14 25],[16.875 48.125] ; [10.125 28.875],0
p1,1,0.187974,1.733427,[ 5 63] ; [ 6 33],[ 6.99065421 61.00934579] ; [ 4.00934579 34.99065421],0
p12,1,0.687706,0.16158,[ 1 67] ; [ 1 38],[ 1.27102804 66.72897196] ; [ 0.72897196 38.27102804],0
b1,1,0.868646,0.02735,[36 32] ; [20 19],[35.58878505 32.41121495] ; [20.41121495 18.58878505],0
