Feature,DoF,P Value,Chi Square,Observed,Expected,Is Significant
p6,1,2e-06,23.020349,[ 27 161] ; [22 26],[ 39.03389831 148.96610169] ; [ 9.96610169 38.03389831],1
p7,1,2e-06,22.743437,[ 68 116] ; [38 13],[ 82.99574468 101.00425532] ; [23.00425532 27.99574468],1
p3,1,0.000268,13.280942,[ 35 153] ; [22 29],[ 44.83682008 143.16317992] ; [12.16317992 38.83682008],1
p1,1,0.011332,6.412542,[  8 181] ; [ 7 43],[ 11.86192469 177.13807531] ; [ 3.13807531 46.86192469],0
p5,1,0.045132,4.013702,[  4 183] ; [ 4 47],[  6.28571429 180.71428571] ; [ 1.71428571 49.28571429],0
b1,1,0.046741,3.954693,[ 64 125] ; [25 26],[ 70.0875 118.9125] ; [18.9125 32.0875],0
p11,1,0.213826,1.545329,[139  50] ; [33 18],[135.45  53.55] ; [36.55 14.45],0
p12,1,0.261773,1.259358,[ 11 178] ; [ 1 50],[  9.45 179.55] ; [ 2.55 48.45],0
