Feature,DoF,P Value,Chi Square,Observed,Expected,Is Significant
p9,1,0.0,55.152088,[81 15] ; [35 72],[54.85714286 41.14285714] ; [61.14285714 45.85714286],1
p2,1,0.0,32.197488,[82 15] ; [53 60],[62.35714286 34.64285714] ; [72.64285714 40.35714286],1
p7,1,0.0,27.382191,[59 35] ; [29 81],[40.54901961 53.45098039] ; [47.45098039 62.54901961],1
p11,1,2.3e-05,17.918371,[77 21] ; [57 56],[62.23696682 35.76303318] ; [71.76303318 41.23696682],1
b1,1,0.060218,3.531363,[31 67] ; [50 63],[37.62085308 60.37914692] ; [43.37914692 69.62085308],0
p12,1,0.771072,0.084665,[ 2 95] ; [  3 109],[ 2.32057416 94.67942584] ; [  2.67942584 109.32057416],0
p1,1,0.795395,0.067243,[ 6 90] ; [  6 105],[ 5.56521739 90.43478261] ; [  6.43478261 104.56521739],0
