Feature,DoF,P Value,Chi Square,Observed,Expected,Is Significant
p8,1,5e-06,20.727817,[131  94] ; [ 98 163],[106.01851852 118.98148148] ; [122.98148148 138.01851852],1
p7,1,8.4e-05,15.456975,[142  84] ; [116 142],[120.47107438 105.52892562] ; [137.52892562 120.47107438],1
p2,1,0.001776,9.767871,[202  24] ; [210  56],[189.25203252  36.74796748] ; [222.74796748  43.25203252],0
p5,1,0.01092,6.478288,[ 26 197] ; [ 14 250],[ 18.31622177 204.68377823] ; [ 21.68377823 242.31622177],0
p1,1,0.018703,5.529103,[ 20 206] ; [ 10 256],[ 13.7804878 212.2195122] ; [ 16.2195122 249.7804878],0
p11,1,0.020028,5.409482,[198  29] ; [211  55],[188.32251521  38.67748479] ; [220.67748479  45.32251521],0
p9,1,0.060903,3.512612,[215  12] ; [239  26],[209.46747967  17.53252033] ; [244.53252033  20.46747967],0
b1,1,0.281845,1.158172,[ 83 144] ; [ 85 181],[ 77.35496957 149.64503043] ; [ 90.64503043 175.35496957],0
p12,1,0.312635,1.019509,[ 15 212] ; [ 12 253],[ 12.45731707 214.54268293] ; [ 14.54268293 250.45731707],0
