Feature,DoF,P Value,Chi Square,Observed,Expected,Is Significant
p8,1,0.00072,11.436738,[ 6 62] ; [14 26],[12.59259259 55.40740741] ; [ 7.40740741 32.59259259],1
p6,1,0.004483,8.077181,[ 5 61] ; [11 28],[10.05714286 55.94285714] ; [ 5.94285714 33.05714286],0
p3,1,0.016014,5.801285,[10 57] ; [14 26],[15.02803738 51.97196262] ; [ 8.97196262 31.02803738],0
p11,1,0.05645,3.638728,[23 45] ; [21 19],[27.7037037 40.2962963] ; [16.2962963 23.7037037],0
b1,1,0.475904,0.508235,[36 32] ; [24 16],[37.77777778 30.22222222] ; [22.22222222 17.77777778],0
p12,1,0.701577,0.146837,[ 1 67] ; [ 1 39],[ 1.25925926 66.74074074] ; [ 0.74074074 39.25925926],0
