Feature,DoF,P Value,Chi Square,Observed,Expected,Is Significant
p11,1,0.0,65.105362,[239  52] ; [21 43],[213.12676056  77.87323944] ; [46.87323944 17.12676056],1
p8,1,0.0,29.066795,[130 154] ; [ 6 58],[110.98850575 173.01149425] ; [25.01149425 38.98850575],1
p7,1,0.0,27.892684,[163 118] ; [13 49],[144.18658892 136.81341108] ; [31.81341108 30.18658892],1
b1,1,1e-05,19.565584,[ 84 207] ; [37 27],[ 99.18591549 191.81408451] ; [21.81408451 42.18591549],1
p6,1,0.008523,6.920178,[ 78 210] ; [ 7 55],[ 69.94285714 218.05714286] ; [15.05714286 46.94285714],0
p1,1,0.115114,2.482564,[ 10 281] ; [ 5 59],[ 12.29577465 278.70422535] ; [ 2.70422535 61.29577465],0
p5,1,0.181859,1.782369,[ 16 275] ; [ 1 63],[ 13.93521127 277.06478873] ; [ 3.06478873 60.93521127],0
p12,1,0.372124,0.79656,[ 11 279] ; [ 1 63],[  9.83050847 280.16949153] ; [ 2.16949153 61.83050847],0
