Feature,DoF,P Value,Chi Square,Observed,Expected,Is Significant
p2,1,0.000185,13.976125,[34 52] ; [37 14],[44.56934307 41.43065693] ; [26.43065693 24.56934307],1
p11,1,0.000521,12.038105,[31 55] ; [34 17],[40.80291971 45.19708029] ; [24.19708029 26.80291971],1
p8,1,0.000764,11.32571,[ 9 77] ; [17 33],[16.44117647 69.55882353] ; [ 9.55882353 40.44117647],1
p6,1,0.001107,10.640015,[ 5 78] ; [13 37],[11.23308271 71.76691729] ; [ 6.76691729 43.23308271],0
b1,1,0.114346,2.493098,[44 42] ; [19 32],[39.54744526 46.45255474] ; [23.45255474 27.54744526],0
p12,1,0.291333,1.11345,[ 1 84] ; [ 2 49],[ 1.875 83.125] ; [ 1.125 49.875],0
p1,1,0.327234,0.959813,[ 7 78] ; [ 2 49],[ 5.625 79.375] ; [ 3.375 47.625],0
p5,1,0.706579,0.141718,[ 1 85] ; [ 1 50],[ 1.25547445 84.74452555] ; [ 0.74452555 50.25547445],0
p4,1,0.908606,0.013178,[25 61] ; [15 35],[25.29411765 60.70588235] ; [14.70588235 35.29411765],0
