Feature,DoF,P Value,Chi Square,Observed,Expected,Is Significant
p3,1,7.6e-05,15.655616,[17 20] ; [17 98],[ 8.27631579 28.72368421] ; [25.72368421 89.27631579],1
p9,1,0.003643,8.453497,[22 15] ; [35 73],[14.54482759 22.45517241] ; [42.45517241 65.54482759],0
p8,1,0.009379,6.749132,[13 23] ; [18 95],[ 7.48993289 28.51006711] ; [23.51006711 89.48993289],0
p11,1,0.072939,3.215604,[23 14] ; [52 63],[18.25657895 18.74342105] ; [56.74342105 58.25657895],0
p5,1,0.201202,1.633625,[ 2 33] ; [  2 113],[ 0.93333333 34.06666667] ; [  3.06666667 111.93333333],0
p1,1,0.514045,0.425824,[ 1 36] ; [  6 107],[ 1.72666667 35.27333333] ; [  5.27333333 107.72666667],0
b1,1,0.99603,2.5e-05,[18 19] ; [56 59],[18.01315789 18.98684211] ; [55.98684211 59.01315789],0
