Feature,DoF,P Value,Chi Square,Observed,Expected,Is Significant
p9,1,2e-06,22.192029,[13 15] ; [139  24],[22.28272251  5.71727749] ; [129.71727749  33.28272251],1
p7,1,0.090258,2.869771,[20  8] ; [89 75],[15.89583333 12.10416667] ; [93.10416667 70.89583333],0
p1,1,0.529398,0.395547,[ 3 25] ; [ 12 153],[ 2.1761658 25.8238342] ; [ 12.8238342 152.1761658],0
p11,1,0.752322,0.09959,[21  7] ; [119  46],[20.31088083  7.68911917] ; [119.68911917  45.31088083],0
p5,1,0.805209,0.060817,[ 2 26] ; [ 14 150],[ 2.33333333 25.66666667] ; [ 13.66666667 150.33333333],0
b1,1,0.960146,0.002497,[11 17] ; [ 64 101],[10.88082902 17.11917098] ; [ 64.11917098 100.88082902],0
