Feature,DoF,P Value,Chi Square,Observed,Expected,Is Significant
p3,1,0.001896,9.647267,[51 89] ; [112  98],[65.2 74.8] ; [ 97.8 112.2],0
p11,1,0.016708,5.726746,[111  29] ; [187  24],[118.86039886  21.13960114] ; [179.13960114  31.86039886],0
p5,1,0.025399,4.996462,[  5 135] ; [ 21 190],[ 10.37037037 129.62962963] ; [ 15.62962963 195.37037037],0
p2,1,0.061145,3.50606,[119  21] ; [192  18],[124.4  15.6] ; [186.6  23.4],0
p1,1,0.252212,1.311012,[  8 132] ; [ 19 191],[ 10.8 129.2] ; [ 16.2 193.8],0
b1,1,0.865611,0.028641,[49 91] ; [ 72 139],[48.26210826 91.73789174] ; [ 72.73789174 138.26210826],0
p12,1,0.907306,0.013558,[  7 132] ; [ 10 200],[  6.77077364 132.22922636] ; [ 10.22922636 199.77077364],0
