Feature,DoF,P Value,Chi Square,Observed,Expected,Is Significant
p11,1,0.000942,10.938011,[46 22] ; [37 53],[35.72151899 32.27848101] ; [47.27848101 42.72151899],1
p12,1,0.009622,6.703636,[ 7 61] ; [ 1 88],[ 3.46496815 64.53503185] ; [ 4.53503185 84.46496815],0
p6,1,0.029531,4.736384,[11 56] ; [ 5 83],[ 6.91612903 60.08387097] ; [ 9.08387097 78.91612903],0
p5,1,0.110553,2.546291,[ 5 61] ; [ 2 88],[ 2.96153846 63.03846154] ; [ 4.03846154 85.96153846],0
b1,1,0.232981,1.422569,[29 39] ; [47 43],[32.70886076 35.29113924] ; [43.29113924 46.70886076],0
p4,1,0.655723,0.198761,[15 51] ; [23 66],[16.18064516 49.81935484] ; [21.81935484 67.18064516],0
p1,1,0.970245,0.001391,[ 7 61] ; [ 9 80],[ 6.92993631 61.07006369] ; [ 9.07006369 79.92993631],0
