Feature,DoF,P Value,Chi Square,Observed,Expected,Is Significant
p11,1,3e-06,21.684856,[268  31] ; [15 11],[260.36  38.64] ; [22.64  3.36],1
p10,1,0.001599,9.961011,[269  30] ; [18  8],[264.04  34.96] ; [22.96  3.04],0
p9,1,0.009304,6.76354,[269  30] ; [19  7],[264.96  34.04] ; [23.04  2.96],0
p3,1,0.028389,4.804277,[227  72] ; [14 11],[222.40432099  76.59567901] ; [18.59567901  6.40432099],0
b1,1,0.101403,2.683337,[123 176] ; [15 11],[126.96 172.04] ; [11.04 14.96],0
p12,1,0.618556,0.247902,[ 36 263] ; [ 4 22],[ 36.8 262.2] ; [ 3.2 22.8],0
p5,1,0.708264,0.140017,[ 67 232] ; [ 5 21],[ 66.24 232.76] ; [ 5.76 20.24],0
p1,1,0.891441,0.018627,[ 37 260] ; [ 3 23],[ 36.78018576 260.21981424] ; [ 3.21981424 22.78018576],0
