Feature,DoF,P Value,Chi Square,Observed,Expected,Is Significant
p4,1,0.0,40.039414,[45 63] ; [339 123],[72.75789474 35.24210526] ; [311.24210526 150.75789474],1
p11,1,1e-06,23.277773,[74 34] ; [405  58],[90.59894921 17.40105079] ; [388.40105079  74.59894921],1
p6,1,0.000608,11.75272,[35 72] ; [235 225],[50.95238095 56.04761905] ; [219.04761905 240.95238095],1
p5,1,0.000638,11.662157,[  4 103] ; [ 76 385],[15.07042254 91.92957746] ; [ 64.92957746 396.07042254],1
p2,1,0.00172,9.826881,[88 19] ; [425  36],[96.63908451 10.36091549] ; [416.36091549  44.63908451],0
p12,1,0.007291,7.199789,[  2 106] ; [ 45 417],[ 8.90526316 99.09473684] ; [ 38.09473684 423.90526316],0
p1,1,0.016353,5.764564,[  3 105] ; [ 46 415],[ 9.30052724 98.69947276] ; [ 39.69947276 421.30052724],0
b1,1,0.519569,0.414749,[37 71] ; [174 289],[39.9089317 68.0910683] ; [171.0910683 291.9089317],0
