Feature,DoF,P Value,Chi Square,Observed,Expected,Is Significant
p11,1,0.0,106.836066,[318  39] ; [35 54],[282.55829596  74.44170404] ; [70.44170404 18.55829596],1
p3,1,0.0,72.217967,[243 114] ; [16 72],[207.78202247 149.21797753] ; [51.21797753 36.78202247],1
p6,1,0.0,43.449213,[193 160] ; [13 73],[165.64464692 187.35535308] ; [40.35535308 45.64464692],1
p5,1,4.1e-05,16.825524,[ 66 291] ; [ 1 88],[ 53.63004484 303.36995516] ; [13.36995516 75.63004484],1
p12,1,0.013707,6.075482,[ 38 318] ; [ 2 86],[ 32.07207207 323.92792793] ; [ 7.92792793 80.07207207],0
b1,1,0.037672,4.319773,[145 212] ; [47 42],[153.68609865 203.31390135] ; [38.31390135 50.68609865],0
p1,1,0.093585,2.811606,[ 42 313] ; [ 5 83],[ 37.66365688 317.33634312] ; [ 9.33634312 78.66365688],0
