Feature,DoF,P Value,Chi Square,Observed,Expected,Is Significant
p8,1,1e-05,19.551989,[28 37] ; [197  77],[43.14159292 21.85840708] ; [181.85840708  92.14159292],1
p2,1,1e-05,19.437231,[47 19] ; [251  24],[57.67741935  8.32258065] ; [240.32258065  34.67741935],1
p7,1,0.000175,14.081698,[44 21] ; [235  35],[54.13432836 10.86567164] ; [224.86567164  45.13432836],1
p5,1,0.001166,10.54308,[ 3 63] ; [ 60 215],[12.19354839 53.80645161] ; [ 50.80645161 224.19354839],0
p12,1,0.008835,6.855867,[ 2 64] ; [ 41 233],[ 8.34705882 57.65294118] ; [ 34.65294118 239.34705882],0
p11,1,0.052479,3.760439,[49 17] ; [232  43],[54.38709677 11.61290323] ; [226.61290323  48.38709677],0
b1,1,0.189901,1.718382,[32 34] ; [109 166],[27.29032258 38.70967742] ; [113.70967742 161.29032258],0
p1,1,0.655346,0.199226,[ 8 58] ; [ 39 235],[ 9.12352941 56.87647059] ; [ 37.87647059 236.12352941],0
