Feature,DoF,P Value,Chi Square,Observed,Expected,Is Significant
p11,1,1e-06,23.213914,[243  31] ; [44 24],[229.93567251  44.06432749] ; [57.06432749 10.93567251],1
p4,1,4.5e-05,16.650386,[241  33] ; [46 22],[229.93567251  44.06432749] ; [57.06432749 10.93567251],1
p5,1,0.000355,12.753503,[ 65 209] ; [ 3 65],[ 54.47953216 219.52046784] ; [13.52046784 54.47953216],1
p12,1,0.013886,6.052624,[ 37 236] ; [ 2 66],[ 31.2228739 241.7771261] ; [ 7.7771261 60.2228739],0
p9,1,0.039483,4.239957,[255  19] ; [58 10],[250.76608187  23.23391813] ; [62.23391813  5.76608187],0
p10,1,0.086427,2.939705,[250  22] ; [57 10],[246.32448378  25.67551622] ; [60.67551622  6.32448378],0
p1,1,0.097802,2.741024,[ 41 232] ; [ 5 63],[ 36.82697947 236.17302053] ; [ 9.17302053 58.82697947],0
b1,1,0.173346,1.853769,[112 162] ; [34 34],[116.97076023 157.02923977] ; [29.02923977 38.97076023],0
