Feature,DoF,P Value,Chi Square,Observed,Expected,Is Significant
p11,1,0.011874,6.32953,[23 13] ; [14 26],[17.52631579 18.47368421] ; [19.47368421 20.52631579],0
p9,1,0.037487,4.328144,[23 13] ; [16 24],[18.47368421 17.52631579] ; [20.52631579 19.47368421],0
p1,1,0.364841,0.82116,[ 5 31] ; [ 3 37],[ 3.78947368 32.21052632] ; [ 4.21052632 35.78947368],0
p7,1,0.590043,0.290278,[14 22] ; [18 22],[15.15789474 20.84210526] ; [16.84210526 23.15789474],0
p4,1,0.662917,0.19,[18 18] ; [22 18],[18.94736842 17.05263158] ; [21.05263158 18.94736842],0
b1,1,0.740397,0.109778,[23 13] ; [27 13],[23.68421053 12.31578947] ; [26.31578947 13.68421053],0
p6,1,0.783635,0.075397,[10 26] ; [10 30],[ 9.47368421 26.52631579] ; [10.52631579 29.47368421],0
p5,1,0.835332,0.043209,[ 3 31] ; [ 3 37],[ 2.75675676 31.24324324] ; [ 3.24324324 36.75675676],0
