Feature,DoF,P Value,Chi Square,Observed,Expected,Is Significant
p11,1,0.0,44.932976,[41 56] ; [194  50],[66.84750733 30.15249267] ; [168.15249267  75.84750733],1
p2,1,0.0,29.577509,[43 54] ; [182  60],[64.38053097 32.61946903] ; [160.61946903  81.38053097],1
b1,1,0.002678,9.014696,[47 50] ; [ 76 168],[34.98826979 62.01173021] ; [ 88.01173021 155.98826979],0
p8,1,0.003975,8.29525,[17 79] ; [ 81 161],[27.83431953 68.16568047] ; [ 70.16568047 171.83431953],0
p7,1,0.022487,5.20772,[28 68] ; [101 136],[37.18918919 58.81081081] ; [ 91.81081081 145.18918919],0
p12,1,0.187623,1.736184,[ 2 94] ; [ 13 230],[ 4.24778761 91.75221239] ; [ 10.75221239 232.24778761],0
p5,1,0.188551,1.7289,[ 1 95] ; [  9 232],[ 2.84866469 93.15133531] ; [  7.15133531 233.84866469],0
p1,1,0.512474,0.429012,[ 6 90] ; [ 11 232],[ 4.81415929 91.18584071] ; [ 12.18584071 230.81415929],0
