Feature,DoF,P Value,Chi Square,Observed,Expected,Is Significant
p10,1,0.0,51.259505,[ 2 13] ; [131  17],[12.2392638  2.7607362] ; [120.7607362  27.2392638],1
p2,1,8e-05,15.568062,[8 7] ; [133  15],[12.97546012  2.02453988] ; [128.02453988  19.97546012],1
p11,1,0.001395,10.212502,[8 7] ; [128  21],[12.43902439  2.56097561] ; [123.56097561  25.43902439],0
b1,1,0.234844,1.41128,[7 8] ; [ 47 102],[ 4.93902439 10.06097561] ; [49.06097561 99.93902439],0
p7,1,0.754869,0.097485,[11  4] ; [100  44],[10.47169811  4.52830189] ; [100.52830189  43.47169811],0
