Feature,DoF,P Value,Chi Square,Observed,Expected,Is Significant
p10,1,0.0,66.421449,[21 91] ; [66 20],[49.21212121 62.78787879] ; [37.78787879 48.21212121],1
p2,1,0.0,40.591327,[49 64] ; [76 11],[70.625 42.375] ; [54.375 32.625],1
p4,1,0.0,30.107292,[31 81] ; [58 29],[50.09045226 61.90954774] ; [38.90954774 48.09045226],1
p11,1,0.0,28.711884,[50 63] ; [71 16],[68.365 44.635] ; [52.635 34.365],1
b1,1,0.036423,4.377182,[61 52] ; [34 53],[53.675 59.325] ; [41.325 45.675],0
p5,1,0.082871,3.007672,[  3 110] ; [ 7 80],[  5.65 107.35] ; [ 4.35 82.65],0
p12,1,0.09763,2.743838,[  1 111] ; [ 4 83],[  2.81407035 109.18592965] ; [ 2.18592965 84.81407035],0
p1,1,0.597357,0.279,[  8 104] ; [ 8 79],[  9.00502513 102.99497487] ; [ 6.99497487 80.00502513],0
