Feature,DoF,P Value,Chi Square,Observed,Expected,Is Significant
p11,1,0.060969,3.510827,[ 7 13] ; [22 14],[10.35714286  9.64285714] ; [18.64285714 17.35714286],0
p9,1,0.070992,3.259943,[ 5 15] ; [17 17],[ 8.14814815 11.85185185] ; [13.85185185 20.14814815],0
b1,1,0.140197,2.175791,[13  7] ; [16 20],[10.35714286  9.64285714] ; [18.64285714 17.35714286],0
p7,1,0.221083,1.497326,[10 10] ; [24 12],[12.14285714  7.85714286] ; [21.85714286 14.14285714],0
p5,1,0.234995,1.41037,[ 3 17] ; [ 2 34],[ 1.78571429 18.21428571] ; [ 3.21428571 32.78571429],0
p4,1,0.448774,0.573748,[11  9] ; [16 20],[ 9.64285714 10.35714286] ; [17.35714286 18.64285714],0
p1,1,0.623686,0.240721,[ 1 19] ; [ 3 32],[ 1.45454545 18.54545455] ; [ 2.54545455 32.45454545],0
p6,1,0.624515,0.239572,[ 7 13] ; [15 21],[ 7.85714286 12.14285714] ; [14.14285714 21.85714286],0
