Feature,DoF,P Value,Chi Square,Observed,Expected,Is Significant
p10,1,0.0,85.296124,[238  22] ; [20 32],[215.  45.] ; [43.  9.],1
p4,1,0.0,45.483576,[227  34] ; [24 28],[209.30031949  51.69968051] ; [41.69968051 10.30031949],1
p11,1,0.0,34.333338,[232  29] ; [29 23],[217.63897764  43.36102236] ; [43.36102236  8.63897764],1
p2,1,1e-06,23.427857,[243  17] ; [37 15],[233.33333333  26.66666667] ; [46.66666667  5.33333333],1
p5,1,0.001552,10.015396,[ 61 200] ; [ 2 49],[ 52.70192308 208.29807692] ; [10.29807692 40.70192308],0
p12,1,0.017434,5.652174,[ 35 225] ; [ 1 51],[ 30. 230.] ; [ 6. 46.],0
b1,1,0.069708,3.289882,[105 156] ; [28 24],[110.90415335 150.09584665] ; [22.09584665 29.90415335],0
