Feature,DoF,P Value,Chi Square,Observed,Expected,Is Significant
p9,1,0.003267,8.651967,[85 16] ; [15 11],[79.52755906 21.47244094] ; [20.47244094  5.52755906],0
p11,1,0.008546,6.915374,[80 21] ; [14 12],[74.75590551 26.24409449] ; [19.24409449  6.75590551],0
p7,1,0.032993,4.546154,[76 21] ; [15 11],[71.76422764 25.23577236] ; [19.23577236  6.76422764],0
b1,1,0.051137,3.803782,[30 71] ; [13 13],[34.19685039 66.80314961] ; [ 8.80314961 17.19685039],0
p8,1,0.059179,3.560252,[52 49] ; [ 8 18],[47.71653543 53.28346457] ; [12.28346457 13.71653543],0
p1,1,0.171711,1.867946,[ 7 94] ; [ 4 22],[ 8.7480315 92.2519685] ; [ 2.2519685 23.7480315],0
p10,1,0.183339,1.770352,[78 22] ; [17  9],[75.3968254 24.6031746] ; [19.6031746  6.3968254],0
p5,1,0.676438,0.174163,[ 6 95] ; [ 1 25],[ 5.56692913 95.43307087] ; [ 1.43307087 24.56692913],0
