Feature,DoF,P Value,Chi Square,Observed,Expected,Is Significant
p4,1,0.054592,3.694493,[27 10] ; [2 4],[24.95348837 12.04651163] ; [4.04651163 1.95348837],0
p8,1,0.114096,2.496543,[19 18] ; [1 5],[17.20930233 19.79069767] ; [2.79069767 3.20930233],0
b1,1,0.402298,0.701448,[25 12] ; [3 3],[24.09302326 12.90697674] ; [3.90697674 2.09302326],0
p1,1,0.503178,0.448227,[ 3 34] ; [1 5],[ 3.44186047 33.55813953] ; [0.55813953 5.44186047],0
p10,1,0.781971,0.076591,[ 8 29] ; [1 5],[ 7.74418605 29.25581395] ; [1.25581395 4.74418605],0
p11,1,0.85348,0.034107,[17 20] ; [3 3],[17.20930233 19.79069767] ; [2.79069767 3.20930233],0
