Feature,DoF,P Value,Chi Square,Observed,Expected,Is Significant
p8,1,0.004462,8.085561,[30 12] ; [ 4 10],[25.5 16.5] ; [8.5 5.5],0
p6,1,0.011653,6.362919,[19 24] ; [ 1 13],[15.0877193 27.9122807] ; [4.9122807 9.0877193],0
p3,1,0.391862,0.733158,[21 22] ; [5 9],[19.61403509 23.38596491] ; [6.38596491 7.61403509],0
b1,1,0.460137,0.545562,[26 17] ; [10  4],[27.15789474 15.84210526] ; [8.84210526 5.15789474],0
p1,1,0.597697,0.278483,[ 4 39] ; [ 2 12],[ 4.52631579 38.47368421] ; [ 1.47368421 12.52631579],0
p11,1,0.706153,0.14215,[27 16] ; [8 6],[26.40350877 16.59649123] ; [8.59649123 5.40350877],0
