Feature,DoF,P Value,Chi Square,Observed,Expected,Is Significant
p11,1,0.046103,3.977819,[22 31] ; [17  9],[26.16455696 26.83544304] ; [12.83544304 13.16455696],0
p3,1,0.170918,1.874873,[27 26] ; [ 9 17],[24.15189873 28.84810127] ; [11.84810127 14.15189873],0
p1,1,0.182893,1.77396,[ 2 51] ; [ 3 23],[ 3.35443038 49.64556962] ; [ 1.64556962 24.35443038],0
p2,1,0.206847,1.593357,[38 15] ; [22  4],[40.25316456 12.74683544] ; [19.74683544  6.25316456],0
b1,1,0.366324,0.816095,[24 29] ; [ 9 17],[22.13924051 30.86075949] ; [10.86075949 15.13924051],0
p7,1,0.374273,0.789428,[27 26] ; [16 10],[28.84810127 24.15189873] ; [14.15189873 11.84810127],0
p5,1,0.575307,0.313883,[ 4 48] ; [ 3 23],[ 4.66666667 47.33333333] ; [ 2.33333333 23.66666667],0
p12,1,0.602405,0.271384,[ 1 52] ; [ 1 25],[ 1.34177215 51.65822785] ; [ 0.65822785 25.34177215],0
