Feature,DoF,P Value,Chi Square,Observed,Expected,Is Significant
p11,1,0.000731,11.408941,[148  89] ; [41 56],[134.11077844 102.88922156] ; [54.88922156 42.11077844],1
p2,1,0.017047,5.691557,[139  98] ; [43 54],[129.14371257 107.85628743] ; [52.85628743 44.14371257],0
b1,1,0.046815,3.95202,[ 87 150] ; [47 50],[ 95.08383234 141.91616766] ; [38.91616766 58.08383234],0
p5,1,0.232304,1.426701,[  8 228] ; [ 1 95],[  6.39759036 229.60240964] ; [ 2.60240964 93.39759036],0
p12,1,0.266926,1.232477,[ 11 223] ; [ 2 94],[  9.21818182 224.78181818] ; [ 3.78181818 92.21818182],0
p4,1,0.276127,1.186056,[ 48 188] ; [25 72],[ 51.73573574 184.26426426] ; [21.26426426 75.73573574],0
p1,1,0.670772,0.180701,[ 12 224] ; [ 6 90],[ 12.79518072 223.20481928] ; [ 5.20481928 90.79518072],0
p8,1,0.828879,0.046716,[ 44 191] ; [17 79],[ 43.3081571 191.6918429] ; [17.6918429 78.3081571],0
