Feature,DoF,P Value,Chi Square,Observed,Expected,Is Significant
p8,1,0.272314,1.205055,[10 53] ; [16 52],[12.50381679 50.49618321] ; [13.49618321 54.50381679],0
p6,1,0.400132,0.70793,[ 7 56] ; [11 57],[ 8.65648855 54.34351145] ; [ 9.34351145 58.65648855],0
p12,1,0.473229,0.514427,[ 8 55] ; [ 6 62],[ 6.73282443 56.26717557] ; [ 7.26717557 60.73282443],0
b1,1,0.505104,0.444196,[26 37] ; [32 36],[27.89312977 35.10687023] ; [30.10687023 37.89312977],0
p3,1,0.508721,0.436697,[19 44] ; [17 51],[17.3129771 45.6870229] ; [18.6870229 49.3129771],0
p9,1,0.541978,0.371886,[55  7] ; [57 10],[53.82945736  8.17054264] ; [58.17054264  8.82945736],0
p11,1,0.653398,0.201642,[44 19] ; [45 23],[42.80152672 20.19847328] ; [46.19847328 21.80152672],0
p5,1,0.871859,0.026017,[ 4 56] ; [ 4 63],[ 3.77952756 56.22047244] ; [ 4.22047244 62.77952756],0
p1,1,0.9456,0.004656,[ 9 54] ; [10 58],[ 9.13740458 53.86259542] ; [ 9.86259542 58.13740458],0
