Feature,DoF,P Value,Chi Square,Observed,Expected,Is Significant
p11,1,0.109491,2.561552,[153  46] ; [93 17],[158.42718447  40.57281553] ; [87.57281553 22.42718447],0
p6,1,0.197573,1.660221,[ 36 163] ; [26 81],[ 40.32026144 158.67973856] ; [21.67973856 85.32026144],0
p12,1,0.25381,1.30221,[ 16 182] ; [  5 103],[ 13.58823529 184.41176471] ; [  7.41176471 100.58823529],0
p1,1,0.264095,1.247166,[ 16 183] ; [13 96],[ 18.73701299 180.26298701] ; [10.26298701 98.73701299],0
p10,1,0.537066,0.381004,[172  27] ; [96 12],[173.71986971  25.28013029] ; [94.28013029 13.71986971],0
p3,1,0.550728,0.356015,[ 70 129] ; [35 75],[ 67.62135922 131.37864078] ; [37.37864078 72.62135922],0
b1,1,0.833029,0.044444,[ 62 137] ; [33 77],[ 61.18122977 137.81877023] ; [33.81877023 76.18122977],0
p5,1,0.946913,0.004433,[ 16 183] ; [  9 100],[ 16.1525974 182.8474026] ; [  8.8474026 100.1525974],0
