Feature,DoF,P Value,Chi Square,Observed,Expected,Is Significant
p7,1,3e-06,21.994527,[28 83] ; [23 10],[39.3125 71.6875] ; [11.6875 21.3125],1
p10,1,0.002649,9.034726,[21 91] ; [15 19],[27.61643836 84.38356164] ; [ 8.38356164 25.61643836],0
p4,1,0.004135,8.223699,[31 81] ; [18 15],[37.84827586 74.15172414] ; [11.15172414 21.84827586],0
p2,1,0.005373,7.749412,[49 64] ; [24 10],[56.11564626 56.88435374] ; [16.88435374 17.11564626],0
p3,1,0.061271,3.502632,[26 87] ; [13 20],[30.18493151 82.81506849] ; [ 8.81506849 24.18493151],0
b1,1,0.312872,1.018513,[61 52] ; [15 19],[58.42176871 54.57823129] ; [17.57823129 16.42176871],0
p1,1,0.372281,0.796036,[  8 104] ; [ 1 33],[  6.90410959 105.09589041] ; [ 2.09589041 31.90410959],0
p11,1,0.37273,0.794542,[50 63] ; [18 16],[52.27210884 60.72789116] ; [15.72789116 18.27210884],0
p5,1,0.928315,0.008094,[  3 110] ; [ 1 33],[  3.07482993 109.92517007] ; [ 0.92517007 33.07482993],0
