Feature,DoF,P Value,Chi Square,Observed,Expected,Is Significant
p9,1,0.0,80.611761,[17 28] ; [196  15],[37.44140625  7.55859375] ; [175.55859375  35.44140625],1
p11,1,0.0,46.778092,[20 25] ; [187  24],[36.38671875  8.61328125] ; [170.61328125  40.38671875],1
p2,1,0.002337,9.263699,[34 11] ; [192  18],[39.88235294  5.11764706] ; [186.11764706  23.88235294],0
p7,1,0.004927,7.90613,[24 21] ; [154  53],[31.78571429 13.21428571] ; [146.21428571  60.78571429],0
b1,1,0.007132,7.23944,[25 20] ; [ 72 139],[17.05078125 27.94921875] ; [ 79.94921875 131.05078125],0
p1,1,0.380294,0.769752,[ 6 39] ; [ 19 191],[ 4.41176471 40.58823529] ; [ 20.58823529 189.41176471],0
p5,1,0.502658,0.44932,[ 6 39] ; [ 21 190],[ 4.74609375 40.25390625] ; [ 22.25390625 188.74609375],0
