Feature,DoF,P Value,Chi Square,Observed,Expected,Is Significant
p2,1,0.0,99.714761,[35 54] ; [224  22],[68.80895522 20.19104478] ; [190.19104478  55.80895522],1
p11,1,0.0,70.898411,[35 54] ; [211  36],[65.16071429 23.83928571] ; [180.83928571  66.16071429],1
p8,1,0.0,58.581698,[12 77] ; [149  96],[42.9011976 46.0988024] ; [118.0988024 126.9011976],1
p3,1,0.0,32.709421,[16 72] ; [132 115],[38.87761194 49.12238806] ; [109.12238806 137.87761194],1
b1,1,0.001425,10.173683,[47 42] ; [ 83 164],[34.43452381 54.56547619] ; [ 95.56547619 151.43452381],0
p5,1,0.023926,5.099966,[ 1 88] ; [ 19 226],[ 5.32934132 83.67065868] ; [ 14.67065868 230.32934132],0
p12,1,0.441471,0.592456,[ 2 86] ; [ 10 237],[ 3.15223881 84.84776119] ; [  8.84776119 238.15223881],0
p1,1,0.997438,1e-05,[ 5 83] ; [ 14 232],[ 5.00598802 82.99401198] ; [ 13.99401198 232.00598802],0
