Feature,DoF,P Value,Chi Square,Observed,Expected,Is Significant
p4,1,1e-06,24.296411,[28 13] ; [159   9],[36.68421053  4.31578947] ; [150.31578947  17.68421053],1
p10,1,0.00015,14.368031,[29 12] ; [154  13],[36.07211538  4.92788462] ; [146.92788462  20.07211538],1
p5,1,0.000507,12.088935,[ 2 39] ; [ 53 115],[10.78947368 30.21052632] ; [ 44.21052632 123.78947368],1
p11,1,0.001372,10.243315,[27 14] ; [146  22],[33.93779904  7.06220096] ; [139.06220096  28.93779904],0
p12,1,0.153743,2.034716,[ 4 37] ; [ 32 135],[ 7.09615385 33.90384615] ; [ 28.90384615 138.09615385],0
p9,1,0.164982,1.927956,[36  5] ; [158  10],[38.05741627  2.94258373] ; [155.94258373  12.05741627],0
b1,1,0.249621,1.325421,[14 27] ; [74 94],[17.26315789 23.73684211] ; [70.73684211 97.26315789],0
p1,1,0.67532,0.175441,[ 6 35] ; [ 29 138],[ 6.89903846 34.10096154] ; [ 28.10096154 138.89903846],0
