Feature,DoF,P Value,Chi Square,Observed,Expected,Is Significant
p2,1,0.0,32.065322,[119  21] ; [141 107],[93.81443299 46.18556701] ; [166.18556701  81.81443299],1
p10,1,0.0,31.80556,[123  16] ; [151  95],[98.92467532 40.07532468] ; [175.07532468  70.92467532],1
p3,1,1e-06,23.607864,[51 89] ; [ 37 211],[ 31.75257732 108.24742268] ; [ 56.24742268 191.75257732],1
p11,1,0.001175,10.529542,[111  29] ; [158  91],[96.81233933 43.18766067] ; [172.18766067  76.81233933],0
p5,1,0.220848,1.498854,[  5 135] ; [  4 243],[  3.25581395 136.74418605] ; [  5.74418605 241.25581395],0
b1,1,0.246668,1.342077,[49 91] ; [102 147],[54.34447301 85.65552699] ; [ 96.65552699 152.34447301],0
p1,1,0.449357,0.572273,[  8 132] ; [ 10 238],[  6.49484536 133.50515464] ; [ 11.50515464 236.49484536],0
p12,1,0.93826,0.006,[  7 132] ; [ 12 235],[  6.84196891 132.15803109] ; [ 12.15803109 234.84196891],0
