Feature,DoF,P Value,Chi Square,Observed,Expected,Is Significant
p10,1,0.007563,7.134236,[61  8] ; [19 10],[56.32653061 12.67346939] ; [23.67346939  5.32653061],0
p8,1,0.01781,5.614791,[35 35] ; [ 7 22],[29.6969697 40.3030303] ; [12.3030303 16.6969697],0
p11,1,0.174629,1.842752,[57 13] ; [20  9],[54.44444444 15.55555556] ; [22.55555556  6.44444444],0
b1,1,0.284137,1.147193,[28 42] ; [15 14],[30.4040404 39.5959596] ; [12.5959596 16.4040404],0
p5,1,0.533153,0.388379,[ 3 67] ; [ 2 25],[ 3.60824742 66.39175258] ; [ 1.39175258 25.60824742],0
p6,1,0.595387,0.28201,[17 49] ; [ 6 23],[15.97894737 50.02105263] ; [ 7.02105263 21.97894737],0
p12,1,0.600696,0.273947,[ 3 66] ; [ 2 27],[ 3.52040816 65.47959184] ; [ 1.47959184 27.52040816],0
p1,1,0.850987,0.035291,[11 59] ; [ 5 24],[11.31313131 58.68686869] ; [ 4.68686869 24.31313131],0
