Feature,DoF,P Value,Chi Square,Observed,Expected,Is Significant
p8,1,1e-06,25.25194,[196 224] ; [ 57 161],[166.55172414 253.44827586] ; [ 86.44827586 131.55172414],1
p3,1,0.000504,12.101852,[185 239] ; [ 65 155],[164.59627329 259.40372671] ; [ 85.40372671 134.59627329],1
p4,1,0.002288,9.303013,[215 208] ; [ 84 136],[196.69828927 226.30171073] ; [102.30171073 117.69828927],0
p2,1,0.00363,8.460324,[354  69] ; [163  57],[340.11041991  82.88958009] ; [176.88958009  43.11041991],0
p11,1,0.010614,6.528749,[361  64] ; [169  51],[349.2248062  75.7751938] ; [180.7751938  39.2248062],0
p12,1,0.281878,1.158012,[ 27 397] ; [ 19 200],[ 30.33281493 393.66718507] ; [ 15.66718507 203.33281493],0
p1,1,0.662667,0.1903,[ 27 397] ; [ 16 204],[ 28.31055901 395.68944099] ; [ 14.68944099 205.31055901],0
p5,1,0.820789,0.051316,[ 35 384] ; [ 17 200],[ 34.25786164 384.74213836] ; [ 17.74213836 199.25786164],0
b1,1,0.855175,0.033313,[138 287] ; [ 73 147],[139.03100775 285.96899225] ; [ 71.96899225 148.03100775],0
