Feature,DoF,P Value,Chi Square,Observed,Expected,Is Significant
p10,1,2.3e-05,17.958235,[64 23] ; [225  21],[75.5045045 11.4954955] ; [213.4954955  32.5045045],1
p11,1,9.8e-05,15.173409,[59 30] ; [211  36],[71.51785714 17.48214286] ; [198.48214286  48.51785714],1
p2,1,0.009297,6.764903,[71 17] ; [224  22],[77.7245509 10.2754491] ; [217.2754491  28.7245509],0
p12,1,0.43236,0.616476,[ 2 87] ; [ 10 237],[ 3.17857143 85.82142857] ; [  8.82142857 238.17857143],0
p5,1,0.518869,0.416141,[ 5 83] ; [ 19 226],[ 6.34234234 81.65765766] ; [ 17.65765766 227.34234234],0
b1,1,0.712528,0.135765,[28 61] ; [ 83 164],[29.40178571 59.59821429] ; [ 81.59821429 165.40178571],0
p1,1,0.979622,0.000652,[ 5 84] ; [ 14 232],[ 5.04776119 83.95223881] ; [ 13.95223881 232.04776119],0
