Feature,DoF,P Value,Chi Square,Observed,Expected,Is Significant
p11,1,0.004272,8.164373,[185  25] ; [16  8],[180.38461538  29.61538462] ; [20.61538462  3.38461538],0
p2,1,0.006138,7.509291,[192  16] ; [18  6],[188.27586207  19.72413793] ; [21.72413793  2.27586207],0
p7,1,0.02387,5.104022,[149  57] ; [12 12],[144.2  61.8] ; [16.8  7.2],0
b1,1,0.170294,1.880357,[ 67 143] ; [11 13],[ 70. 140.] ; [ 8. 16.],0
p4,1,0.367557,0.811907,[129  81] ; [17  7],[131.02564103  78.97435897] ; [14.97435897  9.02564103],0
p3,1,0.485765,0.485893,[112  98] ; [11 13],[110.38461538  99.61538462] ; [12.61538462 11.38461538],0
p1,1,0.594146,0.283916,[ 19 189] ; [ 3 21],[ 19.72413793 188.27586207] ; [ 2.27586207 21.72413793],0
p5,1,0.737818,0.112054,[ 22 187] ; [ 2 22],[ 21.527897 187.472103] ; [ 2.472103 21.527897],0
