Feature,DoF,P Value,Chi Square,Observed,Expected,Is Significant
p4,1,6e-06,20.640366,[26 80] ; [28 16],[38.16 67.84] ; [15.84 28.16],1
p7,1,0.000277,13.222094,[31 74] ; [27 17],[40.87248322 64.12751678] ; [17.12751678 26.87248322],1
p8,1,0.000708,11.468289,[20 87] ; [20 24],[28.34437086 78.65562914] ; [11.65562914 32.34437086],1
p5,1,0.010918,6.478584,[  1 106] ; [ 4 40],[  3.54304636 103.45695364] ; [ 1.45695364 42.54304636],0
p2,1,0.028167,4.817803,[50 58] ; [29 15],[56.13157895 51.86842105] ; [22.86842105 21.13157895],0
b1,1,0.153454,2.037576,[55 53] ; [28 16],[58.97368421 49.02631579] ; [24.02631579 19.97368421],0
p1,1,0.592799,0.285994,[  5 102] ; [ 3 41],[  5.66887417 101.33112583] ; [ 2.33112583 41.66887417],0
p11,1,0.615368,0.252432,[49 59] ; [18 26],[47.60526316 60.39473684] ; [19.39473684 24.60526316],0
