Feature,DoF,P Value,Chi Square,Observed,Expected,Is Significant
p9,1,0.0,127.01868,[22 28] ; [339  14],[44.78908189  5.21091811] ; [316.21091811  36.78908189],1
p11,1,1e-06,24.000793,[33 19] ; [314  39],[44.55308642  7.44691358] ; [302.44691358  50.55308642],1
p2,1,8e-06,19.901235,[40 12] ; [332  19],[48.  4.] ; [324.  27.],1
p8,1,2.3e-05,17.893967,[24 26] ; [269  83],[36.44278607 13.55721393] ; [256.55721393  95.44278607],1
p5,1,0.004764,7.967062,[ 2 49] ; [ 71 280],[ 9.26119403 41.73880597] ; [ 63.73880597 287.26119403],0
p6,1,0.00584,7.598894,[20 31] ; [210 142],[29.10669975 21.89330025] ; [200.89330025 151.10669975],0
p1,1,0.112902,2.513129,[ 2 49] ; [ 39 312],[ 5.20149254 45.79850746] ; [ 35.79850746 315.20149254],0
p12,1,0.129949,2.293115,[ 2 50] ; [ 37 316],[ 5.00740741 46.99259259] ; [ 33.99259259 319.00740741],0
b1,1,0.417158,0.658307,[24 28] ; [142 211],[21.31358025 30.68641975] ; [144.68641975 208.31358025],0
