Feature,DoF,P Value,Chi Square,Observed,Expected,Is Significant
p7,1,7.3e-05,15.720422,[17  8] ; [29 81],[ 8.51851852 16.48148148] ; [37.48148148 72.51851852],1
b1,1,0.031536,4.623518,[17  8] ; [50 63],[12.13768116 12.86231884] ; [54.86231884 58.13768116],0
p6,1,0.094781,2.791233,[ 6 17] ; [14 98],[ 3.40740741 19.59259259] ; [16.59259259 95.40740741],0
p2,1,0.121831,2.393628,[16  9] ; [53 60],[12.5 12.5] ; [56.5 56.5],0
p11,1,0.190828,1.711215,[ 9 16] ; [57 56],[11.95652174 13.04347826] ; [54.04347826 58.95652174],0
p8,1,0.419346,0.652148,[ 6 18] ; [20 92],[ 4.58823529 19.41176471] ; [21.41176471 90.58823529],0
p1,1,0.773871,0.08255,[ 1 24] ; [  6 105],[ 1.28676471 23.71323529] ; [  5.71323529 105.28676471],0
p9,1,0.953154,0.003451,[ 8 16] ; [35 72],[ 7.8778626 16.1221374] ; [35.1221374 71.8778626],0
