Feature,DoF,P Value,Chi Square,Observed,Expected,Is Significant
p6,1,2e-06,23.062693,[ 14 136] ; [15 21],[ 23.38709677 126.61290323] ; [ 5.61290323 30.38709677],1
p11,1,0.070372,3.274329,[114  36] ; [22 14],[109.67741935  40.32258065] ; [26.32258065  9.67741935],0
b1,1,0.097356,2.748328,[ 45 105] ; [16 20],[ 49.19354839 100.80645161] ; [11.80645161 24.19354839],0
p2,1,0.158164,1.991689,[103  47] ; [29  7],[106.4516129  43.5483871] ; [25.5483871 10.4516129],0
p12,1,0.437223,0.603561,[  9 140] ; [ 1 35],[  8.05405405 140.94594595] ; [ 1.94594595 34.05405405],0
p5,1,0.685705,0.163775,[  6 143] ; [ 2 34],[  6.44324324 142.55675676] ; [ 1.55675676 34.44324324],0
p1,1,0.985599,0.000326,[ 13 137] ; [ 3 32],[ 12.97297297 137.02702703] ; [ 3.02702703 31.97297297],0
