Feature,DoF,P Value,Chi Square,Observed,Expected,Is Significant
p3,1,0.000161,14.240002,[89 64] ; [ 98 154],[70.64444444 82.35555556] ; [116.35555556 135.64444444],1
p6,1,0.05172,3.784807,[56 94] ; [ 70 180],[ 47.25 102.75] ; [ 78.75 171.25],0
p5,1,0.181757,1.783197,[ 15 134] ; [ 16 235],[ 11.5475 137.4525] ; [ 19.4525 231.5475],0
p1,1,0.202913,1.621286,[ 12 141] ; [ 12 240],[  9.06666667 143.93333333] ; [ 14.93333333 237.06666667],0
b1,1,0.324672,0.970031,[59 94] ; [ 85 167],[54.4 98.6] ; [ 89.6 162.4],0
p7,1,0.466004,0.531436,[83 68] ; [127 121],[79.47368421 71.52631579] ; [130.52631579 117.47368421],0
p12,1,0.561507,0.337102,[ 10 143] ; [ 13 239],[  8.68888889 144.31111111] ; [ 14.31111111 237.68888889],0
p9,1,0.67031,0.18124,[145   7] ; [237  14],[144.07940447   7.92059553] ; [237.92059553  13.07940447],0
p11,1,0.946257,0.004544,[121  32] ; [200  52],[121.26666667  31.73333333] ; [199.73333333  52.26666667],0
