Feature,DoF,P Value,Chi Square,Observed,Expected,Is Significant
p11,1,0.0,54.09585,[26 49] ; [200  52],[51.83486239 23.16513761] ; [174.16513761  77.83486239],1
p7,1,5e-06,20.85916,[15 57] ; [127 121],[31.95 40.05] ; [110.05 137.95],1
p4,1,6.1e-05,16.08571,[18 55] ; [129 123],[33.01846154 39.98153846] ; [113.98153846 138.01846154],1
b1,1,0.000236,13.517219,[43 32] ; [ 85 167],[29.35779817 45.64220183] ; [ 98.64220183 153.35779817],1
p3,1,0.009799,6.671086,[17 58] ; [ 98 154],[26.37614679 48.62385321] ; [ 88.62385321 163.37614679],0
p1,1,0.280413,1.165086,[ 6 69] ; [ 12 240],[ 4.12844037 70.87155963] ; [ 13.87155963 238.12844037],0
p5,1,0.760475,0.092938,[ 4 70] ; [ 16 235],[ 4.55384615 69.44615385] ; [ 15.44615385 235.55384615],0
