Feature,DoF,P Value,Chi Square,Observed,Expected,Is Significant
p3,1,0.0,29.276481,[34 70] ; [149  82],[56.8119403 47.1880597] ; [126.1880597 104.8119403],1
p2,1,0.09173,2.843743,[88 16] ; [209  21],[92.47904192 11.52095808] ; [204.52095808  25.47904192],0
p7,1,0.20536,1.603837,[70 29] ; [146  84],[64.99696049 34.00303951] ; [151.00303951  78.99696049],0
p5,1,0.207918,1.585862,[ 8 96] ; [ 28 199],[11.31117825 92.68882175] ; [ 24.68882175 202.31117825],0
p1,1,0.339129,0.91372,[12 92] ; [ 19 211],[ 9.65269461 94.34730539] ; [ 21.34730539 208.65269461],0
p12,1,0.483575,0.490789,[ 5 97] ; [ 16 215],[ 6.43243243 95.56756757] ; [ 14.56756757 216.43243243],0
b1,1,0.565121,0.330915,[34 70] ; [ 83 148],[36.32238806 67.67761194] ; [ 80.67761194 150.32238806],0
p11,1,0.981021,0.000566,[87 17] ; [193  38],[86.92537313 17.07462687] ; [193.07462687  37.92537313],0
