Feature,DoF,P Value,Chi Square,Observed,Expected,Is Significant
p9,1,0.0,35.212821,[19  7] ; [317   8],[24.88888889  1.11111111] ; [311.11111111  13.88888889],1
p11,1,7e-06,20.246863,[15 11] ; [289  36],[22.51851852  3.48148148] ; [281.48148148  43.51851852],1
b1,1,0.109113,2.567015,[15 11] ; [135 190],[11.11111111 14.88888889] ; [138.88888889 186.11111111],0
p8,1,0.235247,1.408852,[16 10] ; [234  89],[18.62464183  7.37535817] ; [231.37535817  91.62464183],0
p5,1,0.711545,0.136739,[ 5 21] ; [ 72 250],[ 5.75287356 20.24712644] ; [ 71.24712644 250.75287356],0
p12,1,0.867819,0.027699,[ 4 22] ; [ 46 278],[ 3.71428571 22.28571429] ; [ 46.28571429 277.71428571],0
p1,1,0.895189,0.017356,[ 3 23] ; [ 40 282],[ 3.21264368 22.78735632] ; [ 39.78735632 282.21264368],0
