Feature,DoF,P Value,Chi Square,Observed,Expected,Is Significant
p10,1,0.0,30.394971,[224  37] ; [14 17],[212.73287671  48.26712329] ; [25.26712329  5.73287671],1
p7,1,3.5e-05,17.10579,[ 96 161] ; [23  7],[106.56097561 150.43902439] ; [12.43902439 17.56097561],1
b1,1,0.012584,6.226625,[ 92 170] ; [18 13],[ 98.36177474 163.63822526] ; [11.63822526 19.36177474],0
p11,1,0.031636,4.618092,[199  63] ; [18 13],[194.04095563  67.95904437] ; [22.95904437  8.04095563],0
p4,1,0.111564,2.531919,[100 161] ; [16 14],[104.04123711 156.95876289] ; [11.95876289 18.04123711],0
p5,1,0.546117,0.36432,[ 15 241] ; [ 1 30],[ 14.271777 241.728223] ; [ 1.728223 29.271777],0
p1,1,0.564543,0.331899,[ 11 251] ; [ 2 29],[ 11.62457338 250.37542662] ; [ 1.37542662 29.62457338],0
p2,1,0.742124,0.108268,[195  66] ; [24  7],[195.75  65.25] ; [23.25  7.75],0
