Feature,DoF,P Value,Chi Square,Observed,Expected,Is Significant
p9,1,0.0,161.718162,[13 61] ; [200  15],[54.53979239 19.46020761] ; [158.46020761  56.53979239],1
p11,1,0.0,63.09162,[26 51] ; [177  38],[53.53082192 23.46917808] ; [149.46917808  65.53082192],1
p7,1,0.0,30.571703,[14 61] ; [115  91],[34.43060498 40.56939502] ; [ 94.56939502 111.43060498],1
p8,1,1e-06,24.401766,[ 8 68] ; [ 88 123],[25.42160279 50.57839721] ; [ 70.57839721 140.42160279],1
b1,1,0.000105,15.053108,[42 35] ; [ 64 151],[27.95205479 49.04794521] ; [ 78.04794521 136.95205479],1
p3,1,0.276731,1.183074,[13 64] ; [ 49 166],[16.34931507 60.65068493] ; [ 45.65068493 169.34931507],0
p1,1,0.71267,0.135625,[ 4 73] ; [  9 206],[ 3.42808219 73.57191781] ; [  9.57191781 205.42808219],0
p5,1,0.929105,0.007916,[ 3 73] ; [  8 207],[ 2.87285223 73.12714777] ; [  8.12714777 206.87285223],0
