Feature,DoF,P Value,Chi Square,Observed,Expected,Is Significant
p3,1,0.0,55.407806,[10 40] ; [258  95],[33.25062035 16.74937965] ; [234.74937965 118.25062035],1
p8,1,0.0,49.256443,[14 36] ; [269  83],[35.19900498 14.80099502] ; [247.80099502 104.19900498],1
p11,1,0.0,33.111387,[29 21] ; [314  39],[42.55583127  7.44416873] ; [300.44416873  52.55583127],1
p6,1,0.0,32.553991,[ 8 41] ; [210 142],[26.63840399 22.36159601] ; [191.36159601 160.63840399],1
p1,1,0.047419,3.930461,[ 1 48] ; [ 39 312],[ 4.9 44.1] ; [ 35.1 315.9],0
p12,1,0.058423,3.581591,[ 1 48] ; [ 37 316],[ 4.6318408 44.3681592] ; [ 33.3681592 319.6318408],0
b1,1,0.295923,1.092477,[24 26] ; [142 211],[20.5955335 29.4044665] ; [145.4044665 207.5955335],0
