Feature,DoF,P Value,Chi Square,Observed,Expected,Is Significant
p10,1,0.001261,10.398782,[224  26] ; [262   9],[233.20537428  16.79462572] ; [252.79462572  18.20537428],0
p11,1,0.06918,3.302369,[215  37] ; [247  26],[221.76  30.24] ; [240.24  32.76],0
b1,1,0.139681,2.181469,[112 140] ; [104 169],[103.68 148.32] ; [112.32 160.68],0
p12,1,0.528151,0.397948,[ 32 218] ; [ 40 232],[ 34.48275862 215.51724138] ; [ 37.51724138 234.48275862],0
p5,1,0.58858,0.292567,[ 55 197] ; [ 65 208],[ 57.6 194.4] ; [ 62.4 210.6],0
p4,1,0.719016,0.129438,[217  35] ; [238  35],[218.4  33.6] ; [236.6  36.4],0
p1,1,0.790597,0.070509,[ 35 216] ; [ 40 231],[ 36.06321839 214.93678161] ; [ 38.93678161 232.06321839],0
