Feature,DoF,P Value,Chi Square,Observed,Expected,Is Significant
p4,1,0.06248,3.470303,[23  6] ; [30 21],[19.2125  9.7875] ; [33.7875 17.2125],0
p11,1,0.151278,2.059314,[14 15] ; [33 18],[17.0375 11.9625] ; [29.9625 21.0375],0
p9,1,0.226598,1.462088,[ 9 20] ; [22 27],[11.52564103 17.47435897] ; [19.47435897 29.52564103],0
p5,1,0.393786,0.727218,[ 4 25] ; [ 4 47],[ 2.9 26.1] ; [ 5.1 45.9],0
p6,1,0.731805,0.11746,[13 13] ; [22 26],[12.2972973 13.7027027] ; [22.7027027 25.2972973],0
p7,1,0.893184,0.01803,[22  7] ; [38 13],[21.75  7.25] ; [38.25 12.75],0
b1,1,0.948988,0.004093,[14 15] ; [25 26],[14.1375 14.8625] ; [24.8625 26.1375],0
p1,1,0.979574,0.000656,[ 4 25] ; [ 7 43],[ 4.03797468 24.96202532] ; [ 6.96202532 43.03797468],0
