Feature,DoF,P Value,Chi Square,Observed,Expected,Is Significant
p9,1,3e-06,21.751366,[172   8] ; [101  28],[159.02912621  20.97087379] ; [113.97087379  15.02912621],1
p1,1,0.014143,6.020169,[ 14 167] ; [  2 129],[  9.28205128 171.71794872] ; [  6.71794872 124.28205128],0
p8,1,0.020197,5.394814,[ 58 121] ; [59 71],[ 67.77669903 111.22330097] ; [49.22330097 80.77669903],0
p5,1,0.077482,3.116951,[ 14 167] ; [  4 128],[ 10.40894569 170.59105431] ; [  7.59105431 124.40894569],0
p12,1,0.105347,2.622665,[ 15 165] ; [  5 127],[ 11.53846154 168.46153846] ; [  8.46153846 123.53846154],0
b1,1,0.16564,1.921964,[ 55 126] ; [50 82],[ 60.71884984 120.28115016] ; [44.28115016 87.71884984],0
p11,1,0.185524,1.75281,[147  34] ; [99 33],[142.25559105  38.74440895] ; [103.74440895  28.25559105],0
p3,1,0.837787,0.041912,[ 62 118] ; [44 88],[ 61.15384615 118.84615385] ; [44.84615385 87.15384615],0
