Feature,DoF,P Value,Chi Square,Observed,Expected,Is Significant
p8,1,0.001203,10.48513,[ 44 191] ; [17 24],[ 51.9384058 183.0615942] ; [ 9.0615942 31.9384058],0
p10,1,0.002821,8.91962,[142  90] ; [35  6],[150.41758242  81.58241758] ; [26.58241758 14.41758242],0
p5,1,0.008571,6.91002,[  8 228] ; [ 5 33],[ 11.19708029 224.80291971] ; [ 1.80291971 36.19708029],0
p11,1,0.053525,3.727455,[148  89] ; [32  9],[153.45323741  83.54676259] ; [26.54676259 14.45323741],0
p12,1,0.058628,3.575782,[ 11 223] ; [ 5 36],[ 13.61454545 220.38545455] ; [ 2.38545455 38.61454545],0
b1,1,0.77682,0.080353,[ 87 150] ; [16 25],[ 87.80935252 149.19064748] ; [15.19064748 25.80935252],0
p1,1,0.955527,0.00311,[ 12 224] ; [ 2 39],[ 11.92779783 224.07220217] ; [ 2.07220217 38.92779783],0
