Feature,DoF,P Value,Chi Square,Observed,Expected,Is Significant
p7,1,0.006855,7.310471,[34  6] ; [13 11],[29.375 10.625] ; [17.625  6.375],0
p11,1,0.01967,5.440976,[35  6] ; [15 10],[31.06060606  9.93939394] ; [18.93939394  6.06060606],0
p2,1,0.069848,3.286585,[33  8] ; [15 10],[29.81818182 11.18181818] ; [18.18181818  6.81818182],0
p6,1,0.098837,2.724213,[ 9 28] ; [ 2 23],[ 6.56451613 30.43548387] ; [ 4.43548387 20.56451613],0
b1,1,0.123178,2.376438,[15 26] ; [14 11],[18.01515152 22.98484848] ; [10.98484848 14.01515152],0
p1,1,0.17351,1.85235,[ 6 35] ; [ 1 24],[ 4.34848485 36.65151515] ; [ 2.65151515 22.34848485],0
