Feature,DoF,P Value,Chi Square,Observed,Expected,Is Significant
p11,1,1e-05,19.571089,[46 22] ; [21 49],[33.01449275 34.98550725] ; [33.98550725 36.01449275],1
p12,1,0.025875,4.964365,[ 7 61] ; [ 1 69],[ 3.94202899 64.05797101] ; [ 4.05797101 65.94202899],0
b1,1,0.171417,1.870503,[29 39] ; [38 32],[33.01449275 34.98550725] ; [33.98550725 36.01449275],0
p8,1,0.251636,1.314199,[15 53] ; [10 59],[12.40875912 55.59124088] ; [12.59124088 56.40875912],0
p6,1,0.295318,1.095217,[11 56] ; [ 7 61],[ 8.93333333 58.06666667] ; [ 9.06666667 58.93333333],0
p1,1,0.32066,0.986254,[ 7 61] ; [ 4 66],[ 5.42028986 62.57971014] ; [ 5.57971014 64.42028986],0
p5,1,0.427174,0.630495,[ 5 61] ; [ 3 66],[ 3.91111111 62.08888889] ; [ 4.08888889 64.91111111],0
p7,1,0.476834,0.506096,[19 44] ; [17 52],[17.18181818 45.81818182] ; [18.81818182 50.18181818],0
p4,1,0.985604,0.000326,[15 51] ; [16 54],[15.04411765 50.95588235] ; [15.95588235 54.04411765],0
