Feature,DoF,P Value,Chi Square,Observed,Expected,Is Significant
p9,1,0.000114,14.882689,[192  14] ; [15  7],[187.02631579  18.97368421] ; [19.97368421  2.02631579],1
p5,1,0.022334,5.219578,[ 16 188] ; [ 5 17],[ 18.95575221 185.04424779] ; [ 2.04424779 19.95575221],0
p11,1,0.044029,4.055451,[162  45] ; [13  9],[158.18777293  48.81222707] ; [16.81222707  5.18777293],0
p1,1,0.098744,2.725713,[ 16 191] ; [ 4 18],[ 18.07860262 188.92139738] ; [ 1.92139738 20.07860262],0
b1,1,0.276341,1.184999,[ 70 137] ; [10 12],[ 72.31441048 134.68558952] ; [ 7.68558952 14.31441048],0
p12,1,0.498863,0.457354,[ 18 188] ; [ 1 21],[ 17.16666667 188.83333333] ; [ 1.83333333 20.16666667],0
p4,1,0.824997,0.048895,[ 84 123] ; [ 8 13],[ 83.52631579 123.47368421] ; [ 8.47368421 12.52631579],0
