Feature,DoF,P Value,Chi Square,Observed,Expected,Is Significant
p5,1,0.027957,4.830711,[ 16 183] ; [ 1 82],[ 11.9964539 187.0035461] ; [ 5.0035461 77.9964539],0
p11,1,0.040553,4.194603,[153  46] ; [54 29],[146.07446809  52.92553191] ; [60.92553191 22.07446809],0
p4,1,0.04834,3.898135,[ 96 103] ; [29 53],[ 88.52313167 110.47686833] ; [36.47686833 45.52313167],0
p6,1,0.099886,2.707357,[ 36 163] ; [22 60],[ 41.0747331 157.9252669] ; [16.9252669 65.0747331],0
p12,1,0.180584,1.792808,[ 16 182] ; [ 3 79],[ 13.43571429 184.56428571] ; [ 5.56428571 76.43571429],0
p1,1,0.360792,0.835135,[ 16 183] ; [ 4 77],[ 14.21428571 184.78571429] ; [ 5.78571429 75.21428571],0
b1,1,0.41544,0.663179,[ 62 137] ; [30 53],[ 64.92198582 134.07801418] ; [27.07801418 55.92198582],0
p8,1,0.538226,0.378837,[ 63 134] ; [29 52],[ 65.1942446 131.8057554] ; [26.8057554 54.1942446],0
