Feature,DoF,P Value,Chi Square,Observed,Expected,Is Significant
p7,1,0.000166,14.183532,[12 13] ; [52  8],[18.82352941  6.17647059] ; [45.17647059 14.82352941],1
p11,1,0.004535,8.056284,[15 11] ; [53  9],[20.09090909  5.90909091] ; [47.90909091 14.09090909],0
p9,1,0.037484,4.328291,[16 10] ; [51 11],[19.79545455  6.20454545] ; [47.20454545 14.79545455],0
p10,1,0.089271,2.887475,[15 11] ; [47 15],[18.31818182  7.68181818] ; [43.68181818 18.31818182],0
p1,1,0.200787,1.636642,[ 1 25] ; [ 8 54],[ 2.65909091 23.34090909] ; [ 6.34090909 55.65909091],0
p12,1,0.473816,0.513063,[ 1 25] ; [ 5 57],[ 1.77272727 24.22727273] ; [ 4.22727273 57.77272727],0
b1,1,0.762341,0.091451,[10 16] ; [26 36],[10.63636364 15.36363636] ; [25.36363636 36.63636364],0
p5,1,0.847366,0.037049,[ 2 22] ; [ 6 56],[ 2.23255814 21.76744186] ; [ 5.76744186 56.23255814],0
