Feature,DoF,P Value,Chi Square,Observed,Expected,Is Significant
p9,1,0.0,69.747117,[ 5 15] ; [211  19],[17.28  2.72] ; [198.72  31.28],1
p11,1,0.0,32.535054,[ 7 13] ; [198  32],[16.4  3.6] ; [188.6  41.4],1
p8,1,5e-06,20.665099,[ 7 13] ; [184  46],[15.28  4.72] ; [175.72  54.28],1
b1,1,0.075493,3.15935,[13  7] ; [102 128],[ 9.2 10.8] ; [105.8 124.2],0
p1,1,0.256344,1.288397,[ 1 19] ; [ 32 197],[ 2.65060241 17.34939759] ; [ 30.34939759 198.65060241],0
p5,1,0.307514,1.041325,[ 3 17] ; [ 58 172],[ 4.88 15.12] ; [ 56.12 173.88],0
