Feature,DoF,P Value,Chi Square,Observed,Expected,Is Significant
p10,1,0.0,45.692517,[15 35] ; [77 12],[33.09352518 16.90647482] ; [58.90647482 30.09352518],1
p3,1,0.000972,10.879816,[10 40] ; [43 46],[19.0647482 30.9352518] ; [33.9352518 55.0647482],1
p1,1,0.080086,3.063151,[ 1 48] ; [ 9 80],[ 3.55072464 45.44927536] ; [ 6.44927536 82.55072464],0
p7,1,0.141343,2.163278,[27 23] ; [58 29],[31.02189781 18.97810219] ; [53.97810219 33.02189781],0
p11,1,0.266957,1.232318,[29 21] ; [60 29],[32.01438849 17.98561151] ; [56.98561151 32.01438849],0
b1,1,0.388392,0.743969,[24 26] ; [36 53],[21.58273381 28.41726619] ; [38.41726619 50.58273381],0
p12,1,0.655851,0.198602,[ 1 48] ; [ 3 86],[ 1.42028986 47.57971014] ; [ 2.57971014 86.42028986],0
