Feature,DoF,P Value,Chi Square,Observed,Expected,Is Significant
p7,1,0.000328,12.905453,[34  6] ; [45 42],[24.88188976 15.11811024] ; [54.11811024 32.88188976],1
p11,1,0.023928,5.099852,[35  6] ; [59 30],[29.64615385 11.35384615] ; [64.35384615 24.64615385],0
p1,1,0.086094,2.945925,[ 6 35] ; [ 5 84],[ 3.46923077 37.53076923] ; [ 7.53076923 81.46923077],0
p10,1,0.153808,2.034073,[34  6] ; [64 23],[30.86614173  9.13385827] ; [67.13385827 19.86614173],0
p6,1,0.24843,1.332108,[ 9 28] ; [30 56],[11.73170732 25.26829268] ; [27.26829268 58.73170732],0
p9,1,0.351966,0.866358,[35  6] ; [69 19],[33.05426357  7.94573643] ; [70.94573643 17.05426357],0
p12,1,0.404124,0.69602,[ 2 38] ; [ 2 87],[ 1.24031008 38.75968992] ; [ 2.75968992 86.24031008],0
b1,1,0.563889,0.333016,[15 26] ; [28 61],[13.56153846 27.43846154] ; [29.43846154 59.56153846],0
p5,1,0.851157,0.03521,[ 2 39] ; [ 5 83],[ 2.2248062 38.7751938] ; [ 4.7751938 83.2248062],0
p2,1,0.979291,0.000674,[33  8] ; [71 17],[33.05426357  7.94573643] ; [70.94573643 17.05426357],0
