Feature,DoF,P Value,Chi Square,Observed,Expected,Is Significant
p7,1,0.000132,14.608766,[21 56] ; [60 48],[33.71351351 43.28648649] ; [47.28648649 60.71351351],1
p12,1,0.068774,3.312041,[ 7 73] ; [  3 106],[ 4.23280423 75.76719577] ; [  5.76719577 103.23280423],0
p5,1,0.331928,0.941361,[ 2 74] ; [  6 101],[ 3.32240437 72.67759563] ; [  4.67759563 102.32240437],0
p10,1,0.364184,0.823414,[65 15] ; [81 26],[62.45989305 17.54010695] ; [83.54010695 23.45989305],0
b1,1,0.372197,0.796317,[36 44] ; [42 67],[33.01587302 46.98412698] ; [44.98412698 64.01587302],0
p1,1,0.545984,0.364562,[ 7 73] ; [  7 102],[ 5.92592593 74.07407407] ; [  8.07407407 100.92592593],0
p11,1,0.547953,0.360997,[54 26] ; [78 31],[55.87301587 24.12698413] ; [76.12698413 32.87301587],0
