Feature,DoF,P Value,Chi Square,Observed,Expected,Is Significant
p7,1,0.00138,10.232595,[19 44] ; [164 150],[30.58090186 32.41909814] ; [152.41909814 161.58090186],0
p8,1,0.003519,8.516585,[15 53] ; [131 189],[25.58762887 42.41237113] ; [120.41237113 199.58762887],0
p4,1,0.009184,6.786629,[15 51] ; [129 196],[24.30690537 41.69309463] ; [119.69309463 205.30690537],0
p11,1,0.020146,5.399228,[46 22] ; [263  64],[53.19493671 14.80506329] ; [255.80506329  71.19493671],0
b1,1,0.027954,4.830874,[29 39] ; [ 95 232],[21.34683544 46.65316456] ; [102.65316456 224.34683544],0
p6,1,0.096123,2.768713,[11 56] ; [ 84 239],[16.32051282 50.67948718] ; [ 78.67948718 244.32051282],0
p1,1,0.109527,2.561033,[ 7 61] ; [ 17 310],[ 4.13164557 63.86835443] ; [ 19.86835443 307.13164557],0
p12,1,0.141956,2.156625,[ 7 61] ; [ 18 308],[ 4.31472081 63.68527919] ; [ 20.68527919 305.31472081],0
p5,1,0.813738,0.055511,[ 5 61] ; [ 22 303],[ 4.55754476 61.44245524] ; [ 22.44245524 302.55754476],0
