Feature,DoF,P Value,Chi Square,Observed,Expected,Is Significant
b1,1,0.029368,4.745939,[21 47] ; [33 34],[27.2 40.8] ; [26.8 40.2],0
p9,1,0.033166,4.537203,[65  3] ; [55 10],[61.35338346  6.64661654] ; [58.64661654  6.35338346],0
p5,1,0.152514,2.046929,[ 9 59] ; [ 4 63],[ 6.54814815 61.45185185] ; [ 6.45185185 60.54814815],0
p12,1,0.2055,1.602852,[ 7 60] ; [ 3 62],[ 5.07575758 61.92424242] ; [ 4.92424242 60.07575758],0
p1,1,0.636481,0.223374,[10 58] ; [ 8 59],[ 9.06666667 58.93333333] ; [ 8.93333333 58.06666667],0
p6,1,0.772935,0.083254,[15 53] ; [15 47],[15.69230769 52.30769231] ; [14.30769231 47.69230769],0
p11,1,0.799042,0.064815,[54 14] ; [52 15],[53.39259259 14.60740741] ; [52.60740741 14.39259259],0
