Feature,DoF,P Value,Chi Square,Observed,Expected,Is Significant
p9,1,1.5e-05,18.760944,[215  12] ; [46 14],[206.43554007  20.56445993] ; [54.56445993  5.43554007],1
p11,1,3.2e-05,17.280118,[198  29] ; [40 22],[186.94117647  40.05882353] ; [51.05882353 10.94117647],1
p8,1,0.000173,14.10506,[131  94] ; [19 42],[118.00699301 106.99300699] ; [31.99300699 29.00699301],1
p2,1,0.030995,4.653213,[202  24] ; [49 13],[196.96527778  29.03472222] ; [54.03472222  7.96527778],0
p5,1,0.048444,3.894523,[ 26 197] ; [ 2 60],[ 21.90877193 201.09122807] ; [ 6.09122807 55.90877193],0
b1,1,0.270324,1.215102,[ 83 144] ; [18 44],[ 79.33217993 147.66782007] ; [21.66782007 40.33217993],0
p1,1,0.545066,0.366232,[ 20 206] ; [ 4 58],[ 18.83333333 207.16666667] ; [ 5.16666667 56.83333333],0
p12,1,0.964892,0.001937,[ 15 212] ; [ 4 58],[ 14.92387543 212.07612457] ; [ 4.07612457 57.92387543],0
