Feature,DoF,P Value,Chi Square,Observed,Expected,Is Significant
p11,1,0.008719,6.879522,[121  32] ; [15 12],[115.6  37.4] ; [20.4  6.6],0
p7,1,0.009882,6.65608,[83 68] ; [22  5],[89.07303371 61.92696629] ; [15.92696629 11.07303371],0
b1,1,0.017947,5.601334,[59 94] ; [17 10],[64.6 88.4] ; [11.4 15.6],0
p2,1,0.16642,1.914898,[129  23] ; [20  7],[126.52513966  25.47486034] ; [22.47486034  4.52513966],0
p3,1,0.18517,1.755638,[89 64] ; [12 15],[85.85 67.15] ; [15.15 11.85],0
p1,1,0.240556,1.377331,[ 12 141] ; [ 4 23],[ 13.6 139.4] ; [ 2.4 24.6],0
p5,1,0.666854,0.185304,[ 15 134] ; [ 2 25],[ 14.39204545 134.60795455] ; [ 2.60795455 24.39204545],0
