Feature,DoF,P Value,Chi Square,Observed,Expected,Is Significant
p6,1,0.173942,1.848636,[ 5 78] ; [11 81],[ 7.58857143 75.41142857] ; [ 8.41142857 83.58857143],0
p11,1,0.372281,0.796036,[31 55] ; [40 54],[33.92222222 52.07777778] ; [37.07777778 56.92222222],0
p3,1,0.501722,0.451293,[17 68] ; [15 78],[15.28089888 69.71910112] ; [16.71910112 76.28089888],0
p12,1,0.614066,0.254296,[ 1 84] ; [ 2 91],[ 1.43258427 83.56741573] ; [ 1.56741573 91.43258427],0
p1,1,0.647786,0.208703,[ 7 78] ; [ 6 87],[ 6.20786517 78.79213483] ; [ 6.79213483 86.20786517],0
b1,1,0.678041,0.172339,[44 42] ; [51 43],[45.38888889 40.61111111] ; [49.61111111 44.38888889],0
p2,1,0.86497,0.028917,[34 52] ; [36 58],[33.44444444 52.55555556] ; [36.55555556 57.44444444],0
p5,1,0.949553,0.004003,[ 1 85] ; [ 1 93],[ 0.95555556 85.04444444] ; [ 1.04444444 92.95555556],0
