Feature,DoF,P Value,Chi Square,Observed,Expected,Is Significant
p1,1,0.1119,2.527175,[ 3 14] ; [ 3 52],[ 1.41666667 15.58333333] ; [ 4.58333333 50.41666667],0
p4,1,0.259679,1.270469,[ 6 11] ; [28 27],[8.02777778 8.97222222] ; [25.97222222 29.02777778],0
p3,1,0.482851,0.492418,[10  7] ; [27 28],[8.73611111 8.26388889] ; [28.26388889 26.73611111],0
b1,1,0.542011,0.371826,[11  6] ; [31 24],[9.91666667 7.08333333] ; [32.08333333 22.91666667],0
p11,1,0.781397,0.077005,[8 9] ; [28 27],[8.5 8.5] ; [27.5 27.5],0
