Feature,DoF,P Value,Chi Square,Observed,Expected,Is Significant
p7,1,0.0,31.150615,[83 68] ; [265  68],[108.57024793  42.42975207] ; [239.42975207  93.57024793],1
p6,1,0.000382,12.620094,[56 94] ; [183 151],[74.07024793 75.92975207] ; [164.92975207 169.07024793],1
p5,1,0.002023,9.52895,[ 15 134] ; [ 73 262],[ 27.09090909 121.90909091] ; [ 60.90909091 274.09090909],0
p12,1,0.047293,3.934936,[ 10 143] ; [ 42 294],[ 16.26993865 136.73006135] ; [ 35.73006135 300.26993865],0
p1,1,0.088876,2.894617,[ 12 141] ; [ 44 291],[ 17.55737705 135.44262295] ; [ 38.44262295 296.55737705],0
p11,1,0.164217,1.934961,[121  32] ; [283  53],[126.40490798  26.59509202] ; [277.59509202  58.40490798],0
p9,1,0.165713,1.9213,[145   7] ; [308  27],[141.38809035  10.61190965] ; [311.61190965  23.38809035],0
b1,1,0.440706,0.594444,[59 94] ; [142 194],[62.88957055 90.11042945] ; [138.11042945 197.88957055],0
