Feature,DoF,P Value,Chi Square,Observed,Expected,Is Significant
b1,1,3.2e-05,17.318944,[ 55 126] ; [16  5],[ 63.61881188 117.38118812] ; [ 7.38118812 13.61881188],1
p4,1,0.006646,7.366269,[90 91] ; [17  4],[95.87623762 85.12376238] ; [11.12376238  9.87623762],0
p11,1,0.010741,6.507739,[147  34] ; [12  9],[142.47029703  38.52970297] ; [16.52970297  4.47029703],0
p1,1,0.084986,2.966881,[ 14 167] ; [ 4 17],[ 16.12871287 164.87128713] ; [ 1.87128713 19.12871287],0
p3,1,0.233429,1.419844,[ 62 118] ; [10 11],[ 64.47761194 115.52238806] ; [ 7.52238806 13.47761194],0
p5,1,0.77384,0.082573,[ 14 167] ; [ 2 19],[ 14.33663366 166.66336634] ; [ 1.66336634 19.33663366],0
