Feature,DoF,P Value,Chi Square,Observed,Expected,Is Significant
p10,1,0.0,39.237356,[ 9 30] ; [70 16],[24.648 14.352] ; [54.352 31.648],1
p11,1,2.6e-05,17.680106,[18 21] ; [72 15],[27.85714286 11.14285714] ; [62.14285714 24.85714286],1
p2,1,0.000112,14.920424,[22 17] ; [76 11],[30.33333333  8.66666667] ; [67.66666667 19.33333333],1
b1,1,0.095142,2.785146,[21 18] ; [33 54],[16.71428571 22.28571429] ; [37.28571429 49.71428571],0
p5,1,0.483261,0.491496,[ 3 36] ; [ 4 83],[ 2.16666667 36.83333333] ; [ 4.83333333 82.16666667],0
p1,1,0.93195,0.007292,[ 3 36] ; [ 7 79],[ 3.12 35.88] ; [ 6.88 79.12],0
