Feature,DoF,P Value,Chi Square,Observed,Expected,Is Significant
p4,1,0.021531,5.28327,[100 161] ; [23 17],[106.65448505 154.34551495] ; [16.34551495 23.65448505],0
p1,1,0.029019,4.766484,[ 11 251] ; [ 5 35],[ 13.8807947 248.1192053] ; [ 2.1192053 37.8807947],0
p7,1,0.068205,3.325693,[ 96 161] ; [21 19],[101.24242424 155.75757576] ; [15.75757576 24.24242424],0
b1,1,0.364998,0.820623,[ 92 170] ; [17 23],[ 94.56291391 167.43708609] ; [14.43708609 25.56291391],0
p12,1,0.478061,0.503283,[ 18 244] ; [ 4 36],[ 19.08609272 242.91390728] ; [ 2.91390728 37.08609272],0
p11,1,0.574101,0.315869,[199  63] ; [32  8],[200.40397351  61.59602649] ; [30.59602649  9.40397351],0
p5,1,0.625298,0.238491,[ 15 241] ; [ 3 35],[ 15.67346939 240.32653061] ; [ 2.32653061 35.67346939],0
