Feature,DoF,P Value,Chi Square,Observed,Expected,Is Significant
p5,1,0.004117,8.231485,[ 12 244] ; [ 6 29],[ 15.83505155 240.16494845] ; [ 2.16494845 32.83505155],0
p1,1,0.009654,6.697608,[ 18 240] ; [ 7 28],[ 22.01365188 235.98634812] ; [ 2.98634812 32.01365188],0
p6,1,0.050289,3.831804,[ 46 208] ; [11 23],[ 50.27083333 203.72916667] ; [ 6.72916667 27.27083333],0
p12,1,0.064579,3.415699,[ 15 241] ; [ 5 30],[ 17.59450172 238.40549828] ; [ 2.40549828 32.59450172],0
p11,1,0.228674,1.449093,[207  51] ; [25 10],[204.28668942  53.71331058] ; [27.71331058  7.28668942],0
b1,1,0.524983,0.404093,[ 82 176] ; [13 22],[ 83.65187713 174.34812287] ; [11.34812287 23.65187713],0
p2,1,0.770026,0.085463,[200  57] ; [28  7],[200.67123288  56.32876712] ; [27.32876712  7.67123288],0
