Feature,DoF,P Value,Chi Square,Observed,Expected,Is Significant
p7,1,0.0,30.86305,[106  49] ; [189  18],[126.3121547  28.6878453] ; [168.6878453  38.3121547],1
p5,1,1e-06,24.751052,[ 11 145] ; [ 58 152],[ 29.40983607 126.59016393] ; [ 39.59016393 170.40983607],1
p12,1,3.2e-05,17.315765,[  6 150] ; [ 38 171],[ 18.80547945 137.19452055] ; [ 25.19452055 183.80547945],1
p10,1,8.9e-05,15.35449,[124  29] ; [197  12],[135.67127072  17.32872928] ; [185.32872928  23.67127072],1
p11,1,0.007418,7.168899,[124  32] ; [188  22],[132.98360656  23.01639344] ; [179.01639344  30.98360656],0
p1,1,0.011199,6.433528,[ 11 145] ; [ 33 176],[ 18.80547945 137.19452055] ; [ 25.19452055 183.80547945],0
b1,1,0.355124,0.855064,[ 55 101] ; [ 84 126],[59.24590164 96.75409836] ; [ 79.75409836 130.24590164],0
