Feature,DoF,P Value,Chi Square,Observed,Expected,Is Significant
p11,1,9.7e-05,15.187974,[98 23] ; [18 19],[88.83544304 32.16455696] ; [27.16455696  9.83544304],1
p7,1,0.033725,4.508583,[68 53] ; [28  9],[73.51898734 47.48101266] ; [22.48101266 14.51898734],0
p6,1,0.124847,2.355436,[38 82] ; [16 19],[41.80645161 78.19354839] ; [12.19354839 22.80645161],0
p2,1,0.293687,1.102643,[98 23] ; [27 10],[95.7278481 25.2721519] ; [29.2721519  7.7278481],0
b1,1,0.459428,0.547287,[57 64] ; [20 17],[58.96835443 62.03164557] ; [18.03164557 18.96835443],0
p4,1,0.477164,0.505338,[89 32] ; [25 12],[87.30379747 33.69620253] ; [26.69620253 10.30379747],0
p5,1,0.822163,0.050519,[ 11 107] ; [ 3 34],[ 10.65806452 107.34193548] ; [ 3.34193548 33.65806452],0
p1,1,0.990816,0.000133,[ 13 108] ; [ 4 33],[ 13.01898734 107.98101266] ; [ 3.98101266 33.01898734],0
