Feature,DoF,P Value,Chi Square,Observed,Expected,Is Significant
p11,1,0.074882,3.172622,[55 25] ; [57 13],[59.73333333 20.26666667] ; [52.26666667 17.73333333],0
p2,1,0.143235,2.142857,[70 10] ; [55 15],[66.66666667 13.33333333] ; [58.33333333 11.66666667],0
p1,1,0.293829,1.101992,[ 8 72] ; [11 59],[10.13333333 69.86666667] ; [ 8.86666667 61.13333333],0
p5,1,0.836075,0.042814,[ 4 76] ; [ 3 67],[ 3.73333333 76.26666667] ; [ 3.26666667 66.73333333],0
p12,1,0.853155,0.03426,[ 3 77] ; [ 3 66],[ 3.22147651 76.77852349] ; [ 2.77852349 66.22147651],0
p7,1,0.908768,0.013131,[57 21] ; [51 18],[57.30612245 20.69387755] ; [50.69387755 18.30612245],0
b1,1,1.0,0.0,[32 48] ; [28 42],[32. 48.] ; [28. 42.],0
