Feature,DoF,P Value,Chi Square,Observed,Expected,Is Significant
p10,1,0.0,126.004562,[224  37] ; [23 73],[180.57983193  80.42016807] ; [66.42016807 29.57983193],1
p11,1,0.0,35.142899,[199  63] ; [41 55],[175.6424581  86.3575419] ; [64.3575419 31.6424581],1
p2,1,0.0,32.084814,[195  66] ; [41 55],[172.53781513  88.46218487] ; [63.46218487 32.53781513],1
b1,1,0.001127,10.606396,[ 92 170] ; [52 44],[105.38547486 156.61452514] ; [38.61452514 57.38547486],0
p3,1,0.00253,9.118774,[ 86 175] ; [16 80],[ 74.57142857 186.42857143] ; [27.42857143 68.57142857],0
p12,1,0.030465,4.682849,[ 18 244] ; [ 1 94],[ 13.94397759 248.05602241] ; [ 5.05602241 89.94397759],0
p5,1,0.053288,3.734871,[ 15 241] ; [ 1 95],[ 11.63636364 244.36363636] ; [ 4.36363636 91.63636364],0
p7,1,0.18907,1.724849,[ 96 161] ; [28 66],[ 90.79202279 166.20797721] ; [33.20797721 60.79202279],0
p1,1,0.667439,0.184612,[ 11 251] ; [ 5 90],[ 11.74229692 250.25770308] ; [ 4.25770308 90.74229692],0
