Feature,DoF,P Value,Chi Square,Observed,Expected,Is Significant
p9,1,0.0,42.995961,[86 26] ; [35 72],[61.88127854 50.11872146] ; [59.11872146 47.88127854],1
p2,1,3e-06,21.699003,[87 26] ; [53 60],[70. 43.] ; [70. 43.],1
p11,1,0.00106,10.719368,[81 32] ; [57 56],[69. 44.] ; [69. 44.],0
p7,1,0.00228,9.309092,[52 61] ; [29 81],[41.04484305 71.95515695] ; [39.95515695 70.04484305],0
p12,1,0.200676,1.637448,[  7 106] ; [  3 109],[  5.02222222 107.97777778] ; [  4.97777778 107.02222222],0
p1,1,0.443592,0.586974,[  9 104] ; [  6 105],[  7.56696429 105.43303571] ; [  7.43303571 103.56696429],0
b1,1,0.688651,0.160549,[53 60] ; [50 63],[51.5 61.5] ; [51.5 61.5],0
