Feature,DoF,P Value,Chi Square,Observed,Expected,Is Significant
p9,1,0.0,162.351648,[13 61] ; [224  21],[54.97805643 19.02194357] ; [182.02194357  62.97805643],1
p11,1,0.0,54.908037,[26 51] ; [194  52],[52.44582043 24.55417957] ; [167.55417957  78.44582043],1
p4,1,0.002251,9.333072,[15 62] ; [ 94 151],[26.06521739 50.93478261] ; [ 82.93478261 162.06521739],0
p7,1,0.003211,8.683264,[14 61] ; [ 89 152],[24.44620253 50.55379747] ; [ 78.55379747 162.44620253],0
b1,1,0.003373,8.594083,[42 35] ; [ 88 158],[30.99071207 46.00928793] ; [ 99.00928793 146.99071207],0
p3,1,0.005373,7.749269,[13 64] ; [ 82 163],[22.7173913 54.2826087] ; [ 72.2826087 172.7173913],0
p5,1,0.525375,0.403329,[ 3 73] ; [ 14 226],[ 4.08860759 71.91139241] ; [ 12.91139241 227.08860759],0
p1,1,0.792395,0.069275,[ 4 73] ; [ 11 235],[ 3.57585139 73.42414861] ; [ 11.42414861 234.57585139],0
