Feature,DoF,P Value,Chi Square,Observed,Expected,Is Significant
p10,1,0.0,38.028838,[13 61] ; [37 14],[29.6 44.4] ; [20.4 30.6],1
p7,1,0.0,32.142857,[15 57] ; [35 13],[30. 42.] ; [20. 28.],1
p11,1,2.1e-05,18.123506,[26 49] ; [38 14],[37.79527559 37.20472441] ; [26.20472441 25.79527559],1
p8,1,3.4e-05,17.157548,[10 64] ; [24 27],[20.128 53.872] ; [13.872 37.128],1
b1,1,0.021147,5.314664,[43 32] ; [19 33],[36.61417323 38.38582677] ; [25.38582677 26.61417323],0
p3,1,0.430247,0.622156,[17 58] ; [15 37],[18.8976378 56.1023622] ; [13.1023622 38.8976378],0
p5,1,0.685753,0.163721,[ 4 70] ; [ 2 50],[ 3.52380952 70.47619048] ; [ 2.47619048 49.52380952],0
p1,1,0.750286,0.101291,[ 6 69] ; [ 5 47],[ 6.49606299 68.50393701] ; [ 4.50393701 47.49606299],0
