Feature,DoF,P Value,Chi Square,Observed,Expected,Is Significant
p10,1,0.002453,9.175493,[88 29] ; [192  26],[97.79104478 19.20895522] ; [182.20895522  35.79104478],0
p11,1,0.003513,8.519977,[86 31] ; [190  30],[95.82195846 21.17804154] ; [180.17804154  39.82195846],0
p9,1,0.005413,7.736,[89 26] ; [192  24],[97.62839879 17.37160121] ; [183.37160121  32.62839879],0
p5,1,0.009013,6.820172,[  2 115] ; [ 20 200],[  7.6379822 109.3620178] ; [ 14.3620178 205.6379822],0
p1,1,0.093499,2.813072,[  4 112] ; [ 18 201],[  7.61791045 108.38208955] ; [ 14.38208955 204.61791045],0
p12,1,0.751989,0.099868,[  5 112] ; [ 11 207],[  5.5880597 111.4119403] ; [ 10.4119403 207.5880597],0
b1,1,0.795454,0.067203,[41 76] ; [ 74 146],[39.92581602 77.07418398] ; [ 75.07418398 144.92581602],0
