Feature,DoF,P Value,Chi Square,Observed,Expected,Is Significant
p4,1,0.004123,8.228927,[14  7] ; [15 35],[ 8.57746479 12.42253521] ; [20.42253521 29.57746479],0
b1,1,0.022808,5.183052,[14  7] ; [19 32],[ 9.625 11.375] ; [23.375 27.625],0
p11,1,0.061163,3.505556,[ 9 12] ; [34 17],[12.54166667  8.45833333] ; [30.45833333 20.54166667],0
p2,1,0.098931,2.722689,[11 10] ; [37 14],[14.  7.] ; [34. 17.],0
p1,1,0.11585,2.472545,[ 3 18] ; [ 2 49],[ 1.45833333 19.54166667] ; [ 3.54166667 47.45833333],0
p6,1,0.140532,2.172121,[ 2 18] ; [13 37],[ 4.28571429 15.71428571] ; [10.71428571 39.28571429],0
p8,1,0.207702,1.587373,[ 4 17] ; [17 33],[ 6.21126761 14.78873239] ; [14.78873239 35.21126761],0
p5,1,0.510925,0.432173,[ 1 20] ; [ 1 50],[ 0.58333333 20.41666667] ; [ 1.41666667 49.58333333],0
