Feature,DoF,P Value,Chi Square,Observed,Expected,Is Significant
p4,1,0.0,43.738756,[221  37] ; [83 65],[193.18226601  64.81773399] ; [110.81773399  37.18226601],1
p3,1,2e-06,22.451055,[180  78] ; [68 80],[157.59605911 100.40394089] ; [90.40394089 57.59605911],1
p5,1,6.1e-05,16.058976,[ 55 203] ; [  9 137],[ 40.87128713 217.12871287] ; [ 23.12871287 122.87128713],1
p12,1,0.000241,13.484792,[ 36 221] ; [  4 144],[ 25.38271605 231.61728395] ; [ 14.61728395 133.38271605],1
p1,1,0.002878,8.88297,[ 34 223] ; [  6 142],[ 25.38271605 231.61728395] ; [ 14.61728395 133.38271605],0
p9,1,0.026186,4.943675,[251   7] ; [137  11],[246.56157635  11.43842365] ; [141.43842365   6.56157635],0
p11,1,0.02831,4.809072,[218  40] ; [112  36],[209.7044335  48.2955665] ; [120.2955665  27.7044335],0
b1,1,0.869262,0.027092,[105 153] ; [59 89],[104.21674877 153.78325123] ; [59.78325123 88.21674877],0
