Feature,DoF,P Value,Chi Square,Observed,Expected,Is Significant
p10,1,0.0,49.595903,[124  26] ; [22 43],[101.86046512  48.13953488] ; [44.13953488 20.86046512],1
p6,1,0.003516,8.518381,[ 14 136] ; [16 50],[ 20.83333333 129.16666667] ; [ 9.16666667 56.83333333],0
b1,1,0.027973,4.82971,[ 45 105] ; [30 36],[52.08333333 97.91666667] ; [22.91666667 43.08333333],0
p8,1,0.029392,4.744502,[ 33 116] ; [24 42],[ 39.50232558 109.49767442] ; [17.49767442 48.50232558],0
p12,1,0.151309,2.059003,[  9 140] ; [ 1 64],[  6.96261682 142.03738318] ; [ 3.03738318 61.96261682],0
p11,1,0.153945,2.032719,[114  36] ; [44 22],[109.72222222  40.27777778] ; [48.27777778 17.72222222],0
p5,1,0.338502,0.916096,[  6 143] ; [ 1 65],[  4.85116279 144.14883721] ; [ 2.14883721 63.85116279],0
p1,1,0.530604,0.393235,[ 13 137] ; [ 4 61],[ 11.86046512 138.13953488] ; [ 5.13953488 59.86046512],0
