Feature,DoF,P Value,Chi Square,Observed,Expected,Is Significant
p11,1,0.030271,4.69384,[49 59] ; [17 43],[42.42857143 65.57142857] ; [23.57142857 36.42857143],0
p8,1,0.033556,4.517194,[20 87] ; [ 4 56],[15.37724551 91.62275449] ; [ 8.62275449 51.37724551],0
p10,1,0.054678,3.691867,[26 81] ; [ 7 52],[21.27108434 85.72891566] ; [11.72891566 47.27108434],0
p1,1,0.09313,2.819429,[  5 102] ; [ 7 53],[ 7.68862275 99.31137725] ; [ 4.31137725 55.68862275],0
p4,1,0.258567,1.276411,[26 80] ; [10 49],[23.12727273 82.87272727] ; [12.87272727 46.12727273],0
p5,1,0.262812,1.253885,[  1 106] ; [ 2 58],[  1.92215569 105.07784431] ; [ 1.07784431 58.92215569],0
b1,1,0.47502,0.510274,[55 53] ; [34 26],[57.21428571 50.78571429] ; [31.78571429 28.21428571],0
p12,1,0.676471,0.174126,[  1 106] ; [ 1 59],[  1.28143713 105.71856287] ; [ 0.71856287 59.28143713],0
