Feature,DoF,P Value,Chi Square,Observed,Expected,Is Significant
p11,1,0.0,40.130421,[25 45] ; [109  27],[45.53398058 24.46601942] ; [88.46601942 47.53398058],1
b1,1,0.001487,10.095035,[42 28] ; [50 86],[31.26213592 38.73786408] ; [60.73786408 75.26213592],0
p6,1,0.002203,9.37256,[ 4 64] ; [ 31 103],[11.78217822 56.21782178] ; [ 23.21782178 110.78217822],0
p3,1,0.014895,5.928818,[13 56] ; [48 88],[20.53170732 48.46829268] ; [40.46829268 95.53170732],0
p12,1,0.187813,1.734693,[ 1 69] ; [  7 128],[ 2.73170732 67.26829268] ; [  5.26829268 129.73170732],0
p1,1,0.189919,1.718244,[ 7 63] ; [  7 129],[ 4.75728155 65.24271845] ; [  9.24271845 126.75728155],0
p5,1,0.61392,0.254507,[ 3 67] ; [  4 132],[ 2.37864078 67.62135922] ; [  4.62135922 131.37864078],0
