Feature,DoF,P Value,Chi Square,Observed,Expected,Is Significant
p9,1,0.003948,8.307692,[24  2] ; [15 11],[19.5  6.5] ; [19.5  6.5],0
p11,1,0.254213,1.3,[18  8] ; [14 12],[16. 10.] ; [16. 10.],0
p8,1,0.387615,0.746411,[11 15] ; [ 8 18],[ 9.5 16.5] ; [ 9.5 16.5],0
p1,1,0.4816,0.495238,[ 6 20] ; [ 4 22],[ 5. 21.] ; [ 5. 21.],0
p5,1,0.552003,0.353741,[ 2 24] ; [ 1 25],[ 1.5 24.5] ; [ 1.5 24.5],0
b1,1,1.0,0.0,[13 13] ; [13 13],[13. 13.] ; [13. 13.],0
p10,1,1.0,0.0,[17  9] ; [17  9],[17.  9.] ; [17.  9.],0
