Feature,DoF,P Value,Chi Square,Observed,Expected,Is Significant
b1,1,0.011669,6.360469,[35 32] ; [ 66 124],[26.3307393 40.6692607] ; [ 74.6692607 115.3307393],0
p6,1,0.015655,5.841242,[18 44] ; [ 29 161],[11.56349206 50.43650794] ; [ 35.43650794 154.56349206],0
p10,1,0.062853,3.460445,[48 17] ; [160  30],[53.01960784 11.98039216] ; [154.98039216  35.01960784],0
p12,1,0.262139,1.257427,[ 3 62] ; [ 17 173],[ 5.09803922 59.90196078] ; [ 14.90196078 175.09803922],0
p2,1,0.264742,1.243788,[52 15] ; [134  56],[48.49027237 18.50972763] ; [137.50972763  52.49027237],0
p11,1,0.665657,0.186724,[49 18] ; [144  46],[50.3151751 16.6848249] ; [142.6848249  47.3151751],0
p5,1,0.712242,0.136048,[ 4 63] ; [  9 178],[ 3.42913386 63.57086614] ; [  9.57086614 177.42913386],0
p1,1,0.804975,0.060966,[ 4 63] ; [ 13 177],[ 4.43190661 62.56809339] ; [ 12.56809339 177.43190661],0
