Feature,DoF,P Value,Chi Square,Observed,Expected,Is Significant
p11,1,1e-06,23.705418,[361  64] ; [19 17],[350.32537961  74.67462039] ; [29.67462039  6.32537961],1
b1,1,0.001721,9.825112,[138 287] ; [21 15],[146.5835141 278.4164859] ; [12.4164859 23.5835141],0
p2,1,0.182728,1.775293,[354  69] ; [27  9],[351.11764706  71.88235294] ; [29.88235294  6.11764706],0
p1,1,0.275771,1.187812,[ 27 397] ; [ 4 32],[ 28.57391304 395.42608696] ; [ 2.42608696 33.57391304],0
p8,1,0.305308,1.050864,[196 224] ; [20 16],[198.94736842 221.05263158] ; [17.05263158 18.94736842],0
p7,1,0.490508,0.475411,[225 192] ; [21 14],[226.95132743 190.04867257] ; [19.04867257 15.95132743],0
p5,1,0.570556,0.321754,[ 35 384] ; [ 4 32],[ 35.91428571 383.08571429] ; [ 3.08571429 32.91428571],0
