Feature,DoF,P Value,Chi Square,Observed,Expected,Is Significant
p5,1,0.006722,7.345898,[  3 128] ; [ 3 17],[  5.20529801 125.79470199] ; [ 0.79470199 19.20529801],0
p7,1,0.031028,4.651406,[34 95] ; [10 10],[38.09395973 90.90604027] ; [ 5.90604027 14.09395973],0
p4,1,0.110605,2.545556,[36 95] ; [ 9 11],[39.0397351 91.9602649] ; [ 5.9602649 14.0397351],0
p1,1,0.41845,0.654664,[  7 123] ; [ 2 18],[  7.8 122.2] ; [ 1.2 18.8],0
b1,1,0.460215,0.545371,[67 64] ; [12  8],[68.53642384 62.46357616] ; [10.46357616  9.53642384],0
p11,1,0.849744,0.03589,[56 75] ; [ 9 11],[56.39072848 74.60927152] ; [ 8.60927152 11.39072848],0
