Feature,DoF,P Value,Chi Square,Observed,Expected,Is Significant
p10,1,0.0,146.839351,[13 61] ; [175  14],[52.8973384 21.1026616] ; [135.1026616  53.8973384],1
p4,1,0.0,114.107715,[18 55] ; [172  18],[52.73764259 20.26235741] ; [137.26235741  52.73764259],1
p8,1,0.0,108.84212,[10 64] ; [156  33],[46.70722433 27.29277567] ; [119.29277567  69.70722433],1
p11,1,0.0,59.577773,[26 49] ; [158  32],[52.0754717 22.9245283] ; [131.9245283  58.0754717],1
p5,1,8.8e-05,15.371697,[ 4 70] ; [ 52 138],[15.6969697 58.3030303] ; [ 40.3030303 149.6969697],1
p1,1,0.092749,2.825998,[ 6 69] ; [ 30 159],[10.22727273 64.77272727] ; [ 25.77272727 163.22727273],0
b1,1,0.218576,1.513694,[43 32] ; [93 97],[38.49056604 36.50943396] ; [97.50943396 92.49056604],0
