Feature,DoF,P Value,Chi Square,Observed,Expected,Is Significant
p3,1,0.00086,11.107633,[28 39] ; [149  82],[39.79530201 27.20469799] ; [137.20469799  93.79530201],1
p1,1,0.115177,2.481706,[10 58] ; [ 19 211],[ 6.61744966 61.38255034] ; [ 22.38255034 207.61744966],0
p2,1,0.185825,1.750409,[58 10] ; [209  21],[60.9261745  7.0738255] ; [206.0738255  23.9261745],0
p12,1,0.341659,0.904195,[ 7 60] ; [ 16 215],[ 5.17114094 61.82885906] ; [ 17.82885906 213.17114094],0
p11,1,0.428772,0.626148,[54 14] ; [193  38],[56.17391304 11.82608696] ; [190.82608696  40.17391304],0
b1,1,0.442326,0.59024,[21 47] ; [ 83 148],[23.65217391 44.34782609] ; [ 80.34782609 150.65217391],0
p5,1,0.844082,0.038681,[ 9 59] ; [ 28 199],[ 8.52881356 59.47118644] ; [ 28.47118644 198.52881356],0
