Feature,DoF,P Value,Chi Square,Observed,Expected,Is Significant
p7,1,0.016069,5.795318,[24 21] ; [22  5],[28.75 16.25] ; [17.25  9.75],0
p11,1,0.361125,0.833977,[20 25] ; [15 12],[21.875 23.125] ; [13.125 13.875],0
p5,1,0.438578,0.6,[ 6 39] ; [ 2 25],[ 5. 40.] ; [ 3. 24.],0
p8,1,0.501727,0.451282,[23 22] ; [16 11],[24.375 20.625] ; [14.625 12.375],0
b1,1,0.537094,0.380952,[25 20] ; [17 10],[26.25 18.75] ; [15.75 11.25],0
p1,1,0.860312,0.030968,[ 6 39] ; [ 4 23],[ 6.25 38.75] ; [ 3.75 23.25],0
p2,1,0.888229,0.019753,[34 11] ; [20  7],[33.75 11.25] ; [20.25  6.75],0
