Feature,DoF,P Value,Chi Square,Observed,Expected,Is Significant
p11,1,9e-06,19.664427,[43 26] ; [172  26],[55.56179775 13.43820225] ; [159.43820225  38.56179775],1
p8,1,0.000358,12.738907,[21 46] ; [112  86],[33.62641509 33.37358491] ; [99.37358491 98.62641509],1
p7,1,0.006728,7.344077,[33 35] ; [132  65],[42.33962264 25.66037736] ; [122.66037736  74.33962264],0
p5,1,0.010195,6.600491,[ 1 68] ; [ 23 172],[ 6.27272727 62.72727273] ; [ 17.72727273 177.27272727],0
p12,1,0.177634,1.817308,[ 2 66] ; [ 15 183],[ 4.34586466 63.65413534] ; [ 12.65413534 185.34586466],0
p1,1,0.186203,1.747405,[ 3 64] ; [ 19 178],[ 5.58333333 61.41666667] ; [ 16.41666667 180.58333333],0
b1,1,0.636936,0.222772,[28 41] ; [ 74 124],[26.35955056 42.64044944] ; [ 75.64044944 122.35955056],0
