Feature,DoF,P Value,Chi Square,Observed,Expected,Is Significant
p11,1,3.3e-05,17.232715,[162  45] ; [18 21],[151.46341463  55.53658537] ; [28.53658537 10.46341463],1
b1,1,0.017468,5.648682,[ 70 137] ; [21 18],[ 76.57317073 130.42682927] ; [14.42682927 24.57317073],0
p4,1,0.033538,4.518086,[ 84 123] ; [23 16],[ 90.03658537 116.96341463] ; [16.96341463 22.03658537],0
p2,1,0.038107,4.30025,[151  56] ; [22 17],[145.57317073  61.42682927] ; [27.42682927 11.57317073],0
p8,1,0.335126,0.928987,[ 53 152] ; [13 26],[ 55.45081967 149.54918033] ; [10.54918033 28.45081967],0
p5,1,0.974355,0.001033,[ 16 188] ; [ 3 36],[ 15.95061728 188.04938272] ; [ 3.04938272 35.95061728],0
p1,1,0.993638,6.4e-05,[ 16 191] ; [ 3 36],[ 15.98780488 191.01219512] ; [ 3.01219512 35.98780488],0
