Feature,DoF,P Value,Chi Square,Observed,Expected,Is Significant
p10,1,0.0,37.784419,[89 22] ; [22 43],[70.00568182 40.99431818] ; [40.99431818 24.00568182],1
p5,1,0.020272,5.388286,[12 97] ; [ 1 65],[  8.09714286 100.90285714] ; [ 4.90285714 61.09714286],0
p12,1,0.101822,2.676766,[  8 104] ; [ 1 64],[  5.69491525 106.30508475] ; [ 3.30508475 61.69491525],0
p6,1,0.262893,1.253458,[36 76] ; [16 50],[32.71910112 79.28089888] ; [19.28089888 46.71910112],0
p11,1,0.288924,1.12463,[83 29] ; [44 22],[79.91011236 32.08988764] ; [47.08988764 18.91011236],0
p7,1,0.483246,0.491529,[55 57] ; [36 30],[57.25842697 54.74157303] ; [33.74157303 32.25842697],0
p1,1,0.509673,0.434739,[ 10 102] ; [ 4 61],[  8.85875706 103.14124294] ; [ 5.14124294 59.85875706],0
b1,1,0.63747,0.222067,[55 57] ; [30 36],[53.48314607 58.51685393] ; [31.51685393 34.48314607],0
