Feature,DoF,P Value,Chi Square,Observed,Expected,Is Significant
p11,1,1e-06,23.578906,[207  51] ; [ 6 13],[198.3898917  59.6101083] ; [14.6101083  4.3898917],1
p1,1,0.16134,1.961619,[ 18 240] ; [ 3 16],[ 19.55956679 238.44043321] ; [ 1.44043321 17.55956679],0
p3,1,0.200758,1.636854,[ 61 196] ; [ 7 12],[ 63.31884058 193.68115942] ; [ 4.68115942 14.31884058],0
p5,1,0.263939,1.247979,[ 12 244] ; [ 2 17],[ 13.03272727 242.96727273] ; [ 0.96727273 18.03272727],0
p2,1,0.346178,0.887417,[200  57] ; [13  6],[198.33695652  58.66304348] ; [14.66304348  4.33695652],0
b1,1,0.648567,0.207712,[ 82 176] ; [ 7 12],[ 82.89530686 175.10469314] ; [ 6.10469314 12.89530686],0
p6,1,0.663389,0.189433,[ 46 208] ; [ 4 14],[ 46.69117647 207.30882353] ; [ 3.30882353 14.69117647],0
