Feature,DoF,P Value,Chi Square,Observed,Expected,Is Significant
p4,1,0.016326,5.767411,[25 72] ; [13 91],[18.33830846 78.66169154] ; [19.66169154 84.33830846],0
p6,1,0.023114,5.159924,[15 81] ; [ 6 98],[10.08 85.92] ; [10.92 93.08],0
p8,1,0.053847,3.717435,[17 79] ; [ 9 96],[12.41791045 83.58208955] ; [13.58208955 91.41791045],0
p12,1,0.113204,2.508912,[ 2 94] ; [ 7 97],[ 4.32 91.68] ; [ 4.68 99.32],0
p5,1,0.204382,1.610782,[ 1 95] ; [  4 100],[ 2.4 93.6] ; [  2.6 101.4],0
p1,1,0.531592,0.391348,[ 6 90] ; [ 9 96],[ 7.1641791 88.8358209] ; [ 7.8358209 97.1641791],0
p11,1,0.720989,0.127547,[41 56] ; [47 58],[42.25742574 54.74257426] ; [45.74257426 59.25742574],0
b1,1,0.79943,0.064559,[47 50] ; [49 56],[46.0990099 50.9009901] ; [49.9009901 55.0990099],0
