Feature,DoF,P Value,Chi Square,Observed,Expected,Is Significant
b1,1,0.021584,5.279004,[14 10] ; [106 198],[ 8.7804878 15.2195122] ; [111.2195122 192.7804878],0
p2,1,0.024023,5.092959,[14 10] ; [237  65],[18.47852761  5.52147239] ; [232.52147239  69.47852761],0
p4,1,0.077236,3.122131,[ 7 17] ; [145 158],[11.1559633 12.8440367] ; [140.8440367 162.1559633],0
p6,1,0.152225,2.049808,[ 3 21] ; [ 77 224],[ 5.90769231 18.09230769] ; [ 74.09230769 226.90769231],0
p3,1,0.408787,0.682325,[ 7 17] ; [114 189],[ 8.88073394 15.11926606] ; [112.11926606 190.88073394],0
p11,1,0.469587,0.522948,[17  7] ; [235  69],[18.43902439  5.56097561] ; [233.56097561  70.43902439],0
p1,1,0.579964,0.306293,[ 2 22] ; [ 17 287],[ 1.3902439 22.6097561] ; [ 17.6097561 286.3902439],0
p7,1,0.874961,0.024762,[11 12] ; [137 160],[10.6375 12.3625] ; [137.3625 159.6375],0
