Feature,DoF,P Value,Chi Square,Observed,Expected,Is Significant
p11,1,0.0,42.099252,[ 7 13] ; [405  58],[17.06004141  2.93995859] ; [394.93995859  68.06004141],1
p8,1,0.000855,11.118931,[ 7 13] ; [324 137],[13.76299376  6.23700624] ; [317.23700624 143.76299376],1
b1,1,0.013713,6.074747,[13  7] ; [174 289],[ 7.74327122 12.25672878] ; [179.25672878 283.74327122],0
p4,1,0.071187,3.255431,[11  9] ; [339 123],[14.52282158  5.47717842] ; [335.47717842 126.52282158],0
p6,1,0.158949,1.984196,[ 7 13] ; [235 225],[10.08333333  9.91666667] ; [231.91666667 228.08333333],0
p1,1,0.462918,0.53883,[ 1 19] ; [ 46 415],[ 1.95426195 18.04573805] ; [ 45.04573805 415.95426195],0
p5,1,0.860616,0.030832,[ 3 17] ; [ 76 385],[ 3.28482328 16.71517672] ; [ 75.71517672 385.28482328],0
