Feature,DoF,P Value,Chi Square,Observed,Expected,Is Significant
p11,1,0.0,59.569231,[282  30] ; [38 34],[260.  52.] ; [60. 12.],1
p7,1,0.0,41.787638,[269  42] ; [38 34],[249.28720627  61.71279373] ; [57.71279373 14.28720627],1
p3,1,0.0,35.795571,[238  74] ; [29 43],[216.9375  95.0625] ; [50.0625 21.9375],1
p6,1,5e-06,20.777457,[183 129] ; [20 50],[165.80104712 146.19895288] ; [37.19895288 32.80104712],1
p5,1,9.8e-05,15.165844,[ 71 241] ; [ 2 70],[ 59.3125 252.6875] ; [13.6875 58.3125],1
p12,1,0.003167,8.708664,[ 43 269] ; [ 1 70],[ 35.84334204 276.15665796] ; [ 8.15665796 62.84334204],0
b1,1,0.034412,4.474112,[118 194] ; [37 35],[125.9375 186.0625] ; [29.0625 42.9375],0
p1,1,0.330745,0.945978,[ 39 271] ; [ 6 65],[ 36.61417323 273.38582677] ; [ 8.38582677 62.61417323],0
