Feature,DoF,P Value,Chi Square,Observed,Expected,Is Significant
p9,1,0.000843,11.143971,[30 35] ; [68 26],[40.06289308 24.93710692] ; [57.93710692 36.06289308],1
p1,1,0.170146,1.881657,[ 3 64] ; [ 1 93],[ 1.66459627 65.33540373] ; [ 2.33540373 91.66459627],0
p3,1,0.172778,1.85867,[16 53] ; [31 63],[19.89570552 49.10429448] ; [27.10429448 66.89570552],0
p6,1,0.679957,0.170175,[14 53] ; [22 71],[15.075 51.925] ; [20.925 72.075],0
b1,1,0.69818,0.150372,[28 41] ; [41 53],[29.20858896 39.79141104] ; [39.79141104 54.20858896],0
p5,1,0.825201,0.048779,[ 1 68] ; [ 1 93],[ 0.84662577 68.15337423] ; [ 1.15337423 92.84662577],0
p11,1,0.84334,0.039055,[43 26] ; [60 34],[43.60122699 25.39877301] ; [59.39877301 34.60122699],0
p12,1,0.927562,0.008265,[ 2 66] ; [ 3 91],[ 2.09876543 65.90123457] ; [ 2.90123457 91.09876543],0
