Feature,DoF,P Value,Chi Square,Observed,Expected,Is Significant
p7,1,0.001159,10.553942,[24  4] ; [14 17],[18.03389831  9.96610169] ; [19.96610169 11.03389831],0
p4,1,0.030801,4.664028,[22  6] ; [16 15],[18.03389831  9.96610169] ; [19.96610169 11.03389831],0
p11,1,0.086024,2.947244,[18 10] ; [13 18],[14.71186441 13.28813559] ; [16.28813559 14.71186441],0
p2,1,0.092304,2.833732,[22  6] ; [18 13],[18.98305085  9.01694915] ; [21.01694915  9.98305085],0
p1,1,0.209986,1.571521,[ 6 22] ; [ 3 28],[ 4.27118644 23.72881356] ; [ 4.72881356 26.27118644],0
p5,1,0.320139,0.988378,[ 4 24] ; [ 2 29],[ 2.84745763 25.15254237] ; [ 3.15254237 27.84745763],0
b1,1,0.406073,0.690268,[17 11] ; [22  9],[18.50847458  9.49152542] ; [20.49152542 10.50847458],0
