Feature,DoF,P Value,Chi Square,Observed,Expected,Is Significant
p7,1,0.0,75.563221,[15 30] ; [240  31],[36.31329114  8.68670886] ; [218.68670886  52.31329114],1
p11,1,0.0,60.790503,[20 25] ; [247  26],[37.78301887  7.21698113] ; [229.21698113  43.78301887],1
p6,1,2e-06,22.974591,[ 9 36] ; [158 112],[23.85714286 21.14285714] ; [143.14285714 126.85714286],1
p2,1,1.1e-05,19.365106,[33 12] ; [255  17],[40.88328076  4.11671924] ; [247.11671924  24.88328076],1
p5,1,0.003162,8.711488,[ 2 43] ; [ 65 208],[ 9.48113208 35.51886792] ; [ 57.51886792 215.48113208],0
p1,1,0.059066,3.563417,[ 2 43] ; [ 40 231],[ 5.98101266 39.01898734] ; [ 36.01898734 234.98101266],0
b1,1,0.098577,2.728424,[23 22] ; [104 169],[17.97169811 27.02830189] ; [109.02830189 163.97169811],0
