Feature,DoF,P Value,Chi Square,Observed,Expected,Is Significant
p11,1,0.0,43.024092,[31 55] ; [135  39],[54.90769231 31.09230769] ; [111.09230769  62.90769231],1
p2,1,3e-06,21.522729,[34 52] ; [121  53],[51.26923077 34.73076923] ; [103.73076923  70.26923077],1
b1,1,0.009794,6.672013,[44 42] ; [ 60 114],[34.4 51.6] ; [ 69.6 104.4],0
p12,1,0.014409,5.987378,[ 1 84] ; [ 16 158],[ 5.57915058 79.42084942] ; [ 11.42084942 162.57915058],0
p3,1,0.075105,3.167761,[17 68] ; [ 53 121],[22.97297297 62.02702703] ; [ 47.02702703 126.97297297],0
p5,1,0.108727,2.572624,[ 1 85] ; [  9 162],[ 3.3463035 82.6536965] ; [  6.6536965 164.3463035],0
p4,1,0.113094,2.51044,[25 61] ; [ 68 106],[30.76153846 55.23846154] ; [ 62.23846154 111.76153846],0
p6,1,0.129517,2.298284,[ 5 78] ; [ 21 152],[ 8.4296875 74.5703125] ; [ 17.5703125 155.4296875],0
p1,1,0.828764,0.04678,[ 7 78] ; [ 13 161],[ 6.56370656 78.43629344] ; [ 13.43629344 160.56370656],0
