Feature,DoF,P Value,Chi Square,Observed,Expected,Is Significant
p10,1,0.0,100.101112,[145  27] ; [20 72],[107.5  64.5] ; [57.5 34.5],1
p2,1,0.0,58.83222,[151  21] ; [40 52],[124.43939394  47.56060606] ; [66.56060606 25.43939394],1
p8,1,0.0,41.177708,[97 76] ; [14 78],[ 72.46415094 100.53584906] ; [38.53584906 53.46415094],1
p11,1,0.0,35.595515,[142  31] ; [43 49],[120.77358491  52.22641509] ; [64.22641509 27.77358491],1
p7,1,0.0,28.538666,[110  63] ; [26 64],[89.46007605 83.53992395] ; [46.53992395 43.46007605],1
b1,1,0.060498,3.523672,[ 64 109] ; [45 47],[ 71.15849057 101.84150943] ; [37.84150943 54.15849057],0
p12,1,0.076141,3.145406,[ 13 160] ; [ 2 89],[  9.82954545 163.17045455] ; [ 5.17045455 85.82954545],0
p1,1,0.252683,1.308406,[ 14 158] ; [ 4 87],[ 11.77186312 160.22813688] ; [ 6.22813688 84.77186312],0
