Feature,DoF,P Value,Chi Square,Observed,Expected,Is Significant
p4,1,0.010389,6.56688,[16 55] ; [7 5],[19.6746988 51.3253012] ; [3.3253012 8.6746988],0
p10,1,0.088468,2.902024,[58 14] ; [7 5],[55.71428571 16.28571429] ; [9.28571429 2.71428571],0
p8,1,0.116709,2.460938,[15 57] ; [5 7],[17.14285714 54.85714286] ; [2.85714286 9.14285714],0
p1,1,0.186701,1.743462,[ 8 64] ; [3 9],[ 9.42857143 62.57142857] ; [ 1.57142857 10.42857143],0
p11,1,0.629974,0.232095,[49 23] ; [9 3],[49.71428571 22.28571429] ; [8.28571429 3.71428571],0
b1,1,0.648369,0.207962,[29 43] ; [4 8],[28.28571429 43.71428571] ; [4.71428571 7.28571429],0
p12,1,0.879389,0.023026,[ 7 65] ; [ 1 11],[ 6.85714286 65.14285714] ; [ 1.14285714 10.85714286],0
p5,1,0.978243,0.000744,[ 6 64] ; [ 1 11],[ 5.97560976 64.02439024] ; [ 1.02439024 10.97560976],0
