Feature,DoF,P Value,Chi Square,Observed,Expected,Is Significant
p11,1,0.296449,1.0901,[20 25] ; [9 6],[21.75 23.25] ; [7.25 7.75],0
p7,1,0.366799,0.81448,[24 21] ; [10  5],[25.5 19.5] ; [8.5 6.5],0
p1,1,0.486087,0.485175,[ 6 39] ; [ 1 14],[ 5.25 39.75] ; [ 1.75 13.25],0
p2,1,0.863333,0.02963,[34 11] ; [11  4],[33.75 11.25] ; [11.25  3.75],0
b1,1,0.880905,0.022447,[25 20] ; [8 7],[24.75 20.25] ; [8.25 6.75],0
