Feature,DoF,P Value,Chi Square,Observed,Expected,Is Significant
p4,1,0.0,26.544773,[30 14] ; [26 83],[16.10457516 27.89542484] ; [39.89542484 69.10457516],1
p3,1,0.000601,11.772136,[19 24] ; [19 90],[10.75 32.25] ; [27.25 81.75],1
p11,1,0.016331,5.766864,[28 16] ; [46 63],[21.28104575 22.71895425] ; [52.71895425 56.28104575],0
b1,1,0.092191,2.835696,[28 16] ; [53 56],[23.29411765 20.70588235] ; [57.70588235 51.29411765],0
p5,1,0.116593,2.462501,[ 3 41] ; [  2 107],[ 1.4379085 42.5620915] ; [  3.5620915 105.4379085],0
p1,1,0.428959,0.62564,[ 5 39] ; [  8 100],[ 3.76315789 40.23684211] ; [ 9.23684211 98.76315789],0
