Feature,DoF,P Value,Chi Square,Observed,Expected,Is Significant
p8,1,1e-06,23.466534,[ 44 191] ; [24 22],[ 56.8683274 178.1316726] ; [11.1316726 34.8683274],1
b1,1,0.034669,4.461399,[ 87 150] ; [25 22],[ 93.46478873 143.53521127] ; [18.53521127 28.46478873],0
p2,1,0.041989,4.135633,[139  98] ; [35 12],[145.20422535  91.79577465] ; [28.79577465 18.20422535],0
p1,1,0.048785,3.882732,[ 12 224] ; [ 6 41],[ 15.01060071 220.98939929] ; [ 2.98939929 44.01060071],0
p9,1,0.260508,1.266057,[155  74] ; [35 11],[158.21818182  70.78181818] ; [31.78181818 14.21818182],0
p10,1,0.429317,0.624671,[142  90] ; [31 15],[144.37410072  87.62589928] ; [28.62589928 17.37410072],0
p12,1,0.580136,0.306015,[ 11 223] ; [ 3 42],[ 11.74193548 222.25806452] ; [ 2.25806452 42.74193548],0
p11,1,0.648823,0.207388,[148  89] ; [31 16],[149.37676056  87.62323944] ; [29.62323944 17.37676056],0
p5,1,0.652481,0.202787,[  8 228] ; [ 1 46],[  7.50530035 228.49469965] ; [ 1.49469965 45.50530035],0
