Feature,DoF,P Value,Chi Square,Observed,Expected,Is Significant
p10,1,0.002563,9.094958,[123  16] ; [17  9],[117.93939394  21.06060606] ; [22.06060606  3.93939394],0
p11,1,0.00574,7.63018,[111  29] ; [14 12],[105.42168675  34.57831325] ; [19.57831325  6.42168675],0
p8,1,0.057073,3.620448,[71 68] ; [ 8 18],[66.55151515 72.44848485] ; [12.44848485 13.55151515],0
p1,1,0.080357,3.057666,[  8 132] ; [ 4 22],[ 10.12048193 129.87951807] ; [ 1.87951807 24.12048193],0
b1,1,0.146486,2.108468,[49 91] ; [13 13],[52.28915663 87.71084337] ; [ 9.71084337 16.28915663],0
p6,1,0.899234,0.016035,[ 35 101] ; [ 7 19],[ 35.25925926 100.74074074] ; [ 6.74074074 19.25925926],0
p5,1,0.94505,0.00475,[  5 135] ; [ 1 25],[  5.06024096 134.93975904] ; [ 0.93975904 25.06024096],0
