Feature,DoF,P Value,Chi Square,Observed,Expected,Is Significant
p6,1,0.072651,3.222094,[12 21] ; [16 63],[ 8.25 24.75] ; [19.75 59.25],0
p5,1,0.171113,1.873164,[ 2 33] ; [ 1 78],[ 0.92105263 34.07894737] ; [ 2.07894737 76.92105263],0
p4,1,0.273834,1.197438,[18 16] ; [33 46],[15.34513274 18.65486726] ; [35.65486726 43.34513274],0
p11,1,0.423107,0.641668,[21 14] ; [41 38],[19.03508772 15.96491228] ; [42.96491228 36.03508772],0
p1,1,0.655229,0.199371,[ 2 33] ; [ 3 75],[ 1.54867257 33.45132743] ; [ 3.45132743 74.54867257],0
p3,1,0.759577,0.093658,[13 22] ; [27 52],[12.28070175 22.71929825] ; [27.71929825 51.28070175],0
b1,1,0.913816,0.011713,[15 20] ; [33 46],[14.73684211 20.26315789] ; [33.26315789 45.73684211],0
p12,1,0.928608,0.008028,[ 1 34] ; [ 2 76],[ 0.92920354 34.07079646] ; [ 2.07079646 75.92920354],0
