Feature,DoF,P Value,Chi Square,Observed,Expected,Is Significant
p7,1,0.0,116.218301,[28 66] ; [318  58],[69.2 24.8] ; [276.8  99.2],1
p11,1,0.0,107.301984,[41 55] ; [342  39],[77.08176101 18.91823899] ; [305.91823899  75.08176101],1
p3,1,0.0,75.011388,[16 80] ; [250 130],[53.64705882 42.35294118] ; [212.35294118 167.64705882],1
p5,1,1.7e-05,18.519606,[ 1 95] ; [ 71 310],[14.49056604 81.50943396] ; [ 57.50943396 323.49056604],1
p12,1,0.001992,9.55664,[ 1 94] ; [ 43 336],[ 8.8185654 86.1814346] ; [ 35.1814346 343.8185654],0
b1,1,0.00357,8.490306,[52 44] ; [144 237],[39.44654088 56.55345912] ; [156.55345912 224.44654088],0
p1,1,0.061642,3.492647,[ 5 90] ; [ 45 335],[10. 85.] ; [ 40. 340.],0
