Feature,DoF,P Value,Chi Square,Observed,Expected,Is Significant
p8,1,0.0401,4.21364,[ 7 24] ; [23 28],[11.34146341 19.65853659] ; [18.65853659 32.34146341],0
p10,1,0.082921,3.006707,[18 13] ; [20 32],[14.19277108 16.80722892] ; [23.80722892 28.19277108],0
b1,1,0.104932,2.628931,[11 20] ; [28 24],[14.56626506 16.43373494] ; [24.43373494 27.56626506],0
p12,1,0.110579,2.545927,[ 3 28] ; [ 1 51],[ 1.4939759 29.5060241] ; [ 2.5060241 49.4939759],0
p3,1,0.11849,2.437168,[18 13] ; [21 31],[14.56626506 16.43373494] ; [24.43373494 27.56626506],0
p11,1,0.83827,0.04166,[18 13] ; [29 23],[17.55421687 13.44578313] ; [29.44578313 22.55421687],0
p5,1,0.914697,0.011474,[ 1 28] ; [ 2 49],[ 1.0875 27.9125] ; [ 1.9125 49.0875],0
