Feature,DoF,P Value,Chi Square,Observed,Expected,Is Significant
p3,1,0.0,83.343164,[261  97] ; [ 87 158],[206.60696517 151.39303483] ; [141.39303483 103.60696517],1
p10,1,0.0,54.000397,[339  18] ; [180  63],[308.805  48.195] ; [210.195  32.805],1
p5,1,0.0,27.160906,[ 73 283] ; [ 13 231],[ 51.02666667 304.97333333] ; [ 34.97333333 209.02666667],1
p11,1,3e-06,21.887345,[315  43] ; [179  66],[293.28689884  64.71310116] ; [200.71310116  44.28689884],1
p1,1,0.000913,10.996175,[ 40 316] ; [  9 235],[ 29.07333333 326.92666667] ; [ 19.92666667 224.07333333],1
p12,1,0.012901,6.182659,[ 38 320] ; [ 12 232],[ 29.73421927 328.26578073] ; [ 20.26578073 223.73421927],0
b1,1,0.318465,0.995239,[140 218] ; [ 86 159],[134.17578773 223.82421227] ; [ 91.82421227 153.17578773],0
