Feature,DoF,P Value,Chi Square,Observed,Expected,Is Significant
p4,1,0.0,43.701414,[18 45] ; [145  49],[39.95719844 23.04280156] ; [123.04280156  70.95719844],1
p8,1,0.0,33.416297,[10 53] ; [112  82],[29.90661479 33.09338521] ; [ 92.09338521 101.90661479],1
p11,1,0.000136,14.556311,[44 19] ; [174  20],[53.43968872  9.56031128] ; [164.56031128  29.43968872],1
p9,1,0.059643,3.547279,[55  7] ; [185   9],[58.125  3.875] ; [181.875  12.125],0
p12,1,0.230213,1.439543,[ 8 55] ; [ 15 179],[ 5.6381323 57.3618677] ; [ 17.3618677 176.6381323],0
p1,1,0.326761,0.961694,[ 9 54] ; [ 19 174],[ 6.890625 56.109375] ; [ 21.109375 171.890625],0
p5,1,0.328784,0.953683,[ 4 56] ; [ 21 170],[ 5.97609562 54.02390438] ; [ 19.02390438 171.97609562],0
b1,1,0.605888,0.266206,[26 37] ; [ 73 121],[24.26848249 38.73151751] ; [ 74.73151751 119.26848249],0
