Feature,DoF,P Value,Chi Square,Observed,Expected,Is Significant
p1,1,0.033529,4.518549,[ 10 221] ; [ 8 64],[ 13.72277228 217.27722772] ; [ 4.27722772 67.72277228],0
p8,1,0.051537,3.790727,[ 75 153] ; [15 57],[ 68.4 159.6] ; [21.6 50.4],0
p7,1,0.066077,3.377887,[ 89 132] ; [19 49],[ 82.58823529 138.41176471] ; [25.41176471 42.58823529],0
b1,1,0.094709,2.792448,[ 69 163] ; [29 43],[ 74.78947368 157.21052632] ; [23.21052632 48.78947368],0
p11,1,0.119294,2.426564,[179  53] ; [49 23],[174.  58.] ; [54. 18.],0
p5,1,0.168509,1.89616,[ 10 220] ; [ 6 64],[ 12.26666667 217.73333333] ; [ 3.73333333 66.26666667],0
p12,1,0.221796,1.492712,[ 13 218] ; [ 7 65],[ 15.24752475 215.75247525] ; [ 4.75247525 67.24752475],0
p10,1,0.387677,0.746216,[196  35] ; [58 14],[193.64356436  37.35643564] ; [60.35643564 11.64356436],0
p6,1,0.801561,0.063165,[ 36 194] ; [12 59],[ 36.67774086 193.32225914] ; [11.32225914 59.67774086],0
