Feature,DoF,P Value,Chi Square,Observed,Expected,Is Significant
p10,1,0.0,45.199941,[196  35] ; [17 27],[178.92  52.08] ; [34.08  9.92],1
p7,1,1e-06,24.440078,[ 89 132] ; [35  8],[103.8030303 117.1969697] ; [20.1969697 22.8030303],1
b1,1,1.6e-05,18.642144,[ 69 163] ; [28 16],[ 81.53623188 150.46376812] ; [15.46376812 28.53623188],1
p6,1,0.000124,14.735551,[ 36 194] ; [17 24],[ 44.98154982 185.01845018] ; [ 8.01845018 32.98154982],1
p11,1,0.057606,3.605016,[179  53] ; [28 16],[174.  58.] ; [33. 11.],0
p1,1,0.059667,3.546627,[ 10 221] ; [ 5 39],[ 12.6 218.4] ; [ 2.4 41.6],0
p5,1,0.480058,0.498731,[ 10 220] ; [ 3 41],[ 10.91240876 219.08759124] ; [ 2.08759124 41.91240876],0
