Feature,DoF,P Value,Chi Square,Observed,Expected,Is Significant
b1,1,0.079097,3.083367,[11 17] ; [17 10],[14.25454545 13.74545455] ; [13.74545455 13.25454545],0
p11,1,0.12951,2.298367,[21  7] ; [15 12],[18.32727273  9.67272727] ; [17.67272727  9.32727273],0
p7,1,0.380335,0.769618,[20  8] ; [22  5],[21.38181818  6.61818182] ; [20.61818182  6.38181818],0
p1,1,0.648278,0.208077,[ 3 25] ; [ 4 23],[ 3.56363636 24.43636364] ; [ 3.43636364 23.56363636],0
p8,1,0.670684,0.180803,[15 13] ; [16 11],[15.78181818 12.21818182] ; [15.21818182 11.78181818],0
p2,1,0.694713,0.15403,[22  6] ; [20  7],[21.38181818  6.61818182] ; [20.61818182  6.38181818],0
p4,1,0.890764,0.018861,[14 14] ; [14 13],[14.25454545 13.74545455] ; [13.74545455 13.25454545],0
p5,1,0.969872,0.001426,[ 2 26] ; [ 2 25],[ 2.03636364 25.96363636] ; [ 1.96363636 25.03636364],0
