Feature,DoF,P Value,Chi Square,Observed,Expected,Is Significant
p9,1,0.00019,13.928737,[33  2] ; [17 14],[26.51515152  8.48484848] ; [23.48484848  7.51515152],1
p8,1,0.02165,5.273685,[15 20] ; [22  9],[19.62121212 15.37878788] ; [17.37878788 13.62121212],0
b1,1,0.084266,2.980645,[14 21] ; [19 12],[17.5 17.5] ; [15.5 15.5],0
p5,1,0.310625,1.028018,[ 2 33] ; [ 4 27],[ 3.18181818 31.81818182] ; [ 2.81818182 28.18181818],0
p11,1,0.383213,0.760369,[25 10] ; [19 12],[23.33333333 11.66666667] ; [20.66666667 10.33333333],0
p3,1,0.508455,0.437244,[22 13] ; [17 14],[20.68181818 14.31818182] ; [18.31818182 12.68181818],0
p1,1,0.581294,0.304147,[ 5 30] ; [ 6 25],[ 5.83333333 29.16666667] ; [ 5.16666667 25.83333333],0
p2,1,0.797992,0.065509,[28  7] ; [24  7],[27.57575758  7.42424242] ; [24.42424242  6.57575758],0
