Feature,DoF,P Value,Chi Square,Observed,Expected,Is Significant
p4,1,0.052116,3.772027,[115  59] ; [149  49],[123.48387097  50.51612903] ; [140.51612903  57.48387097],0
p10,1,0.095278,2.782853,[154  20] ; [185  13],[158.56451613  15.43548387] ; [180.43548387  17.56451613],0
p2,1,0.177852,1.815486,[160  13] ; [174  23],[156.16756757  16.83243243] ; [177.83243243  19.16756757],0
p5,1,0.231366,1.432442,[ 14 160] ; [ 23 172],[ 17.44715447 156.55284553] ; [ 19.55284553 175.44715447],0
p12,1,0.234059,1.416022,[  8 166] ; [ 15 183],[ 10.75806452 163.24193548] ; [ 12.24193548 185.75806452],0
p1,1,0.254573,1.298032,[ 11 161] ; [ 19 178],[ 13.98373984 158.01626016] ; [ 16.01626016 180.98373984],0
b1,1,0.815911,0.054199,[ 63 111] ; [ 74 124],[ 64.08064516 109.91935484] ; [ 72.91935484 125.08064516],0
p11,1,0.888672,0.019596,[152  22] ; [172  26],[151.5483871  22.4516129] ; [172.4516129  25.5483871],0
