Feature,DoF,P Value,Chi Square,Observed,Expected,Is Significant
p10,1,0.0,37.677347,[208  35] ; [ 6 14],[197.72623574  45.27376426] ; [16.27376426  3.72623574],1
b1,1,4e-06,21.056525,[ 76 168] ; [17  4],[ 85.63018868 158.36981132] ; [ 7.36981132 13.63018868],1
p8,1,1.6e-05,18.634842,[ 81 161] ; [17  4],[ 90.17490494 151.82509506] ; [ 7.82509506 13.17490494],1
p7,1,2.5e-05,17.76132,[101 136] ; [19  2],[110.23255814 126.76744186] ; [ 9.76744186 11.23255814],1
p1,1,0.000381,12.623997,[ 11 232] ; [ 5 16],[ 14.72727273 228.27272727] ; [ 1.27272727 19.72727273],1
p3,1,0.000725,11.423536,[ 49 194] ; [11 10],[ 55.22727273 187.77272727] ; [ 4.77272727 16.22727273],1
p2,1,0.036955,4.352467,[182  60] ; [20  1],[185.87072243  56.12927757] ; [16.12927757  4.87072243],0
p11,1,0.061195,3.504705,[194  50] ; [13  8],[190.59622642  53.40377358] ; [16.40377358  4.59622642],0
p5,1,0.20454,1.609659,[  9 232] ; [ 2 19],[ 10.11832061 230.88167939] ; [ 0.88167939 20.11832061],0
