Feature,DoF,P Value,Chi Square,Observed,Expected,Is Significant
p4,1,0.0,35.84043,[12 26] ; [293  88],[27.66109785 10.33890215] ; [277.33890215 103.66109785],1
p11,1,0.0,35.520722,[21 17] ; [342  39],[32.92124105  5.07875895] ; [330.07875895  50.92124105],1
p3,1,0.00042,12.440476,[14 24] ; [250 130],[24. 14.] ; [240. 140.],1
p6,1,0.006721,7.346042,[10 28] ; [187 192],[17.95203837 20.04796163] ; [179.04796163 199.95203837],0
p5,1,0.012641,6.218642,[ 1 37] ; [ 71 310],[ 6.52983294 31.47016706] ; [ 65.47016706 315.52983294],0
b1,1,0.015708,5.835295,[22 16] ; [144 237],[15.0548926 22.9451074] ; [150.9451074 230.0548926],0
p1,1,0.083659,2.992345,[ 1 37] ; [ 45 335],[ 4.18181818 33.81818182] ; [ 41.81818182 338.18181818],0
p12,1,0.095527,2.778684,[ 1 37] ; [ 43 336],[ 4.00959233 33.99040767] ; [ 39.99040767 339.00959233],0
