Feature,DoF,P Value,Chi Square,Observed,Expected,Is Significant
p10,1,1e-05,19.524876,[166  53] ; [ 3 11],[158.84549356  60.15450644] ; [10.15450644  3.84549356],1
b1,1,0.033988,4.495324,[ 61 160] ; [8 7],[ 64.61440678 156.38559322] ; [ 4.38559322 10.61440678],0
p7,1,0.134169,2.24359,[ 98 112] ; [10  5],[100.8 109.2] ; [7.2 7.8],0
p11,1,0.138372,2.19597,[170  51] ; [9 6],[167.62288136  53.37711864] ; [11.37711864  3.62288136],0
p1,1,0.209803,1.572785,[  4 215] ; [ 1 14],[  4.67948718 214.32051282] ; [ 0.32051282 14.67948718],0
