Feature,DoF,P Value,Chi Square,Observed,Expected,Is Significant
b1,1,0.063601,3.440904,[37 47] ; [14  7],[40.8 43.2] ; [10.2 10.8],0
p4,1,0.178815,1.807448,[63 21] ; [12  8],[60.57692308 23.42307692] ; [14.42307692  5.57692308],0
p1,1,0.235941,1.404682,[12 72] ; [ 1 20],[10.4 73.6] ; [ 2.6 18.4],0
p5,1,0.270136,1.216057,[11 71] ; [ 1 20],[ 9.55339806 72.44660194] ; [ 2.44660194 18.55339806],0
p2,1,0.434504,0.610755,[61 23] ; [17  4],[62.4 21.6] ; [15.6  5.4],0
p11,1,0.668734,0.183086,[60 24] ; [14  7],[59.2 24.8] ; [14.8  6.2],0
