Feature,DoF,P Value,Chi Square,Observed,Expected,Is Significant
p10,1,8e-06,20.021215,[175  14] ; [15  9],[168.5915493  20.4084507] ; [21.4084507  2.5915493],1
p9,1,0.000422,12.434306,[176  13] ; [17  7],[171.25352113  17.74647887] ; [21.74647887  2.25352113],1
b1,1,0.148798,2.084535,[93 97] ; [ 8 16],[ 89.6728972 100.3271028] ; [11.3271028 12.6728972],0
p11,1,0.32442,0.971043,[158  32] ; [18  6],[156.26168224  33.73831776] ; [19.73831776  4.26168224],0
p5,1,0.494972,0.465701,[ 52 138] ; [ 5 19],[ 50.60747664 139.39252336] ; [ 6.39252336 17.60747664],0
p12,1,0.61599,0.251543,[ 31 157] ; [ 3 21],[ 30.1509434 157.8490566] ; [ 3.8490566 20.1509434],0
