Feature,DoF,P Value,Chi Square,Observed,Expected,Is Significant
p9,1,0.092449,2.831204,[155  74] ; [21 18],[150.3880597  78.6119403] ; [25.6119403 13.3880597],0
p5,1,0.147163,2.10141,[  8 228] ; [ 3 32],[  9.57933579 226.42066421] ; [ 1.42066421 33.57933579],0
b1,1,0.260241,1.267474,[ 87 150] ; [18 21],[ 90.16304348 146.83695652] ; [14.83695652 24.16304348],0
p8,1,0.275669,1.188318,[ 44 191] ; [10 28],[ 46.48351648 188.51648352] ; [ 7.51648352 30.48351648],0
p11,1,0.678902,0.171364,[148  89] ; [23 16],[146.83695652  90.16304348] ; [24.16304348 14.83695652],0
p12,1,0.907634,0.013462,[ 11 223] ; [ 2 37],[ 11.14285714 222.85714286] ; [ 1.85714286 37.14285714],0
p10,1,0.96863,0.001547,[142  90] ; [24 15],[142.11070111  89.88929889] ; [23.88929889 15.11070111],0
p1,1,0.990874,0.000131,[ 12 224] ; [ 2 37],[ 12.01454545 223.98545455] ; [ 1.98545455 37.01454545],0
