Feature,DoF,P Value,Chi Square,Observed,Expected,Is Significant
p10,1,0.0,260.732491,[17 77] ; [324  16],[73.85714286 20.14285714] ; [267.14285714  72.85714286],1
p2,1,0.0,155.64245,[36 58] ; [320  20],[77.10599078 16.89400922] ; [278.89400922  61.10599078],1
p11,1,0.0,116.773029,[40 54] ; [313  28],[76.28045977 17.71954023] ; [276.71954023  64.28045977],1
p3,1,0.0,89.460669,[15 78] ; [240 100],[54.76905312 38.23094688] ; [200.23094688 139.76905312],1
p6,1,0.0,56.175006,[11 81] ; [189 149],[42.79069767 49.20930233] ; [157.20930233 180.79069767],1
p5,1,8e-06,20.056719,[ 1 93] ; [ 69 272],[15.12643678 78.87356322] ; [ 54.87356322 286.12643678],1
b1,1,0.003541,8.505141,[51 43] ; [128 213],[38.68045977 55.31954023] ; [140.31954023 200.68045977],0
p12,1,0.003907,8.326308,[ 2 91] ; [ 42 298],[ 9.45034642 83.54965358] ; [ 34.54965358 305.45034642],0
p1,1,0.1216,2.396594,[ 6 87] ; [ 41 298],[10.11805556 82.88194444] ; [ 36.88194444 302.11805556],0
