Feature,DoF,P Value,Chi Square,Observed,Expected,Is Significant
p4,1,0.028929,4.771832,[34 16] ; [16 20],[29.06976744 20.93023256] ; [20.93023256 15.06976744],0
p11,1,0.117331,2.452593,[22 28] ; [22 14],[25.58139535 24.41860465] ; [18.41860465 17.58139535],0
b1,1,0.21436,1.541733,[29 21] ; [16 20],[26.1627907 23.8372093] ; [18.8372093 17.1627907],0
p9,1,0.407797,0.685214,[20 29] ; [17 17],[21.84337349 27.15662651] ; [15.15662651 18.84337349],0
p5,1,0.457117,0.552944,[ 5 45] ; [ 2 34],[ 4.06976744 45.93023256] ; [ 2.93023256 33.06976744],0
p6,1,0.476702,0.506398,[16 31] ; [15 21],[17.55421687 29.44578313] ; [13.44578313 22.55421687],0
p1,1,0.613132,0.255639,[ 6 44] ; [ 3 32],[ 5.29411765 44.70588235] ; [ 3.70588235 31.29411765],0
p7,1,0.656564,0.197724,[31 19] ; [24 12],[31.97674419 18.02325581] ; [23.02325581 12.97674419],0
