Feature,DoF,P Value,Chi Square,Observed,Expected,Is Significant
p4,1,0.0,49.558376,[31 81] ; [64 17],[55.12953368 56.87046632] ; [39.87046632 41.12953368],1
p11,1,0.0,29.167132,[50 63] ; [67 14],[68.14948454 44.85051546] ; [48.85051546 32.14948454],1
p2,1,4e-06,21.219091,[49 64] ; [62 19],[64.65463918 48.34536082] ; [46.34536082 34.65463918],1
p12,1,0.000315,12.976127,[  1 111] ; [11 70],[  6.96373057 105.03626943] ; [ 5.03626943 75.96373057],1
p5,1,0.00663,7.37059,[  3 110] ; [10 69],[  7.65104167 105.34895833] ; [ 5.34895833 73.65104167],0
p1,1,0.028685,4.786424,[  8 104] ; [14 67],[12.76683938 99.23316062] ; [ 9.23316062 71.76683938],0
b1,1,0.068768,3.312193,[61 52] ; [33 48],[54.75257732 58.24742268] ; [39.24742268 41.75257732],0
