Feature,DoF,P Value,Chi Square,Observed,Expected,Is Significant
p9,1,0.0,34.752348,[ 6 16] ; [134  26],[16.92307692  5.07692308] ; [123.07692308  36.92307692],1
p11,1,0.000648,11.63197,[ 8 14] ; [116  44],[14.98901099  7.01098901] ; [109.01098901  50.98901099],1
b1,1,0.060501,3.523595,[13  9] ; [61 99],[ 8.94505495 13.05494505] ; [65.05494505 94.94505495],0
p5,1,0.136415,2.217944,[ 3 18] ; [  9 150],[ 1.4 19.6] ; [ 10.6 148.4],0
p3,1,0.658859,0.194913,[11 11] ; [72 88],[10.03296703 11.96703297] ; [72.96703297 87.03296703],0
p6,1,0.669377,0.182332,[ 7 15] ; [ 58 101],[ 7.90055249 14.09944751] ; [ 57.09944751 101.90055249],0
p1,1,0.855654,0.033091,[ 1 21] ; [  6 154],[ 0.84615385 21.15384615] ; [  6.15384615 153.84615385],0
