Feature,DoF,P Value,Chi Square,Observed,Expected,Is Significant
p3,1,0.000539,11.976699,[22 96] ; [14 14],[29.09589041 88.90410959] ; [ 6.90410959 21.09589041],1
p10,1,0.001483,10.099595,[53 62] ; [ 4 25],[45.52083333 69.47916667] ; [11.47916667 17.52083333],0
p1,1,0.564078,0.332692,[ 12 107] ; [ 4 25],[ 12.86486486 106.13513514] ; [ 3.13513514 25.86486486],0
b1,1,0.589086,0.291774,[59 60] ; [16 13],[60.30405405 58.69594595] ; [14.69594595 14.30405405],0
p11,1,0.589086,0.291774,[60 59] ; [13 16],[58.69594595 60.30405405] ; [14.30405405 14.69594595],0
p6,1,0.81925,0.052217,[  7 110] ; [ 2 26],[  7.26206897 109.73793103] ; [ 1.73793103 26.26206897],0
