Feature,DoF,P Value,Chi Square,Observed,Expected,Is Significant
p9,1,0.0,116.729628,[ 8 16] ; [364  17],[22.04444444  1.95555556] ; [349.95555556  31.04444444],1
p11,1,0.0,57.902964,[ 9 16] ; [342  39],[21.61330049  3.38669951] ; [329.38669951  51.61330049],1
b1,1,0.002783,8.944351,[17  8] ; [144 237],[ 9.9137931 15.0862069] ; [151.0862069 229.9137931],0
p6,1,0.030207,4.697458,[ 6 17] ; [187 192],[11.04228856 11.95771144] ; [181.95771144 197.04228856],0
p7,1,0.030455,4.683415,[17  8] ; [318  58],[20.88528678  4.11471322] ; [314.11471322  61.88528678],0
p5,1,0.179793,1.799338,[ 2 23] ; [ 71 310],[ 4.49507389 20.50492611] ; [ 68.50492611 312.49507389],0
p1,1,0.231305,1.43282,[ 1 24] ; [ 45 335],[ 2.83950617 22.16049383] ; [ 43.16049383 336.83950617],0
