Feature,DoF,P Value,Chi Square,Observed,Expected,Is Significant
p11,1,6.3e-05,16.005385,[185  25] ; [59 27],[173.10810811  36.89189189] ; [70.89189189 15.10810811],1
p10,1,0.000181,14.019566,[196  13] ; [68 18],[187.03728814  21.96271186] ; [76.96271186  9.03728814],1
b1,1,0.00052,12.042817,[ 67 143] ; [46 40],[ 80.16891892 129.83108108] ; [32.83108108 53.16891892],1
p2,1,0.026919,4.896016,[192  16] ; [72 14],[186.7755102  21.2244898] ; [77.2244898  8.7755102],0
p1,1,0.344148,0.894918,[ 19 189] ; [ 5 81],[ 16.97959184 191.02040816] ; [ 7.02040816 78.97959184],0
p12,1,0.514678,0.424546,[ 11 198] ; [ 3 83],[  9.91864407 199.08135593] ; [ 4.08135593 81.91864407],0
p5,1,0.550334,0.35672,[ 22 187] ; [ 7 78],[ 20.61564626 188.38435374] ; [ 8.38435374 76.61564626],0
p4,1,0.684256,0.165374,[129  81] ; [55 31],[130.54054054  79.45945946] ; [53.45945946 32.54054054],0
