Feature,DoF,P Value,Chi Square,Observed,Expected,Is Significant
b1,1,0.001862,9.681309,[106 198] ; [28 20],[115.72727273 188.27272727] ; [18.27272727 29.72727273],0
p11,1,0.109582,2.560242,[235  69] ; [32 16],[230.59090909  73.40909091] ; [36.40909091 11.59090909],0
p6,1,0.153727,2.034875,[ 77 224] ; [17 31],[ 81.07163324 219.92836676] ; [12.92836676 35.07163324],0
p12,1,0.221683,1.493442,[ 20 284] ; [ 1 47],[ 18.13636364 285.86363636] ; [ 2.86363636 45.13636364],0
p5,1,0.246751,1.341608,[ 19 279] ; [ 1 46],[ 17.27536232 280.72463768] ; [ 2.72463768 44.27536232],0
p2,1,0.589094,0.291761,[237  65] ; [36 12],[235.56  66.44] ; [37.44 10.56],0
p1,1,0.684638,0.164952,[ 17 287] ; [ 2 46],[ 16.40909091 287.59090909] ; [ 2.59090909 45.40909091],0
p4,1,0.794439,0.067887,[145 158] ; [22 26],[144.16239316 158.83760684] ; [22.83760684 25.16239316],0
