Feature,DoF,P Value,Chi Square,Observed,Expected,Is Significant
p9,1,3e-06,21.77435,[18 20] ; [218  50],[29.30718954  8.69281046] ; [206.69281046  61.30718954],1
p1,1,0.000366,12.697507,[ 6 32] ; [  8 263],[ 1.72168285 36.27831715] ; [ 12.27831715 258.72168285],1
p4,1,0.000412,12.478599,[24 14] ; [ 91 180],[14.14239482 23.85760518] ; [100.85760518 170.14239482],1
p7,1,0.018145,5.58211,[26 12] ; [128 139],[19.18688525 18.81311475] ; [134.81311475 132.18688525],0
b1,1,0.018278,5.569284,[19 19] ; [ 84 189],[12.585209 25.414791] ; [ 90.414791 182.585209],0
p8,1,0.046699,3.956218,[22 16] ; [109 158],[16.32131148 21.67868852] ; [114.67868852 152.32131148],0
p11,1,0.188637,1.728234,[26 12] ; [213  60],[29.20257235  8.79742765] ; [209.79742765  63.20257235],0
p5,1,0.281598,1.15936,[ 3 35] ; [ 11 262],[ 1.71061093 36.28938907] ; [ 12.28938907 260.71061093],0
