Feature,DoF,P Value,Chi Square,Observed,Expected,Is Significant
p9,1,0.16374,1.939346,[13 61] ; [28 78],[16.85555556 57.14444444] ; [24.14444444 81.85555556],0
p11,1,0.244685,1.353396,[26 51] ; [46 63],[29.80645161 47.19354839] ; [42.19354839 66.80645161],0
p5,1,0.383355,0.759915,[ 3 73] ; [  2 107],[ 2.05405405 73.94594595] ; [  2.94594595 106.05405405],0
b1,1,0.426183,0.633204,[42 35] ; [53 56],[39.32795699 37.67204301] ; [55.67204301 53.32795699],0
p4,1,0.478586,0.502084,[15 62] ; [26 83],[16.97311828 60.02688172] ; [24.02688172 84.97311828],0
p1,1,0.546956,0.362799,[ 4 73] ; [  8 100],[ 4.99459459 72.00540541] ; [  7.00540541 100.99459459],0
p8,1,0.631839,0.229575,[ 8 68] ; [14 95],[ 9.03783784 66.96216216] ; [12.96216216 96.03783784],0
p3,1,0.922291,0.009516,[13 64] ; [19 90],[13.24731183 63.75268817] ; [18.75268817 90.24731183],0
