Feature,DoF,P Value,Chi Square,Observed,Expected,Is Significant
p3,1,0.0,35.421034,[34 70] ; [298 164],[61.00353357 42.99646643] ; [270.99646643 191.00353357],1
p6,1,0.0,26.156626,[24 79] ; [235 225],[47.38365897 55.61634103] ; [211.61634103 248.38365897],1
p2,1,0.015777,5.827539,[88 16] ; [425  36],[94.42831858  9.57168142] ; [418.57168142  42.42831858],0
p5,1,0.022792,5.184311,[ 8 96] ; [ 76 385],[15.4619469 88.5380531] ; [ 68.5380531 392.4619469],0
p12,1,0.119728,2.420881,[ 5 97] ; [ 45 417],[ 9.04255319 92.95744681] ; [ 40.95744681 421.04255319],0
p11,1,0.298874,1.07921,[87 17] ; [405  58],[90.24338624 13.75661376] ; [401.75661376  61.24338624],0
b1,1,0.349899,0.873824,[34 70] ; [174 289],[38.15167549 65.84832451] ; [169.84832451 293.15167549],0
p1,1,0.63584,0.224224,[12 92] ; [ 46 415],[10.67610619 93.32389381] ; [ 47.32389381 413.67610619],0
