Feature,DoF,P Value,Chi Square,Observed,Expected,Is Significant
p5,1,0.000769,11.314883,[ 6 20] ; [ 13 231],[ 1.82962963 24.17037037] ; [ 17.17037037 226.82962963],1
b1,1,0.022379,5.216099,[16 12] ; [ 86 159],[10.46153846 17.53846154] ; [ 91.53846154 153.46153846],0
p3,1,0.025271,5.005186,[16 12] ; [ 87 158],[10.56410256 17.43589744] ; [ 92.43589744 152.56410256],0
p9,1,0.140007,2.177879,[19  9] ; [195  49],[22.02941176  5.97058824] ; [191.97058824  52.02941176],0
p1,1,0.379492,0.772346,[ 2 26] ; [  9 235],[ 1.13235294 26.86764706] ; [  9.86764706 234.13235294],0
p10,1,0.480648,0.497394,[19  9] ; [180  63],[20.56088561  7.43911439] ; [178.43911439  64.56088561],0
p12,1,0.613813,0.25466,[ 2 26] ; [ 12 232],[ 1.44117647 26.55882353] ; [ 12.55882353 231.44117647],0
p11,1,0.826198,0.048216,[21  7] ; [179  66],[20.51282051  7.48717949] ; [179.48717949  65.51282051],0
