Feature,DoF,P Value,Chi Square,Observed,Expected,Is Significant
p6,1,0.0,40.40465,[22 71] ; [159  97],[48.23209169 44.76790831] ; [132.76790831 123.23209169],1
p5,1,0.0,26.873563,[ 1 93] ; [ 66 192],[17.89204545 76.10795455] ; [ 49.10795455 208.89204545],1
p10,1,0.0,26.160566,[65 29] ; [234  23],[80.07407407 13.92592593] ; [218.92592593  38.07407407],1
p11,1,1e-06,24.436644,[60 34] ; [225  33],[76.10795455 17.89204545] ; [208.89204545  49.10795455],1
p9,1,1e-06,24.035345,[68 26] ; [238  20],[81.71590909 12.28409091] ; [224.28409091  33.71590909],1
p2,1,1e-06,23.190656,[71 23] ; [241  16],[83.55555556 10.44444444] ; [228.44444444  28.55555556],1
p1,1,0.000456,12.288182,[ 1 93] ; [ 36 220],[ 9.93714286 84.06285714] ; [ 27.06285714 228.93714286],1
p12,1,0.002834,8.911407,[ 3 91] ; [ 38 220],[10.94886364 83.05113636] ; [ 30.05113636 227.94886364],0
b1,1,0.577047,0.311032,[41 53] ; [104 154],[38.72159091 55.27840909] ; [106.27840909 151.72159091],0
