Feature,DoF,P Value,Chi Square,Observed,Expected,Is Significant
p9,1,7e-06,20.102714,[129  10] ; [16 10],[122.15151515  16.84848485] ; [22.84848485  3.15151515],1
p11,1,0.000644,11.644528,[117  23] ; [14 12],[110.48192771  29.51807229] ; [20.51807229  5.48192771],1
p7,1,0.159287,1.980978,[95 43] ; [13 11],[92. 46.] ; [16.  8.],0
p5,1,0.636225,0.223713,[ 12 127] ; [ 3 23],[ 12.63636364 126.36363636] ; [ 2.36363636 23.63636364],0
p1,1,0.811957,0.056598,[  9 131] ; [ 2 24],[  9.27710843 130.72289157] ; [ 1.72289157 24.27710843],0
b1,1,0.861142,0.030597,[46 94] ; [ 9 17],[46.38554217 93.61445783] ; [ 8.61445783 17.38554217],0
