Feature,DoF,P Value,Chi Square,Observed,Expected,Is Significant
p11,1,3.4e-05,17.171896,[98 23] ; [16 19],[88.42307692 32.57692308] ; [25.57692308  9.42307692],1
b1,1,0.100724,2.694046,[57 64] ; [22 13],[61.27564103 59.72435897] ; [17.72435897 17.27564103],0
p4,1,0.12145,2.398526,[89 32] ; [21 14],[85.32051282 35.67948718] ; [24.67948718 10.32051282],0
p2,1,0.222442,1.488546,[98 23] ; [25 10],[95.40384615 25.59615385] ; [27.59615385  7.40384615],0
p1,1,0.374049,0.790169,[ 13 108] ; [ 2 33],[ 11.63461538 109.36538462] ; [ 3.36538462 31.63461538],0
p6,1,0.472516,0.516087,[38 82] ; [13 21],[39.74025974 80.25974026] ; [11.25974026 22.74025974],0
p5,1,0.892408,0.018295,[ 11 107] ; [ 3 32],[ 10.79738562 107.20261438] ; [ 3.20261438 31.79738562],0
