Feature,DoF,P Value,Chi Square,Observed,Expected,Is Significant
p11,1,5.1e-05,16.409342,[8 7] ; [310  39],[13.1043956  1.8956044] ; [304.8956044  44.1043956],1
p8,1,0.000186,13.965726,[ 4 11] ; [250  98],[10.49586777  4.50413223] ; [243.50413223 104.49586777],1
p7,1,0.390832,0.736352,[11  4] ; [284  62],[12.25761773  2.74238227] ; [282.74238227  63.25761773],0
b1,1,0.693821,0.15498,[7 8] ; [145 204],[6.26373626 8.73626374] ; [145.73626374 203.26373626],0
