Feature,DoF,P Value,Chi Square,Observed,Expected,Is Significant
p12,1,0.238858,1.387323,[ 4 37] ; [ 1 33],[ 2.73333333 38.26666667] ; [ 2.26666667 31.73333333],0
p4,1,0.395051,0.723338,[28 13] ; [20 14],[26.24 14.76] ; [21.76 12.24],0
p10,1,0.412173,0.672525,[29 12] ; [21 13],[27.33333333 13.66666667] ; [22.66666667 11.33333333],0
b1,1,0.661694,0.191472,[14 27] ; [10 24],[13.12 27.88] ; [10.88 23.12],0
p11,1,0.661694,0.191472,[27 14] ; [24 10],[27.88 13.12] ; [23.12 10.88],0
p3,1,0.686987,0.162367,[20 21] ; [15 19],[19.13333333 21.86666667] ; [15.86666667 18.13333333],0
p9,1,0.750161,0.101396,[36  5] ; [29  5],[35.53333333  5.46666667] ; [29.46666667  4.53333333],0
p1,1,0.993025,7.6e-05,[ 6 35] ; [ 5 29],[ 6.01333333 34.98666667] ; [ 4.98666667 29.01333333],0
