Feature,DoF,P Value,Chi Square,Observed,Expected,Is Significant
p9,1,0.0,39.969768,[65  3] ; [47 49],[46.43902439 21.56097561] ; [65.56097561 30.43902439],1
p3,1,3e-06,21.901088,[28 39] ; [11 91],[15.46153846 51.53846154] ; [23.53846154 78.46153846],1
p11,1,3.1e-05,17.33459,[54 14] ; [49 54],[40.95906433 27.04093567] ; [62.04093567 40.95906433],1
p6,1,0.000734,11.40029,[15 53] ; [ 5 96],[ 8.04733728 59.95266272] ; [11.95266272 89.04733728],1
b1,1,0.011199,6.433423,[21 47] ; [52 51],[29.02923977 38.97076023] ; [43.97076023 59.02923977],0
p5,1,0.02518,5.011432,[ 9 59] ; [ 4 98],[ 5.2 62.8] ; [ 7.8 94.2],0
p12,1,0.275934,1.187006,[ 7 60] ; [ 6 96],[ 5.15384615 61.84615385] ; [ 7.84615385 94.15384615],0
p1,1,0.695793,0.152885,[10 58] ; [13 90],[ 9.14619883 58.85380117] ; [13.85380117 89.14619883],0
