Feature,DoF,P Value,Chi Square,Observed,Expected,Is Significant
p7,1,0.000154,14.328772,[123 124] ; [100  44],[140.87212276 106.12787724] ; [82.12787724 61.87212276],1
p6,1,0.000259,13.349087,[ 46 208] ; [51 98],[ 61.13647643 192.86352357] ; [ 35.86352357 113.13647643],1
p2,1,0.002267,9.319745,[200  57] ; [133  15],[211.31111111  45.68888889] ; [121.68888889  26.31111111],0
p5,1,0.034643,4.462662,[ 12 244] ; [ 15 133],[ 17.10891089 238.89108911] ; [  9.89108911 138.10891089],0
p11,1,0.148464,2.087961,[207  51] ; [128  21],[212.35872236  45.64127764] ; [122.64127764  26.35872236],0
p1,1,0.674908,0.175915,[ 18 240] ; [ 12 136],[ 19.06403941 238.93596059] ; [ 10.93596059 137.06403941],0
p12,1,0.849519,0.035998,[ 15 241] ; [  8 140],[ 14.57425743 241.42574257] ; [  8.42574257 139.57425743],0
b1,1,0.960132,0.002499,[ 82 176] ; [ 47 102],[ 81.77395577 176.22604423] ; [ 47.22604423 101.77395577],0
