Feature,DoF,P Value,Chi Square,Observed,Expected,Is Significant
p6,1,0.0,28.550299,[185 154] ; [14 57],[164.53902439 174.46097561] ; [34.46097561 36.53902439],1
p3,1,1e-06,24.392095,[238 101] ; [28 43],[219.93658537 119.06341463] ; [46.06341463 24.93658537],1
p11,1,0.000102,15.105446,[310  30] ; [54 18],[300.38834951  39.61165049] ; [63.61165049  8.38834951],1
p4,1,0.00016,14.248986,[269  70] ; [42 30],[256.51824818  82.48175182] ; [54.48175182 17.51824818],1
p9,1,0.031985,4.59931,[324  16] ; [63  8],[320.1459854  19.8540146] ; [66.8540146  4.1459854],0
p5,1,0.152123,2.050832,[ 67 273] ; [ 9 63],[ 62.7184466 277.2815534] ; [13.2815534 58.7184466],0
b1,1,0.254308,1.299482,[133 207] ; [23 49],[128.73786408 211.26213592] ; [27.26213592 44.73786408],0
p12,1,0.380859,0.767928,[ 41 298] ; [ 6 65],[ 38.86097561 300.13902439] ; [ 8.13902439 62.86097561],0
p1,1,0.628579,0.233993,[ 40 298] ; [10 62],[ 41.2195122 296.7804878] ; [ 8.7804878 63.2195122],0
