Feature,DoF,P Value,Chi Square,Observed,Expected,Is Significant
p11,1,0.009839,6.663856,[21  7] ; [10 15],[16.37735849 11.62264151] ; [14.62264151 10.37735849],0
p8,1,0.05203,3.774815,[17 10] ; [ 9 16],[13.5 13.5] ; [12.5 12.5],0
p5,1,0.299584,1.076044,[ 6 20] ; [ 3 22],[ 4.58823529 21.41176471] ; [ 4.41176471 20.58823529],0
p1,1,0.309671,1.032077,[ 2 26] ; [ 4 21],[ 3.16981132 24.83018868] ; [ 2.83018868 22.16981132],0
b1,1,0.707304,0.140985,[16 12] ; [13 12],[15.32075472 12.67924528] ; [13.67924528 11.32075472],0
p6,1,0.965763,0.001842,[13 15] ; [11 13],[12.92307692 15.07692308] ; [11.07692308 12.92307692],0
