Feature,DoF,P Value,Chi Square,Observed,Expected,Is Significant
p4,1,0.0,43.409222,[172  18] ; [10 15],[160.8372093  29.1627907] ; [21.1627907  3.8372093],1
p9,1,1e-06,23.864793,[176  13] ; [16 10],[168.78139535  20.21860465] ; [23.21860465  2.78139535],1
p10,1,0.000229,13.580229,[175  14] ; [18  8],[169.66046512  19.33953488] ; [23.33953488  2.66046512],1
p11,1,0.0005,12.113867,[158  32] ; [14 12],[151.2962963  38.7037037] ; [20.7037037  5.2962963],1
p5,1,0.082263,3.019616,[ 52 138] ; [ 3 23],[ 48.37962963 141.62037037] ; [ 6.62037037 19.37962963],0
b1,1,0.169778,1.8849,[93 97] ; [ 9 17],[ 89.72222222 100.27777778] ; [12.27777778 13.72222222],0
p1,1,0.271846,1.207409,[ 30 159] ; [ 2 24],[ 28.13023256 160.86976744] ; [ 3.86976744 22.13023256],0
