Feature,DoF,P Value,Chi Square,Observed,Expected,Is Significant
p9,1,6e-06,20.4,[18 27] ; [84 24],[30. 15.] ; [72. 36.],1
p11,1,0.005311,7.770465,[20 25] ; [74 34],[27.64705882 17.35294118] ; [66.35294118 41.64705882],0
b1,1,0.051735,3.784328,[23 22] ; [37 71],[17.64705882 27.35294118] ; [42.35294118 65.64705882],0
p6,1,0.114708,2.488134,[ 9 36] ; [35 72],[13.02631579 31.97368421] ; [30.97368421 76.02631579],0
p2,1,0.213302,1.548869,[33 12] ; [88 19],[35.82236842  9.17763158] ; [85.17763158 21.82236842],0
p1,1,0.597278,0.279122,[ 2 43] ; [  3 105],[ 1.47058824 43.52941176] ; [  3.52941176 104.47058824],0
p5,1,0.838273,0.041658,[ 2 43] ; [  4 103],[ 1.77631579 43.22368421] ; [  4.22368421 102.77631579],0
