Feature,DoF,P Value,Chi Square,Observed,Expected,Is Significant
p1,1,0.006544,7.394073,[  9 131] ; [ 6 20],[ 12.65060241 127.34939759] ; [ 2.34939759 23.65060241],0
p2,1,0.084491,2.976322,[124  15] ; [20  6],[121.30909091  17.69090909] ; [22.69090909  3.30909091],0
p11,1,0.084859,2.969287,[117  23] ; [18  8],[113.85542169  26.14457831] ; [21.14457831  4.85542169],0
b1,1,0.093515,2.812808,[46 94] ; [13 13],[49.75903614 90.24096386] ; [ 9.24096386 16.75903614],0
p12,1,0.133664,2.24943,[  6 134] ; [ 3 23],[  7.59036145 132.40963855] ; [ 1.40963855 24.59036145],0
p8,1,0.289486,1.122012,[74 64] ; [11 15],[71.52439024 66.47560976] ; [13.47560976 12.52439024],0
p5,1,0.874452,0.024966,[ 12 127] ; [ 2 24],[ 11.79393939 127.20606061] ; [ 2.20606061 23.79393939],0
p9,1,0.928478,0.008057,[129  10] ; [24  2],[128.89090909  10.10909091] ; [24.10909091  1.89090909],0
