Feature,DoF,P Value,Chi Square,Observed,Expected,Is Significant
b1,1,0.000251,13.406902,[35 32] ; [ 84 207],[22.27094972 44.72905028] ; [ 96.72905028 194.27094972],1
p9,1,0.000757,11.343193,[51 14] ; [268  22],[58.4084507  6.5915493] ; [260.5915493  29.4084507],1
p11,1,0.094141,2.802102,[49 18] ; [239  52],[53.89944134 13.10055866] ; [234.10055866  56.89944134],0
p1,1,0.334752,0.930428,[ 4 63] ; [ 10 281],[ 2.62011173 64.37988827] ; [ 11.37988827 279.62011173],0
p8,1,0.341098,0.906302,[34 31] ; [130 154],[30.54441261 34.45558739] ; [133.45558739 150.54441261],0
p6,1,0.755033,0.09735,[18 44] ; [ 78 210],[17.00571429 44.99428571] ; [ 78.99428571 209.00571429],0
p12,1,0.758191,0.094776,[ 3 62] ; [ 11 279],[ 2.56338028 62.43661972] ; [ 11.43661972 278.56338028],0
p5,1,0.879482,0.02299,[ 4 63] ; [ 16 275],[ 3.74301676 63.25698324] ; [ 16.25698324 274.74301676],0
