Feature,DoF,P Value,Chi Square,Observed,Expected,Is Significant
p10,1,0.0,62.792875,[258  24] ; [ 3 11],[248.65540541  33.34459459] ; [12.34459459  1.65540541],1
p2,1,0.001616,9.941676,[265  16] ; [11  4],[262.01351351  18.98648649] ; [13.98648649  1.01351351],0
p11,1,0.004835,7.940148,[244  38] ; [9 6],[240.22222222  41.77777778] ; [12.77777778  2.22222222],0
b1,1,0.38031,0.769701,[118 164] ; [8 7],[119.63636364 162.36363636] ; [6.36363636 8.63636364],0
p1,1,0.480649,0.497391,[ 36 244] ; [ 1 14],[ 35.11864407 244.88135593] ; [ 1.88135593 13.11864407],0
