Feature,DoF,P Value,Chi Square,Observed,Expected,Is Significant
p4,1,0.0,43.418153,[281  76] ; [106  98],[246.27272727 110.72727273] ; [140.72727273  63.27272727],1
p5,1,1.3e-05,18.962502,[ 66 291] ; [ 11 194],[ 48.91281139 308.08718861] ; [ 28.08718861 176.91281139],1
p6,1,7.4e-05,15.710053,[193 160] ; [ 76 128],[170.47935368 182.52064632] ; [ 98.52064632 105.47935368],1
p12,1,0.002301,9.292246,[ 38 318] ; [  7 198],[ 28.55614973 327.44385027] ; [ 16.44385027 188.55614973],0
p10,1,0.003045,8.78052,[318  38] ; [163  40],[306.3255814  49.6744186] ; [174.6744186  28.3255814],0
p1,1,0.00336,8.601082,[ 42 313] ; [  9 195],[ 32.3881932 322.6118068] ; [ 18.6118068 185.3881932],0
p11,1,0.00481,7.949697,[318  39] ; [165  40],[306.81672598  50.18327402] ; [176.18327402  28.81672598],0
p9,1,0.007242,7.211975,[320  35] ; [167  36],[309.8297491  45.1702509] ; [177.1702509  25.8297491],0
b1,1,0.128731,2.307737,[145 212] ; [ 70 135],[136.5747331 220.4252669] ; [ 78.4252669 126.5747331],0
