Feature,DoF,P Value,Chi Square,Observed,Expected,Is Significant
p8,1,0.021351,5.297915,[ 6 19] ; [13 10],[ 9.89583333 15.10416667] ; [ 9.10416667 13.89583333],0
b1,1,0.035728,4.410037,[11 14] ; [17  6],[14.58333333 10.41666667] ; [13.41666667  9.58333333],0
p9,1,0.087099,2.927193,[18  7] ; [11 12],[15.10416667  9.89583333] ; [13.89583333  9.10416667],0
p11,1,0.154009,2.032083,[16  9] ; [10 13],[13.54166667 11.45833333] ; [12.45833333 10.54166667],0
p1,1,0.242936,1.363478,[ 8 17] ; [ 4 19],[ 6.25 18.75] ; [ 5.75 17.25],0
p2,1,0.332144,0.940522,[14 11] ; [16  7],[15.625  9.375] ; [14.375  8.625],0
p5,1,0.501964,0.450783,[ 1 24] ; [ 2 21],[ 1.5625 23.4375] ; [ 1.4375 21.5625],0
