Feature,DoF,P Value,Chi Square,Observed,Expected,Is Significant
p9,1,0.001186,10.51241,[57 57] ; [31 77],[45.18918919 68.81081081] ; [42.81081081 65.18918919],0
p5,1,0.114181,2.495383,[  5 113] ; [  1 110],[  3.09170306 114.90829694] ; [  2.90829694 108.09170306],0
p12,1,0.248562,1.331371,[  7 113] ; [  3 107],[  5.2173913 114.7826087] ; [  4.7826087 105.2173913],0
p1,1,0.439925,0.596479,[ 11 110] ; [  7 103],[  9.42857143 111.57142857] ; [  8.57142857 101.42857143],0
p11,1,0.562965,0.334597,[58 63] ; [49 62],[55.80603448 65.19396552] ; [51.19396552 59.80603448],0
p3,1,0.599304,0.276046,[23 98] ; [18 92],[21.47619048 99.52380952] ; [19.52380952 90.47619048],0
b1,1,0.797023,0.066153,[59 62] ; [56 55],[59.97844828 61.02155172] ; [55.02155172 55.97844828],0
