Feature,DoF,P Value,Chi Square,Observed,Expected,Is Significant
p11,1,0.0,90.470755,[198  29] ; [21 49],[167.38383838  59.61616162] ; [51.61616162 18.38383838],1
p8,1,0.0,40.459154,[131  94] ; [10 59],[107.90816327 117.09183673] ; [33.09183673 35.90816327],1
p3,1,0.0,38.323965,[145  81] ; [15 54],[122.57627119 103.42372881] ; [37.42372881 31.57627119],1
p7,1,0.0,31.034005,[142  84] ; [17 52],[121.81016949 104.18983051] ; [37.18983051 31.81016949],1
b1,1,0.008336,6.959849,[ 83 144] ; [38 32],[ 92.48148148 134.51851852] ; [28.51851852 41.48148148],0
p5,1,0.075971,3.149055,[ 26 197] ; [ 3 66],[ 22.14726027 200.85273973] ; [ 6.85273973 62.14726027],0
p12,1,0.093339,2.815827,[ 15 212] ; [ 1 69],[ 12.22895623 214.77104377] ; [ 3.77104377 66.22895623],0
p1,1,0.401066,0.705129,[ 20 206] ; [ 4 66],[ 18.32432432 207.67567568] ; [ 5.67567568 64.32432432],0
