Feature,DoF,P Value,Chi Square,Observed,Expected,Is Significant
p3,1,0.000957,10.909521,[64 43] ; [17 36],[54.16875 52.83125] ; [26.83125 26.16875],1
p11,1,0.054684,3.691699,[88 20] ; [36 17],[83.18012422 24.81987578] ; [40.81987578 12.18012422],0
p1,1,0.124231,2.363152,[11 97] ; [10 43],[14.08695652 93.91304348] ; [ 6.91304348 46.08695652],0
p8,1,0.12643,2.335799,[39 68] ; [26 27],[43.46875 63.53125] ; [21.53125 31.46875],0
p12,1,0.127907,2.317724,[15 93] ; [ 3 49],[12.15 95.85] ; [ 5.85 46.15],0
p5,1,0.249697,1.325,[12 94] ; [ 3 50],[10. 96.] ; [ 5. 48.],0
b1,1,0.58292,0.301538,[38 70] ; [21 32],[39.57763975 68.42236025] ; [19.42236025 33.57763975],0
p2,1,0.729131,0.119911,[90 18] ; [43 10],[89.2173913 18.7826087] ; [43.7826087  9.2173913],0
