Feature,DoF,P Value,Chi Square,Observed,Expected,Is Significant
p10,1,0.0,56.773882,[10 68] ; [47 15],[31.75714286 46.24285714] ; [25.24285714 36.75714286],1
p4,1,0.0,33.618008,[14 64] ; [41 21],[30.64285714 47.35714286] ; [24.35714286 37.64285714],1
p11,1,0.0,30.844846,[31 48] ; [53  9],[47.06382979 31.93617021] ; [36.93617021 25.06382979],1
p2,1,0.0,30.069561,[30 49] ; [52 10],[45.94326241 33.05673759] ; [36.05673759 25.94326241],1
p5,1,0.022464,5.209451,[ 1 78] ; [ 6 56],[ 3.92198582 75.07801418] ; [ 3.07801418 58.92198582],0
p12,1,0.049046,3.873766,[ 1 77] ; [ 5 57],[ 3.34285714 74.65714286] ; [ 2.65714286 59.34285714],0
p1,1,0.307314,1.042184,[ 6 72] ; [ 8 54],[ 7.8 70.2] ; [ 6.2 55.8],0
b1,1,0.465443,0.532775,[38 41] ; [26 36],[35.85815603 43.14184397] ; [28.14184397 33.85815603],0
