Feature,DoF,P Value,Chi Square,Observed,Expected,Is Significant
p2,1,0.0,58.099223,[35 55] ; [139  24],[61.8972332 28.1027668] ; [112.1027668  50.8972332],1
p3,1,0.0,57.242617,[ 8 81] ; [95 69],[36.23320158 52.76679842] ; [66.76679842 97.23320158],1
p6,1,0.0,30.872716,[ 5 83] ; [ 62 100],[23.584 64.416] ; [ 43.416 118.584],1
p11,1,2e-06,22.557401,[40 50] ; [122  42],[57.4015748 32.5984252] ; [104.5984252  59.4015748],1
p5,1,0.007367,7.181127,[ 1 89] ; [ 16 144],[ 6.12 83.88] ; [ 10.88 149.12],0
p12,1,0.168859,1.893045,[ 2 87] ; [ 10 154],[ 4.22134387 84.77865613] ; [  7.77865613 156.22134387],0
b1,1,0.359992,0.83792,[41 49] ; [65 99],[37.55905512 52.44094488] ; [68.44094488 95.55905512],0
p1,1,0.874488,0.024952,[ 7 82] ; [ 12 152],[ 6.68379447 82.31620553] ; [ 12.31620553 151.68379447],0
