Feature,DoF,P Value,Chi Square,Observed,Expected,Is Significant
b1,1,0.0087,6.883333,[28 42] ; [31 17],[35. 35.] ; [24. 24.],0
p11,1,0.021732,5.267154,[57 13] ; [30 18],[51.61016949 18.38983051] ; [35.38983051 12.61016949],0
p10,1,0.173061,1.856225,[61  8] ; [38 10],[58.38461538 10.61538462] ; [40.61538462  7.38461538],0
p5,1,0.516072,0.421737,[ 3 67] ; [ 1 47],[ 2.37288136 67.62711864] ; [ 1.62711864 46.37288136],0
p7,1,0.541566,0.372644,[51 18] ; [33 15],[49.53846154 19.46153846] ; [34.46153846 13.53846154],0
p1,1,0.866702,0.028173,[11 59] ; [ 7 41],[10.6779661 59.3220339] ; [ 7.3220339 40.6779661],0
p2,1,0.938043,0.006042,[55 15] ; [38 10],[55.16949153 14.83050847] ; [37.83050847 10.16949153],0
p12,1,0.961992,0.002271,[ 3 66] ; [ 2 46],[ 2.94871795 66.05128205] ; [ 2.05128205 45.94871795],0
