Feature,DoF,P Value,Chi Square,Observed,Expected,Is Significant
p7,1,0.0,43.728392,[44 21] ; [22 96],[23.44262295 41.55737705] ; [42.55737705 75.44262295],1
p8,1,2e-06,22.692013,[28 37] ; [ 15 107],[14.94652406 50.05347594] ; [28.05347594 93.94652406],1
p10,1,0.00052,12.041175,[49 17] ; [57 62],[37.81621622 28.18378378] ; [68.18378378 50.81621622],1
p11,1,0.001282,10.36875,[49 17] ; [61 61],[38.61702128 27.38297872] ; [71.38297872 50.61702128],0
p9,1,0.00221,9.366459,[49 16] ; [60 55],[39.36111111 25.63888889] ; [69.63888889 45.36111111],0
p1,1,0.278986,1.172022,[ 8 58] ; [  9 113],[ 5.96808511 60.03191489] ; [ 11.03191489 110.96808511],0
p5,1,0.669538,0.182143,[ 3 63] ; [  4 117],[ 2.47058824 63.52941176] ; [  4.52941176 116.47058824],0
p12,1,0.704419,0.143915,[ 2 64] ; [  5 116],[ 2.47058824 63.52941176] ; [  4.52941176 116.47058824],0
b1,1,0.842789,0.039334,[32 34] ; [61 61],[32.64893617 33.35106383] ; [60.35106383 61.64893617],0
