Feature,DoF,P Value,Chi Square,Observed,Expected,Is Significant
p3,1,0.000221,13.63981,[ 70 129] ; [112  98],[ 88.55256724 110.44743276] ; [ 93.44743276 116.55256724],1
p11,1,0.00159,9.971608,[153  46] ; [187  24],[165.02439024  33.97560976] ; [174.97560976  36.02439024],0
p4,1,0.004027,8.27145,[ 96 103] ; [131  79],[110.44743276  88.55256724] ; [116.55256724  93.44743276],0
p12,1,0.170167,1.881469,[ 16 182] ; [ 10 200],[ 12.61764706 185.38235294] ; [ 13.38235294 196.61764706],0
p5,1,0.499399,0.456214,[ 16 183] ; [ 21 190],[ 17.95853659 181.04146341] ; [ 19.04146341 191.95853659],0
b1,1,0.522024,0.409893,[ 62 137] ; [ 72 139],[ 65.03902439 133.96097561] ; [ 68.96097561 142.03902439],0
p1,1,0.715835,0.132518,[ 16 183] ; [ 19 191],[ 17.02933985 181.97066015] ; [ 17.97066015 192.02933985],0
