Feature,DoF,P Value,Chi Square,Observed,Expected,Is Significant
p10,1,0.00478,7.960767,[145  27] ; [185  13],[153.40540541  18.59459459] ; [176.59459459  21.40540541],0
p11,1,0.202036,1.627593,[142  31] ; [172  26],[146.42048518  26.57951482] ; [167.57951482  30.42048518],0
p7,1,0.490013,0.476498,[110  63] ; [132  65],[113.15135135  59.84864865] ; [128.84864865  68.15135135],0
p5,1,0.508679,0.436783,[ 24 146] ; [ 23 172],[ 21.89041096 148.10958904] ; [ 25.10958904 169.89041096],0
p1,1,0.613258,0.255458,[ 14 158] ; [ 19 178],[ 15.38211382 156.61788618] ; [ 17.61788618 179.38211382],0
p2,1,0.874494,0.024949,[151  21] ; [174  23],[151.49051491  20.50948509] ; [173.50948509  23.49051491],0
p8,1,0.923401,0.009245,[97 76] ; [112  86],[97.45822102 75.54177898] ; [111.54177898  86.45822102],0
b1,1,0.939857,0.005693,[ 64 109] ; [ 74 124],[ 64.35040431 108.64959569] ; [ 73.64959569 124.35040431],0
p12,1,0.982208,0.000497,[ 13 160] ; [ 15 183],[ 13.05660377 159.94339623] ; [ 14.94339623 183.05660377],0
