Feature,DoF,P Value,Chi Square,Observed,Expected,Is Significant
p8,1,0.00266,9.027061,[23 61] ; [15 10],[29.28440367 54.71559633] ; [ 8.71559633 16.28440367],0
p9,1,0.041741,4.145665,[65 18] ; [24  1],[68.39814815 14.60185185] ; [20.60185185  4.39814815],0
p4,1,0.048699,3.885691,[63 21] ; [13 11],[59.11111111 24.88888889] ; [16.88888889  7.11111111],0
p12,1,0.155959,2.012973,[ 8 76] ; [ 5 20],[10.01834862 73.98165138] ; [ 2.98165138 22.01834862],0
p5,1,0.418923,0.653335,[11 71] ; [ 5 20],[12.26168224 69.73831776] ; [ 3.73831776 21.26168224],0
p1,1,0.489377,0.477896,[12 72] ; [ 5 20],[13.10091743 70.89908257] ; [ 3.89908257 21.10091743],0
p11,1,0.653242,0.201837,[60 24] ; [19  6],[60.88073394 23.11926606] ; [18.11926606  6.88073394],0
b1,1,0.719791,0.128693,[37 47] ; [10 15],[36.22018349 47.77981651] ; [10.77981651 14.22018349],0
