Feature,DoF,P Value,Chi Square,Observed,Expected,Is Significant
p10,1,0.0,172.496148,[ 9 30] ; [408  26],[34.38266385  4.61733615] ; [382.61733615  51.38266385],1
p11,1,0.0,38.168617,[18 21] ; [373  63],[32.10315789  6.89684211] ; [358.89684211  77.10315789],1
p8,1,1.5e-05,18.799511,[13 26] ; [294 139],[25.36652542 13.63347458] ; [281.63347458 151.36652542],1
p7,1,0.000803,11.233411,[21 18] ; [337  96],[29.58050847  9.41949153] ; [328.41949153 104.58050847],1
b1,1,0.053411,3.731006,[21 18] ; [166 270],[15.35368421 23.64631579] ; [171.64631579 264.35368421],0
p5,1,0.086863,2.931568,[ 3 36] ; [ 81 354],[ 6.91139241 32.08860759] ; [ 77.08860759 357.91139241],0
p1,1,0.494104,0.467578,[ 3 36] ; [ 49 386],[ 4.27848101 34.72151899] ; [ 47.72151899 387.27848101],0
