Feature,DoF,P Value,Chi Square,Observed,Expected,Is Significant
p7,1,0.000368,12.690367,[28 83] ; [27 23],[37.91925466 73.08074534] ; [17.08074534 32.91925466],1
p11,1,0.105214,2.624671,[50 63] ; [29 21],[54.76687117 58.23312883] ; [24.23312883 25.76687117],0
p10,1,0.111612,2.53125,[21 91] ; [15 35],[24.88888889 87.11111111] ; [11.11111111 38.88888889],0
p1,1,0.194754,1.681287,[  8 104] ; [ 1 48],[  6.26086957 105.73913043] ; [ 2.73913043 46.26086957],0
b1,1,0.480769,0.497117,[61 52] ; [24 26],[58.92638037 54.07361963] ; [26.07361963 23.92638037],0
p12,1,0.545107,0.366156,[  1 111] ; [ 1 48],[  1.39130435 110.60869565] ; [ 0.60869565 48.39130435],0
p3,1,0.669352,0.182361,[26 87] ; [10 40],[24.95705521 88.04294479] ; [11.04294479 38.95705521],0
