Feature,DoF,P Value,Chi Square,Observed,Expected,Is Significant
p11,1,0.0,54.80242,[185  25] ; [22 31],[165.2851711  44.7148289] ; [41.7148289 11.2851711],1
p2,1,3.5e-05,17.140695,[192  16] ; [38 15],[183.29501916  24.70498084] ; [46.70498084  6.29501916],1
p7,1,0.002924,8.854003,[149  57] ; [27 26],[139.98455598  66.01544402] ; [36.01544402 16.98455598],0
b1,1,0.06732,3.347188,[ 67 143] ; [24 29],[ 72.66159696 137.33840304] ; [18.33840304 34.66159696],0
p1,1,0.200221,1.640763,[ 19 189] ; [ 2 51],[ 16.73563218 191.26436782] ; [ 4.26436782 48.73563218],0
p12,1,0.29365,1.102811,[ 11 198] ; [ 1 52],[  9.57251908 199.42748092] ; [ 2.42748092 50.57251908],0
p5,1,0.541447,0.372865,[ 22 187] ; [ 4 48],[ 20.81992337 188.18007663] ; [ 5.18007663 46.81992337],0
p3,1,0.755456,0.097003,[112  98] ; [27 26],[110.98859316  99.01140684] ; [28.01140684 24.98859316],0
