Feature,DoF,P Value,Chi Square,Observed,Expected,Is Significant
p11,1,0.082139,3.022052,[11  9] ; [83 29],[14.24242424  5.75757576] ; [79.75757576 32.24242424],0
p7,1,0.084868,2.969122,[14  6] ; [55 57],[10.45454545  9.54545455] ; [58.54545455 53.45454545],0
p10,1,0.132276,2.265583,[13  7] ; [89 22],[15.57251908  4.42748092] ; [86.42748092 24.57251908],0
p12,1,0.241567,1.371429,[ 3 17] ; [  8 104],[ 1.66666667 18.33333333] ; [  9.33333333 102.66666667],0
p1,1,0.87798,0.023571,[ 2 18] ; [ 10 102],[ 1.81818182 18.18181818] ; [ 10.18181818 101.81818182],0
p5,1,0.893896,0.017789,[ 2 18] ; [12 97],[ 2.17054264 17.82945736] ; [11.82945736 97.17054264],0
b1,1,0.941353,0.005412,[10 10] ; [55 57],[ 9.84848485 10.15151515] ; [55.15151515 56.84848485],0
p9,1,0.945422,0.004686,[17  3] ; [95 16],[17.09923664  2.90076336] ; [94.90076336 16.09923664],0
