Feature,DoF,P Value,Chi Square,Observed,Expected,Is Significant
p8,1,0.0,156.137147,[281  89] ; [ 9 96],[225.89473684 144.10526316] ; [64.10526316 40.89473684],1
p10,1,0.0,106.73965,[332  37] ; [44 57],[295.2  73.8] ; [80.8 20.2],1
p6,1,0.0,90.650094,[217 154] ; [ 6 98],[174.17473684 196.82526316] ; [48.82526316 55.17473684],1
p9,1,0.0,88.753375,[337  34] ; [49 49],[305.34328358  65.65671642] ; [80.65671642 17.34328358],1
p11,1,0.0,78.262349,[319  52] ; [47 58],[285.26470588  85.73529412] ; [80.73529412 24.26470588],1
p5,1,0.000183,13.99934,[ 70 300] ; [  4 100],[ 57.76371308 312.23628692] ; [16.23628692 87.76371308],1
b1,1,0.232511,1.425434,[149 222] ; [49 56],[154.32352941 216.67647059] ; [43.67647059 61.32352941],0
p12,1,0.350433,0.871889,[ 36 335] ; [ 7 97],[ 33.58526316 337.41473684] ; [ 9.41473684 94.58526316],0
p1,1,0.416737,0.659499,[ 42 328] ; [ 9 96],[ 39.72631579 330.27368421] ; [11.27368421 93.72631579],0
