Feature,DoF,P Value,Chi Square,Observed,Expected,Is Significant
p3,1,0.0,95.602932,[15 78] ; [300 124],[56.66344294 36.33655706] ; [258.33655706 165.66344294],1
p11,1,0.0,95.141295,[40 54] ; [372  53],[74.62042389 19.37957611] ; [337.37957611  87.62042389],1
p7,1,0.0,90.808318,[26 66] ; [332  90],[64.07782101 27.92217899] ; [293.92217899 128.07782101],1
p6,1,0.0,49.549735,[11 81] ; [221 202],[41.44466019 50.55533981] ; [190.55533981 232.44466019],1
p5,1,2e-05,18.18512,[ 1 93] ; [ 79 345],[14.51737452 79.48262548] ; [ 65.48262548 358.51737452],1
b1,1,0.006871,7.306415,[51 43] ; [166 259],[39.30250482 54.69749518] ; [177.69749518 247.30250482],0
p12,1,0.007838,7.070026,[ 2 91] ; [ 47 378],[ 8.7972973 84.2027027] ; [ 40.2027027 384.7972973],0
p1,1,0.164412,1.933167,[ 6 87] ; [ 48 376],[ 9.71373308 83.28626692] ; [ 44.28626692 379.71373308],0
