Feature,DoF,P Value,Chi Square,Observed,Expected,Is Significant
p7,1,0.0,29.567419,[51 18] ; [23 56],[34.5 34.5] ; [39.5 39.5],1
p8,1,0.000246,13.445323,[35 35] ; [18 65],[24.24836601 45.75163399] ; [28.75163399 54.24836601],1
p11,1,0.136571,2.216177,[57 13] ; [59 24],[53.07189542 16.92810458] ; [62.92810458 20.07189542],0
p1,1,0.163771,1.939053,[11 59] ; [ 7 76],[ 8.23529412 61.76470588] ; [ 9.76470588 73.23529412],0
p12,1,0.311706,1.023434,[ 3 66] ; [ 7 76],[ 4.53947368 64.46052632] ; [ 5.46052632 77.53947368],0
b1,1,0.673439,0.177606,[28 42] ; [36 47],[29.28104575 40.71895425] ; [34.71895425 48.28104575],0
p5,1,0.822854,0.05012,[ 3 67] ; [ 4 75],[ 3.2885906 66.7114094] ; [ 3.7114094 75.2885906],0
