Feature,DoF,P Value,Chi Square,Observed,Expected,Is Significant
p7,1,0.016055,5.796834,[12 13] ; [18  4],[15.95744681  9.04255319] ; [14.04255319  7.95744681],0
p1,1,0.105231,2.624427,[ 1 25] ; [ 4 18],[ 2.70833333 23.29166667] ; [ 2.29166667 19.70833333],0
p9,1,0.147926,2.09351,[16 10] ; [17  4],[18.25531915  7.74468085] ; [14.74468085  6.25531915],0
b1,1,0.154009,2.032083,[10 16] ; [13  9],[12.45833333 13.54166667] ; [10.54166667 11.45833333],0
p10,1,0.329867,0.949418,[15 11] ; [15  6],[16.59574468  9.40425532] ; [13.40425532  7.59574468],0
p8,1,0.44732,0.577433,[ 8 17] ; [ 9 12],[ 9.23913043 15.76086957] ; [ 7.76086957 13.23913043],0
p5,1,0.603236,0.270143,[ 2 22] ; [ 1 21],[ 1.56521739 22.43478261] ; [ 1.43478261 20.56521739],0
p11,1,0.826666,0.047952,[15 11] ; [12 10],[14.625 11.375] ; [12.375  9.625],0
p12,1,0.849126,0.036189,[ 1 25] ; [ 1 19],[ 1.13043478 24.86956522] ; [ 0.86956522 19.13043478],0
