Feature,DoF,P Value,Chi Square,Observed,Expected,Is Significant
p2,1,0.0,129.843139,[50 58] ; [408  35],[89.77132486 18.22867514] ; [368.22867514  74.77132486],1
p11,1,0.0,93.567466,[49 59] ; [390  56],[85.58122744 22.41877256] ; [353.41877256  92.58122744],1
p7,1,0.0,86.260371,[31 74] ; [339 103],[71.023766 33.976234] ; [298.976234 143.023766],1
p8,1,0.0,83.055427,[20 87] ; [297 145],[61.78324226 45.21675774] ; [255.21675774 186.78324226],1
p5,1,4e-06,21.164891,[  1 106] ; [ 83 359],[16.3715847 90.6284153] ; [ 67.6284153 374.3715847],1
p12,1,0.000701,11.486537,[  1 106] ; [ 52 393],[10.27355072 96.72644928] ; [ 42.72644928 402.27355072],1
b1,1,0.011709,6.354423,[55 53] ; [168 278],[43.47292419 64.52707581] ; [179.52707581 266.47292419],0
p1,1,0.052542,3.758426,[  5 102] ; [ 48 395],[10.31090909 96.68909091] ; [ 42.68909091 400.31090909],0
