Feature,DoF,P Value,Chi Square,Observed,Expected,Is Significant
p11,1,0.009607,6.706366,[162  45] ; [35 22],[154.46590909  52.53409091] ; [42.53409091 14.46590909],0
p8,1,0.049005,3.875191,[ 53 152] ; [22 34],[ 58.90804598 146.09195402] ; [16.09195402 39.90804598],0
p12,1,0.187461,1.737457,[ 18 188] ; [ 2 55],[ 15.66539924 190.33460076] ; [ 4.33460076 52.66539924],0
p4,1,0.431163,0.619687,[ 84 123] ; [26 30],[ 86.57794677 120.42205323] ; [23.42205323 32.57794677],0
p5,1,0.507437,0.439348,[ 16 188] ; [ 3 54],[ 14.85057471 189.14942529] ; [ 4.14942529 52.85057471],0
p3,1,0.564561,0.331868,[ 64 142] ; [20 37],[ 65.79467681 140.20532319] ; [18.20532319 38.79467681],0
p1,1,0.857258,0.032352,[ 16 191] ; [ 4 53],[ 15.68181818 191.31818182] ; [ 4.31818182 52.68181818],0
b1,1,0.857704,0.032148,[ 70 137] ; [20 37],[ 70.56818182 136.43181818] ; [19.43181818 37.56818182],0
