Feature,DoF,P Value,Chi Square,Observed,Expected,Is Significant
p11,1,0.006002,7.549634,[ 8 14] ; [21  7],[12.76  9.24] ; [16.24 11.76],0
p7,1,0.029975,4.710724,[ 9 13] ; [20  8],[12.76  9.24] ; [16.24 11.76],0
b1,1,0.164094,1.936085,[13  9] ; [11 17],[10.56 11.44] ; [13.44 14.56],0
p9,1,0.165985,1.918837,[ 6 16] ; [13 15],[ 8.36 13.64] ; [10.64 17.36],0
p5,1,0.413686,0.668182,[ 3 18] ; [ 2 26],[ 2.14285714 18.85714286] ; [ 2.85714286 25.14285714],0
p1,1,0.4248,0.636999,[ 1 21] ; [ 3 25],[ 1.76 20.24] ; [ 2.24 25.76],0
p8,1,0.457807,0.55125,[ 9 12] ; [15 13],[10.28571429 10.71428571] ; [13.71428571 14.28571429],0
