Feature,DoF,P Value,Chi Square,Observed,Expected,Is Significant
p10,1,0.000942,10.938412,[15 11] ; [26 81],[ 8.01503759 17.98496241] ; [32.98496241 74.01503759],1
p5,1,0.028531,4.795703,[ 2 22] ; [  1 106],[ 0.54961832 23.45038168] ; [  2.45038168 104.54961832],0
p7,1,0.077625,3.113937,[12 13] ; [31 74],[ 8.26923077 16.73076923] ; [34.73076923 70.26923077],0
p8,1,0.14279,2.147627,[ 8 17] ; [20 87],[ 5.3030303 19.6969697] ; [22.6969697 84.3030303],0
b1,1,0.253591,1.303411,[10 16] ; [55 53],[12.6119403 13.3880597] ; [52.3880597 55.6119403],0
p11,1,0.258791,1.27521,[15 11] ; [49 59],[12.41791045 13.58208955] ; [51.58208955 56.41791045],0
p12,1,0.273884,1.19719,[ 1 25] ; [  1 106],[ 0.39097744 25.60902256] ; [  1.60902256 105.39097744],0
p1,1,0.855442,0.033189,[ 1 25] ; [  5 102],[ 1.17293233 24.82706767] ; [  4.82706767 102.17293233],0
