Feature,DoF,P Value,Chi Square,Observed,Expected,Is Significant
p9,1,0.0,46.80984,[65  3] ; [16 28],[49.17857143 18.82142857] ; [31.82142857 12.17857143],1
p6,1,0.000424,12.422285,[15 53] ; [24 20],[23.67857143 44.32142857] ; [15.32142857 28.67857143],1
b1,1,0.039681,4.231455,[21 47] ; [23 23],[26.24561404 41.75438596] ; [17.75438596 28.24561404],0
p11,1,0.091315,2.851041,[54 14] ; [30 16],[50.10526316 17.89473684] ; [33.89473684 12.10526316],0
p12,1,0.092046,2.838225,[ 7 60] ; [ 1 45],[ 4.74336283 62.25663717] ; [ 3.25663717 42.74336283],0
p1,1,0.358205,0.844178,[10 58] ; [ 4 41],[ 8.42477876 59.57522124] ; [ 5.57522124 39.42477876],0
p4,1,0.399342,0.710308,[39 29] ; [30 16],[41.15789474 26.84210526] ; [27.84210526 18.15789474],0
p5,1,0.454384,0.559693,[ 9 59] ; [ 4 42],[ 7.75438596 60.24561404] ; [ 5.24561404 40.75438596],0
p3,1,0.525708,0.402681,[28 39] ; [22 24],[29.6460177 37.3539823] ; [20.3539823 25.6460177],0
p2,1,0.699668,0.148817,[58 10] ; [38  8],[57.26315789 10.73684211] ; [38.73684211  7.26315789],0
