Feature,DoF,P Value,Chi Square,Observed,Expected,Is Significant
p11,1,0.0,112.962825,[26 49] ; [405  58],[60.08364312 14.91635688] ; [370.91635688  92.08364312],1
p8,1,0.0,87.610966,[10 64] ; [324 137],[46.19813084 27.80186916] ; [287.80186916 173.19813084],1
p4,1,0.0,67.395162,[18 55] ; [339 123],[48.71214953 24.28785047] ; [308.28785047 153.71214953],1
p3,1,0.0,46.569747,[17 58] ; [298 164],[43.99441341 31.00558659] ; [271.00558659 190.99441341],1
b1,1,0.001217,10.463979,[43 32] ; [174 289],[30.25092937 44.74907063] ; [186.74907063 276.25092937],0
p5,1,0.013096,6.156067,[ 4 70] ; [ 76 385],[11.06542056 62.93457944] ; [ 68.93457944 392.06542056],0
p1,1,0.591388,0.288182,[ 6 69] ; [ 46 415],[ 7.2761194 67.7238806] ; [ 44.7238806 416.2761194],0
