Feature,DoF,P Value,Chi Square,Observed,Expected,Is Significant
p9,1,3.9e-05,16.895787,[145   7] ; [25  9],[138.92473118  13.07526882] ; [31.07526882  2.92473118],1
b1,1,0.219356,1.508581,[59 94] ; [17 17],[62.18181818 90.81818182] ; [13.81818182 20.18181818],0
p12,1,0.294687,1.098082,[ 10 143] ; [ 4 30],[ 11.45454545 141.54545455] ; [ 2.54545455 31.45454545],0
p5,1,0.36288,0.827901,[ 15 134] ; [ 5 27],[ 16.4640884 132.5359116] ; [ 3.5359116 28.4640884],0
p7,1,0.403576,0.697645,[83 68] ; [16 18],[80.80540541 70.19459459] ; [18.19459459 15.80540541],0
p11,1,0.478812,0.501568,[121  32] ; [25  9],[119.45454545  33.54545455] ; [26.54545455  7.45454545],0
p1,1,0.694349,0.154418,[ 12 141] ; [ 2 32],[ 11.45454545 141.54545455] ; [ 2.54545455 31.45454545],0
p6,1,0.921864,0.009621,[56 94] ; [13 21],[56.25 93.75] ; [12.75 21.25],0
