Feature,DoF,P Value,Chi Square,Observed,Expected,Is Significant
p11,1,0.015309,5.880583,[58 63] ; [21 49],[50.04712042 70.95287958] ; [28.95287958 41.04712042],0
p12,1,0.144747,2.12675,[  7 113] ; [ 1 69],[  5.05263158 114.94736842] ; [ 2.94736842 67.05263158],0
p8,1,0.253435,1.304266,[ 11 110] ; [10 59],[ 13.37368421 107.62631579] ; [ 7.62631579 61.37368421],0
p1,1,0.403228,0.69868,[ 11 110] ; [ 4 66],[  9.5026178 111.4973822] ; [ 5.4973822 64.5026178],0
b1,1,0.461738,0.541679,[59 62] ; [38 32],[61.45026178 59.54973822] ; [35.54973822 34.45026178],0
p4,1,0.641226,0.217143,[24 96] ; [16 54],[25.26315789 94.73684211] ; [14.73684211 55.26315789],0
p3,1,0.650862,0.204815,[23 98] ; [15 54],[24.2 96.8] ; [13.8 55.2],0
p5,1,0.971248,0.001299,[  5 113] ; [ 3 66],[  5.04812834 112.95187166] ; [ 2.95187166 66.04812834],0
