Feature,DoF,P Value,Chi Square,Observed,Expected,Is Significant
p10,1,1e-06,24.274924,[166  53] ; [185  13],[184.3381295  34.6618705] ; [166.6618705  31.3381295],1
p8,1,2.8e-05,17.550268,[ 77 137] ; [112  86],[ 98.16990291 115.83009709] ; [ 90.83009709 107.16990291],1
p7,1,3.5e-05,17.108534,[ 98 112] ; [132  65],[118.67321867  91.32678133] ; [111.32678133  85.67321867],1
p5,1,0.000299,13.076897,[  6 214] ; [ 23 172],[ 15.37349398 204.62650602] ; [ 13.62650602 181.37349398],1
p1,1,0.000494,12.136551,[  4 215] ; [ 19 178],[ 12.10817308 206.89182692] ; [ 10.89182692 186.10817308],1
p11,1,0.008683,6.8868,[170  51] ; [172  26],[180.38663484  40.61336516] ; [161.61336516  36.38663484],0
b1,1,0.032604,4.566462,[ 61 160] ; [ 74 124],[ 71.2052506 149.7947494] ; [ 63.7947494 134.2052506],0
p12,1,0.081695,3.030864,[  8 210] ; [ 15 183],[ 12.05288462 205.94711538] ; [ 10.94711538 187.05288462],0
