Feature,DoF,P Value,Chi Square,Observed,Expected,Is Significant
p7,1,0.000117,14.836116,[70 29] ; [18 30],[59.26530612 39.73469388] ; [28.73469388 19.26530612],1
p11,1,0.000156,14.296132,[87 17] ; [27 22],[77.49019608 26.50980392] ; [36.50980392 12.49019608],1
p2,1,0.028785,4.780397,[88 16] ; [34 15],[82.92810458 21.07189542] ; [39.07189542  9.92810458],0
b1,1,0.089024,2.891939,[34 70] ; [23 26],[38.74509804 65.25490196] ; [18.25490196 30.74509804],0
p5,1,0.165691,1.921507,[ 8 96] ; [ 1 48],[ 6.11764706 97.88235294] ; [ 2.88235294 46.11764706],0
p1,1,0.293201,1.104867,[12 92] ; [ 3 46],[10.19607843 93.80392157] ; [ 4.80392157 44.19607843],0
p12,1,0.399403,0.710123,[ 5 97] ; [ 1 48],[ 4.05298013 97.94701987] ; [ 1.94701987 47.05298013],0
p6,1,0.871991,0.025963,[24 79] ; [12 37],[24.39473684 78.60526316] ; [11.60526316 37.39473684],0
p3,1,0.996147,2.3e-05,[34 70] ; [16 33],[33.9869281 70.0130719] ; [16.0130719 32.9869281],0
