Feature,DoF,P Value,Chi Square,Observed,Expected,Is Significant
b1,1,0.1345,2.239776,[53 56] ; [46 31],[58.01612903 50.98387097] ; [40.98387097 36.01612903],0
p4,1,0.168316,1.897883,[26 83] ; [12 65],[22.2688172 86.7311828] ; [15.7311828 61.2688172],0
p9,1,0.341449,0.904982,[28 78] ; [15 59],[25.32222222 80.67777778] ; [17.67777778 56.32222222],0
p11,1,0.422986,0.642005,[46 63] ; [28 49],[43.3655914 65.6344086] ; [30.6344086 46.3655914],0
p5,1,0.724005,0.124688,[  2 107] ; [ 2 75],[  2.34408602 106.65591398] ; [ 1.65591398 75.34408602],0
p12,1,0.809024,0.058412,[  1 107] ; [ 1 76],[  1.16756757 106.83243243] ; [ 0.83243243 76.16756757],0
p1,1,0.922292,0.009516,[  8 100] ; [ 6 71],[ 8.17297297 99.82702703] ; [ 5.82702703 71.17297297],0
p3,1,0.954016,0.003325,[19 90] ; [13 63],[18.85405405 90.14594595] ; [13.14594595 62.85405405],0
