Feature,DoF,P Value,Chi Square,Observed,Expected,Is Significant
p6,1,0.0,59.83564,[ 27 142] ; [224 221],[69.08631922 99.91368078] ; [181.91368078 263.08631922],1
p3,1,0.0,50.182733,[ 54 116] ; [284 163],[93.1280389 76.8719611] ; [244.8719611 202.1280389],1
p4,1,0.0,49.88325,[75 95] ; [332 115],[112.13938412  57.86061588] ; [294.86061588 152.13938412],1
p9,1,0.0,34.610287,[134  34] ; [425  22],[152.70243902  15.29756098] ; [406.29756098  40.70243902],1
p11,1,7e-06,20.243837,[123  47] ; [391  56],[141.62074554  28.37925446] ; [372.37925446  74.62074554],1
p5,1,8.2e-05,15.501439,[  7 163] ; [ 71 375],[ 21.52597403 148.47402597] ; [ 56.47402597 389.52597403],1
p1,1,0.141795,2.158371,[ 10 159] ; [ 43 403],[ 14.56422764 154.43577236] ; [ 38.43577236 407.56422764],0
p12,1,0.188512,1.729205,[ 10 159] ; [ 41 405],[ 14.01463415 154.98536585] ; [ 36.98536585 409.01463415],0
b1,1,0.293103,1.105314,[ 58 112] ; [173 274],[ 63.64667747 106.35332253] ; [167.35332253 279.64667747],0
