Feature,DoF,P Value,Chi Square,Observed,Expected,Is Significant
p5,1,0.011383,6.40449,[ 15 241] ; [ 5 21],[ 18.15602837 237.84397163] ; [ 1.84397163 24.15602837],0
p3,1,0.020955,5.330504,[ 86 175] ; [14 11],[ 91.25874126 169.74125874] ; [ 8.74125874 16.25874126],0
b1,1,0.023063,5.163785,[ 92 170] ; [15 11],[ 97.34027778 164.65972222] ; [ 9.65972222 16.34027778],0
p10,1,0.026486,4.923988,[224  37] ; [18  8],[220.07665505  40.92334495] ; [21.92334495  4.07665505],0
p11,1,0.042091,4.131551,[199  63] ; [15 11],[194.68055556  67.31944444] ; [19.31944444  6.68055556],0
p1,1,0.096929,2.755366,[ 11 251] ; [ 3 23],[ 12.73611111 249.26388889] ; [ 1.26388889 24.73611111],0
p12,1,0.119006,2.430354,[ 18 244] ; [ 4 22],[ 20.01388889 241.98611111] ; [ 1.98611111 24.01388889],0
p4,1,0.181172,1.787985,[100 161] ; [13 12],[103.12237762 157.87762238] ; [ 9.87762238 15.12237762],0
