Feature,DoF,P Value,Chi Square,Observed,Expected,Is Significant
p3,1,6e-06,20.613219,[290 167] ; [23 44],[272.97900763 184.02099237] ; [40.02099237 26.97900763],1
p4,1,1.8e-05,18.359624,[337 119] ; [33 35],[321.98473282 134.01526718] ; [48.01526718 19.98473282],1
p10,1,8.4e-05,15.476641,[425  30] ; [53 14],[416.64750958  38.35249042] ; [61.35249042  5.64750958],1
p11,1,0.001148,10.57187,[398  59] ; [49 19],[389.10285714  67.89714286] ; [57.89714286 10.10285714],0
b1,1,0.146912,2.10402,[169 288] ; [19 49],[163.64952381 293.35047619] ; [24.35047619 43.64952381],0
p12,1,0.197062,1.664019,[ 42 414] ; [ 3 64],[ 39.23518164 416.76481836] ; [ 5.76481836 61.23518164],0
p1,1,0.360231,0.837086,[ 44 412] ; [ 9 59],[ 46.1221374 409.8778626] ; [ 6.8778626 61.1221374],0
p5,1,0.366468,0.815606,[ 73 383] ; [ 8 60],[ 70.48854962 385.51145038] ; [10.51145038 57.48854962],0
