Feature,DoF,P Value,Chi Square,Observed,Expected,Is Significant
p3,1,0.0,126.636112,[ 61 196] ; [154  47],[120.6441048 136.3558952] ; [ 94.3558952 106.6441048],1
p7,1,0.0,94.053317,[123 124] ; [185  15],[170.19239374  76.80760626] ; [137.80760626  62.19239374],1
p5,1,0.0,47.388176,[ 12 244] ; [ 56 146],[ 38.00873362 217.99126638] ; [ 29.99126638 172.00873362],1
p12,1,1.5e-05,18.69202,[ 15 241] ; [ 38 163],[ 29.6892779 226.3107221] ; [ 23.3107221 177.6892779],1
p2,1,1.6e-05,18.613535,[200  57] ; [187  15],[216.68627451  40.31372549] ; [170.31372549  31.68627451],1
p1,1,0.003646,8.452111,[ 18 240] ; [ 31 170],[ 27.54248366 230.45751634] ; [ 21.45751634 179.54248366],0
p11,1,0.006046,7.536572,[207  51] ; [181  21],[217.6173913  40.3826087] ; [170.3826087  31.6173913],0
b1,1,0.038895,4.265444,[ 82 176] ; [ 83 119],[ 92.54347826 165.45652174] ; [ 72.45652174 129.54347826],0
