Feature,DoF,P Value,Chi Square,Observed,Expected,Is Significant
p6,1,0.0,49.120179,[ 78 210] ; [178 145],[120.66775777 167.33224223] ; [135.33224223 187.66775777],1
p8,1,0.0,44.780209,[130 154] ; [234  89],[170.30642504 113.69357496] ; [193.69357496 129.30642504],1
p5,1,0.0,35.349544,[ 16 275] ; [ 72 250],[ 41.77487765 249.22512235] ; [ 46.22512235 275.77487765],1
p7,1,0.0,34.832338,[163 118] ; [258  64],[196.18739635  84.81260365] ; [224.81260365  97.18739635],1
p12,1,9e-06,19.670604,[ 11 279] ; [ 46 278],[ 26.9218241 263.0781759] ; [ 30.0781759 293.9218241],1
p1,1,4.9e-05,16.476213,[ 10 281] ; [ 40 282],[ 23.73572594 267.26427406] ; [ 26.26427406 295.73572594],1
b1,1,0.001037,10.760831,[ 84 207] ; [135 190],[103.45616883 187.54383117] ; [115.54383117 209.45616883],0
p9,1,0.003228,8.67383,[268  22] ; [317   8],[275.85365854  14.14634146] ; [309.14634146  15.85365854],0
p11,1,0.016164,5.78494,[239  52] ; [289  36],[249.42857143  41.57142857] ; [278.57142857  46.42857143],0
