Feature,DoF,P Value,Chi Square,Observed,Expected,Is Significant
p10,1,0.0,30.687759,[10  7] ; [364  22],[15.77667494  1.22332506] ; [358.22332506  27.77667494],1
p11,1,0.0,27.83293,[8 9] ; [348  40],[14.94320988  2.05679012] ; [341.05679012  46.94320988],1
p4,1,0.000193,13.895889,[ 6 11] ; [294  94],[12.59259259  4.40740741] ; [287.40740741 100.59259259],1
p7,1,0.00865,6.893695,[10  7] ; [320  63],[14.025  2.975] ; [315.975  67.025],0
b1,1,0.016902,5.706472,[11  6] ; [140 248],[ 6.3382716 10.6617284] ; [144.6617284 243.3382716],0
p1,1,0.500141,0.454638,[ 3 14] ; [ 47 340],[ 2.1039604 14.8960396] ; [ 47.8960396 339.1039604],0
p3,1,0.558316,0.342628,[10  7] ; [255 133],[11.12345679  5.87654321] ; [253.87654321 134.12345679],0
