Feature,DoF,P Value,Chi Square,Observed,Expected,Is Significant
p9,1,0.395851,0.720895,[132  21] ; [74 16],[129.7037037  23.2962963] ; [76.2962963 13.7037037],0
p2,1,0.563344,0.333947,[136  17] ; [83  8],[137.32377049  15.67622951] ; [81.67622951  9.32377049],0
p11,1,0.60853,0.262321,[130  24] ; [79 12],[131.37142857  22.62857143] ; [77.62857143 13.37142857],0
b1,1,0.716066,0.132293,[59 95] ; [37 54],[60.34285714 93.65714286] ; [35.65714286 55.34285714],0
p1,1,0.731525,0.117716,[ 10 143] ; [ 7 84],[ 10.65983607 142.34016393] ; [ 6.34016393 84.65983607],0
p12,1,0.739458,0.110604,[  7 147] ; [ 5 86],[  7.54285714 146.45714286] ; [ 4.45714286 86.54285714],0
p10,1,0.755623,0.096867,[129  25] ; [74 16],[128.12295082  25.87704918] ; [74.87704918 15.12295082],0
p5,1,0.887602,0.019977,[ 16 137] ; [ 9 82],[ 15.67622951 137.32377049] ; [ 9.32377049 81.67622951],0
