Feature,DoF,P Value,Chi Square,Observed,Expected,Is Significant
p8,1,3.9e-05,16.902662,[10 53] ; [50 56],[22.36686391 40.63313609] ; [37.63313609 68.36686391],1
p12,1,0.010212,6.597574,[ 8 55] ; [  3 106],[ 4.02906977 58.97093023] ; [  6.97093023 102.02906977],0
p9,1,0.04251,4.114779,[55  7] ; [82 26],[49.96470588 12.03529412] ; [87.03529412 20.96470588],0
p1,1,0.087152,2.926202,[ 9 54] ; [  7 102],[ 5.86046512 57.13953488] ; [10.13953488 98.86046512],0
b1,1,0.723483,0.12518,[26 37] ; [42 67],[24.90697674 38.09302326] ; [43.09302326 65.90697674],0
p5,1,0.781942,0.076612,[ 4 56] ; [  6 101],[ 3.59281437 56.40718563] ; [  6.40718563 100.59281437],0
p11,1,0.81102,0.057174,[44 19] ; [78 31],[44.68604651 18.31395349] ; [77.31395349 31.68604651],0
