Feature,DoF,P Value,Chi Square,Observed,Expected,Is Significant
p6,1,0.0,43.526051,[ 35 101] ; [156 101],[66.09669211 69.90330789] ; [124.90330789 132.09669211],1
p5,1,0.0,25.981496,[  5 135] ; [ 61 200],[ 23.04239401 116.95760599] ; [ 42.95760599 218.04239401],1
p2,1,0.005908,7.578232,[119  21] ; [243  17],[126.7  13.3] ; [235.3  24.7],0
p12,1,0.008978,6.827188,[  7 132] ; [ 35 225],[ 14.63157895 124.36842105] ; [ 27.36842105 232.63157895],0
p11,1,0.009155,6.792356,[111  29] ; [232  29],[119.75062344  20.24937656] ; [223.24937656  37.75062344],0
p1,1,0.016499,5.748909,[  8 132] ; [ 35 224],[ 15.0877193 124.9122807] ; [ 27.9122807 231.0877193],0
b1,1,0.304677,1.053609,[49 91] ; [105 156],[53.76558603 86.23441397] ; [100.23441397 160.76558603],0
p10,1,0.32285,0.977366,[123  16] ; [238  22],[125.76190476  13.23809524] ; [235.23809524  24.76190476],0
