Feature,DoF,P Value,Chi Square,Observed,Expected,Is Significant
p5,1,7e-06,20.300509,[  3 128] ; [ 8 25],[  8.78658537 122.21341463] ; [ 2.21341463 30.78658537],1
p7,1,0.000106,15.026101,[34 95] ; [20 12],[43.26708075 85.73291925] ; [10.73291925 21.26708075],1
p11,1,0.000215,13.695119,[56 75] ; [26  7],[65.5 65.5] ; [16.5 16.5],1
p12,1,0.000571,11.866793,[  2 128] ; [ 5 28],[  5.58282209 124.41717791] ; [ 1.41717791 31.58282209],1
p3,1,0.000715,11.448899,[ 30 101] ; [17 15],[37.77300613 93.22699387] ; [ 9.22699387 22.77300613],1
p4,1,0.005499,7.707521,[36 95] ; [17 15],[42.59509202 88.40490798] ; [10.40490798 21.59509202],0
p1,1,0.055026,3.681291,[  7 123] ; [ 5 28],[  9.57055215 120.42944785] ; [ 2.42944785 30.57055215],0
b1,1,0.067078,3.353104,[67 64] ; [11 22],[62.30487805 68.69512195] ; [15.69512195 17.30487805],0
