Feature,DoF,P Value,Chi Square,Observed,Expected,Is Significant
p1,1,0.01507,5.908247,[  4 112] ; [ 5 29],[  6.96 109.04] ; [ 2.04 31.96],0
p10,1,0.12343,2.373252,[88 29] ; [21 13],[84.45695364 32.54304636] ; [24.54304636  9.45695364],0
p9,1,0.318602,0.994679,[89 26] ; [29  5],[91.0738255 23.9261745] ; [26.9261745  7.0738255],0
b1,1,0.541127,0.373455,[41 76] ; [10 24],[39.51655629 77.48344371] ; [11.48344371 22.51655629],0
p2,1,0.554363,0.349559,[98 19] ; [27  7],[96.85430464 20.14569536] ; [28.14569536  5.85430464],0
p12,1,0.726276,0.122559,[  5 112] ; [ 1 33],[  4.64900662 112.35099338] ; [ 1.35099338 32.64900662],0
p11,1,0.73647,0.113253,[86 31] ; [24 10],[85.23178808 31.76821192] ; [24.76821192  9.23178808],0
