Feature,DoF,P Value,Chi Square,Observed,Expected,Is Significant
p11,1,0.052058,3.773912,[5 8] ; [21  9],[7.86046512 5.13953488] ; [18.13953488 11.86046512],0
b1,1,0.173071,1.856143,[9 4] ; [14 16],[6.95348837 6.04651163] ; [16.04651163 13.95348837],0
p1,1,0.315368,1.008059,[ 1 12] ; [ 6 24],[ 2.11627907 10.88372093] ; [ 4.88372093 25.11627907],0
p5,1,0.315368,1.008059,[ 1 12] ; [ 6 24],[ 2.11627907 10.88372093] ; [ 4.88372093 25.11627907],0
p4,1,0.471497,0.518466,[7 6] ; [19 10],[8.04761905 4.95238095] ; [17.95238095 11.04761905],0
p8,1,0.525588,0.402915,[6 7] ; [17 13],[6.95348837 6.04651163] ; [16.04651163 13.95348837],0
p3,1,0.772537,0.083554,[7 6] ; [17 12],[7.42857143 5.57142857] ; [16.57142857 12.42857143],0
p7,1,0.910958,0.012506,[8 5] ; [19 11],[8.1627907 4.8372093] ; [18.8372093 11.1627907],0
