Feature,DoF,P Value,Chi Square,Observed,Expected,Is Significant
p8,1,0.0,32.823862,[ 5 65] ; [16 10],[15.3125 54.6875] ; [ 5.6875 20.3125],1
p9,1,1e-06,23.909925,[13 54] ; [19  7],[23.05376344 43.94623656] ; [ 8.94623656 17.05376344],1
p3,1,1.9e-05,18.32268,[ 9 60] ; [14 11],[16.88297872 52.11702128] ; [ 6.11702128 18.88297872],1
p5,1,0.001364,10.254066,[ 1 69] ; [ 5 21],[ 4.375 65.625] ; [ 1.625 24.375],0
p12,1,0.006242,7.479213,[ 1 69] ; [ 4 22],[ 3.64583333 66.35416667] ; [ 1.35416667 24.64583333],0
p11,1,0.02702,4.889508,[23 47] ; [15 11],[27.70833333 42.29166667] ; [10.29166667 15.70833333],0
p1,1,0.48864,0.47952,[ 5 65] ; [ 3 23],[ 5.83333333 64.16666667] ; [ 2.16666667 23.83333333],0
b1,1,0.86217,0.030141,[39 31] ; [15 11],[39.375 30.625] ; [14.625 11.375],0
