Feature,DoF,P Value,Chi Square,Observed,Expected,Is Significant
p2,1,0.000901,11.02171,[49 64] ; [37 15],[58.8969697 54.1030303] ; [27.1030303 24.8969697],1
p10,1,0.006673,7.358974,[21 91] ; [20 32],[28. 84.] ; [13. 39.],0
p4,1,0.019701,5.438233,[31 81] ; [24 28],[37.56097561 74.43902439] ; [17.43902439 34.56097561],0
p3,1,0.021596,5.278053,[26 87] ; [21 31],[32.18787879 80.81212121] ; [14.81212121 37.18787879],0
p11,1,0.168715,1.894323,[50 63] ; [29 23],[54.1030303 58.8969697] ; [24.8969697 27.1030303],0
p12,1,0.575917,0.312882,[  1 111] ; [ 1 51],[  1.36585366 110.63414634] ; [ 0.63414634 51.36585366],0
p5,1,0.66229,0.190754,[  3 110] ; [ 2 49],[  3.44512195 109.55487805] ; [ 1.55487805 49.44512195],0
b1,1,0.986995,0.000266,[61 52] ; [28 24],[60.95151515 52.04848485] ; [28.04848485 23.95151515],0
