Feature,DoF,P Value,Chi Square,Observed,Expected,Is Significant
p11,1,0.0,35.211266,[139  50] ; [31 55],[116.83636364  72.16363636] ; [53.16363636 32.83636364],1
p2,1,1e-06,24.148408,[133  55] ; [34 52],[114.58394161  73.41605839] ; [52.41605839 33.58394161],1
b1,1,0.006459,7.41759,[ 64 125] ; [44 42],[ 74.22545455 114.77454545] ; [33.77454545 52.22545455],0
p6,1,0.049936,3.843617,[ 27 161] ; [ 5 78],[ 22.19926199 165.80073801] ; [ 9.80073801 73.19926199],0
p12,1,0.082294,3.019013,[ 11 178] ; [ 1 84],[  8.27737226 180.72262774] ; [ 3.72262774 81.27737226],0
p1,1,0.177898,1.815101,[  8 181] ; [ 7 78],[ 10.34671533 178.65328467] ; [ 4.65328467 80.34671533],0
p5,1,0.576296,0.312261,[  4 183] ; [ 1 85],[  3.42490842 183.57509158] ; [ 1.57509158 84.42490842],0
p3,1,0.787579,0.072606,[ 35 153] ; [17 68],[ 35.80952381 152.19047619] ; [16.19047619 68.80952381],0
