Feature,DoF,P Value,Chi Square,Observed,Expected,Is Significant
p9,1,0.0,28.588439,[24  2] ; [15 38],[12.83544304 13.16455696] ; [26.16455696 26.83544304],1
p1,1,0.007532,7.141555,[ 6 20] ; [ 2 51],[ 2.63291139 23.36708861] ; [ 5.36708861 47.63291139],0
p11,1,0.020572,5.362657,[18  8] ; [22 31],[13.16455696 12.83544304] ; [26.83544304 26.16455696],0
p12,1,0.065979,3.380336,[ 3 23] ; [ 1 52],[ 1.3164557 24.6835443] ; [ 2.6835443 50.3164557],0
p8,1,0.312612,1.019608,[11 15] ; [16 36],[ 9. 17.] ; [18. 34.],0
p2,1,0.62133,0.244003,[20  6] ; [38 15],[19.08860759  6.91139241] ; [38.91139241 14.08860759],0
b1,1,0.692991,0.155867,[13 13] ; [24 29],[12.17721519 13.82278481] ; [24.82278481 28.17721519],0
p5,1,1.0,0.0,[ 2 24] ; [ 4 48],[ 2. 24.] ; [ 4. 48.],0
