Feature,DoF,P Value,Chi Square,Observed,Expected,Is Significant
p11,1,0.004809,7.949903,[21  7] ; [11 18],[15.71929825 12.28070175] ; [16.28070175 12.71929825],0
p8,1,0.02249,5.207436,[15 13] ; [ 7 22],[10.80701754 17.19298246] ; [11.19298246 17.80701754],0
p4,1,0.082256,3.019749,[14 14] ; [21  8],[17.19298246 10.80701754] ; [17.80701754 11.19298246],0
b1,1,0.085415,2.958736,[11 17] ; [18 11],[14.24561404 13.75438596] ; [14.75438596 14.24561404],0
p2,1,0.272855,1.202338,[22  6] ; [19 10],[20.14035088  7.85964912] ; [20.85964912  8.14035088],0
p5,1,0.669223,0.182512,[ 2 26] ; [ 3 26],[ 2.45614035 25.54385965] ; [ 2.54385965 26.45614035],0
p9,1,0.700935,0.147502,[13 15] ; [12 17],[12.28070175 15.71929825] ; [12.71929825 16.28070175],0
p1,1,0.723301,0.125352,[ 3 25] ; [ 4 25],[ 3.43859649 24.56140351] ; [ 3.56140351 25.43859649],0
