Feature,DoF,P Value,Chi Square,Observed,Expected,Is Significant
p6,1,0.000155,14.314119,[ 78 210] ; [ 21 152],[ 61.84815618 226.15184382] ; [ 37.15184382 135.84815618],1
p12,1,0.016106,5.791316,[ 11 279] ; [ 16 158],[ 16.875 273.125] ; [ 10.125 163.875],0
p1,1,0.052164,3.770486,[ 10 281] ; [ 13 161],[ 14.39354839 276.60645161] ; [  8.60645161 165.39354839],0
b1,1,0.204921,1.60695,[ 84 207] ; [ 60 114],[ 90.11612903 200.88387097] ; [ 53.88387097 120.11612903],0
p11,1,0.231982,1.428667,[239  52] ; [135  39],[234.0516129  56.9483871] ; [139.9483871  34.0516129],0
p4,1,0.436095,0.606536,[124 166] ; [ 68 106],[120. 170.] ; [ 72. 102.],0
p9,1,0.808368,0.058822,[268  22] ; [160  12],[268.65800866  21.34199134] ; [159.34199134  12.65800866],0
p5,1,0.914108,0.011633,[ 16 275] ; [  9 162],[ 15.74675325 275.25324675] ; [  9.25324675 161.74675325],0
