Feature,DoF,P Value,Chi Square,Observed,Expected,Is Significant
p11,1,0.004451,8.089937,[27 14] ; [124  21],[33.28494624  7.71505376] ; [117.71505376  27.28494624],0
p4,1,0.054856,3.686449,[28 13] ; [74 70],[22.60540541 18.39459459] ; [79.39459459 64.60540541],0
p1,1,0.166758,1.911849,[ 6 35] ; [ 11 134],[ 3.74731183 37.25268817] ; [ 13.25268817 131.74731183],0
p12,1,0.242268,1.367348,[ 4 37] ; [  7 137],[ 2.43783784 38.56216216] ; [  8.56216216 135.43783784],0
p5,1,0.335449,0.927746,[ 2 39] ; [ 14 131],[ 3.52688172 37.47311828] ; [ 12.47311828 132.52688172],0
p9,1,0.635388,0.224825,[36  5] ; [131  14],[36.81182796  4.18817204] ; [130.18817204  14.81182796],0
b1,1,0.968065,0.001603,[14 27] ; [50 95],[14.10752688 26.89247312] ; [49.89247312 95.10752688],0
