Feature,DoF,P Value,Chi Square,Observed,Expected,Is Significant
p9,1,0.0,51.970404,[13 54] ; [42  6],[32.04347826 34.95652174] ; [22.95652174 25.04347826],1
p3,1,0.0,28.968815,[ 9 60] ; [29 19],[22.41025641 46.58974359] ; [15.58974359 32.41025641],1
p11,1,3.4e-05,17.16385,[23 47] ; [35 14],[34.11764706 35.88235294] ; [23.88235294 25.11764706],1
p6,1,0.002005,9.545245,[ 6 62] ; [15 33],[12.31034483 55.68965517] ; [ 8.68965517 39.31034483],0
p5,1,0.005842,7.598311,[ 1 69] ; [ 7 42],[ 4.70588235 65.29411765] ; [ 3.29411765 45.70588235],0
p12,1,0.005842,7.598311,[ 1 69] ; [ 7 42],[ 4.70588235 65.29411765] ; [ 3.29411765 45.70588235],0
b1,1,0.041377,4.160526,[39 31] ; [18 31],[33.52941176 36.47058824] ; [23.47058824 25.52941176],0
p1,1,0.202829,1.621885,[ 5 65] ; [ 7 42],[ 7.05882353 62.94117647] ; [ 4.94117647 44.05882353],0
