Feature,DoF,P Value,Chi Square,Observed,Expected,Is Significant
p8,1,2e-06,22.194913,[9 5] ; [ 18 117],[ 2.53691275 11.46308725] ; [ 24.46308725 110.53691275],1
p7,1,4e-06,21.08495,[12  2] ; [34 98],[4.4109589 9.5890411] ; [41.5890411 90.4109589],1
p6,1,7.8e-05,15.602763,[7 6] ; [ 16 117],[ 2.04794521 10.95205479] ; [ 20.95205479 112.04794521],1
p9,1,0.002664,9.024402,[13  1] ; [65 63],[7.69014085 6.30985915] ; [70.30985915 57.69014085],0
p10,1,0.006852,7.311483,[12  2] ; [63 69],[7.19178082 6.80821918] ; [67.80821918 64.19178082],0
p11,1,0.023047,5.16495,[11  3] ; [63 72],[6.95302013 7.04697987] ; [67.04697987 67.95302013],0
p12,1,0.177015,1.822508,[ 2 12] ; [  7 127],[ 0.85135135 13.14864865] ; [  8.14864865 125.85135135],0
p1,1,0.215424,1.534596,[ 3 11] ; [ 14 121],[ 1.59731544 12.40268456] ; [ 15.40268456 119.59731544],0
b1,1,0.592522,0.286423,[8 6] ; [67 68],[7.04697987 6.95302013] ; [67.95302013 67.04697987],0
