Feature,DoF,P Value,Chi Square,Observed,Expected,Is Significant
p6,1,0.0,98.261186,[ 37 180] ; [159  97],[ 89.91966173 127.08033827] ; [106.08033827 149.91966173],1
p7,1,0.0,96.460385,[ 98 112] ; [227  29],[146.45922747  63.54077253] ; [178.54077253  77.45922747],1
p5,1,0.0,48.477572,[  6 214] ; [ 66 192],[ 33.13807531 186.86192469] ; [ 38.86192469 219.13807531],1
p1,1,2e-06,22.914401,[  4 215] ; [ 36 220],[ 18.44210526 200.55789474] ; [ 21.55789474 234.44210526],1
p10,1,6e-06,20.499136,[166  53] ; [234  23],[184.03361345  34.96638655] ; [215.96638655  41.03361345],1
p12,1,4.7e-05,16.553325,[  8 210] ; [ 38 220],[ 21.06722689 196.93277311] ; [ 24.93277311 233.06722689],1
p9,1,0.000446,12.326955,[176  40] ; [238  20],[188.65822785  27.34177215] ; [225.34177215  32.65822785],1
p11,1,0.003166,8.709299,[170  51] ; [225  33],[182.24425887  38.75574113] ; [212.75574113  45.24425887],0
b1,1,0.003525,8.51347,[ 61 160] ; [104 154],[ 76.12734864 144.87265136] ; [ 88.87265136 169.12734864],0
