Feature,DoF,P Value,Chi Square,Observed,Expected,Is Significant
p9,1,0.0,31.768594,[13 15] ; [123  13],[23.2195122  4.7804878] ; [112.7804878  23.2195122],1
p1,1,0.26224,1.256892,[ 3 25] ; [  7 129],[ 1.70731707 26.29268293] ; [  8.29268293 127.70731707],0
p5,1,0.280845,1.162997,[ 2 26] ; [  4 132],[ 1.02439024 26.97560976] ; [  4.97560976 131.02439024],0
p2,1,0.436583,0.605246,[22  6] ; [115  21],[23.3902439  4.6097561] ; [113.6097561  22.3902439],0
p11,1,0.540662,0.374315,[21  7] ; [109  27],[22.19512195  5.80487805] ; [107.80487805  28.19512195],0
b1,1,0.801551,0.063172,[11 17] ; [50 86],[10.41463415 17.58536585] ; [50.58536585 85.41463415],0
p8,1,0.868338,0.02748,[15 13] ; [70 65],[14.60122699 13.39877301] ; [70.39877301 64.60122699],0
