Feature,DoF,P Value,Chi Square,Observed,Expected,Is Significant
p11,1,1e-06,23.591089,[123  47] ; [41 56],[104.41947566  65.58052434] ; [59.58052434 37.41947566],1
p4,1,0.002896,8.872069,[75 95] ; [25 72],[ 63.67041199 106.32958801] ; [36.32958801 60.67041199],0
b1,1,0.021087,5.319628,[ 58 112] ; [47 50],[ 66.85393258 103.14606742] ; [38.14606742 58.85393258],0
p12,1,0.149098,2.081455,[ 10 159] ; [ 2 94],[  7.65283019 161.34716981] ; [ 4.34716981 91.65283019],0
p5,1,0.158338,1.990028,[  7 163] ; [ 1 95],[  5.11278195 164.88721805] ; [ 2.88721805 93.11278195],0
p1,1,0.912933,0.011955,[ 10 159] ; [ 6 90],[ 10.20377358 158.79622642] ; [ 5.79622642 90.20377358],0
p6,1,0.939997,0.005666,[ 27 142] ; [15 81],[ 26.78490566 142.21509434] ; [15.21509434 80.78490566],0
