Feature,DoF,P Value,Chi Square,Observed,Expected,Is Significant
p9,1,0.0,64.852557,[13 52] ; [70 11],[36.95205479 28.04794521] ; [46.04794521 34.95205479],1
p4,1,0.0,60.932118,[13 55] ; [68 14],[36.72 31.28] ; [44.28 37.72],1
p11,1,6e-06,20.385676,[23 45] ; [58 24],[36.72 31.28] ; [44.28 37.72],1
p8,1,0.000226,13.598812,[ 6 62] ; [28 54],[15.41333333 52.58666667] ; [18.58666667 63.41333333],1
p6,1,0.006008,7.54798,[ 5 61] ; [20 61],[11.2244898 54.7755102] ; [13.7755102 67.2244898],0
p5,1,0.007269,7.205376,[ 1 67] ; [11 71],[ 5.44 62.56] ; [ 6.56 75.44],0
p12,1,0.020166,5.397494,[ 1 67] ; [ 9 73],[ 4.53333333 63.46666667] ; [ 5.46666667 76.53333333],0
p1,1,0.11073,2.543775,[ 5 63] ; [13 69],[ 8.16 59.84] ; [ 9.84 72.16],0
b1,1,0.269999,1.216753,[36 32] ; [36 46],[32.64 35.36] ; [39.36 42.64],0
