Feature,DoF,P Value,Chi Square,Observed,Expected,Is Significant
p3,1,0.011105,6.448368,[34 70] ; [17 12],[39.87969925 64.12030075] ; [11.12030075 17.87969925],0
p12,1,0.032301,4.582449,[ 5 97] ; [ 5 25],[ 7.72727273 94.27272727] ; [ 2.27272727 27.72727273],0
p5,1,0.05219,3.76967,[ 8 96] ; [ 6 24],[10.86567164 93.13432836] ; [ 3.13432836 26.86567164],0
p11,1,0.095705,2.775699,[87 17] ; [21  9],[83.82089552 20.17910448] ; [24.17910448  5.82089552],0
b1,1,0.159622,1.977805,[34 70] ; [14 16],[37.25373134 66.74626866] ; [10.74626866 19.25373134],0
p1,1,0.231178,1.433599,[12 92] ; [ 6 24],[13.97014925 90.02985075] ; [ 4.02985075 25.97014925],0
p7,1,0.444298,0.585156,[70 29] ; [19 11],[68.30232558 30.69767442] ; [20.69767442  9.30232558],0
