Feature,DoF,P Value,Chi Square,Observed,Expected,Is Significant
p2,1,0.0,33.39633,[47 19] ; [320  20],[59.66009852  6.33990148] ; [307.33990148  32.66009852],1
p10,1,0.0,32.80199,[49 17] ; [324  16],[60.63546798  5.36453202] ; [312.36453202  27.63546798],1
p11,1,3.2e-05,17.312081,[49 17] ; [313  28],[58.7027027  7.2972973] ; [303.2972973  37.7027027],1
p5,1,0.002232,9.347904,[ 3 63] ; [ 69 272],[11.67567568 54.32432432] ; [ 60.32432432 280.67567568],0
p12,1,0.025772,4.971246,[ 2 64] ; [ 42 298],[ 7.15270936 58.84729064] ; [ 36.84729064 303.15270936],0
b1,1,0.095557,2.778181,[32 34] ; [128 213],[25.94594595 40.05405405] ; [134.05405405 206.94594595],0
p1,1,0.995123,3.7e-05,[ 8 58] ; [ 41 298],[ 7.98518519 58.01481481] ; [ 41.01481481 297.98518519],0
