Feature,DoF,P Value,Chi Square,Observed,Expected,Is Significant
p2,1,0.0079,7.055899,[98 23] ; [209  21],[105.83190883  15.16809117] ; [201.16809117  28.83190883],0
b1,1,0.041857,4.140983,[57 64] ; [ 83 148],[48.125 72.875] ; [ 91.875 139.125],0
p7,1,0.183904,1.765788,[68 53] ; [146  84],[73.77207977 47.22792023] ; [140.22792023  89.77207977],0
p5,1,0.401822,0.702866,[ 11 107] ; [ 28 199],[ 13.33913043 104.66086957] ; [ 25.66086957 201.33913043],0
p1,1,0.442442,0.589942,[ 13 108] ; [ 19 211],[ 11.03133903 109.96866097] ; [ 20.96866097 209.03133903],0
p11,1,0.547017,0.362689,[98 23] ; [193  38],[100.03125  20.96875] ; [190.96875  40.03125],0
p12,1,0.859126,0.031501,[  9 112] ; [ 16 215],[  8.59375 112.40625] ; [ 16.40625 214.59375],0
