Feature,DoF,P Value,Chi Square,Observed,Expected,Is Significant
p10,1,2.2e-05,17.986569,[145  27] ; [1 5],[141.07865169  30.92134831] ; [4.92134831 1.07865169],1
p11,1,0.0489,3.878799,[142  31] ; [3 3],[140.1396648  32.8603352] ; [4.8603352 1.1396648],0
p8,1,0.056609,3.634053,[97 76] ; [1 5],[94.7150838 78.2849162] ; [3.2849162 2.7150838],0
p1,1,0.459836,0.546294,[ 14 158] ; [1 5],[ 14.49438202 157.50561798] ; [0.50561798 5.49438202],0
b1,1,0.517525,0.418823,[ 64 109] ; [3 3],[ 64.75418994 108.24581006] ; [2.24581006 3.75418994],0
p2,1,0.744347,0.106343,[151  21] ; [5 1],[150.74157303  21.25842697] ; [5.25842697 0.74157303],0
