Feature,DoF,P Value,Chi Square,Observed,Expected,Is Significant
p11,1,6.3e-05,16.00646,[46 22] ; [21 43],[34.51515152 33.48484848] ; [32.48484848 31.51515152],1
p12,1,0.035622,4.4151,[ 7 61] ; [ 1 63],[ 4.12121212 63.87878788] ; [ 3.87878788 60.12121212],0
p8,1,0.046461,3.964797,[15 53] ; [ 6 58],[10.81818182 57.18181818] ; [10.18181818 53.81818182],0
b1,1,0.081583,3.033088,[29 39] ; [37 27],[34. 34.] ; [32. 32.],0
p5,1,0.102334,2.668787,[ 5 61] ; [ 1 63],[ 3.04615385 62.95384615] ; [ 2.95384615 61.04615385],0
p7,1,0.239098,1.385906,[19 44] ; [13 49],[16.128 46.872] ; [15.872 46.128],0
p6,1,0.401056,0.705159,[11 56] ; [ 7 55],[ 9.34883721 57.65116279] ; [ 8.65116279 53.34883721],0
p1,1,0.620133,0.24568,[ 7 61] ; [ 5 59],[ 6.18181818 61.81818182] ; [ 5.81818182 58.18181818],0
