Feature,DoF,P Value,Chi Square,Observed,Expected,Is Significant
p12,1,5.8e-05,16.180416,[ 31 157] ; [  6 164],[ 19.4301676 168.5698324] ; [ 17.5698324 152.4301676],1
p5,1,8.2e-05,15.518508,[ 52 138] ; [ 18 149],[ 37.25490196 152.74509804] ; [ 32.74509804 134.25490196],1
p8,1,0.001891,9.652219,[156  33] ; [115  53],[143.47058824  45.52941176] ; [127.52941176  40.47058824],0
p1,1,0.010026,6.630319,[ 30 159] ; [ 12 157],[ 22.17318436 166.82681564] ; [ 19.82681564 149.17318436],0
p10,1,0.011032,6.460126,[175  14] ; [142  27],[167.3547486  21.6452514] ; [149.6452514  19.3547486],0
b1,1,0.023056,5.164255,[93 97] ; [ 63 107],[ 82.33333333 107.66666667] ; [73.66666667 96.33333333],0
p9,1,0.024288,5.073943,[176  13] ; [146  24],[169.52089136  19.47910864] ; [152.47910864  17.52089136],0
p2,1,0.600878,0.273674,[176  14] ; [154  15],[174.65181058  15.34818942] ; [155.34818942  13.65181058],0
p11,1,0.806003,0.060312,[158  32] ; [143  27],[158.86111111  31.13888889] ; [142.13888889  27.86111111],0
