Feature,DoF,P Value,Chi Square,Observed,Expected,Is Significant
p9,1,0.0,93.507349,[215  12] ; [56 56],[181.4660767  45.5339233] ; [89.5339233 22.4660767],1
p3,1,0.0,64.294308,[145  81] ; [22 96],[109.71511628 116.28488372] ; [57.28488372 60.71511628],1
p11,1,0.0,55.763294,[198  29] ; [60 59],[169.26589595  57.73410405] ; [88.73410405 30.26589595],1
p5,1,0.011556,6.37773,[ 26 197] ; [  4 112],[ 19.73451327 203.26548673] ; [ 10.26548673 105.73451327],0
b1,1,0.019388,5.466162,[ 83 144] ; [59 60],[ 93.16184971 133.83815029] ; [48.83815029 70.16184971],0
p1,1,0.70712,0.141171,[ 20 206] ; [ 12 107],[ 20.96231884 205.03768116] ; [ 11.03768116 107.96231884],0
p12,1,0.951628,0.00368,[ 15 212] ; [  8 110],[ 15.13333333 211.86666667] ; [  7.86666667 110.13333333],0
