Feature,DoF,P Value,Chi Square,Observed,Expected,Is Significant
p9,1,0.0,48.014296,[13 54] ; [36  5],[30.39814815 36.60185185] ; [18.60185185 22.39814815],1
p8,1,0.0,28.004631,[ 5 65] ; [21 20],[16.3963964 53.6036036] ; [ 9.6036036 31.3963964],1
p3,1,9e-06,19.761724,[ 9 60] ; [21 19],[18.99082569 50.00917431] ; [11.00917431 28.99082569],1
p11,1,1.4e-05,18.917406,[23 47] ; [31 10],[34.05405405 35.94594595] ; [19.94594595 21.05405405],1
p6,1,1.9e-05,18.330794,[ 6 62] ; [18 23],[14.97247706 53.02752294] ; [ 9.02752294 31.97247706],1
p5,1,0.037884,4.310204,[ 1 69] ; [ 4 36],[ 3.18181818 66.81818182] ; [ 1.81818182 38.18181818],0
p12,1,0.041187,4.16832,[ 1 69] ; [ 4 37],[ 3.15315315 66.84684685] ; [ 1.84684685 39.15315315],0
b1,1,0.229491,1.444016,[39 31] ; [18 23],[35.94594595 34.05405405] ; [21.05405405 19.94594595],0
p1,1,0.972674,0.001173,[ 5 65] ; [ 3 38],[ 5.04504505 64.95495495] ; [ 2.95495495 38.04504505],0
