Feature,DoF,P Value,Chi Square,Observed,Expected,Is Significant
p11,1,0.002893,8.873677,[336  42] ; [25 10],[330.40677966  47.59322034] ; [30.59322034  4.40677966],0
p6,1,0.040822,4.183382,[190 185] ; [11 23],[184.29095355 190.70904645] ; [16.70904645 17.29095355],0
p2,1,0.04579,3.989316,[341  35] ; [28  7],[337.57664234  38.42335766] ; [31.42335766  3.57664234],0
p1,1,0.253321,1.304896,[ 49 326] ; [ 7 28],[ 51.2195122 323.7804878] ; [ 4.7804878 30.2195122],0
b1,1,0.678192,0.172168,[154 224] ; [13 22],[152.84745763 225.15254237] ; [14.15254237 20.84745763],0
p5,1,0.738862,0.111129,[ 73 302] ; [ 6 29],[ 72.25609756 302.74390244] ; [ 6.74390244 28.25609756],0
p12,1,0.833658,0.044105,[ 49 327] ; [ 5 30],[ 49.40145985 326.59854015] ; [ 4.59854015 30.40145985],0
p4,1,0.877344,0.02382,[317  61] ; [29  6],[316.6779661  61.3220339] ; [29.3220339  5.6779661],0
