Feature,DoF,P Value,Chi Square,Observed,Expected,Is Significant
p4,1,0.0,25.504688,[24 96] ; [25 15],[36.75 83.25] ; [12.25 27.75],1
p8,1,1e-06,23.355592,[ 11 110] ; [17 23],[21.04347826 99.95652174] ; [ 6.95652174 33.04347826],1
p10,1,1.2e-05,19.220129,[56 61] ; [35  5],[67.81528662 49.18471338] ; [23.18471338 16.81528662],1
p11,1,0.002873,8.88623,[58 63] ; [30 10],[66.13664596 54.86335404] ; [21.86335404 18.13664596],0
p12,1,0.367086,0.813504,[  7 113] ; [ 4 36],[  8.25 111.75] ; [ 2.75 37.25],0
p5,1,0.374008,0.790305,[  5 113] ; [ 3 35],[  6.05128205 111.94871795] ; [ 1.94871795 36.05128205],0
b1,1,0.679797,0.170354,[59 62] ; [18 22],[57.86956522 63.13043478] ; [19.13043478 20.86956522],0
p1,1,0.863844,0.029406,[ 11 110] ; [ 4 36],[ 11.27329193 109.72670807] ; [ 3.72670807 36.27329193],0
