Feature,DoF,P Value,Chi Square,Observed,Expected,Is Significant
p7,1,0.0,29.87381,[ 89 132] ; [132  65],[116.84449761 104.15550239] ; [104.15550239  92.84449761],1
p8,1,1e-06,24.110177,[ 75 153] ; [112  86],[100.08450704 127.91549296] ; [ 86.91549296 111.08450704],1
p2,1,0.001191,10.504992,[176  55] ; [174  23],[188.90186916  42.09813084] ; [161.09813084  35.90186916],0
p5,1,0.004255,8.171832,[ 10 220] ; [ 23 172],[ 17.85882353 212.14117647] ; [ 15.14117647 179.85882353],0
p10,1,0.004918,7.909257,[196  35] ; [185  13],[205.15384615  25.84615385] ; [175.84615385  22.15384615],0
p11,1,0.009528,6.721098,[179  53] ; [172  26],[189.37674419  42.62325581] ; [161.62325581  36.37674419],0
p1,1,0.029192,4.756269,[ 10 221] ; [ 19 178],[ 15.65186916 215.34813084] ; [ 13.34813084 183.65186916],0
b1,1,0.094051,2.803633,[ 69 163] ; [ 74 124],[ 77.15348837 154.84651163] ; [ 65.84651163 132.15348837],0
p12,1,0.415439,0.663183,[ 13 218] ; [ 15 183],[ 15.07692308 215.92307692] ; [ 12.92307692 185.07692308],0
