Feature,DoF,P Value,Chi Square,Observed,Expected,Is Significant
p9,1,0.0,72.813125,[37 91] ; [96 19],[70.05761317 57.94238683] ; [62.94238683 52.05761317],1
p3,1,0.0,32.073248,[ 30 101] ; [68 49],[51.76612903 79.23387097] ; [46.23387097 70.76612903],1
p11,1,3e-06,21.678247,[56 75] ; [85 33],[74.18072289 56.81927711] ; [66.81927711 51.18072289],1
p12,1,0.003269,8.650842,[  2 128] ; [ 12 106],[  7.33870968 122.66129032] ; [  6.66129032 111.33870968],0
p5,1,0.005045,7.863104,[  3 128] ; [ 13 105],[  8.41767068 122.58232932] ; [  7.58232932 110.41767068],0
p1,1,0.067171,3.350842,[  7 123] ; [ 14 104],[ 11.00806452 118.99193548] ; [  9.99193548 108.00806452],0
b1,1,0.098077,2.736531,[67 64] ; [48 70],[60.50200803 70.49799197] ; [54.49799197 63.50200803],0
