Feature,DoF,P Value,Chi Square,Observed,Expected,Is Significant
p2,1,0.05394,3.714567,[47 19] ; [91 18],[52.04571429 13.95428571] ; [85.95428571 23.04571429],0
p7,1,0.11436,2.492905,[44 21] ; [60 48],[39.07514451 25.92485549] ; [64.92485549 43.07514451],0
p1,1,0.191789,1.703821,[ 8 58] ; [  7 102],[ 5.65714286 60.34285714] ; [ 9.34285714 99.65714286],0
b1,1,0.196452,1.668555,[32 34] ; [42 67],[27.90857143 38.09142857] ; [46.09142857 62.90857143],0
p8,1,0.60194,0.272081,[28 37] ; [50 56],[29.64912281 35.35087719] ; [48.35087719 57.64912281],0
p11,1,0.699838,0.148641,[49 17] ; [78 31],[47.89714286 18.10285714] ; [79.10285714 29.89714286],0
p5,1,0.75995,0.093359,[ 3 63] ; [  6 101],[ 3.43352601 62.56647399] ; [  5.56647399 101.43352601],0
p10,1,0.829283,0.046492,[49 17] ; [81 26],[49.59537572 16.40462428] ; [80.40462428 26.59537572],0
p12,1,0.914795,0.011447,[ 2 64] ; [  3 106],[ 1.88571429 64.11428571] ; [  3.11428571 105.88571429],0
p9,1,0.935901,0.006468,[49 16] ; [82 26],[49.21965318 15.78034682] ; [81.78034682 26.21965318],0
