Feature,DoF,P Value,Chi Square,Observed,Expected,Is Significant
p10,1,0.0,26.909234,[94 36] ; [354  37],[111.78502879  18.21497121] ; [336.21497121  54.78502879],1
p11,1,0.000188,13.946469,[91 41] ; [329  63],[105.80152672  26.19847328] ; [314.19847328  77.80152672],1
p7,1,0.000549,11.941727,[53 78] ; [224 163],[70.05212355 60.94787645] ; [206.94787645 180.05212355],1
p3,1,0.008696,6.884284,[76 56] ; [174 218],[62.97709924 69.02290076] ; [187.02290076 204.97709924],0
b1,1,0.058718,3.573229,[54 78] ; [125 267],[45.09160305 86.90839695] ; [133.90839695 258.09160305],0
p5,1,0.553164,0.35168,[ 13 115] ; [ 33 358],[ 11.34489403 116.65510597] ; [ 34.65510597 356.34489403],0
p12,1,0.888302,0.019727,[  7 125] ; [ 22 369],[  7.31931166 124.68068834] ; [ 21.68068834 369.31931166],0
p1,1,0.979525,0.000659,[  8 124] ; [ 24 368],[  8.0610687 123.9389313] ; [ 23.9389313 368.0610687],0
