Feature,DoF,P Value,Chi Square,Observed,Expected,Is Significant
p9,1,0.0,33.081856,[107  18] ; [30 35],[90.13157895 34.86842105] ; [46.86842105 18.13157895],1
p5,1,0.041889,4.139697,[ 11 114] ; [ 1 68],[  7.73195876 117.26804124] ; [ 4.26804124 64.73195876],0
p6,1,0.157786,1.995314,[38 87] ; [14 53],[33.85416667 91.14583333] ; [18.14583333 48.85416667],0
p11,1,0.235079,1.409864,[89 37] ; [43 26],[85.29230769 40.70769231] ; [46.70769231 22.29230769],0
p7,1,0.250657,1.319641,[72 54] ; [33 35],[68.19587629 57.80412371] ; [36.80412371 31.19587629],0
p1,1,0.27822,1.175763,[ 11 115] ; [ 3 64],[  9.13989637 116.86010363] ; [ 4.86010363 62.13989637],0
b1,1,0.293699,1.102588,[61 65] ; [28 41],[57.50769231 68.49230769] ; [31.49230769 37.50769231],0
p12,1,0.305685,1.049229,[  8 118] ; [ 2 66],[  6.49484536 119.50515464] ; [ 3.50515464 64.49484536],0
