Feature,DoF,P Value,Chi Square,Observed,Expected,Is Significant
p6,1,0.005515,7.702428,[ 77 224] ; [19 22],[ 84.49122807 216.50877193] ; [11.50877193 29.49122807],0
p3,1,0.070287,3.276317,[114 189] ; [21 19],[119.25655977 183.74344023] ; [15.74344023 24.25655977],0
p11,1,0.107407,2.591971,[235  69] ; [27 14],[230.86376812  73.13623188] ; [31.13623188  9.86376812],0
b1,1,0.151383,2.058264,[106 198] ; [19 22],[110.14492754 193.85507246] ; [14.85507246 26.14492754],0
p5,1,0.156767,2.005143,[ 19 279] ; [ 5 35],[ 21.15976331 276.84023669] ; [ 2.84023669 37.15976331],0
p1,1,0.295189,1.095802,[ 17 287] ; [ 4 37],[ 18.50434783 285.49565217] ; [ 2.49565217 38.50434783],0
p12,1,0.452884,0.563425,[ 20 284] ; [ 4 37],[ 21.14782609 282.85217391] ; [ 2.85217391 38.14782609],0
p4,1,0.966324,0.001783,[145 158] ; [19 21],[144.87463557 158.12536443] ; [19.12536443 20.87463557],0
