Feature,DoF,P Value,Chi Square,Observed,Expected,Is Significant
p9,1,1e-06,24.086849,[26 37] ; [44  7],[38.68421053 24.31578947] ; [31.31578947 19.68421053],1
p6,1,0.005771,7.620468,[24 38] ; [ 8 44],[17.40350877 44.59649123] ; [14.59649123 37.40350877],0
b1,1,0.014812,5.938669,[31 32] ; [14 38],[24.65217391 38.34782609] ; [20.34782609 31.65217391],0
p11,1,0.105098,2.626424,[33 30] ; [35 17],[37.25217391 25.74782609] ; [30.74782609 21.25217391],0
p12,1,0.43883,0.599339,[ 1 62] ; [ 2 49],[ 1.65789474 61.34210526] ; [ 1.34210526 49.65789474],0
p5,1,0.750475,0.101132,[ 5 58] ; [ 5 47],[ 5.47826087 57.52173913] ; [ 4.52173913 47.47826087],0
p1,1,0.793989,0.068191,[ 7 56] ; [ 5 47],[ 6.57391304 56.42608696] ; [ 5.42608696 46.57391304],0
