Feature,DoF,P Value,Chi Square,Observed,Expected,Is Significant
p9,1,0.0,31.34323,[337  34] ; [22 15],[326.44362745  44.55637255] ; [32.55637255  4.44362745],1
p8,1,0.0,26.060992,[281  89] ; [13 23],[267.93103448 102.06896552] ; [26.06896552  9.93103448],1
p10,1,1e-06,23.679941,[332  37] ; [23 14],[322.64778325  46.35221675] ; [32.35221675  4.64778325],1
p11,1,0.000175,14.080238,[319  52] ; [23 14],[310.98529412  60.01470588] ; [31.01470588  5.98529412],1
p3,1,0.001378,10.235392,[265 106] ; [17 20],[256.42647059 114.57352941] ; [25.57352941 11.42647059],0
p5,1,0.050821,3.814176,[ 70 300] ; [ 2 33],[ 65.77777778 304.22222222] ; [ 6.22222222 28.77777778],0
p1,1,0.102725,2.662714,[ 42 328] ; [ 1 36],[ 39.09090909 330.90909091] ; [ 3.90909091 33.09090909],0
b1,1,0.316752,1.002312,[149 222] ; [18 19],[151.85539216 219.14460784] ; [15.14460784 21.85539216],0
