Feature,DoF,P Value,Chi Square,Observed,Expected,Is Significant
p10,1,0.000726,11.422244,[15 19] ; [118  42],[23.30927835 10.69072165] ; [109.69072165  50.30927835],1
p4,1,0.007963,7.041767,[18 15] ; [ 49 112],[11.39690722 21.60309278] ; [ 55.60309278 105.39690722],0
p11,1,0.01189,6.327189,[18 16] ; [120  41],[24.06153846  9.93846154] ; [113.93846154  47.06153846],0
b1,1,0.052824,3.74947,[15 19] ; [ 44 117],[10.28717949 23.71282051] ; [ 48.71282051 112.28717949],0
p1,1,0.818356,0.052743,[ 1 33] ; [  6 154],[ 1.22680412 32.77319588] ; [  5.77319588 154.22680412],0
p5,1,0.959769,0.002544,[ 1 33] ; [  5 156],[ 1.04615385 32.95384615] ; [  4.95384615 156.04615385],0
