Feature,DoF,P Value,Chi Square,Observed,Expected,Is Significant
p4,1,0.0,31.175195,[115  59] ; [241  33],[138.26785714  35.73214286] ; [217.73214286  56.26785714],1
p5,1,2.2e-05,18.006567,[ 14 160] ; [ 65 209],[ 30.68303571 143.31696429] ; [ 48.31696429 225.68303571],1
p12,1,0.002154,9.41352,[  8 166] ; [ 37 236],[ 17.51677852 156.48322148] ; [ 27.48322148 245.51677852],0
p1,1,0.005828,7.602713,[ 11 161] ; [ 41 232],[ 20.0988764 151.9011236] ; [ 31.9011236 241.0988764],0
p9,1,0.023462,5.134006,[149  23] ; [255  19],[155.80269058  16.19730942] ; [248.19730942  25.80269058],0
p10,1,0.229628,1.443165,[154  20] ; [250  22],[157.61434978  16.38565022] ; [246.38565022  25.61434978],0
b1,1,0.323535,0.974603,[ 63 111] ; [112 162],[ 67.96875 106.03125] ; [107.03125 166.96875],0
p11,1,0.671013,0.18042,[152  22] ; [243  31],[153.41517857  20.58482143] ; [241.58482143  32.41517857],0
