Feature,DoF,P Value,Chi Square,Observed,Expected,Is Significant
p6,1,0.027507,4.858732,[21 70] ; [ 66 116],[29. 62.] ; [ 58. 124.],0
p9,1,0.204999,1.606395,[75 14] ; [164  19],[78.20220588 10.79779412] ; [160.79779412  22.20220588],0
p11,1,0.231836,1.429561,[69 22] ; [150  33],[72.73357664 18.26642336] ; [146.26642336  36.73357664],0
p1,1,0.332432,0.9394,[ 7 82] ; [  9 174],[ 5.23529412 83.76470588] ; [ 10.76470588 172.23529412],0
p2,1,0.334741,0.930468,[77 13] ; [163  19],[79.41176471 10.58823529] ; [160.58823529  21.41176471],0
b1,1,0.609254,0.261263,[29 62] ; [ 64 119],[30.88686131 60.11313869] ; [ 62.11313869 120.88686131],0
p5,1,0.718419,0.130012,[ 7 83] ; [ 12 170],[ 6.28676471 83.71323529] ; [ 12.71323529 169.28676471],0
p12,1,0.981035,0.000565,[ 3 87] ; [  6 177],[ 2.96703297 87.03296703] ; [  6.03296703 176.96703297],0
