Feature,DoF,P Value,Chi Square,Observed,Expected,Is Significant
p11,1,0.006344,7.449769,[46 22] ; [ 4 10],[41.46341463 26.53658537] ; [8.53658537 5.46341463],0
p7,1,0.007838,7.070178,[19 44] ; [9 4],[23.21052632 39.78947368] ; [4.78947368 8.21052632],0
p4,1,0.022145,5.234374,[15 51] ; [7 6],[18.37974684 47.62025316] ; [3.62025316 9.37974684],0
p6,1,0.287011,1.133592,[11 56] ; [ 4 10],[12.40740741 54.59259259] ; [ 2.59259259 11.40740741],0
p5,1,0.955456,0.00312,[ 5 61] ; [ 1 13],[ 4.95 61.05] ; [ 1.05 12.95],0
b1,1,0.988453,0.000209,[29 39] ; [6 8],[29.02439024 38.97560976] ; [5.97560976 8.02439024],0
