Feature,DoF,P Value,Chi Square,Observed,Expected,Is Significant
b1,1,0.004577,8.039517,[ 61 160] ; [18 17],[ 68.19921875 152.80078125] ; [10.80078125 24.19921875],0
p1,1,0.023613,5.122803,[  4 215] ; [ 3 32],[  6.03543307 212.96456693] ; [ 0.96456693 34.03543307],0
p7,1,0.060216,3.531428,[ 98 112] ; [10 24],[ 92.95081967 117.04918033] ; [15.04918033 18.95081967],0
p11,1,0.074168,3.188278,[170  51] ; [22 13],[165.75  55.25] ; [26.25  8.75],0
p9,1,0.078262,3.10064,[176  40] ; [24 11],[172.11155378  43.88844622] ; [27.88844622  7.11155378],0
p10,1,0.204242,1.611779,[166  53] ; [23 12],[162.95669291  56.04330709] ; [26.04330709  8.95669291],0
p5,1,0.288234,1.12785,[  6 214] ; [ 2 30],[  6.98412698 213.01587302] ; [ 1.01587302 30.98412698],0
p12,1,0.564439,0.332077,[  8 210] ; [ 2 33],[  8.61660079 209.38339921] ; [ 1.38339921 33.61660079],0
p6,1,0.931615,0.007364,[ 37 180] ; [ 6 28],[ 37.1752988 179.8247012] ; [ 5.8247012 28.1752988],0
