Feature,DoF,P Value,Chi Square,Observed,Expected,Is Significant
p1,1,0.000126,14.70554,[ 10 192] ; [ 5 12],[ 13.83561644 188.16438356] ; [ 1.16438356 15.83561644],1
p8,1,0.049744,3.850071,[ 33 169] ; [ 6 11],[ 35.97260274 166.02739726] ; [ 3.02739726 13.97260274],0
b1,1,0.068201,3.325785,[ 74 129] ; [10  7],[ 77.50909091 125.49090909] ; [ 6.49090909 10.50909091],0
p11,1,0.082604,3.012917,[127  76] ; [ 7 10],[123.64545455  79.35454545] ; [10.35454545  6.64545455],0
p9,1,0.474531,0.511405,[132  64] ; [10  7],[130.66666667  65.33333333] ; [11.33333333  5.66666667],0
p5,1,0.512115,0.429744,[  6 196] ; [ 1 16],[  6.456621 195.543379] ; [ 0.543379 16.456621],0
p10,1,0.674144,0.176793,[119  81] ; [11  6],[119.8156682  80.1843318] ; [10.1843318  6.8156682],0
p12,1,0.8735,0.025349,[ 10 190] ; [ 1 16],[ 10.13824885 189.86175115] ; [ 0.86175115 16.13824885],0
