Feature,DoF,P Value,Chi Square,Observed,Expected,Is Significant
p9,1,2e-06,22.502432,[18  7] ; [15 59],[ 8.33333333 16.66666667] ; [24.66666667 49.33333333],1
p1,1,0.002242,9.339649,[ 8 17] ; [ 6 71],[ 3.43137255 21.56862745] ; [10.56862745 66.43137255],0
p11,1,0.015345,5.876409,[16  9] ; [28 49],[10.78431373 14.21568627] ; [33.21568627 43.78431373],0
b1,1,0.168464,1.896563,[11 14] ; [46 31],[13.97058824 11.02941176] ; [43.02941176 33.97058824],0
p6,1,0.356211,0.851209,[ 4 21] ; [ 7 68],[ 2.75 22.25] ; [ 8.25 66.75],0
p5,1,0.718371,0.130059,[ 1 24] ; [ 2 75],[ 0.73529412 24.26470588] ; [ 2.26470588 74.73529412],0
