Feature,DoF,P Value,Chi Square,Observed,Expected,Is Significant
p8,1,0.099645,2.711208,[19 18] ; [22  9],[22.30882353 14.69117647] ; [18.69117647 12.30882353],0
p1,1,0.172863,1.857934,[ 3 34] ; [ 6 25],[ 4.89705882 32.10294118] ; [ 4.10294118 26.89705882],0
p11,1,0.20674,1.59411,[17 20] ; [19 12],[19.58823529 17.41176471] ; [16.41176471 14.58823529],0
p5,1,0.277623,1.17869,[ 2 35] ; [ 4 27],[ 3.26470588 33.73529412] ; [ 2.73529412 28.26470588],0
p7,1,0.483365,0.491262,[25 11] ; [19 12],[23.64179104 12.35820896] ; [20.35820896 10.64179104],0
b1,1,0.589557,0.291036,[25 12] ; [19 12],[23.94117647 13.05882353] ; [20.05882353 10.94117647],0
