Feature,DoF,P Value,Chi Square,Observed,Expected,Is Significant
p7,1,0.0,31.960438,[95 43] ; [23 56],[75.04147465 62.95852535] ; [42.95852535 36.04147465],1
p8,1,3e-06,21.754292,[74 64] ; [18 65],[57.4479638 80.5520362] ; [34.5520362 48.4479638],1
p11,1,0.027098,4.884533,[117  23] ; [59 24],[110.49327354  29.50672646] ; [65.50672646 17.49327354],0
p9,1,0.041692,4.147677,[129  10] ; [69 13],[124.53393665  14.46606335] ; [73.46606335  8.53393665],0
b1,1,0.115404,2.47861,[46 94] ; [36 47],[51.47982063 88.52017937] ; [30.52017937 52.47982063],0
p12,1,0.201266,1.633165,[  6 134] ; [ 7 76],[  8.16143498 131.83856502] ; [ 4.83856502 78.16143498],0
p5,1,0.331283,0.943877,[ 12 127] ; [ 4 75],[ 10.20183486 128.79816514] ; [ 5.79816514 73.20183486],0
p1,1,0.574888,0.314572,[  9 131] ; [ 7 76],[ 10.04484305 129.95515695] ; [ 5.95515695 77.04484305],0
