Feature,DoF,P Value,Chi Square,Observed,Expected,Is Significant
p11,1,0.007703,7.101158,[ 9 12] ; [28  8],[13.63157895  7.36842105] ; [23.36842105 12.63157895],0
b1,1,0.008042,7.024062,[14  7] ; [11 25],[ 9.21052632 11.78947368] ; [15.78947368 20.21052632],0
p2,1,0.024906,5.03041,[11 10] ; [29  7],[14.73684211  6.26315789] ; [25.26315789 10.73684211],0
p8,1,0.08056,3.053571,[ 4 17] ; [15 21],[ 7. 14.] ; [12. 24.],0
p1,1,0.621334,0.243997,[ 3 18] ; [ 7 29],[ 3.68421053 17.31578947] ; [ 6.31578947 29.68421053],0
p4,1,0.832128,0.044932,[14  7] ; [23 13],[13.63157895  7.36842105] ; [23.36842105 12.63157895],0
p5,1,0.897009,0.016755,[ 1 20] ; [ 2 34],[ 1.10526316 19.89473684] ; [ 1.89473684 34.10526316],0
