Feature,DoF,P Value,Chi Square,Observed,Expected,Is Significant
p4,1,1e-06,24.144603,[184  24] ; [14 13],[175.25106383  32.74893617] ; [22.74893617  4.25106383],1
p11,1,7e-06,20.095339,[185  24] ; [15 12],[177.11864407  31.88135593] ; [22.88135593  4.11864407],1
p3,1,0.000938,10.946902,[156  52] ; [12 15],[148.69787234  59.30212766] ; [19.30212766  7.69787234],1
p2,1,0.002592,9.074273,[193  16] ; [20  7],[188.63135593  20.36864407] ; [24.36864407  2.63135593],0
p5,1,0.024875,5.032548,[ 57 152] ; [ 2 25],[ 52.25 156.75] ; [ 6.75 20.25],0
b1,1,0.063158,3.452448,[ 92 117] ; [17 10],[ 96.52966102 112.47033898] ; [12.47033898 14.52966102],0
p1,1,0.887865,0.019883,[ 33 175] ; [ 4 23],[ 32.74893617 175.25106383] ; [ 4.25106383 22.74893617],0
