Feature,DoF,P Value,Chi Square,Observed,Expected,Is Significant
p10,1,0.0,25.495982,[142  90] ; [158  31],[165.32066508  66.67933492] ; [134.67933492  54.32066508],1
p2,1,0.00988,6.65639,[139  98] ; [133  55],[151.68  85.32] ; [120.32  67.68],0
p11,1,0.015218,5.891017,[148  89] ; [139  50],[159.66901408  77.33098592] ; [127.33098592  61.66901408],0
p5,1,0.441584,0.592164,[  8 228] ; [  4 183],[  6.69503546 229.30496454] ; [  5.30496454 181.69503546],0
b1,1,0.541745,0.372315,[ 87 150] ; [ 64 125],[ 84.00704225 152.99295775] ; [ 66.99295775 122.00704225],0
p12,1,0.606266,0.265648,[ 11 223] ; [ 11 178],[ 12.17021277 221.82978723] ; [  9.82978723 179.17021277],0
p1,1,0.680234,0.169862,[ 12 224] ; [  8 181],[ 11.10588235 224.89411765] ; [  8.89411765 180.10588235],0
