Feature,DoF,P Value,Chi Square,Observed,Expected,Is Significant
p4,1,0.001186,10.512322,[32 41] ; [23  6],[39.3627451 33.6372549] ; [15.6372549 13.3627451],0
p7,1,0.020191,5.395271,[37 36] ; [22  7],[42.2254902 30.7745098] ; [16.7745098 12.2254902],0
p1,1,0.084822,2.970004,[ 3 69] ; [ 4 25],[ 4.99009901 67.00990099] ; [ 2.00990099 26.99009901],0
p11,1,0.396626,0.718531,[42 31] ; [14 15],[40.07843137 32.92156863] ; [15.92156863 13.07843137],0
b1,1,0.876654,0.024091,[34 39] ; [14 15],[34.35294118 38.64705882] ; [13.64705882 15.35294118],0
