Feature,DoF,P Value,Chi Square,Observed,Expected,Is Significant
p4,1,0.0,26.455548,[90 91] ; [149  49],[114.13984169  66.86015831] ; [124.86015831  73.13984169],1
p8,1,2e-06,22.169565,[ 58 121] ; [112  86],[80.71618037 98.28381963] ; [ 89.28381963 108.71618037],1
p11,1,0.132075,2.267944,[147  34] ; [172  26],[152.34564644  28.65435356] ; [166.65435356  31.34564644],0
b1,1,0.151602,2.056053,[ 55 126] ; [ 74 124],[ 61.60686016 119.39313984] ; [ 67.39313984 130.60686016],0
p5,1,0.186623,1.744077,[ 14 167] ; [ 23 172],[ 17.81117021 163.18882979] ; [ 19.18882979 175.81117021],0
p1,1,0.511095,0.431825,[ 14 167] ; [ 19 178],[ 15.8015873 165.1984127] ; [ 17.1984127 179.8015873],0
p12,1,0.785515,0.07406,[ 15 165] ; [ 15 183],[ 14.28571429 165.71428571] ; [ 15.71428571 182.28571429],0
