Feature,DoF,P Value,Chi Square,Observed,Expected,Is Significant
p12,1,5.2e-05,16.356881,[ 1 51] ; [3 4],[ 3.52542373 48.47457627] ; [0.47457627 6.52542373],1
p7,1,0.090916,2.858075,[27 25] ; [6 1],[29.08474576 22.91525424] ; [3.91525424 3.08474576],0
p8,1,0.12039,2.412238,[21 31] ; [5 2],[22.91525424 29.08474576] ; [3.08474576 3.91525424],0
p11,1,0.20978,1.572943,[32 20] ; [6 1],[33.49152542 18.50847458] ; [4.50847458 2.49152542],0
b1,1,0.245965,1.346075,[27 25] ; [2 5],[25.55932203 26.44067797] ; [3.44067797 3.55932203],0
p6,1,0.247225,1.338918,[18 34] ; [4 3],[19.38983051 32.61016949] ; [2.61016949 4.38983051],0
p10,1,0.593777,0.284485,[35 17] ; [4 3],[34.37288136 17.62711864] ; [4.62711864 2.37288136],0
p9,1,0.826605,0.047987,[35 17] ; [5 2],[35.25423729 16.74576271] ; [4.74576271 2.25423729],0
