Feature,DoF,P Value,Chi Square,Observed,Expected,Is Significant
p5,1,0.001361,10.257856,[  7 163] ; [ 24 146],[ 15.5 154.5] ; [ 15.5 154.5],0
p10,1,0.004627,8.019641,[121  48] ; [145  27],[131.82991202  37.17008798] ; [134.17008798  37.82991202],0
p11,1,0.03163,4.61843,[123  47] ; [142  31],[131.34110787  38.65889213] ; [133.65889213  39.34110787],0
p9,1,0.090178,2.871199,[134  34] ; [149  23],[139.83529412  28.16470588] ; [143.16470588  28.83529412],0
p1,1,0.422454,0.643478,[ 10 159] ; [ 14 158],[ 11.89442815 157.10557185] ; [ 12.10557185 159.89442815],0
p12,1,0.555416,0.347703,[ 10 159] ; [ 13 160],[ 11.36549708 157.63450292] ; [ 11.63450292 161.36549708],0
b1,1,0.577932,0.309591,[ 58 112] ; [ 64 109],[ 60.4664723 109.5335277] ; [ 61.5335277 111.4664723],0
