Feature,DoF,P Value,Chi Square,Observed,Expected,Is Significant
p10,1,0.0,52.916516,[250  22] ; [3 9],[242.30985915  29.69014085] ; [10.69014085  1.30985915],1
p11,1,0.0,29.909933,[243  31] ; [4 8],[236.63636364  37.36363636] ; [10.36363636  1.63636364],1
p4,1,0.000177,14.063773,[241  33] ; [6 6],[236.63636364  37.36363636] ; [10.36363636  1.63636364],1
p6,1,0.001061,10.718476,[158 110] ; [ 1 10],[152.7311828 115.2688172] ; [6.2688172 4.7311828],0
b1,1,0.529736,0.394898,[112 162] ; [6 6],[113.04895105 160.95104895] ; [4.95104895 7.04895105],0
p1,1,0.875926,0.024378,[ 41 232] ; [ 2 10],[ 41.18947368 231.81052632] ; [ 1.81052632 10.18947368],0
