Feature,DoF,P Value,Chi Square,Observed,Expected,Is Significant
p3,1,0.0,54.60338,[35 69] ; [225  79],[66.2745098 37.7254902] ; [193.7254902 110.2745098],1
p6,1,0.0,36.657924,[23 77] ; [176 128],[49.25742574 50.74257426] ; [149.74257426 154.25742574],1
p7,1,0.000332,12.882391,[72 26] ; [268  35],[83.09226933 14.90773067] ; [256.90773067  46.09226933],1
p5,1,0.001583,9.979743,[ 8 95] ; [ 66 239],[18.68137255 84.31862745] ; [ 55.31862745 249.68137255],0
p10,1,0.017001,5.696274,[87 15] ; [282  21],[92.93333333  9.06666667] ; [276.06666667  26.93333333],0
p12,1,0.026415,4.928675,[ 5 97] ; [ 39 266],[11.02702703 90.97297297] ; [ 32.97297297 272.02702703],0
p2,1,0.104698,2.632488,[92 11] ; [286  18],[95.66093366  7.33906634] ; [282.33906634  21.66093366],0
p9,1,0.420503,0.64891,[93 10] ; [282  22],[94.9017199  8.0982801] ; [280.0982801  23.9017199],0
b1,1,0.572179,0.31905,[37 67] ; [118 187],[39.41320293 64.58679707] ; [115.58679707 189.41320293],0
p1,1,0.645328,0.211842,[11 91] ; [ 38 266],[12.31034483 89.68965517] ; [ 36.68965517 267.31034483],0
