Feature,DoF,P Value,Chi Square,Observed,Expected,Is Significant
p9,1,0.001497,10.082217,[6 7] ; [58 10],[10.27160494  2.72839506] ; [53.72839506 14.27160494],0
p11,1,0.076146,3.145304,[5 8] ; [44 24],[7.86419753 5.13580247] ; [41.13580247 26.86419753],0
b1,1,0.203007,1.62061,[9 4] ; [34 34],[6.90123457 6.09876543] ; [36.09876543 31.90123457],0
p4,1,0.337736,0.919006,[7 6] ; [46 22],[8.50617284 4.49382716] ; [44.49382716 23.50617284],0
p5,1,0.616938,0.250195,[ 1 12] ; [ 3 65],[ 0.64197531 12.35802469] ; [ 3.35802469 64.64197531],0
p3,1,0.725355,0.12342,[7 6] ; [33 35],[6.41975309 6.58024691] ; [33.58024691 34.41975309],0
p1,1,0.965854,0.001833,[ 1 12] ; [ 5 63],[ 0.96296296 12.03703704] ; [ 5.03703704 62.96296296],0
