Feature,DoF,P Value,Chi Square,Observed,Expected,Is Significant
p6,1,1e-06,24.045553,[58 96] ; [ 33 182],[ 37.97831978 116.02168022] ; [ 53.02168022 161.97831978],1
p2,1,0.016588,5.739429,[134  21] ; [166  51],[125.  30.] ; [175.  42.],0
b1,1,0.119833,2.419503,[61 95] ; [ 68 149],[ 53.95174263 102.04825737] ; [ 75.04825737 141.95174263],0
p12,1,0.16052,1.969317,[  4 152] ; [ 12 204],[  6.70967742 149.29032258] ; [  9.29032258 206.70967742],0
p11,1,0.257206,1.283735,[112  44] ; [167  50],[116.68632708  39.31367292] ; [162.31367292  54.68632708],0
p5,1,0.43448,0.610819,[ 10 144] ; [ 10 206],[  8.32432432 145.67567568] ; [ 11.67567568 204.32432432],0
p1,1,0.697875,0.150692,[  7 149] ; [  8 209],[  6.27345845 149.72654155] ; [  8.72654155 208.27345845],0
