Feature,DoF,P Value,Chi Square,Observed,Expected,Is Significant
p3,1,0.143757,2.137275,[10  7] ; [18 29],[7.4375 9.5625] ; [20.5625 26.4375],0
p11,1,0.17111,1.873193,[8 9] ; [31 16],[10.359375  6.640625] ; [28.640625 18.359375],0
b1,1,0.412151,0.672587,[11  6] ; [25 22],[9.5625 7.4375] ; [26.4375 20.5625],0
p10,1,0.526605,0.400938,[10  7] ; [31 15],[11.06349206  5.93650794] ; [29.93650794 16.06349206],0
p1,1,0.619816,0.246126,[ 3 14] ; [ 6 41],[ 2.390625 14.609375] ; [ 6.609375 40.390625],0
p9,1,0.974684,0.001007,[13  4] ; [35 11],[12.95238095  4.04761905] ; [35.04761905 10.95238095],0
