Feature,DoF,P Value,Chi Square,Observed,Expected,Is Significant
p1,1,0.001075,10.69344,[ 6 35] ; [ 1 93],[ 2.12592593 38.87407407] ; [ 4.87407407 89.12592593],0
p9,1,0.049468,3.859398,[36  5] ; [68 26],[31.58518519  9.41481481] ; [72.41481481 21.58518519],0
p3,1,0.08161,3.032544,[20 21] ; [31 63],[15.48888889 25.51111111] ; [35.51111111 58.48888889],0
p12,1,0.113674,2.502391,[ 4 37] ; [ 3 91],[ 2.12592593 38.87407407] ; [ 4.87407407 89.12592593],0
p5,1,0.166803,1.911444,[ 2 39] ; [ 1 93],[ 0.91111111 40.08888889] ; [ 2.08888889 91.91111111],0
b1,1,0.303076,1.060609,[14 27] ; [41 53],[16.7037037 24.2962963] ; [38.2962963 55.7037037],0
p11,1,0.821275,0.051033,[27 14] ; [60 34],[26.42222222 14.57777778] ; [60.57777778 33.42222222],0
p10,1,0.854091,0.03382,[29 12] ; [65 29],[28.54814815 12.45185185] ; [65.45185185 28.54814815],0
