Feature,DoF,P Value,Chi Square,Observed,Expected,Is Significant
p7,1,0.001696,9.851978,[66 19] ; [221 151],[53.38074398 31.61925602] ; [233.61925602 138.38074398],0
p11,1,0.063261,3.449761,[70 19] ; [326  51],[75.63090129 13.36909871] ; [320.36909871  56.63090129],0
p4,1,0.116405,2.46503,[56 33] ; [202 174],[49.38064516 39.61935484] ; [208.61935484 167.38064516],0
p1,1,0.541848,0.372126,[ 7 82] ; [ 23 354],[ 5.72961373 83.27038627] ; [ 24.27038627 352.72961373],0
p12,1,0.599443,0.275836,[ 6 83] ; [ 20 356],[ 4.97634409 84.02365591] ; [ 21.02365591 354.97634409],0
b1,1,0.677616,0.172822,[27 62] ; [123 254],[28.64806867 60.35193133] ; [121.35193133 255.64806867],0
p8,1,0.839242,0.041154,[47 42] ; [192 180],[46.14099783 42.85900217] ; [192.85900217 179.14099783],0
p9,1,0.863127,0.02972,[84  5] ; [354  23],[83.65236052  5.34763948] ; [354.34763948  22.65236052],0
p5,1,0.906443,0.013812,[ 7 82] ; [ 31 345],[ 7.27311828 81.72688172] ; [ 30.72688172 345.27311828],0
