Feature,DoF,P Value,Chi Square,Observed,Expected,Is Significant
p7,1,0.004911,7.911744,[ 9 13] ; [30  9],[14.06557377  7.93442623] ; [24.93442623 14.06557377],0
p6,1,0.051436,3.794008,[ 7 15] ; [22 16],[10.63333333 11.36666667] ; [18.36666667 19.63333333],0
p11,1,0.18921,1.723761,[ 8 14] ; [21 18],[10.45901639 11.54098361] ; [18.54098361 20.45901639],0
p1,1,0.202155,1.626734,[ 1 21] ; [ 6 33],[ 2.52459016 19.47540984] ; [ 4.47540984 34.52459016],0
p9,1,0.490796,0.47478,[ 6 16] ; [14 25],[ 7.21311475 14.78688525] ; [12.78688525 26.21311475],0
p3,1,0.498008,0.459178,[11 11] ; [23 16],[12.26229508  9.73770492] ; [21.73770492 17.26229508],0
b1,1,0.55673,0.345398,[13  9] ; [20 19],[11.90163934 10.09836066] ; [21.09836066 17.90163934],0
p5,1,0.909474,0.012928,[ 3 18] ; [ 6 33],[ 3.15 17.85] ; [ 5.85 33.15],0
