Feature,DoF,P Value,Chi Square,Observed,Expected,Is Significant
b1,1,0.004082,8.246829,[ 91 181] ; [55 57],[103.41666667 168.58333333] ; [42.58333333 69.41666667],0
p10,1,0.068022,3.330122,[237  34] ; [89 22],[231.27225131  39.72774869] ; [94.72774869 16.27225131],0
p5,1,0.115777,2.473535,[ 17 254] ; [12 97],[ 20.68157895 250.31842105] ; [  8.31842105 100.68157895],0
p1,1,0.119374,2.425512,[ 13 259] ; [ 10 102],[ 16.29166667 255.70833333] ; [  6.70833333 105.29166667],0
p6,1,0.422491,0.643376,[ 76 195] ; [36 76],[ 79.24804178 191.75195822] ; [32.75195822 79.24804178],0
p12,1,0.444325,0.585087,[ 14 258] ; [  8 104],[ 15.58333333 256.41666667] ; [  6.41666667 105.58333333],0
p11,1,0.679284,0.170933,[207  65] ; [83 29],[205.41666667  66.58333333] ; [84.58333333 27.41666667],0
p7,1,0.873898,0.025189,[134 134] ; [55 57],[133.29473684 134.70526316] ; [55.70526316 56.29473684],0
