Feature,DoF,P Value,Chi Square,Observed,Expected,Is Significant
p9,1,0.0,101.470504,[114   7] ; [37 81],[76.44769874 44.55230126] ; [74.55230126 43.44769874],1
p4,1,0.0,67.994196,[89 32] ; [26 98],[56.79591837 64.20408163] ; [58.20408163 65.79591837],1
p11,1,0.0,32.324384,[98 23] ; [57 67],[76.55102041 44.44897959] ; [78.44897959 45.55102041],1
p2,1,0.0,28.428607,[98 23] ; [60 64],[78.03265306 42.96734694] ; [79.96734694 44.03265306],1
p7,1,1e-06,23.401709,[68 53] ; [31 90],[49.5 71.5] ; [49.5 71.5],1
p1,1,0.047957,3.911507,[ 13 108] ; [  5 117],[  8.96296296 112.03703704] ; [  9.03703704 112.96296296],0
p12,1,0.071003,3.259688,[  9 112] ; [  3 120],[  5.95081967 115.04918033] ; [  6.04918033 116.95081967],0
b1,1,0.858088,0.031972,[57 64] ; [57 67],[56.30204082 64.69795918] ; [57.69795918 66.30204082],0
