Feature,DoF,P Value,Chi Square,Observed,Expected,Is Significant
p8,1,4e-06,21.392717,[238  68] ; [47 42],[220.78481013  85.21518987] ; [64.21518987 24.78481013],1
p4,1,1.1e-05,19.355837,[258  48] ; [56 33],[243.25063291  62.74936709] ; [70.74936709 18.25063291],1
p5,1,0.005477,7.714766,[ 63 242] ; [ 7 82],[ 54.18781726 250.81218274] ; [15.81218274 73.18781726],0
p11,1,0.009476,6.730819,[273  33] ; [70 19],[265.7164557  40.2835443] ; [77.2835443 11.7164557],0
b1,1,0.050653,3.819719,[128 178] ; [27 62],[120.07594937 185.92405063] ; [34.92405063 54.07594937],0
p2,1,0.096235,2.766849,[284  21] ; [78 11],[280.2284264  24.7715736] ; [81.7715736  7.2284264],0
p12,1,0.131881,2.270226,[ 38 267] ; [ 6 83],[ 34.06091371 270.93908629] ; [ 9.93908629 79.06091371],0
p9,1,0.162127,1.954274,[298   8] ; [84  5],[295.92911392  10.07088608] ; [86.07088608  2.92911392],0
p1,1,0.257191,1.283816,[ 37 267] ; [ 7 82],[ 34.03562341 269.96437659] ; [ 9.96437659 79.03562341],0
