Feature,DoF,P Value,Chi Square,Observed,Expected,Is Significant
p8,1,6.1e-05,16.057957,[227  55] ; [41 30],[214.09631728  67.90368272] ; [53.90368272 17.09631728],1
p10,1,0.005561,7.687203,[258  24] ; [56 14],[251.55681818  30.44318182] ; [62.44318182  7.55681818],0
p5,1,0.013242,6.136538,[ 65 216] ; [ 7 64],[ 57.47727273 223.52272727] ; [14.52272727 56.47727273],0
p9,1,0.077356,3.119605,[261  21] ; [61 10],[257.23512748  24.76487252] ; [64.76487252  6.23512748],0
p12,1,0.103476,2.65114,[ 35 247] ; [ 4 67],[ 31.15580737 250.84419263] ; [ 7.84419263 63.15580737],0
b1,1,0.146213,2.111322,[118 164] ; [23 48],[112.64022663 169.35977337] ; [28.35977337 42.64022663],0
p1,1,0.173046,1.856354,[ 36 244] ; [ 5 66],[ 32.70655271 247.29344729] ; [ 8.29344729 62.70655271],0
p2,1,0.204476,1.610113,[265  16] ; [64  7],[262.63920455  18.36079545] ; [66.36079545  4.63920455],0
p11,1,0.45928,0.54765,[244  38] ; [59 12],[242.05665722  39.94334278] ; [60.94334278 10.05665722],0
