Feature,DoF,P Value,Chi Square,Observed,Expected,Is Significant
p6,1,0.0137,6.076334,[211 146] ; [197 196],[194.208 162.792] ; [213.792 179.208],0
p3,1,0.063312,3.448419,[261  97] ; [262 131],[249.31291611 108.68708389] ; [273.68708389 119.31291611],0
p2,1,0.254455,1.298675,[337  19] ; [364  29],[333.18558077  22.81441923] ; [367.81441923  25.18558077],0
p11,1,0.295817,1.092959,[315  43] ; [356  38],[319.43882979  38.56117021] ; [351.56117021  42.43882979],0
b1,1,0.385819,0.752078,[140 218] ; [142 252],[134.25 223.75] ; [147.75 246.25],0
p12,1,0.483957,0.489934,[ 38 320] ; [ 48 344],[ 41.05066667 316.94933333] ; [ 44.94933333 347.05066667],0
p1,1,0.59385,0.284372,[ 40 316] ; [ 49 343],[ 42.35828877 313.64171123] ; [ 46.64171123 345.35828877],0
p5,1,0.742113,0.108278,[ 73 283] ; [ 77 317],[ 71.2 284.8] ; [ 78.8 315.2],0
