Feature,DoF,P Value,Chi Square,Observed,Expected,Is Significant
p2,1,0.000997,10.833481,[40 52] ; [26  8],[48.19047619 43.80952381] ; [17.80952381 16.19047619],1
p7,1,0.002081,9.476299,[26 64] ; [20 14],[33.38709677 56.61290323] ; [12.61290323 21.38709677],0
b1,1,0.096814,2.757257,[45 47] ; [11 23],[40.88888889 51.11111111] ; [15.11111111 18.88888889],0
p1,1,0.732687,0.116659,[ 4 87] ; [ 1 32],[ 3.66935484 87.33064516] ; [ 1.33064516 31.66935484],0
p12,1,0.809053,0.058393,[ 2 89] ; [ 1 33],[ 2.184 88.816] ; [ 0.816 33.184],0
p11,1,0.974534,0.001019,[43 49] ; [16 18],[43.07936508 48.92063492] ; [15.92063492 18.07936508],0
