Feature,DoF,P Value,Chi Square,Observed,Expected,Is Significant
p4,1,0.024841,5.034965,[50 70] ; [16  8],[55. 65.] ; [11. 13.],0
p12,1,0.02522,5.008696,[  3 117] ; [ 3 21],[  5. 115.] ; [ 1. 23.],0
p9,1,0.164404,1.93324,[98 20] ; [17  7],[95.56338028 22.43661972] ; [19.43661972  4.56338028],0
p10,1,0.194511,1.683115,[98 21] ; [17  7],[95.6993007 23.3006993] ; [19.3006993  4.6993007],0
p11,1,0.202751,1.622446,[96 26] ; [16  8],[93.5890411 28.4109589] ; [18.4109589  5.5890411],0
p7,1,0.433107,0.614478,[73 44] ; [17  7],[74.68085106 42.31914894] ; [15.31914894  8.68085106],0
p5,1,0.507019,0.440214,[ 10 111] ; [ 3 21],[ 10.84827586 110.15172414] ; [ 2.15172414 21.84827586],0
b1,1,0.728591,0.120409,[40 82] ; [ 7 17],[39.2739726 82.7260274] ; [ 7.7260274 16.2739726],0
p1,1,0.862419,0.030031,[  6 114] ; [ 1 23],[  5.83333333 114.16666667] ; [ 1.16666667 22.83333333],0
