Feature,DoF,P Value,Chi Square,Observed,Expected,Is Significant
p9,1,0.003727,8.41235,[12  5] ; [137  11],[15.35151515  1.64848485] ; [133.64848485  14.35151515],0
p11,1,0.012103,6.295707,[8 9] ; [112  36],[12.36363636  4.63636364] ; [107.63636364  40.36363636],0
p2,1,0.08606,2.946571,[12  5] ; [127  20],[14.40853659  2.59146341] ; [124.59146341  22.40853659],0
p1,1,0.160968,1.965111,[ 2 15] ; [  6 142],[ 0.82424242 16.17575758] ; [  7.17575758 140.82424242],0
p4,1,0.251703,1.313825,[12  5] ; [83 65],[9.78787879 7.21212121] ; [85.21212121 62.78787879],0
p3,1,0.584011,0.299796,[9 8] ; [68 80],[7.93333333 9.06666667] ; [69.06666667 78.93333333],0
b1,1,0.916735,0.01093,[ 7 10] ; [59 89],[ 6.8 10.2] ; [59.2 88.8],0
p5,1,0.963421,0.002103,[ 1 16] ; [  9 137],[ 1.04294479 15.95705521] ; [  8.95705521 137.04294479],0
