Feature,DoF,P Value,Chi Square,Observed,Expected,Is Significant
p7,1,1e-06,23.519615,[24  4] ; [ 68 116],[12.1509434 15.8490566] ; [ 79.8490566 104.1509434],1
p1,1,0.000547,11.948093,[ 6 22] ; [  8 181],[ 1.80645161 26.19354839] ; [ 12.19354839 176.80645161],1
p3,1,0.000958,10.906101,[13 15] ; [ 35 153],[ 6.22222222 21.77777778] ; [ 41.77777778 146.22222222],1
p5,1,0.00154,10.02981,[ 4 24] ; [  4 183],[ 1.04186047 26.95813953] ; [  6.95813953 180.04186047],0
b1,1,0.006114,7.5163,[17 11] ; [ 64 125],[10.4516129 17.5483871] ; [ 70.5483871 118.4516129],0
p11,1,0.306625,1.045156,[18 10] ; [139  50],[20.25806452  7.74193548] ; [136.74193548  52.25806452],0
p2,1,0.390731,0.736666,[22  6] ; [133  55],[20.09259259  7.90740741] ; [134.90740741  53.09259259],0
