Feature,DoF,P Value,Chi Square,Observed,Expected,Is Significant
p8,1,0.012346,6.260559,[238  68] ; [293 129],[223.19505495  82.80494505] ; [307.80494505 114.19505495],0
p6,1,0.155389,2.018536,[175 129] ; [221 202],[165.59009629 138.40990371] ; [230.40990371 192.59009629],0
p9,1,0.386119,0.75113,[298   8] ; [408  16],[295.93972603  10.06027397] ; [410.06027397  13.93972603],0
b1,1,0.450951,0.568261,[128 178] ; [166 259],[123.06976744 182.93023256] ; [170.93023256 254.06976744],0
p11,1,0.485119,0.487333,[273  33] ; [372  53],[270.  36.] ; [375.  50.],0
p5,1,0.496145,0.463173,[ 63 242] ; [ 79 345],[ 59.41015089 245.58984911] ; [ 82.58984911 341.41015089],0
p12,1,0.560764,0.338383,[ 38 267] ; [ 47 378],[ 35.51369863 269.48630137] ; [ 49.48630137 375.51369863],0
p1,1,0.724596,0.124132,[ 37 267] ; [ 48 376],[ 35.49450549 268.50549451] ; [ 49.50549451 374.49450549],0
