Feature,DoF,P Value,Chi Square,Observed,Expected,Is Significant
p11,1,0.700079,0.148389,[58 63] ; [60 59],[59.49166667 61.50833333] ; [58.50833333 60.49166667],0
p5,1,0.753675,0.098469,[  5 113] ; [  4 112],[  4.53846154 113.46153846] ; [  4.46153846 111.53846154],0
p12,1,0.763891,0.090225,[  7 113] ; [  8 110],[  7.56302521 112.43697479] ; [  7.43697479 110.56302521],0
p10,1,0.78636,0.073463,[56 61] ; [53 62],[54.96982759 62.03017241] ; [54.03017241 60.96982759],0
p1,1,0.793842,0.068291,[ 11 110] ; [ 12 107],[ 11.59583333 109.40416667] ; [ 11.40416667 107.59583333],0
b1,1,0.898964,0.016121,[59 62] ; [59 60],[59.49166667 61.50833333] ; [58.50833333 60.49166667],0
p3,1,0.942598,0.005185,[23 98] ; [22 96],[22.78242678 98.21757322] ; [22.21757322 95.78242678],0
p4,1,0.948044,0.004246,[24 96] ; [24 94],[24.20168067 95.79831933] ; [23.79831933 94.20168067],0
p9,1,1.0,0.0,[57 57] ; [56 56],[57. 57.] ; [56. 56.],0
