Feature,DoF,P Value,Chi Square,Observed,Expected,Is Significant
p7,1,6.6e-05,15.915477,[14  7] ; [15 57],[ 6.5483871 14.4516129] ; [22.4516129 49.5483871],1
p8,1,0.103665,2.648239,[ 6 15] ; [10 64],[ 3.53684211 17.46315789] ; [12.46315789 61.53684211],0
b1,1,0.116562,2.462917,[16  5] ; [43 32],[12.90625  8.09375] ; [46.09375 28.90625],0
p10,1,0.51944,0.415005,[ 5 16] ; [13 61],[ 3.97894737 17.02105263] ; [14.02105263 59.97894737],0
p1,1,0.613942,0.254474,[ 1 20] ; [ 6 69],[ 1.53125 19.46875] ; [ 5.46875 69.53125],0
p5,1,0.907213,0.013585,[ 1 20] ; [ 4 70],[ 1.10526316 19.89473684] ; [ 3.89473684 70.10526316],0
p11,1,0.90947,0.012929,[ 7 14] ; [26 49],[ 7.21875 13.78125] ; [25.78125 49.21875],0
