Feature,DoF,P Value,Chi Square,Observed,Expected,Is Significant
p3,1,0.0,83.52889,[114 189] ; [258  95],[171.82317073 131.17682927] ; [200.17682927 152.82317073],1
p6,1,0.0,76.489143,[ 77 224] ; [210 142],[132.29249617 168.70750383] ; [154.70750383 197.29249617],1
p2,1,0.0,37.5864,[237  65] ; [332  19],[263.15160796  38.84839204] ; [305.84839204  45.15160796],1
p5,1,0.0,25.890702,[ 19 279] ; [ 71 280],[ 41.32511556 256.67488444] ; [ 48.67488444 302.32511556],1
p11,1,5.9e-05,16.136543,[235  69] ; [314  39],[254.02739726  49.97260274] ; [294.97260274  58.02739726],1
p1,1,0.011762,6.346421,[ 17 287] ; [ 39 312],[ 25.99083969 278.00916031] ; [ 30.00916031 320.99083969],0
p12,1,0.076402,3.139817,[ 20 284] ; [ 37 316],[ 26.37442922 277.62557078] ; [ 30.62557078 322.37442922],0
b1,1,0.157755,1.99562,[106 198] ; [142 211],[114.75190259 189.24809741] ; [133.24809741 219.75190259],0
