Feature,DoF,P Value,Chi Square,Observed,Expected,Is Significant
p11,1,0.016373,5.762407,[21 14] ; [119  31],[26.48648649  8.51351351] ; [113.51351351  36.48648649],0
p6,1,0.150451,2.067667,[12 21] ; [ 35 110],[ 8.71348315 24.28651685] ; [ 38.28651685 106.71348315],0
p8,1,0.625613,0.238057,[16 18] ; [76 71],[17.28176796 16.71823204] ; [74.71823204 72.28176796],0
p12,1,0.626068,0.237431,[ 1 34] ; [  7 141],[ 1.53005464 33.46994536] ; [  6.46994536 141.53005464],0
p5,1,0.653453,0.201574,[ 2 33] ; [  6 144],[ 1.51351351 33.48648649] ; [  6.48648649 143.51351351],0
p1,1,0.659562,0.194056,[ 2 33] ; [  6 143],[ 1.52173913 33.47826087] ; [  6.47826087 142.52173913],0
b1,1,0.701588,0.146825,[15 20] ; [59 91],[14. 21.] ; [60. 90.],0
p3,1,0.782307,0.076349,[13 22] ; [52 98],[12.2972973 22.7027027] ; [52.7027027 97.2972973],0
