Feature,DoF,P Value,Chi Square,Observed,Expected,Is Significant
p7,1,0.017255,5.670233,[11 12] ; [18  4],[14.82222222  8.17777778] ; [14.17777778  7.82222222],0
p11,1,0.252939,1.306995,[17  7] ; [12 10],[15.13043478  8.86956522] ; [13.86956522  8.13043478],0
p1,1,0.321813,0.981566,[ 2 22] ; [ 4 18],[ 3.13043478 20.86956522] ; [ 2.86956522 19.13043478],0
p2,1,0.489402,0.477841,[14 10] ; [15  7],[15.13043478  8.86956522] ; [13.86956522  8.13043478],0
b1,1,0.958427,0.002717,[14 10] ; [13  9],[14.08695652  9.91304348] ; [12.91304348  9.08695652],0
