Feature,DoF,P Value,Chi Square,Observed,Expected,Is Significant
b1,1,0.007947,7.04539,[15  7] ; [20 37],[ 9.74683544 12.25316456] ; [25.25316456 31.74683544],0
p11,1,0.018168,5.579899,[ 7 15] ; [35 22],[11.69620253 10.30379747] ; [30.30379747 26.69620253],0
p5,1,0.1847,1.759398,[ 3 18] ; [ 3 54],[ 1.61538462 19.38461538] ; [ 4.38461538 52.61538462],0
p3,1,0.394748,0.724267,[10 12] ; [20 37],[ 8.35443038 13.64556962] ; [21.64556962 35.35443038],0
p4,1,0.659181,0.19452,[ 9 13] ; [26 30],[ 9.87179487 12.12820513] ; [25.12820513 30.87179487],0
p1,1,0.68584,0.163626,[ 1 21] ; [ 4 53],[ 1.39240506 20.60759494] ; [ 3.60759494 53.39240506],0
p6,1,0.760509,0.092911,[ 8 14] ; [18 37],[ 7.42857143 14.57142857] ; [18.57142857 36.42857143],0
p8,1,0.923995,0.009102,[ 8 13] ; [22 34],[ 8.18181818 12.81818182] ; [21.81818182 34.18181818],0
