Feature,DoF,P Value,Chi Square,Observed,Expected,Is Significant
p6,1,0.0,39.044666,[172 110] ; [22 71],[145.888 136.112] ; [48.112 44.888],1
p10,1,0.0,29.058239,[258  24] ; [65 29],[242.25  39.75] ; [80.75 13.25],1
p2,1,0.0,26.642896,[265  16] ; [71 23],[251.776  29.224] ; [84.224  9.776],1
p9,1,0.0,26.334347,[261  21] ; [68 26],[246.75  35.25] ; [82.25 11.75],1
p5,1,1e-06,23.652813,[ 65 216] ; [ 1 93],[ 49.456 231.544] ; [16.544 77.456],1
p11,1,1e-06,23.454191,[244  38] ; [60 34],[228.  54.] ; [76. 18.],1
p1,1,0.000921,10.979878,[ 36 244] ; [ 1 93],[ 27.70053476 252.29946524] ; [ 9.29946524 84.70053476],1
p12,1,0.010218,6.596491,[ 35 247] ; [ 3 91],[ 28.5 253.5] ; [ 9.5 84.5],0
b1,1,0.763146,0.090813,[118 164] ; [41 53],[119.25 162.75] ; [39.75 54.25],0
