Feature,DoF,P Value,Chi Square,Observed,Expected,Is Significant
p9,1,0.001269,10.387394,[19  7] ; [13 27],[12.60606061 13.39393939] ; [19.39393939 20.60606061],0
p11,1,0.271236,1.210485,[15 11] ; [18 23],[12.80597015 13.19402985] ; [20.19402985 20.80597015],0
p5,1,0.430955,0.620248,[ 5 21] ; [ 5 36],[ 3.88059701 22.11940299] ; [ 6.11940299 34.88059701],0
p1,1,0.555392,0.347746,[ 3 23] ; [ 3 38],[ 2.32835821 23.67164179] ; [ 3.67164179 37.32835821],0
p8,1,0.59947,0.275795,[16 10] ; [22 18],[14.96969697 11.03030303] ; [23.03030303 16.96969697],0
p4,1,0.603746,0.269383,[13 12] ; [24 17],[14.01515152 10.98484848] ; [22.98484848 18.01515152],0
b1,1,0.945563,0.004662,[15 11] ; [24 17],[15.13432836 10.86567164] ; [23.86567164 17.13432836],0
