Feature,DoF,P Value,Chi Square,Observed,Expected,Is Significant
p11,1,0.005335,7.762078,[218  40] ; [313  28],[228.71118531  29.28881469] ; [302.28881469  38.71118531],0
p4,1,0.039451,4.241347,[221  37] ; [269  71],[211.40468227  46.59531773] ; [278.59531773  61.40468227],0
b1,1,0.431988,0.617473,[105 153] ; [128 213],[100.3572621 157.6427379] ; [132.6427379 208.3572621],0
p12,1,0.552483,0.352888,[ 36 221] ; [ 42 298],[ 33.57788945 223.42211055] ; [ 44.42211055 295.57788945],0
p1,1,0.679011,0.171241,[ 34 223] ; [ 41 298],[ 32.34060403 224.65939597] ; [ 42.65939597 296.34060403],0
p5,1,0.745929,0.104984,[ 55 203] ; [ 69 272],[ 53.40901503 204.59098497] ; [ 70.59098497 270.40901503],0
p3,1,0.827881,0.047271,[180  78] ; [240 100],[181.20401338  76.79598662] ; [238.79598662 101.20401338],0
