Feature,DoF,P Value,Chi Square,Observed,Expected,Is Significant
p9,1,0.016178,5.78342,[149  23] ; [20  9],[144.61691542  27.38308458] ; [24.38308458  4.61691542],0
p10,1,0.019984,5.413333,[154  20] ; [21  8],[150.  24.] ; [25.  4.],0
p5,1,0.034412,4.474135,[ 14 160] ; [ 6 23],[ 17.14285714 156.85714286] ; [ 2.85714286 26.14285714],0
p12,1,0.051901,3.778941,[  8 166] ; [ 4 25],[ 10.28571429 163.71428571] ; [ 1.71428571 27.28571429],0
p11,1,0.101489,2.681992,[152  22] ; [22  7],[149.14285714  24.85714286] ; [24.85714286  4.14285714],0
p4,1,0.5789,0.308017,[115  59] ; [17 11],[113.7029703  60.2970297] ; [18.2970297  9.7029703],0
p3,1,0.790332,0.070692,[101  73] ; [17 11],[101.64356436  72.35643564] ; [16.35643564 11.64356436],0
b1,1,0.858251,0.031898,[ 63 111] ; [11 18],[ 63.42857143 110.57142857] ; [10.57142857 18.42857143],0
p1,1,0.919143,0.010305,[ 11 161] ; [ 2 27],[ 11.12437811 160.87562189] ; [ 1.87562189 27.12437811],0
