Feature,DoF,P Value,Chi Square,Observed,Expected,Is Significant
p1,1,0.0,36.909703,[ 8 17] ; [  5 202],[ 1.40086207 23.59913793] ; [ 11.59913793 195.40086207],1
b1,1,0.095409,2.780659,[11 14] ; [ 58 150],[ 7.40343348 17.59656652] ; [ 61.59656652 146.40343348],0
p11,1,0.31174,1.02329,[16  9] ; [153  55],[18.13304721  6.86695279] ; [150.86695279  57.13304721],0
p9,1,0.372312,0.795933,[18  7] ; [165  42],[19.71982759  5.28017241] ; [163.28017241  43.71982759],0
p6,1,0.388133,0.744783,[ 4 21] ; [ 49 158],[ 5.7112069 19.2887931] ; [ 47.2887931 159.7112069],0
p10,1,0.466843,0.529439,[17  8] ; [154  52],[18.50649351  6.49350649] ; [152.49350649  53.50649351],0
p5,1,0.757569,0.09528,[ 1 24] ; [  6 202],[ 0.75107296 24.24892704] ; [  6.24892704 201.75107296],0
