Feature,DoF,P Value,Chi Square,Observed,Expected,Is Significant
p9,1,3.6e-05,17.081322,[18 27] ; [19  1],[25.61538462 19.38461538] ; [11.38461538  8.61538462],1
p11,1,0.007778,7.083865,[20 25] ; [16  4],[24.92307692 20.07692308] ; [11.07692308  8.92307692],0
p7,1,0.017332,5.662403,[15 30] ; [13  7],[19.38461538 25.61538462] ; [ 8.61538462 11.38461538],0
p5,1,0.045534,3.998745,[ 2 43] ; [ 4 16],[ 4.15384615 40.84615385] ; [ 1.84615385 18.15384615],0
p3,1,0.229144,1.446164,[22 23] ; [13  7],[24.23076923 20.76923077] ; [10.76923077  9.23076923],0
b1,1,0.649219,0.206887,[23 22] ; [ 9 11],[22.15384615 22.84615385] ; [ 9.84615385 10.15384615],0
p1,1,0.921515,0.009707,[ 2 43] ; [ 1 19],[ 2.07692308 42.92307692] ; [ 0.92307692 19.07692308],0
