Feature,DoF,P Value,Chi Square,Observed,Expected,Is Significant
p7,1,0.0,64.524042,[19 44] ; [332  90],[45.59381443 17.40618557] ; [305.40618557 116.59381443],1
p8,1,0.0,56.29206,[15 53] ; [293 129],[42.74285714 25.25714286] ; [265.25714286 156.74285714],1
p6,1,0.0,29.781566,[11 56] ; [221 202],[31.72244898 35.27755102] ; [200.27755102 222.72244898],1
p11,1,2.2e-05,17.965643,[46 22] ; [372  53],[57.65517241 10.34482759] ; [360.34482759  64.65517241],1
p9,1,0.000831,11.17077,[58  9] ; [408  16],[63.5885947  3.4114053] ; [402.4114053  21.5885947],1
p5,1,0.026625,4.914978,[ 5 61] ; [ 79 345],[11.31428571 54.68571429] ; [ 72.68571429 351.31428571],0
b1,1,0.574212,0.315686,[29 39] ; [166 259],[26.89655172 41.10344828] ; [168.10344828 256.89655172],0
p1,1,0.803043,0.062206,[ 7 61] ; [ 48 376],[ 7.60162602 60.39837398] ; [ 47.39837398 376.60162602],0
p12,1,0.85129,0.035146,[ 7 61] ; [ 47 378],[ 7.44827586 60.55172414] ; [ 46.55172414 378.44827586],0
