Feature,DoF,P Value,Chi Square,Observed,Expected,Is Significant
p11,1,0.0,44.245517,[40 50] ; [189  42],[64.20560748 25.79439252] ; [164.79439252  66.20560748],1
p8,1,0.0,26.838563,[10 80] ; [ 94 133],[29.52681388 60.47318612] ; [ 74.47318612 152.52681388],1
p3,1,0.002813,8.925226,[ 8 81] ; [ 55 176],[17.521875 71.478125] ; [ 45.478125 185.521875],0
p6,1,0.003034,8.786759,[ 5 83] ; [ 43 182],[13.49520767 74.50479233] ; [ 34.50479233 190.49520767],0
b1,1,0.003737,8.407143,[41 49] ; [ 66 165],[30. 60.] ; [ 77. 154.],0
p5,1,0.197016,1.66436,[ 1 89] ; [  9 222],[ 2.80373832 87.19626168] ; [  7.19626168 223.80373832],0
p1,1,0.280329,1.165494,[ 7 82] ; [ 11 220],[ 5.00625 83.99375] ; [ 12.99375 218.00625],0
p12,1,0.373198,0.792988,[ 2 87] ; [ 10 219],[ 3.35849057 85.64150943] ; [  8.64150943 220.35849057],0
