Feature,DoF,P Value,Chi Square,Observed,Expected,Is Significant
b1,1,0.003219,8.678711,[41 76] ; [21 12],[48.36 68.64] ; [13.64 19.36],0
p11,1,0.006506,7.404646,[86 31] ; [16 17],[79.56 37.44] ; [22.44 10.56],0
p10,1,0.098823,2.724436,[88 29] ; [20 13],[84.24 32.76] ; [23.76  9.24],0
p9,1,0.110838,2.542229,[89 26] ; [21 12],[85.47297297 29.52702703] ; [24.52702703  8.47297297],0
p1,1,0.500604,0.453656,[  4 112] ; [ 2 31],[  4.67114094 111.32885906] ; [ 1.32885906 31.67114094],0
p6,1,0.523415,0.407158,[29 88] ; [10 23],[30.42 86.58] ; [ 8.58 24.42],0
p5,1,0.613418,0.255228,[  2 115] ; [ 1 31],[  2.3557047 114.6442953] ; [ 0.6442953 31.3557047],0
