Feature,DoF,P Value,Chi Square,Observed,Expected,Is Significant
p10,1,0.0,67.084144,[11 26] ; [185  24],[29.4796748  7.5203252] ; [166.5203252  42.4796748],1
p4,1,0.0,64.196996,[12 26] ; [184  24],[30.27642276  7.72357724] ; [165.72357724  42.27642276],1
p11,1,0.0,25.683417,[21 17] ; [185  24],[31.69230769  6.30769231] ; [174.30769231  34.69230769],1
p3,1,3e-06,21.912319,[14 24] ; [156  52],[26.2601626 11.7398374] ; [143.7398374  64.2601626],1
p2,1,1.9e-05,18.309316,[26 12] ; [193  16],[33.69230769  4.30769231] ; [185.30769231  23.69230769],1
p5,1,0.00098,10.86573,[ 1 37] ; [ 57 152],[ 8.92307692 29.07692308] ; [ 49.07692308 159.92307692],1
p12,1,0.026058,4.952178,[ 1 37] ; [ 34 174],[ 5.40650407 32.59349593] ; [ 29.59349593 178.40650407],0
p1,1,0.029739,4.724292,[ 1 37] ; [ 33 175],[ 5.25203252 32.74796748] ; [ 28.74796748 179.25203252],0
b1,1,0.114499,2.491,[22 16] ; [ 92 117],[17.53846154 20.46153846] ; [ 96.46153846 112.53846154],0
