Feature,DoF,P Value,Chi Square,Observed,Expected,Is Significant
p7,1,0.000268,13.278793,[137 160] ; [23  5],[146.21538462 150.78461538] ; [13.78461538 14.21538462],1
b1,1,0.000566,11.885578,[106 198] ; [19  9],[114.45783133 189.54216867] ; [10.54216867 17.45783133],1
p1,1,0.012536,6.233373,[ 17 287] ; [ 5 23],[ 20.14457831 283.85542169] ; [ 1.85542169 26.14457831],0
p4,1,0.016988,5.697644,[145 158] ; [20  8],[151.04229607 151.95770393] ; [13.95770393 14.04229607],0
p11,1,0.121667,2.395733,[235  69] ; [18 10],[231.6626506  72.3373494] ; [21.3373494  6.6626506],0
p3,1,0.585289,0.297762,[114 189] ; [12 16],[115.34138973 187.65861027] ; [10.65861027 17.34138973],0
p5,1,0.874404,0.024985,[ 19 279] ; [ 2 26],[ 19.19631902 278.80368098] ; [ 1.80368098 26.19631902],0
