Feature,DoF,P Value,Chi Square,Observed,Expected,Is Significant
p12,1,0.006295,7.463719,[ 2 87] ; [ 15 102],[ 7.34466019 81.65533981] ; [  9.65533981 107.34466019],0
p10,1,0.007982,7.037402,[64 23] ; [103  14],[71.22058824 15.77941176] ; [95.77941176 21.22058824],0
p5,1,0.115544,2.476708,[ 5 83] ; [ 14 101],[ 8.2364532 79.7635468] ; [ 10.7635468 104.2364532],0
p11,1,0.160598,1.968582,[59 30] ; [88 29],[63.50970874 25.49029126] ; [83.49029126 33.50970874],0
p6,1,0.309465,1.032956,[30 56] ; [33 84],[26.68965517 59.31034483] ; [36.31034483 80.68965517],0
p1,1,0.314853,1.010207,[ 5 84] ; [ 11 106],[ 6.91262136 82.08737864] ; [  9.08737864 107.91262136],0
b1,1,0.428599,0.626617,[28 61] ; [43 74],[30.67475728 58.32524272] ; [40.32524272 76.67475728],0
p2,1,0.802778,0.062377,[71 17] ; [96 21],[71.68780488 16.31219512] ; [95.31219512 21.68780488],0
