Feature,DoF,P Value,Chi Square,Is Significant
s7,1,0.097635,2.743764,0
a2,1,0.259796,1.269841,0
v3,1,0.270289,1.215278,0
b4,1,0.490153,0.47619,0
a4,1,0.490153,0.47619,0
a5,1,0.490153,0.47619,0
a6,1,0.490153,0.47619,0
u1,1,0.490153,0.47619,0
s6,1,0.490153,0.47619,0
v1,1,0.67329,0.177778,0
v2,1,0.850436,0.035556,0
a7,1,0.880303,0.022676,0
d3,1,0.880303,0.022676,0
