Feature,DoF,P Value,Chi Square,Observed,Expected,Is Significant
p11,1,6e-06,20.495163,[207  65] ; [24 29],[193.32923077  78.67076923] ; [37.67076923 15.32923077],1
b1,1,0.007396,7.174081,[ 91 181] ; [28 25],[ 99.59384615 172.40615385] ; [19.40615385 33.59384615],0
p3,1,0.068234,3.324991,[107 165] ; [28 25],[112.98461538 159.01538462] ; [22.01538462 30.98461538],0
p1,1,0.175321,1.836846,[ 13 259] ; [ 5 48],[ 15.06461538 256.93538462] ; [ 2.93538462 50.06461538],0
p5,1,0.703784,0.144565,[ 17 254] ; [ 4 48],[ 17.61919505 253.38080495] ; [ 3.38080495 48.61919505],0
p7,1,0.706512,0.141786,[134 134] ; [28 25],[135.25233645 132.74766355] ; [26.74766355 26.25233645],0
p6,1,0.868798,0.027286,[ 76 195] ; [14 38],[ 75.51083591 195.48916409] ; [14.48916409 37.51083591],0
