Feature,DoF,P Value,Chi Square,Observed,Expected,Is Significant
p7,1,0.039308,4.247513,[53 78] ; [13  7],[57.25827815 73.74172185] ; [ 8.74172185 11.25827815],0
p9,1,0.057121,3.619065,[100  31] ; [19  1],[103.2384106  27.7615894] ; [15.7615894  4.2384106],0
p12,1,0.103079,2.657243,[  7 125] ; [ 3 17],[  8.68421053 123.31578947] ; [ 1.31578947 18.68421053],0
p5,1,0.199156,1.648552,[ 13 115] ; [ 4 16],[ 14.7027027 113.2972973] ; [ 2.2972973 17.7027027],0
p11,1,0.312625,1.019551,[91 41] ; [16  4],[92.92105263 39.07894737] ; [14.07894737  5.92105263],0
p10,1,0.501074,0.452661,[94 36] ; [13  7],[92.73333333 37.26666667] ; [14.26666667  5.73333333],0
p3,1,0.529956,0.394477,[76 56] ; [13  7],[77.28947368 54.71052632] ; [11.71052632  8.28947368],0
b1,1,0.729282,0.119772,[54 78] ; [ 9 11],[54.71052632 77.28947368] ; [ 8.28947368 11.71052632],0
p1,1,0.851442,0.035073,[  8 124] ; [ 1 19],[  7.81578947 124.18421053] ; [ 1.18421053 18.81578947],0
