Feature,DoF,P Value,Chi Square,Observed,Expected,Is Significant
p3,1,0.003245,8.664369,[23 15] ; [ 87 158],[14.77031802 23.22968198] ; [ 95.22968198 149.77031802],0
p12,1,0.047133,3.940648,[ 5 33] ; [ 12 232],[ 2.29078014 35.70921986] ; [ 14.70921986 229.29078014],0
p9,1,0.071548,3.247143,[35  3] ; [195  49],[30.9929078  7.0070922] ; [199.0070922  44.9929078],0
p11,1,0.142029,2.15584,[32  6] ; [179  66],[28.33215548  9.66784452] ; [182.66784452  62.33215548],0
p5,1,0.158236,1.991001,[ 4 31] ; [ 13 231],[ 2.13261649 32.86738351] ; [ 14.86738351 229.13261649],0
p7,1,0.262396,1.256071,[19 18] ; [101 142],[15.85714286 21.14285714] ; [104.14285714 138.85714286],0
p1,1,0.640967,0.21748,[ 2 36] ; [  9 235],[ 1.4822695 36.5177305] ; [  9.5177305 234.4822695],0
b1,1,0.834613,0.043593,[14 24] ; [ 86 159],[13.42756184 24.57243816] ; [ 86.57243816 158.42756184],0
