Feature,DoF,P Value,Chi Square,Observed,Expected,Is Significant
p9,1,0.0,47.21906,[129  10] ; [ 7 13],[118.89308176  20.10691824] ; [17.10691824  2.89308176],1
p11,1,0.0126,6.224413,[117  23] ; [12  8],[112.875  27.125] ; [16.125  3.875],0
p2,1,0.017678,5.627772,[124  15] ; [14  6],[120.64150943  18.35849057] ; [17.35849057  2.64150943],0
p8,1,0.048288,3.899946,[74 64] ; [ 6 14],[69.87341772 68.12658228] ; [10.12658228  9.87341772],0
b1,1,0.284841,1.143847,[46 94] ; [ 9 11],[48.125 91.875] ; [ 6.875 13.125],0
p7,1,0.57564,0.313337,[95 43] ; [15  5],[96.07594937 41.92405063] ; [13.92405063  6.07594937],0
p1,1,0.804997,0.060952,[  9 131] ; [ 1 19],[  8.75 131.25] ; [ 1.25 18.75],0
