Feature,DoF,P Value,Chi Square,Observed,Expected,Is Significant
p9,1,0.0,62.377402,[251   7] ; [15 11],[241.64788732  16.35211268] ; [24.35211268  1.64788732],1
p8,1,1e-05,19.432918,[187  70] ; [ 8 18],[177.08480565  79.91519435] ; [17.91519435  8.08480565],1
p7,1,1.9e-05,18.264868,[224  29] ; [15 11],[216.72759857  36.27240143] ; [22.27240143  3.72759857],1
p11,1,0.000117,14.834748,[218  40] ; [14 12],[210.76056338  47.23943662] ; [21.23943662  4.76056338],1
p5,1,0.032829,4.554678,[ 55 203] ; [ 1 25],[ 50.87323944 207.12676056] ; [ 5.12676056 20.87323944],0
b1,1,0.35894,0.841597,[105 153] ; [13 13],[107.1971831 150.8028169] ; [10.8028169 15.1971831],0
p1,1,0.758742,0.094331,[ 34 223] ; [ 4 22],[ 34.50883392 222.49116608] ; [ 3.49116608 22.50883392],0
