Feature,DoF,P Value,Chi Square,Observed,Expected,Is Significant
p10,1,0.002395,9.219048,[ 5 16] ; [23 12],[10.5 10.5] ; [17.5 17.5],0
p7,1,0.006797,7.325796,[14  7] ; [10 24],[ 9.16363636 11.83636364] ; [14.83636364 19.16363636],0
p11,1,0.032309,4.582035,[ 7 14] ; [22 13],[10.875 10.125] ; [18.125 16.875],0
b1,1,0.066234,3.373975,[16  5] ; [18 17],[12.75  8.25] ; [21.25 13.75],0
p1,1,0.592034,0.287179,[ 1 20] ; [ 3 32],[ 1.5 19.5] ; [ 2.5 32.5],0
p5,1,0.818634,0.052579,[ 1 20] ; [ 2 30],[ 1.18867925 19.81132075] ; [ 1.81132075 30.18867925],0
p6,1,0.829807,0.046203,[ 4 16] ; [ 6 28],[ 3.7037037 16.2962963] ; [ 6.2962963 27.7037037],0
