Feature,DoF,P Value,Chi Square,Observed,Expected,Is Significant
p9,1,0.020622,5.358451,[13  1] ; [15 11],[9.8 4.2] ; [18.2  7.8],0
p8,1,0.040828,4.183131,[9 5] ; [ 8 18],[5.95 8.05] ; [11.05 14.95],0
p7,1,0.071108,3.257256,[12  2] ; [15 11],[9.45 4.55] ; [17.55  8.45],0
p6,1,0.098479,2.73,[7 6] ; [ 7 19],[4.66666667 8.33333333] ; [ 9.33333333 16.66666667],0
p11,1,0.1234,2.373626,[11  3] ; [14 12],[8.75 5.25] ; [16.25  9.75],0
p10,1,0.16961,1.886389,[12  2] ; [17  9],[10.15  3.85] ; [18.85  7.15],0
p1,1,0.631342,0.230246,[ 3 11] ; [ 4 22],[ 2.45 11.55] ; [ 4.55 21.45],0
b1,1,0.666115,0.18618,[8 6] ; [13 13],[7.35 6.65] ; [13.65 12.35],0
