Feature,DoF,P Value,Chi Square,Observed,Expected,Is Significant
p2,1,0.116707,2.460963,[55 15] ; [85 12],[58.68263473 11.31736527] ; [81.31736527 15.68263473],0
b1,1,0.132633,2.26141,[28 42] ; [28 69],[23.47305389 46.52694611] ; [32.52694611 64.47305389],0
p1,1,0.133764,2.248264,[11 59] ; [ 8 89],[ 7.96407186 62.03592814] ; [11.03592814 85.96407186],0
p5,1,0.308489,1.037132,[ 3 67] ; [ 8 89],[ 4.61077844 65.38922156] ; [ 6.38922156 90.61077844],0
p12,1,0.606329,0.265556,[ 3 66] ; [ 6 91],[ 3.74096386 65.25903614] ; [ 5.25903614 91.74096386],0
p10,1,0.729846,0.119253,[61  8] ; [84 13],[60.27108434  8.72891566] ; [84.72891566 12.27108434],0
p8,1,0.742285,0.108128,[35 35] ; [51 46],[36.04790419 33.95209581] ; [49.95209581 47.04790419],0
p11,1,0.743052,0.107463,[57 13] ; [77 20],[56.16766467 13.83233533] ; [77.83233533 19.16766467],0
p7,1,0.844409,0.038517,[51 18] ; [70 23],[51.53703704 17.46296296] ; [69.46296296 23.53703704],0
