Feature,DoF,P Value,Chi Square,Observed,Expected,Is Significant
p2,1,0.000137,14.54527,[14 11] ; [60  6],[20.32967033  4.67032967] ; [53.67032967 12.32967033],1
p9,1,0.00416,8.212813,[18  7] ; [62  4],[21.97802198  3.02197802] ; [58.02197802  7.97802198],0
p1,1,0.014077,6.028399,[ 8 17] ; [ 7 59],[ 4.12087912 20.87912088] ; [10.87912088 55.12087912],0
p10,1,0.048753,3.883841,[17  8] ; [56  9],[20.27777778  4.72222222] ; [52.72222222 12.27777778],0
p11,1,0.415919,0.661818,[16  9] ; [48 18],[17.58241758  7.41758242] ; [46.41758242 19.58241758],0
b1,1,0.892148,0.018384,[11 14] ; [28 38],[10.71428571 14.28571429] ; [28.28571429 37.71428571],0
p5,1,0.909792,0.012837,[ 1 24] ; [ 3 63],[ 1.0989011 23.9010989] ; [ 2.9010989 63.0989011],0
