Feature,DoF,P Value,Chi Square,Observed,Expected,Is Significant
p10,1,0.0,55.776997,[26 81] ; [80 26],[53.24882629 53.75117371] ; [52.75117371 53.24882629],1
p2,1,0.0,30.213017,[50 58] ; [88 19],[69.32093023 38.67906977] ; [68.67906977 38.32093023],1
p11,1,0.000592,11.801731,[49 59] ; [74 34],[61.5 46.5] ; [61.5 46.5],1
p4,1,0.007763,7.087414,[26 80] ; [45 63],[35.1682243 70.8317757] ; [35.8317757 72.1682243],0
b1,1,0.013256,6.134642,[55 53] ; [37 71],[46. 62.] ; [46. 62.],0
p5,1,0.174592,1.843062,[  1 106] ; [  4 103],[  2.5 104.5] ; [  2.5 104.5],0
p1,1,0.462914,0.538839,[  5 102] ; [  3 105],[  3.98139535 103.01860465] ; [  4.01860465 103.98139535],0
p12,1,0.566432,0.328689,[  1 106] ; [  2 106],[  1.49302326 105.50697674] ; [  1.50697674 106.49302326],0
