Feature,DoF,P Value,Chi Square,Observed,Expected,Is Significant
p9,1,0.000545,11.956184,[24  1] ; [17 14],[18.30357143  6.69642857] ; [22.69642857  8.30357143],1
b1,1,0.112952,2.512421,[10 15] ; [19 12],[12.94642857 12.05357143] ; [16.05357143 14.94642857],0
p11,1,0.241314,1.372903,[19  6] ; [19 12],[16.96428571  8.03571429] ; [21.03571429  9.96428571],0
p8,1,0.388822,0.742624,[15 10] ; [22  9],[16.51785714  8.48214286] ; [20.48214286 10.51785714],0
p7,1,0.400079,0.708088,[18  7] ; [19 12],[16.51785714  8.48214286] ; [20.48214286 10.51785714],0
p5,1,0.472236,0.516739,[ 5 20] ; [ 4 27],[ 4.01785714 20.98214286] ; [ 4.98214286 26.01785714],0
p1,1,0.951829,0.003649,[ 5 20] ; [ 6 25],[ 4.91071429 20.08928571] ; [ 6.08928571 24.91071429],0
p3,1,0.960409,0.002464,[13 11] ; [17 14],[13.09090909 10.90909091] ; [16.90909091 14.09090909],0
