Feature,DoF,P Value,Chi Square,Observed,Expected,Is Significant
p8,1,0.0,121.013274,[238  68] ; [15 81],[192.58208955 113.41791045] ; [60.41791045 35.58208955],1
p2,1,0.0,120.778662,[284  21] ; [41 55],[247.19451372  57.80548628] ; [77.80548628 18.19451372],1
p11,1,0.0,92.437807,[273  33] ; [41 55],[239.01492537  66.98507463] ; [74.98507463 21.01492537],1
p5,1,5e-06,20.943104,[ 63 242] ; [ 1 95],[ 48.67830424 256.32169576] ; [15.32169576 80.67830424],1
p12,1,0.001065,10.710449,[ 38 267] ; [ 1 94],[ 29.7375 275.2625] ; [ 9.2625 85.7375],0
b1,1,0.033942,4.497636,[128 178] ; [52 44],[137.01492537 168.98507463] ; [42.98507463 53.01492537],0
p1,1,0.055491,3.667279,[ 37 267] ; [ 5 90],[ 32. 272.] ; [10. 85.],0
