Feature,DoF,P Value,Chi Square,Observed,Expected,Is Significant
p9,1,0.0,123.664579,[28 78] ; [209  32],[72.39769452 33.60230548] ; [164.60230548  76.39769452],1
p3,1,0.0,60.838762,[19 90] ; [151  91],[52.79202279 56.20797721] ; [117.20797721 124.79202279],1
p8,1,0.0,59.242722,[14 95] ; [137 104],[47.02571429 61.97428571] ; [103.97428571 137.02571429],1
p11,1,0.0,53.177733,[46 63] ; [197  46],[75.24715909 33.75284091] ; [167.75284091  75.24715909],1
p5,1,0.003331,8.616451,[  2 107] ; [ 27 215],[ 9.00569801 99.99430199] ; [ 19.99430199 222.00569801],0
b1,1,0.033875,4.501011,[53 56] ; [ 89 154],[43.97159091 65.02840909] ; [ 98.02840909 144.97159091],0
p12,1,0.038714,4.273363,[  1 107] ; [ 14 229],[  4.61538462 103.38461538] ; [ 10.38461538 232.61538462],0
p1,1,0.792804,0.068996,[  8 100] ; [ 20 223],[ 8.61538462 99.38461538] ; [ 19.38461538 223.61538462],0
