Feature,DoF,P Value,Chi Square,Observed,Expected,Is Significant
p9,1,0.0,92.870221,[28 78] ; [176  40],[67.1552795 38.8447205] ; [136.8447205  79.1552795],1
p11,1,0.0,38.919264,[46 63] ; [170  51],[71.34545455 37.65454545] ; [144.65454545  76.34545455],1
p8,1,1.2e-05,19.104589,[14 95] ; [ 77 137],[30.70897833 78.29102167] ; [ 60.29102167 153.70897833],1
b1,1,0.000159,14.266714,[53 56] ; [ 61 160],[37.65454545 71.34545455] ; [ 76.34545455 144.65454545],1
p1,1,0.011588,6.372883,[  8 100] ; [  4 215],[  3.96330275 104.03669725] ; [  8.03669725 210.96330275],0
p12,1,0.154693,2.025352,[  1 107] ; [  8 210],[  2.98159509 105.01840491] ; [  6.01840491 211.98159509],0
p5,1,0.620854,0.244669,[  2 107] ; [  6 214],[  2.65045593 106.34954407] ; [  5.34954407 214.65045593],0
