Feature,DoF,P Value,Chi Square,Observed,Expected,Is Significant
p7,1,0.010914,6.479339,[30  6] ; [25 19],[24.75 11.25] ; [30.25 13.75],0
p11,1,0.061713,3.490729,[22 15] ; [17 27],[17.81481481 19.18518519] ; [21.18518519 22.81481481],0
b1,1,0.252673,1.308463,[24 13] ; [23 21],[21.4691358 15.5308642] ; [25.5308642 18.4691358],0
p2,1,0.269249,1.220571,[30  7] ; [31 13],[27.86419753  9.13580247] ; [33.13580247 10.86419753],0
p1,1,0.314374,1.01221,[ 5 32] ; [ 3 41],[ 3.65432099 33.34567901] ; [ 4.34567901 39.65432099],0
p5,1,0.700183,0.148282,[ 4 33] ; [ 6 38],[ 4.56790123 32.43209877] ; [ 5.43209877 38.56790123],0
