Feature,DoF,P Value,Chi Square,Observed,Expected,Is Significant
b1,1,0.001329,10.301584,[30 71] ; [14  7],[36.42622951 64.57377049] ; [ 7.57377049 13.42622951],0
p11,1,0.213681,1.54631,[80 21] ; [14  7],[77.81967213 23.18032787] ; [16.18032787  4.81967213],0
p7,1,0.564195,0.332492,[76 21] ; [16  3],[76.93103448 20.06896552] ; [15.06896552  3.93103448],0
p1,1,0.714875,0.133457,[ 7 94] ; [ 1 20],[ 6.62295082 94.37704918] ; [ 1.37704918 19.62295082],0
p4,1,0.775962,0.080989,[64 37] ; [12  8],[63.43801653 37.56198347] ; [12.56198347  7.43801653],0
p5,1,0.832633,0.044658,[ 6 95] ; [ 1 20],[ 5.79508197 95.20491803] ; [ 1.20491803 19.79508197],0
