Feature,DoF,P Value,Chi Square,Observed,Expected,Is Significant
p5,1,0.058732,3.572841,[ 3 17] ; [ 2 59],[ 1.2345679 18.7654321] ; [ 3.7654321 57.2345679],0
b1,1,0.082198,3.020902,[13  7] ; [26 35],[ 9.62962963 10.37037037] ; [29.37037037 31.62962963],0
p9,1,0.126221,2.338379,[ 5 15] ; [27 34],[ 7.90123457 12.09876543] ; [24.09876543 36.90123457],0
p6,1,0.172201,1.863676,[ 7 13] ; [12 48],[ 4.75 15.25] ; [14.25 45.75],0
p8,1,0.217961,1.517743,[ 7 13] ; [13 48],[ 4.9382716 15.0617284] ; [15.0617284 45.9382716],0
p11,1,0.218603,1.513519,[ 7 13] ; [31 30],[ 9.38271605 10.61728395] ; [28.61728395 32.38271605],0
p4,1,0.334895,0.929875,[11  9] ; [26 35],[ 9.13580247 10.86419753] ; [27.86419753 33.13580247],0
p1,1,0.49314,0.469667,[ 1 19] ; [ 6 54],[ 1.75 18.25] ; [ 5.25 54.75],0
