Feature,DoF,P Value,Chi Square,Observed,Expected,Is Significant
p9,1,0.0,70.421495,[22 28] ; [227  20],[41.91919192  8.08080808] ; [207.08080808  39.91919192],1
p8,1,8.8e-05,15.367535,[24 26] ; [186  60],[35.47297297 14.52702703] ; [174.52702703  71.47297297],1
p11,1,0.000416,12.458333,[33 19] ; [209  38],[42.08695652  9.91304348] ; [199.91304348  47.08695652],1
p5,1,0.002076,9.481339,[ 2 49] ; [ 56 191],[ 9.9261745 41.0738255] ; [ 48.0738255 198.9261745],0
p1,1,0.037123,4.344766,[ 2 49] ; [ 36 210],[ 6.52525253 44.47474747] ; [ 31.47474747 214.52525253],0
p12,1,0.045751,3.990722,[ 2 50] ; [ 34 213],[ 6.26086957 45.73913043] ; [ 29.73913043 217.26086957],0
b1,1,0.708132,0.14015,[24 28] ; [107 140],[22.7826087 29.2173913] ; [108.2173913 138.7826087],0
