Feature,DoF,P Value,Chi Square,Observed,Expected,Is Significant
p2,1,0.0,85.424558,[116  96] ; [227  19],[158.76855895  53.23144105] ; [184.23144105  61.76855895],1
p10,1,0.0,77.414921,[121  87] ; [228  17],[160.24724062  47.75275938] ; [188.75275938  56.24724062],1
p5,1,0.0,45.532728,[  4 207] ; [ 58 188],[ 28.62582057 182.37417943] ; [ 33.37417943 212.62582057],1
p11,1,0.0,37.203899,[130  82] ; [212  34],[158.30567686  53.69432314] ; [183.69432314  62.30567686],1
p12,1,0.001349,10.274331,[ 12 198] ; [ 37 209],[ 22.56578947 187.43421053] ; [ 26.43421053 219.56578947],0
p1,1,0.002183,9.388744,[ 10 201] ; [ 32 213],[ 19.43421053 191.56578947] ; [ 22.56578947 222.43421053],0
b1,1,0.514196,0.425519,[ 79 133] ; [ 99 147],[ 82.3930131 129.6069869] ; [ 95.6069869 150.3930131],0
