Feature,DoF,P Value,Chi Square,Observed,Expected,Is Significant
p9,1,0.0,31.347406,[149  23] ; [ 7 13],[139.75  32.25] ; [16.25  3.75],1
p11,1,0.001353,10.269074,[152  22] ; [12  8],[147.09278351  26.90721649] ; [16.90721649  3.09278351],0
p2,1,0.001395,10.212629,[160  13] ; [14  6],[155.96891192  17.03108808] ; [18.03108808  1.96891192],0
p3,1,0.016921,5.70452,[101  73] ; [ 6 14],[95.96907216 78.03092784] ; [11.03092784  8.96907216],0
b1,1,0.440778,0.594255,[ 63 111] ; [ 9 11],[ 64.57731959 109.42268041] ; [ 7.42268041 12.57731959],0
p1,1,0.807233,0.059535,[ 11 161] ; [ 1 19],[ 10.75 161.25] ; [ 1.25 18.75],0
