Feature,DoF,P Value,Chi Square,Observed,Expected,Is Significant
p4,1,0.00657,7.386961,[ 7 17] ; [28 16],[12.35294118 11.64705882] ; [22.64705882 21.35294118],0
p11,1,0.0183,5.567205,[17  7] ; [18 26],[12.35294118 11.64705882] ; [22.64705882 21.35294118],0
p6,1,0.133941,2.246218,[ 3 21] ; [12 30],[ 5.45454545 18.54545455] ; [ 9.54545455 32.45454545],0
p7,1,0.288289,1.127597,[11 12] ; [27 17],[13.04477612  9.95522388] ; [24.95522388 19.04477612],0
p2,1,0.535806,0.383369,[14 10] ; [29 15],[15.17647059  8.82352941] ; [27.82352941 16.17647059],0
b1,1,0.667173,0.184926,[14 10] ; [28 16],[14.82352941  9.17647059] ; [27.17647059 16.82352941],0
p1,1,0.819053,0.052333,[ 2 22] ; [ 3 41],[ 1.76470588 22.23529412] ; [ 3.23529412 40.76470588],0
