Feature,DoF,P Value,Chi Square,Observed,Expected,Is Significant
p9,1,6e-05,16.10958,[49 16] ; [268  22],[58.04225352  6.95774648] ; [258.95774648  31.04225352],1
b1,1,0.002123,9.440132,[32 34] ; [ 84 207],[21.44537815 44.55462185] ; [ 94.55462185 196.44537815],0
p1,1,0.0036,8.475224,[ 8 58] ; [ 10 281],[ 3.32773109 62.67226891] ; [ 14.67226891 276.32773109],0
p11,1,0.142857,2.146916,[49 17] ; [239  52],[53.24369748 12.75630252] ; [234.75630252  56.24369748],0
p7,1,0.151182,2.060283,[44 21] ; [163 118],[38.88728324 26.11271676] ; [168.11271676 112.88728324],0
p8,1,0.693457,0.155368,[28 37] ; [130 154],[29.4269341 35.5730659] ; [128.5730659 155.4269341],0
p5,1,0.755544,0.096931,[ 3 63] ; [ 16 275],[ 3.51260504 62.48739496] ; [ 15.48739496 275.51260504],0
p12,1,0.765561,0.088915,[ 2 64] ; [ 11 279],[ 2.41011236 63.58988764] ; [ 10.58988764 279.41011236],0
