Feature,DoF,P Value,Chi Square,Observed,Expected,Is Significant
p11,1,0.088677,2.898235,[8 9] ; [59 27],[11.05825243  5.94174757] ; [55.94174757 30.05825243],0
p2,1,0.202081,1.627269,[12  5] ; [72 14],[13.86407767  3.13592233] ; [70.13592233 15.86407767],0
p9,1,0.202081,1.627269,[12  5] ; [72 14],[13.86407767  3.13592233] ; [70.13592233 15.86407767],0
b1,1,0.353356,0.861369,[ 7 10] ; [46 40],[8.74757282 8.25242718] ; [44.25242718 41.74757282],0
p1,1,0.373037,0.793522,[ 2 15] ; [ 5 81],[ 1.15533981 15.84466019] ; [ 5.84466019 80.15533981],0
p4,1,0.600113,0.274825,[12  5] ; [55 31],[11.05825243  5.94174757] ; [55.94174757 30.05825243],0
p5,1,0.741846,0.108511,[ 1 16] ; [ 7 78],[ 1.33333333 15.66666667] ; [ 6.66666667 78.33333333],0
