Feature,DoF,P Value,Chi Square,Observed,Expected,Is Significant
p12,1,0.020151,5.398746,[ 8 55] ; [ 1 58],[ 4.64754098 58.35245902] ; [ 4.35245902 54.64754098],0
p1,1,0.088122,2.908343,[ 9 54] ; [ 3 56],[ 6.19672131 56.80327869] ; [ 5.80327869 53.19672131],0
p11,1,0.129446,2.299137,[44 19] ; [34 26],[39.95121951 23.04878049] ; [38.04878049 21.95121951],0
p4,1,0.181532,1.785034,[18 45] ; [24 36],[21.51219512 41.48780488] ; [20.48780488 39.51219512],0
p6,1,0.257315,1.283148,[ 7 56] ; [11 49],[ 9.2195122 53.7804878] ; [ 8.7804878 51.2195122],0
b1,1,0.546603,0.363438,[26 37] ; [28 32],[27.65853659 35.34146341] ; [26.34146341 33.65853659],0
p3,1,0.984692,0.000368,[19 44] ; [18 42],[18.95121951 44.04878049] ; [18.04878049 41.95121951],0
