Feature,DoF,P Value,Chi Square,Observed,Expected,Is Significant
p7,1,0.0,29.932833,[110  63] ; [211  33],[133.17266187  39.82733813] ; [187.82733813  56.17266187],1
p8,1,6.7e-05,15.904544,[97 76] ; [183  62],[115.88516746  57.11483254] ; [164.11483254  80.88516746],1
p10,1,0.004156,8.214254,[145  27] ; [228  17],[153.85131894  18.14868106] ; [219.14868106  25.85131894],0
p5,1,0.017119,5.684098,[ 24 146] ; [ 58 188],[ 33.50961538 136.49038462] ; [ 48.49038462 197.50961538],0
p12,1,0.019295,5.474574,[ 13 160] ; [ 37 209],[ 20.64439141 152.35560859] ; [ 29.35560859 216.64439141],0
p1,1,0.114268,2.494177,[ 14 158] ; [ 32 213],[ 18.9736211 153.0263789] ; [ 27.0263789 217.9736211],0
p2,1,0.124985,2.353712,[151  21] ; [227  19],[155.54066986  16.45933014] ; [222.45933014  23.54066986],0
p11,1,0.253959,1.301395,[142  31] ; [212  34],[146.16229117  26.83770883] ; [207.83770883  38.16229117],0
b1,1,0.501726,0.451284,[ 64 109] ; [ 99 147],[ 67.30071599 105.69928401] ; [ 95.69928401 150.30071599],0
