Feature,DoF,P Value,Chi Square,Observed,Expected,Is Significant
p3,1,0.0,26.903632,[ 64 142] ; [71 46],[ 86.09907121 119.90092879] ; [48.90092879 68.09907121],1
p8,1,0.050918,3.810985,[ 53 152] ; [42 74],[ 60.66978193 144.33021807] ; [34.33021807 81.66978193],0
p2,1,0.064413,3.419939,[151  56] ; [96 21],[157.80555556  49.19444444] ; [89.19444444 27.80555556],0
p5,1,0.20324,1.618941,[ 16 188] ; [ 14 101],[ 19.18495298 184.81504702] ; [ 10.81504702 104.18495298],0
p12,1,0.244249,1.3559,[ 18 188] ; [ 15 102],[ 21.04643963 184.95356037] ; [ 11.95356037 105.04643963],0
p11,1,0.530283,0.393849,[162  45] ; [88 29],[159.72222222  47.27777778] ; [90.27777778 26.72222222],0
b1,1,0.594325,0.28364,[ 70 137] ; [43 74],[ 72.19444444 134.80555556] ; [40.80555556 76.19444444],0
p1,1,0.600901,0.273639,[ 16 191] ; [ 11 106],[ 17.25 189.75] ; [  9.75 107.25],0
