Feature,DoF,P Value,Chi Square,Observed,Expected,Is Significant
p4,1,0.0,36.974051,[129  81] ; [ 91 180],[ 96.04989605 113.95010395] ; [123.95010395 147.04989605],1
p7,1,0.0,28.505468,[149  57] ; [128 139],[120.6384778  85.3615222] ; [156.3615222 110.6384778],1
p10,1,1e-06,23.353505,[196  13] ; [210  60],[177.14822547  31.85177453] ; [228.85177453  41.14822547],1
p1,1,0.003637,8.456804,[ 19 189] ; [  8 263],[ 11.72442589 196.27557411] ; [ 15.27557411 255.72442589],0
p11,1,0.003952,8.305527,[185  25] ; [213  60],[173.04347826  36.95652174] ; [224.95652174  48.04347826],0
p5,1,0.005125,7.834711,[ 22 187] ; [ 11 262],[ 14.30912863 194.69087137] ; [ 18.69087137 254.30912863],0
p12,1,0.295019,1.096576,[ 11 198] ; [  9 261],[  8.72651357 200.27348643] ; [ 11.27348643 258.72651357],0
b1,1,0.789566,0.071222,[ 67 143] ; [ 84 189],[ 65.65217391 144.34782609] ; [ 85.34782609 187.65217391],0
