Feature,DoF,P Value,Chi Square,Observed,Expected,Is Significant
b1,1,0.036994,4.35068,[28 42] ; [21 13],[32.98076923 37.01923077] ; [16.01923077 17.98076923],0
p8,1,0.046824,3.9517,[35 35] ; [24 10],[39.71153846 30.28846154] ; [19.28846154 14.71153846],0
p11,1,0.117636,2.448515,[57 13] ; [23 11],[53.84615385 16.15384615] ; [26.15384615  7.84615385],0
p5,1,0.351838,0.866815,[ 3 67] ; [ 3 31],[ 4.03846154 65.96153846] ; [ 1.96153846 32.03846154],0
p2,1,0.808661,0.058639,[55 15] ; [26  8],[54.51923077 15.48076923] ; [26.48076923  7.51923077],0
p1,1,0.893638,0.017876,[11 59] ; [ 5 29],[10.76923077 59.23076923] ; [ 5.23076923 28.76923077],0
