Feature,DoF,P Value,Chi Square,Observed,Expected,Is Significant
b1,1,0.000775,11.299185,[24 13] ; [21 47],[15.85714286 21.14285714] ; [29.14285714 38.85714286],1
p6,1,0.005888,7.584215,[17 18] ; [15 53],[10.87378641 24.12621359] ; [21.12621359 46.87378641],0
p11,1,0.028931,4.771715,[22 15] ; [54 14],[26.78095238 10.21904762] ; [49.21904762 18.78095238],0
p3,1,0.181791,1.782921,[20 16] ; [28 39],[16.77669903 19.22330097] ; [31.22330097 35.77669903],0
p2,1,0.575575,0.313443,[30  7] ; [58 10],[31.00952381  5.99047619] ; [56.99047619 11.00952381],0
p5,1,0.718598,0.12984,[ 4 33] ; [ 9 59],[ 4.58095238 32.41904762] ; [ 8.41904762 59.58095238],0
p1,1,0.867528,0.027822,[ 5 32] ; [10 58],[ 5.28571429 31.71428571] ; [ 9.71428571 58.28571429],0
