Feature,DoF,P Value,Chi Square,Observed,Expected,Is Significant
p3,1,0.0,85.802537,[ 86 175] ; [172  58],[137.14460285 123.85539715] ; [120.85539715 109.14460285],1
p5,1,0.0,35.567461,[ 15 241] ; [ 58 172],[ 38.4526749 217.5473251] ; [ 34.5473251 195.4526749],1
p2,1,0.0,34.913662,[195  66] ; [217  13],[219.00610998  41.99389002] ; [192.99389002  37.00610998],1
p1,1,0.000132,14.612828,[ 11 251] ; [ 32 197],[ 22.94501018 239.05498982] ; [ 20.05498982 208.94501018],1
p11,1,0.004498,8.071151,[199  63] ; [198  32],[211.41056911  50.58943089] ; [185.58943089  44.41056911],0
p12,1,0.009892,6.654179,[ 18 244] ; [ 32 198],[ 26.62601626 235.37398374] ; [ 23.37398374 206.62601626],0
b1,1,0.036531,4.372122,[ 92 170] ; [102 128],[103.30894309 158.69105691] ; [ 90.69105691 139.30894309],0
p10,1,0.04126,4.165296,[224  37] ; [210  19],[231.17142857  29.82857143] ; [202.82857143  26.17142857],0
