Feature,DoF,P Value,Chi Square,Observed,Expected,Is Significant
p11,1,0.0,43.39907,[88 20] ; [20 44],[67.81395349 40.18604651] ; [40.18604651 23.81395349],1
p8,1,0.000329,12.897954,[39 68] ; [ 7 56],[28.95294118 78.04705882] ; [17.04705882 45.95294118],1
b1,1,0.003821,8.366912,[38 70] ; [37 27],[47.09302326 60.90697674] ; [27.90697674 36.09302326],0
p12,1,0.007142,7.237013,[15 93] ; [ 1 63],[10.04651163 97.95348837] ; [ 5.95348837 58.04651163],0
p6,1,0.021341,5.298716,[23 84] ; [ 5 58],[17.62352941 89.37647059] ; [10.37647059 52.62352941],0
p5,1,0.021668,5.272287,[12 94] ; [ 1 62],[ 8.15384615 97.84615385] ; [ 4.84615385 58.15384615],0
p1,1,0.376604,0.781757,[11 97] ; [ 4 60],[ 9.41860465 98.58139535] ; [ 5.58139535 58.41860465],0
