Feature,DoF,P Value,Chi Square,Observed,Expected,Is Significant
p9,1,0.001276,10.376461,[16 10] ; [30 77],[ 8.9924812 17.0075188] ; [37.0075188 69.9924812],0
p5,1,0.025916,4.961585,[ 2 22] ; [  1 109],[ 0.53731343 23.46268657] ; [  2.46268657 107.53731343],0
p6,1,0.044201,4.048871,[ 7 18] ; [13 95],[ 3.7593985 21.2406015] ; [16.2406015 91.7593985],0
p11,1,0.196132,1.670943,[15 11] ; [48 62],[12.04411765 13.95588235] ; [50.95588235 59.04411765],0
b1,1,0.289468,1.122094,[10 16] ; [55 55],[12.42647059 13.57352941] ; [52.57352941 57.42647059],0
p1,1,0.521103,0.41171,[ 1 25] ; [  8 101],[ 1.73333333 24.26666667] ; [  7.26666667 101.73333333],0
p12,1,0.531863,0.39083,[ 1 25] ; [  2 107],[ 0.57777778 25.42222222] ; [  2.42222222 106.57777778],0
