Feature,DoF,P Value,Chi Square,Observed,Expected,Is Significant
p10,1,0.0,58.275996,[82 30] ; [ 7 52],[58.29239766 53.70760234] ; [30.70760234 28.29239766],1
p4,1,0.0,39.239838,[76 37] ; [10 49],[56.5 56.5] ; [29.5 29.5],1
p11,1,0.0,29.98667,[81 32] ; [17 43],[64.01156069 48.98843931] ; [33.98843931 26.01156069],1
p5,1,0.062332,3.474226,[13 97] ; [ 2 58],[  9.70588235 100.29411765] ; [ 5.29411765 54.70588235],0
p12,1,0.17709,1.821878,[  7 106] ; [ 1 59],[  5.22543353 107.77456647] ; [ 2.77456647 57.22543353],0
b1,1,0.22151,1.494565,[53 60] ; [34 26],[56.8265896 56.1734104] ; [30.1734104 29.8265896],0
p1,1,0.42373,0.639947,[  9 104] ; [ 7 53],[ 10.45086705 102.54913295] ; [ 5.54913295 54.45086705],0
