Feature,DoF,P Value,Chi Square,Observed,Expected,Is Significant
p7,1,0.001633,9.921671,[167 129] ; [101  39],[181.94495413 114.05504587] ; [86.05504587 53.94495413],0
p4,1,0.06514,3.40144,[128 176] ; [74 70],[137.07142857 166.92857143] ; [64.92857143 79.07142857],0
p1,1,0.066077,3.37788,[ 11 295] ; [ 11 134],[ 14.92682927 291.07317073] ; [  7.07317073 137.92682927],0
p5,1,0.078085,3.104322,[ 16 290] ; [ 14 131],[ 20.35476718 285.64523282] ; [  9.64523282 135.35476718],0
b1,1,0.126956,2.329337,[ 84 222] ; [50 95],[ 90.91796009 215.08203991] ; [ 43.08203991 101.91796009],0
p11,1,0.212797,1.552296,[247  59] ; [124  21],[251.72062084  54.27937916] ; [119.27937916  25.72062084],0
p6,1,0.343474,0.897423,[ 85 218] ; [47 98],[ 89.27678571 213.72321429] ; [ 42.72321429 102.27678571],0
p12,1,0.77405,0.082415,[ 13 292] ; [  7 137],[ 13.5857461 291.4142539] ; [  6.4142539 137.5857461],0
