Feature,DoF,P Value,Chi Square,Observed,Expected,Is Significant
p3,1,6.2e-05,16.045882,[290 167] ; [ 8 22],[279.64271047 177.35728953] ; [18.35728953 11.64271047],1
p6,1,0.004019,8.275105,[228 224] ; [ 7 23],[220.37344398 231.62655602] ; [14.62655602 15.37344398],0
p4,1,0.007164,7.231356,[337 119] ; [16 15],[330.52977413 125.47022587] ; [22.47022587  8.52977413],0
b1,1,0.019455,5.460146,[169 288] ; [18 13],[175.12090164 281.87909836] ; [11.87909836 19.12090164],0
p11,1,0.04349,4.076262,[398  59] ; [23  8],[394.25614754  62.74385246] ; [26.74385246  4.25614754],0
p5,1,0.055044,3.680755,[ 73 383] ; [ 1 30],[ 69.28952772 386.71047228] ; [ 4.71047228 26.28952772],0
p8,1,0.067198,3.350173,[320 134] ; [17 14],[315.45979381 138.54020619] ; [21.54020619  9.45979381],0
p1,1,0.232085,1.428037,[ 44 412] ; [ 1 30],[ 42.13552361 413.86447639] ; [ 2.86447639 28.13552361],0
