Feature,DoF,P Value,Chi Square,Observed,Expected,Is Significant
p8,1,0.0,83.51087,[15 57] ; [269  83],[48.22641509 23.77358491] ; [235.77358491 116.22641509],1
p6,1,0.0,43.313239,[12 59] ; [210 142],[37.26241135 33.73758865] ; [184.73758865 167.26241135],1
p11,1,5e-06,20.957333,[49 23] ; [314  39],[61.49647059 10.50352941] ; [301.50352941  51.49647059],1
p5,1,0.021251,5.30608,[ 6 64] ; [ 71 280],[12.80285036 57.19714964] ; [ 64.19714964 286.80285036],0
p12,1,0.84715,0.037155,[ 7 65] ; [ 37 316],[ 7.45411765 64.54588235] ; [ 36.54588235 316.45411765],0
b1,1,0.993564,6.5e-05,[29 43] ; [142 211],[28.96941176 43.03058824] ; [142.03058824 210.96941176],0
p1,1,1.0,0.0,[ 8 64] ; [ 39 312],[ 8. 64.] ; [ 39. 312.],0
