Feature,DoF,P Value,Chi Square,Observed,Expected,Is Significant
p4,1,0.095267,2.783039,[30 14] ; [2 4],[28.16 15.84] ; [3.84 2.16],0
p10,1,0.292928,1.106113,[17 27] ; [1 5],[15.84 28.16] ; [2.16 3.84],0
b1,1,0.518573,0.416731,[28 16] ; [3 3],[27.28 16.72] ; [3.72 2.28],0
p11,1,0.518573,0.416731,[28 16] ; [3 3],[27.28 16.72] ; [3.72 2.28],0
p3,1,0.61481,0.25323,[19 24] ; [2 4],[18.42857143 24.57142857] ; [2.57142857 3.42857143],0
p1,1,0.707675,0.140611,[ 5 39] ; [1 5],[ 5.28 38.72] ; [0.72 5.28],0
