Feature,DoF,P Value,Chi Square,Observed,Expected,Is Significant
p7,1,0.0,57.872358,[19 44] ; [339 103],[44.66138614 18.33861386] ; [313.33861386 128.66138614],1
p8,1,0.0,50.550195,[15 53] ; [297 145],[41.6 26.4] ; [270.4 171.6],1
p6,1,0.0,28.710559,[11 56] ; [228 215],[31.39803922 35.60196078] ; [207.60196078 235.39803922],1
p11,1,2.3e-05,17.964686,[46 22] ; [390  56],[57.68093385 10.31906615] ; [378.31906615  67.68093385],1
p5,1,0.024885,5.031873,[ 5 61] ; [ 83 359],[11.43307087 54.56692913] ; [ 76.56692913 365.43307087],0
b1,1,0.431495,0.618796,[29 39] ; [168 278],[26.06225681 41.93774319] ; [170.93774319 275.06225681],0
p12,1,0.737679,0.112177,[ 7 61] ; [ 52 393],[ 7.82066277 60.17933723] ; [ 51.17933723 393.82066277],0
p1,1,0.89336,0.01797,[ 7 61] ; [ 48 395],[ 7.31898239 60.68101761] ; [ 47.68101761 395.31898239],0
