Feature,DoF,P Value,Chi Square,Observed,Expected,Is Significant
p6,1,0.025426,4.994657,[14 53] ; [15 21],[18.86407767 48.13592233] ; [10.13592233 25.86407767],0
p7,1,0.077044,3.126188,[33 35] ; [24 12],[37.26923077 30.73076923] ; [19.73076923 16.26923077],0
p5,1,0.230593,1.437198,[ 1 68] ; [ 2 34],[ 1.97142857 67.02857143] ; [ 1.02857143 34.97142857],0
p1,1,0.404148,0.695949,[ 3 64] ; [ 3 32],[ 3.94117647 63.05882353] ; [ 2.05882353 32.94117647],0
b1,1,0.70322,0.145144,[28 41] ; [16 20],[28.91428571 40.08571429] ; [15.08571429 20.91428571],0
p9,1,0.715928,0.132428,[30 35] ; [17 17],[30.85858586 34.14141414] ; [16.14141414 17.85858586],0
p11,1,0.90372,0.014632,[43 26] ; [22 14],[42.71428571 26.28571429] ; [22.28571429 13.71428571],0
p12,1,0.962223,0.002243,[ 2 66] ; [ 1 35],[ 1.96153846 66.03846154] ; [ 1.03846154 34.96153846],0
