Feature,DoF,P Value,Chi Square,Observed,Expected,Is Significant
p6,1,0.0,29.769956,[ 26 211] ; [19 24],[ 38.08928571 198.91071429] ; [ 6.91071429 36.08928571],1
p10,1,0.000917,10.988572,[143  92] ; [14 28],[133.19494585 101.80505415] ; [23.80505415 18.19494585],1
p5,1,0.001611,9.946797,[  3 234] ; [ 4 38],[  5.94623656 231.05376344] ; [ 1.05376344 40.94623656],0
b1,1,0.004632,8.017647,[ 89 149] ; [26 17],[ 97.40213523 140.59786477] ; [17.59786477 25.40213523],0
p2,1,0.007832,7.071511,[137 101] ; [34  9],[144.83274021  93.16725979] ; [26.16725979 16.83274021],0
p1,1,0.048664,3.886913,[  7 230] ; [ 4 39],[  9.31071429 227.68928571] ; [ 1.68928571 41.31071429],0
p11,1,0.934652,0.006723,[151  87] ; [27 16],[150.76156584  87.23843416] ; [27.23843416 15.76156584],0
