Feature,DoF,P Value,Chi Square,Observed,Expected,Is Significant
p9,1,0.0,39.722524,[251   7] ; [20  9],[243.61672474  14.38327526] ; [27.38327526  1.61672474],1
p4,1,0.000795,11.253294,[221  37] ; [17 11],[214.6993007  43.3006993] ; [23.3006993  4.6993007],1
p11,1,0.233548,1.419123,[218  40] ; [22  7],[215.74912892  42.25087108] ; [24.25087108  4.74912892],0
p3,1,0.32573,0.965801,[180  78] ; [17 11],[177.71328671  80.28671329] ; [19.28671329  8.71328671],0
p1,1,0.329746,0.949897,[ 34 223] ; [ 2 27],[ 32.34965035 224.65034965] ; [ 3.65034965 25.34965035],0
b1,1,0.773457,0.082861,[105 153] ; [11 18],[104.27874564 153.72125436] ; [11.72125436 17.27874564],0
p5,1,0.937511,0.006146,[ 55 203] ; [ 6 23],[ 54.83623693 203.16376307] ; [ 6.16376307 22.83623693],0
p12,1,0.974794,0.000998,[ 36 221] ; [ 4 25],[ 35.94405594 221.05594406] ; [ 4.05594406 24.94405594],0
