Feature,DoF,P Value,Chi Square,Observed,Expected,Is Significant
p10,1,0.0,83.896641,[124  26] ; [23 73],[89.63414634 60.36585366] ; [57.36585366 38.63414634],1
p11,1,0.0,27.835279,[114  36] ; [41 55],[94.51219512 55.48780488] ; [60.48780488 35.51219512],1
p2,1,5.5e-05,16.251316,[103  47] ; [41 55],[87.80487805 62.19512195] ; [56.19512195 39.80487805],1
b1,1,0.000155,14.314398,[ 45 105] ; [52 44],[59.14634146 90.85365854] ; [37.85365854 58.14634146],1
p12,1,0.055342,3.671753,[  9 140] ; [ 1 94],[  6.10655738 142.89344262] ; [ 3.89344262 91.10655738],0
p5,1,0.170959,1.874517,[  6 143] ; [ 1 95],[  4.25714286 144.74285714] ; [ 2.74285714 93.25714286],0
p8,1,0.209229,1.576756,[ 33 116] ; [15 81],[ 29.19183673 119.80816327] ; [18.80816327 77.19183673],0
p3,1,0.300883,1.070277,[ 18 132] ; [16 80],[ 20.73170732 129.26829268] ; [13.26829268 82.73170732],0
p1,1,0.319797,0.989775,[ 13 137] ; [ 5 90],[ 11.02040816 138.97959184] ; [ 6.97959184 88.02040816],0
