Feature,DoF,P Value,Chi Square,Observed,Expected,Is Significant
p2,1,0.148463,2.087976,[33  8] ; [64  7],[35.50892857  5.49107143] ; [61.49107143  9.50892857],0
p1,1,0.193417,1.6914,[ 6 35] ; [ 5 66],[ 4.02678571 36.97321429] ; [ 6.97321429 64.02678571],0
p5,1,0.350227,0.872634,[ 2 39] ; [ 7 64],[ 3.29464286 37.70535714] ; [ 5.70535714 65.29464286],0
p10,1,0.513081,0.427778,[34  6] ; [56 14],[32.72727273  7.27272727] ; [57.27272727 12.72727273],0
b1,1,0.651792,0.203648,[15 26] ; [23 48],[13.91071429 27.08928571] ; [24.08928571 46.91071429],0
p7,1,0.65669,0.197569,[34  6] ; [58 13],[33.15315315  6.84684685] ; [58.84684685 12.15315315],0
p11,1,0.75297,0.099052,[35  6] ; [59 12],[34.41071429  6.58928571] ; [59.58928571 11.41071429],0
p12,1,0.887256,0.020101,[ 2 38] ; [ 4 67],[ 2.16216216 37.83783784] ; [ 3.83783784 67.16216216],0
p9,1,0.936175,0.006412,[35  6] ; [61 10],[35.14285714  5.85714286] ; [60.85714286 10.14285714],0
