Feature,DoF,P Value,Chi Square,Observed,Expected,Is Significant
p10,1,0.005786,7.615889,[88 29] ; [239  37],[97.35114504 19.64885496] ; [229.64885496  46.35114504],0
p8,1,0.069837,3.28684,[53 63] ; [ 98 175],[45.02827763 70.97172237] ; [105.97172237 167.02827763],0
p5,1,0.121547,2.397273,[  2 115] ; [ 14 261],[  4.7755102 112.2244898] ; [ 11.2244898 263.7755102],0
p2,1,0.249413,1.32659,[98 19] ; [218  59],[93.83756345 23.16243655] ; [222.16243655  54.83756345],0
p11,1,0.328315,0.955534,[86 31] ; [217  61],[89.74936709 27.25063291] ; [213.25063291  64.74936709],0
b1,1,0.346309,0.886935,[41 76] ; [ 84 194],[37.02531646 79.97468354] ; [ 87.97468354 190.02531646],0
p12,1,0.741038,0.109216,[  5 112] ; [ 14 263],[  5.64213198 111.35786802] ; [ 13.35786802 263.64213198],0
p1,1,0.805107,0.060882,[  4 112] ; [ 11 266],[  4.42748092 111.57251908] ; [ 10.57251908 266.42748092],0
