Feature,DoF,P Value,Chi Square,Observed,Expected,Is Significant
p4,1,0.012895,6.183418,[71 18] ; [56 33],[63.5 25.5] ; [63.5 25.5],0
p8,1,0.015648,5.842051,[31 58] ; [47 42],[39. 50.] ; [39. 50.],0
p1,1,0.068469,3.319347,[15 74] ; [ 7 82],[11. 78.] ; [11. 78.],0
p2,1,0.1092,2.565766,[70 19] ; [78 11],[74. 15.] ; [74. 15.],0
b1,1,0.118299,2.439693,[37 52] ; [27 62],[32. 57.] ; [32. 57.],0
p12,1,0.202276,1.625868,[11 78] ; [ 6 83],[ 8.5 80.5] ; [ 8.5 80.5],0
p5,1,0.205144,1.605371,[12 75] ; [ 7 82],[ 9.39204545 77.60795455] ; [ 9.60795455 79.39204545],0
p11,1,0.856207,0.032835,[69 20] ; [70 19],[69.5 19.5] ; [69.5 19.5],0
