Feature,DoF,P Value,Chi Square,Observed,Expected,Is Significant
p2,1,0.0,56.685626,[50 58] ; [130  15],[76.83794466 31.16205534] ; [103.16205534  41.83794466],1
p11,1,0.0,46.140213,[49 59] ; [124  21],[73.84980237 34.15019763] ; [99.15019763 45.84980237],1
p7,1,0.0,43.85696,[31 74] ; [101  39],[56.57142857 48.42857143] ; [75.42857143 64.57142857],1
p4,1,1.8e-05,18.354734,[26 80] ; [74 70],[42.4 63.6] ; [57.6 86.4],1
p5,1,0.003828,8.363821,[  1 106] ; [ 14 131],[  6.36904762 100.63095238] ; [  8.63095238 136.36904762],0
b1,1,0.008652,6.89338,[55 53] ; [50 95],[44.82213439 63.17786561] ; [60.17786561 84.82213439],0
p12,1,0.079887,3.067199,[  1 106] ; [  7 137],[  3.41035857 103.58964143] ; [  4.58964143 139.41035857],0
p1,1,0.348529,0.878807,[  5 102] ; [ 11 134],[  6.79365079 100.20634921] ; [  9.20634921 135.79365079],0
