Feature,DoF,P Value,Chi Square,Observed,Expected,Is Significant
p11,1,0.021649,5.27381,[32  6] ; [27 17],[27.34146341 10.65853659] ; [31.65853659 12.34146341],0
b1,1,0.02679,4.904306,[14 24] ; [27 17],[19. 19.] ; [22. 22.],0
p3,1,0.246455,1.343287,[23 15] ; [21 23],[20.3902439 17.6097561] ; [23.6097561 20.3902439],0
p6,1,0.302737,1.062099,[13 24] ; [20 23],[15.2625 21.7375] ; [17.7375 25.2625],0
p5,1,0.473805,0.513089,[ 4 31] ; [ 3 41],[ 3.10126582 31.89873418] ; [ 3.89873418 40.10126582],0
p1,1,0.769179,0.086112,[ 2 36] ; [ 3 41],[ 2.31707317 35.68292683] ; [ 2.68292683 41.31707317],0
