Feature,DoF,P Value,Chi Square,Observed,Expected,Is Significant
p8,1,0.0,126.866181,[ 53 152] ; [156  33],[108.74365482  96.25634518] ; [100.25634518  88.74365482],1
p4,1,0.0,107.911402,[ 84 123] ; [172  18],[133.48110831  73.51889169] ; [122.51889169  67.48110831],1
p2,1,0.0,26.431822,[151  56] ; [176  14],[170.50125945  36.49874055] ; [156.49874055  33.50125945],1
p5,1,0.0,26.263233,[ 16 188] ; [ 52 138],[ 35.20812183 168.79187817] ; [ 32.79187817 157.20812183],1
b1,1,0.002203,9.372231,[ 70 137] ; [93 97],[ 84.98992443 122.01007557] ; [ 78.01007557 111.98992443],0
p1,1,0.011531,6.381587,[ 16 191] ; [ 30 159],[ 24.04545455 182.95454545] ; [ 21.95454545 167.04545455],0
p12,1,0.019868,5.423471,[ 18 188] ; [ 31 157],[ 25.61928934 180.38071066] ; [ 23.38071066 164.61928934],0
p11,1,0.217675,1.519632,[162  45] ; [158  32],[166.85138539  40.14861461] ; [153.14861461  36.85138539],0
p9,1,0.974205,0.001046,[192  14] ; [176  13],[191.91898734  14.08101266] ; [176.08101266  12.91898734],0
