Feature,DoF,P Value,Chi Square,Observed,Expected,Is Significant
p6,1,0.0,91.174273,[ 29 151] ; [159  97],[ 77.6146789 102.3853211] ; [110.3853211 145.6146789],1
p5,1,2e-06,22.734677,[ 14 167] ; [ 66 192],[ 32.98405467 148.01594533] ; [ 47.01594533 210.98405467],1
b1,1,0.033219,4.534435,[ 55 126] ; [104 154],[ 65.55580866 115.44419134] ; [ 93.44419134 164.55580866],0
p1,1,0.040664,4.18996,[ 14 167] ; [ 36 220],[ 20.70938215 160.29061785] ; [ 29.29061785 226.70938215],0
p12,1,0.043467,4.077164,[ 15 165] ; [ 38 220],[ 21.78082192 158.21917808] ; [ 31.21917808 226.78082192],0
p11,1,0.085613,2.954978,[147  34] ; [225  33],[153.37585421  27.62414579] ; [218.62414579  39.37585421],0
p9,1,0.163853,1.938306,[172   8] ; [238  20],[168.49315068  11.50684932] ; [241.50684932  16.49315068],0
