Feature,DoF,P Value,Chi Square,Observed,Expected,Is Significant
p10,1,0.0,134.154468,[339  18] ; [ 7 20],[321.671875  35.328125] ; [24.328125  2.671875],1
p11,1,0.000449,12.317399,[315  43] ; [18 10],[308.84455959  49.15544041] ; [24.15544041  3.84455959],1
p3,1,0.000765,11.324397,[261  97] ; [12 16],[253.19689119 104.80310881] ; [19.80310881  8.19689119],1
b1,1,0.002912,8.861581,[140 218] ; [19  9],[147.46632124 210.53367876] ; [11.53367876 16.46632124],0
p5,1,0.085917,2.949252,[ 73 283] ; [ 2 26],[ 69.53125 286.46875] ; [ 5.46875 22.53125],0
p8,1,0.087948,2.911534,[269  88] ; [17 11],[265.2  91.8] ; [20.8  7.2],0
p1,1,0.294263,1.100016,[ 40 316] ; [ 5 23],[ 41.71875 314.28125] ; [ 3.28125 24.71875],0
