Feature,DoF,P Value,Chi Square,Observed,Expected,Is Significant
p1,1,0.001313,10.323615,[ 5 30] ; [  8 273],[ 1.43987342 33.56012658] ; [ 11.56012658 269.43987342],0
p9,1,0.003047,8.778836,[33  2] ; [194  80],[25.71197411  9.28802589] ; [201.28802589  72.71197411],0
p12,1,0.013269,6.132889,[ 5 30] ; [ 12 269],[ 1.88291139 33.11708861] ; [ 15.11708861 265.88291139],0
p8,1,0.023958,5.097664,[15 20] ; [ 70 211],[ 9.41455696 25.58544304] ; [ 75.58544304 205.41455696],0
p2,1,0.054388,3.700741,[28  7] ; [180 103],[22.89308176 12.10691824] ; [185.10691824  97.89308176],0
p5,1,0.358312,0.843802,[ 2 33] ; [  8 274],[ 1.10410095 33.89589905] ; [  8.89589905 273.10410095],0
p11,1,0.58981,0.290641,[25 10] ; [190  94],[23.58934169 11.41065831] ; [191.41065831  92.58934169],0
b1,1,0.605998,0.266044,[14 21] ; [101 183],[12.61755486 22.38244514] ; [102.38244514 181.61755486],0
p10,1,0.933396,0.006984,[23 12] ; [182  98],[22.77777778 12.22222222] ; [182.22222222  97.77777778],0
