Feature,DoF,P Value,Chi Square,Observed,Expected,Is Significant
p9,1,0.000241,13.480106,[12 16] ; [46 10],[19.33333333  8.66666667] ; [38.66666667 17.33333333],1
b1,1,0.000721,11.433333,[17 11] ; [13 43],[10. 18.] ; [20. 36.],1
p1,1,0.024768,5.04,[ 6 22] ; [ 3 53],[ 3. 25.] ; [ 6. 50.],0
p4,1,0.026134,4.947115,[22  6] ; [30 26],[17.33333333 10.66666667] ; [34.66666667 21.33333333],0
p7,1,0.04575,3.990767,[24  4] ; [35 19],[20.14634146  7.85365854] ; [38.85365854 15.14634146],0
p5,1,0.162797,1.948052,[ 4 24] ; [ 3 53],[ 2.33333333 25.66666667] ; [ 4.66666667 51.33333333],0
p2,1,0.286161,1.137595,[22  6] ; [49  7],[23.66666667  4.33333333] ; [47.33333333  8.66666667],0
p11,1,0.62018,0.245614,[18 10] ; [39 17],[19.  9.] ; [38. 18.],0
