Feature,DoF,P Value,Chi Square,Observed,Expected,Is Significant
p11,1,0.0,51.804221,[57 67] ; [263  64],[87.98226164 36.01773836] ; [232.01773836  94.98226164],1
p7,1,0.0,43.660295,[20 98] ; [164 150],[50.25925926 67.74074074] ; [133.74074074 180.25925926],1
p8,1,0.0,39.517805,[ 12 111] ; [131 189],[39.70428894 83.29571106] ; [103.29571106 216.70428894],1
p4,1,1e-06,24.574701,[ 18 103] ; [129 196],[39.88116592 81.11883408] ; [107.11883408 217.88116592],1
b1,1,0.000113,14.901014,[60 64] ; [ 95 232],[42.61640798 81.38359202] ; [112.38359202 214.61640798],1
p5,1,0.165128,1.926627,[  4 117] ; [ 22 303],[  7.05381166 113.94618834] ; [ 18.94618834 306.05381166],0
p1,1,0.603656,0.269516,[  8 116] ; [ 17 310],[  6.87361419 117.12638581] ; [ 18.12638581 308.87361419],0
p12,1,0.786913,0.073074,[  6 117] ; [ 18 308],[  6.57461024 116.42538976] ; [ 17.42538976 308.57461024],0
