Feature,DoF,P Value,Chi Square,Observed,Expected,Is Significant
p8,1,0.000944,10.9338,[14 26] ; [30 12],[21.46341463 18.53658537] ; [22.53658537 19.46341463],1
p6,1,0.133506,2.251261,[11 28] ; [19 24],[14.26829268 24.73170732] ; [15.73170732 27.26829268],0
p3,1,0.202115,1.627025,[14 26] ; [21 22],[16.86746988 23.13253012] ; [18.13253012 24.86746988],0
p2,1,0.23275,1.423978,[27 13] ; [34  9],[29.39759036 10.60240964] ; [31.60240964 11.39759036],0
p11,1,0.342813,0.899885,[21 19] ; [27 16],[23.13253012 16.86746988] ; [24.86746988 18.13253012],0
p10,1,0.936028,0.006442,[13 27] ; [14 28],[13.17073171 26.82926829] ; [13.82926829 28.17073171],0
b1,1,0.965491,0.001872,[24 16] ; [26 17],[24.09638554 15.90361446] ; [25.90361446 17.09638554],0
