Feature,DoF,P Value,Chi Square,Observed,Expected,Is Significant
p11,1,0.08287,3.0077,[15 11] ; [ 6 13],[12.13333333 13.86666667] ; [ 8.86666667 10.13333333],0
p1,1,0.164375,1.933507,[ 1 25] ; [ 3 16],[ 2.31111111 23.68888889] ; [ 1.68888889 17.31111111],0
p9,1,0.550179,0.356997,[16 10] ; [10  9],[15.02222222 10.97777778] ; [10.97777778  8.02222222],0
p6,1,0.668374,0.18351,[ 7 18] ; [ 4 14],[ 6.39534884 18.60465116] ; [ 4.60465116 13.39534884],0
p5,1,0.80579,0.060448,[ 2 22] ; [ 2 17],[ 2.23255814 21.76744186] ; [ 1.76744186 17.23255814],0
b1,1,0.911878,0.012248,[10 16] ; [ 7 12],[ 9.82222222 16.17777778] ; [ 7.17777778 11.82222222],0
