Feature,DoF,P Value,Chi Square,Observed,Expected,Is Significant
p9,1,1.5e-05,18.736258,[22 15] ; [62  4],[30.17475728  6.82524272] ; [53.82524272 12.17475728],1
p10,1,0.005309,7.771087,[23 14] ; [56  9],[28.65686275  8.34313725] ; [50.34313725 14.65686275],0
p1,1,0.150493,2.067248,[ 1 36] ; [ 7 59],[ 2.87378641 34.12621359] ; [ 5.12621359 60.87378641],0
p11,1,0.266296,1.235727,[23 14] ; [48 18],[25.50485437 11.49514563] ; [45.49514563 20.50485437],0
p3,1,0.402141,0.701915,[17 20] ; [36 30],[19.03883495 17.96116505] ; [33.96116505 32.03883495],0
b1,1,0.542101,0.37166,[18 19] ; [28 38],[16.52427184 20.47572816] ; [29.47572816 36.52427184],0
p5,1,0.796646,0.066404,[ 2 33] ; [ 3 63],[ 1.73267327 33.26732673] ; [ 3.26732673 62.73267327],0
