Feature,DoF,P Value,Chi Square,Observed,Expected,Is Significant
p10,1,0.000142,14.474859,[23 13] ; [129  15],[30.4  5.6] ; [121.6  22.4],1
b1,1,0.000269,13.272385,[23 13] ; [ 45 100],[13.52486188 22.47513812] ; [54.47513812 90.52486188],1
p7,1,0.001384,10.227162,[14 22] ; [97 46],[22.32402235 13.67597765] ; [88.67597765 54.32402235],0
p11,1,0.031123,4.646173,[23 13] ; [117  28],[27.84530387  8.15469613] ; [112.15469613  32.84530387],0
p6,1,0.102858,2.660663,[10 26] ; [61 82],[14.27932961 21.72067039] ; [56.72067039 86.27932961],0
p1,1,0.12252,2.384802,[ 5 31] ; [  9 136],[ 2.78453039 33.21546961] ; [ 11.21546961 133.78453039],0
p12,1,0.592253,0.28684,[ 1 35] ; [  7 138],[ 1.59116022 34.40883978] ; [  6.40883978 138.59116022],0
p5,1,0.970125,0.001403,[ 3 31] ; [ 13 131],[ 3.05617978 30.94382022] ; [ 12.94382022 131.05617978],0
