Feature,DoF,P Value,Chi Square,Observed,Expected,Is Significant
p9,1,0.005317,7.76818,[149  23] ; [237  14],[156.95508274  15.04491726] ; [229.04491726  21.95508274],0
p5,1,0.00785,7.067317,[ 24 146] ; [ 16 235],[ 16.152019 153.847981] ; [ 23.847981 227.152019],0
p7,1,0.01179,6.342253,[110  63] ; [127 121],[97.38954869 75.61045131] ; [139.61045131 108.38954869],0
p1,1,0.154616,2.026108,[ 14 158] ; [ 12 240],[ 10.54716981 161.45283019] ; [ 15.45283019 236.54716981],0
p12,1,0.319463,0.991144,[ 13 160] ; [ 13 239],[ 10.58352941 162.41647059] ; [ 15.41647059 236.58352941],0
p11,1,0.487771,0.481439,[142  31] ; [200  52],[139.21411765  33.78588235] ; [202.78588235  49.21411765],0
b1,1,0.488415,0.480017,[ 64 109] ; [ 85 167],[ 60.65176471 112.34823529] ; [ 88.34823529 163.65176471],0
