Feature,DoF,P Value,Chi Square,Observed,Expected,Is Significant
p11,1,0.002503,9.138271,[87 17] ; [12 10],[81.71428571 22.28571429] ; [17.28571429  4.71428571],0
b1,1,0.020012,5.410825,[34 70] ; [13  9],[38.79365079 65.20634921] ; [ 8.20634921 13.79365079],0
p2,1,0.069855,3.286436,[88 16] ; [15  7],[85.01587302 18.98412698] ; [17.98412698  4.01587302],0
p9,1,0.107135,2.595978,[96  8] ; [17  4],[94.016  9.984] ; [18.984  2.016],0
p7,1,0.289839,1.12037,[70 29] ; [18  4],[72. 27.] ; [16.  6.],0
p1,1,0.395188,0.722918,[12 92] ; [ 4 18],[13.20634921 90.79365079] ; [ 2.79365079 19.20634921],0
p5,1,0.602586,0.271114,[ 8 96] ; [ 1 21],[ 7.42857143 96.57142857] ; [ 1.57142857 20.42857143],0
p12,1,0.985209,0.000344,[ 5 97] ; [ 1 19],[ 5.01639344 96.98360656] ; [ 0.98360656 19.01639344],0
