Feature,DoF,P Value,Chi Square,Observed,Expected,Is Significant
p10,1,0.0,171.337363,[238  22] ; [ 7 52],[199.68652038  60.31347962] ; [45.31347962 13.68652038],1
p4,1,0.0,122.831635,[227  34] ; [10 49],[193.303125  67.696875] ; [43.696875 15.303125],1
p11,1,0.0,102.818895,[232  29] ; [17 43],[202.45794393  58.54205607] ; [46.54205607 13.45794393],1
p6,1,0.0,65.836882,[156 101] ; [ 1 57],[128.09206349 128.90793651] ; [28.90793651 29.09206349],1
p5,1,0.000425,12.418207,[ 61 200] ; [ 2 58],[ 51.22429907 209.77570093] ; [11.77570093 48.22429907],1
p12,1,0.009153,6.792665,[ 35 225] ; [ 1 59],[ 29.25 230.75] ; [ 6.75 53.25],0
b1,1,0.020505,5.368391,[105 156] ; [34 26],[113.01869159 147.98130841] ; [25.98130841 34.01869159],0
p1,1,0.703033,0.145336,[ 35 224] ; [ 7 53],[ 34.10031348 224.89968652] ; [ 7.89968652 52.10031348],0
