Feature,DoF,P Value,Chi Square,Observed,Expected,Is Significant
p2,1,0.0,80.006268,[34 52] ; [137  10],[63.11587983 22.88412017] ; [107.88412017  39.11587983],1
p11,1,0.0,63.542948,[31 55] ; [128  20],[58.43589744 27.56410256] ; [100.56410256  47.43589744],1
p3,1,0.0,45.571792,[17 68] ; [97 50],[41.76724138 43.23275862] ; [72.23275862 74.76724138],1
p5,1,0.004272,8.164323,[ 1 85] ; [ 17 131],[ 6.61538462 79.38461538] ; [ 11.38461538 136.61538462],0
b1,1,0.016254,5.775182,[44 42] ; [52 96],[35.28205128 50.71794872] ; [60.71794872 87.28205128],0
p12,1,0.075378,3.161846,[ 1 84] ; [  9 139],[ 3.64806867 81.35193133] ; [  6.35193133 141.64806867],0
p1,1,0.741723,0.108618,[ 7 78] ; [ 14 133],[ 7.69396552 77.30603448] ; [ 13.30603448 133.69396552],0
