Feature,DoF,P Value,Chi Square,Observed,Expected,Is Significant
p9,1,0.000144,14.444444,[51 14] ; [30 35],[40.5 24.5] ; [40.5 24.5],1
p8,1,0.014585,5.965872,[34 31] ; [21 46],[27.08333333 37.91666667] ; [27.91666667 39.08333333],0
p5,1,0.161315,1.961852,[ 4 63] ; [ 1 68],[ 2.46323529 64.53676471] ; [ 2.53676471 66.46323529],0
b1,1,0.172815,1.858357,[35 32] ; [28 41],[31.03676471 35.96323529] ; [31.96323529 37.03676471],0
p11,1,0.177691,1.816831,[49 18] ; [43 26],[45.32352941 21.67647059] ; [46.67647059 22.32352941],0
p6,1,0.285026,1.14297,[18 44] ; [14 53],[15.37984496 46.62015504] ; [16.62015504 50.37984496],0
p12,1,0.611869,0.257462,[ 3 62] ; [ 2 66],[ 2.44360902 62.55639098] ; [ 2.55639098 65.44360902],0
p1,1,0.697838,0.150731,[ 4 63] ; [ 3 64],[ 3.5 63.5] ; [ 3.5 63.5],0
