Feature,DoF,P Value,Chi Square,Observed,Expected,Is Significant
p8,1,0.0,46.768331,[39 68] ; [183  62],[67.48295455 39.51704545] ; [154.51704545  90.48295455],1
p3,1,0.003554,8.498605,[64 43] ; [185  61],[75.47592068 31.52407932] ; [173.52407932  72.47592068],0
p5,1,0.008219,6.985027,[12 94] ; [ 58 188],[21.07954545 84.92045455] ; [ 48.92045455 197.07954545],0
p2,1,0.011327,6.413222,[90 18] ; [227  19],[96.71186441 11.28813559] ; [220.28813559  25.71186441],0
p11,1,0.257708,1.281028,[88 20] ; [212  34],[91.52542373 16.47457627] ; [208.47457627  37.52542373],0
b1,1,0.368243,0.809585,[38 70] ; [ 99 147],[41.79661017 66.20338983] ; [ 95.20338983 150.79661017],0
p1,1,0.446471,0.579594,[11 97] ; [ 32 213],[13.15580737 94.84419263] ; [ 29.84419263 215.15580737],0
p12,1,0.778048,0.079447,[15 93] ; [ 37 209],[15.86440678 92.13559322] ; [ 36.13559322 209.86440678],0
