Feature,DoF,P Value,Chi Square,Observed,Expected,Is Significant
p2,1,8e-05,15.568062,[8 7] ; [133  15],[12.97546012  2.02453988] ; [128.02453988  19.97546012],1
p6,1,0.028778,4.780864,[ 1 14] ; [51 98],[ 4.75609756 10.24390244] ; [ 47.24390244 101.75609756],0
p11,1,0.051826,3.781384,[10  5] ; [128  21],[12.62195122  2.37804878] ; [125.37804878  23.62195122],0
b1,1,0.088419,2.90292,[8 7] ; [ 47 102],[5.0304878 9.9695122] ; [49.9695122 99.0304878],0
p4,1,0.08913,2.890011,[ 4 11] ; [74 75],[7.13414634 7.86585366] ; [70.86585366 78.13414634],0
p1,1,0.12895,2.305099,[ 3 12] ; [ 12 136],[ 1.3803681 13.6196319] ; [ 13.6196319 134.3803681],0
