Feature,DoF,P Value,Chi Square,Observed,Expected,Is Significant
p6,1,0.000742,11.379811,[ 9 36] ; [24 20],[16.68539326 28.31460674] ; [16.31460674 27.68539326],1
p11,1,0.046453,3.9651,[20 25] ; [30 16],[24.72527473 20.27472527] ; [25.27472527 20.72527473],0
p2,1,0.285386,1.141261,[33 12] ; [38  8],[35.10989011  9.89010989] ; [35.89010989 10.10989011],0
p1,1,0.398025,0.714286,[ 2 43] ; [ 4 41],[ 3. 42.] ; [ 3. 42.],0
p5,1,0.413917,0.667523,[ 2 43] ; [ 4 42],[ 2.96703297 42.03296703] ; [ 3.03296703 42.96703297],0
p9,1,0.724089,0.124609,[18 27] ; [16 28],[17.19101124 27.80898876] ; [16.80898876 27.19101124],0
b1,1,0.915588,0.011235,[23 22] ; [23 23],[22.74725275 22.25274725] ; [23.25274725 22.74725275],0
p3,1,0.919206,0.010289,[22 23] ; [22 24],[21.75824176 23.24175824] ; [22.24175824 23.75824176],0
