Feature,DoF,P Value,Chi Square,Observed,Expected,Is Significant
p4,1,0.0,165.720908,[23 92] ; [159   9],[73.95759717 41.04240283] ; [108.04240283  59.95759717],1
p7,1,0.0,146.843305,[26 87] ; [156  11],[73.45 39.55] ; [108.55  58.45],1
p9,1,0.0,129.271526,[33 79] ; [158  10],[76.4 35.6] ; [114.6  53.4],1
p2,1,0.0,85.041107,[52 63] ; [158  10],[85.33568905 29.66431095] ; [124.66431095  43.33568905],1
p11,1,0.0,50.659781,[55 60] ; [146  22],[81.67844523 33.32155477] ; [119.32155477  48.67844523],1
p12,1,3.8e-05,16.977562,[  3 111] ; [ 32 135],[14.19928826 99.80071174] ; [ 20.80071174 146.19928826],1
p1,1,0.001053,10.731356,[  5 109] ; [ 29 138],[ 13.79359431 100.20640569] ; [ 20.20640569 146.79359431],0
b1,1,0.845804,0.03782,[52 63] ; [74 94],[51.20141343 63.79858657] ; [74.79858657 93.20141343],0
