Feature,DoF,P Value,Chi Square,Observed,Expected,Is Significant
p4,1,0.05441,3.700067,[25 61] ; [11 58],[19.97419355 66.02580645] ; [16.02580645 52.97419355],0
p5,1,0.219689,1.5064,[ 1 85] ; [ 3 67],[ 2.20512821 83.79487179] ; [ 1.79487179 68.20512821],0
b1,1,0.269694,1.218302,[44 42] ; [42 28],[47.41025641 38.58974359] ; [38.58974359 31.41025641],0
p1,1,0.702879,0.145494,[ 7 78] ; [ 7 63],[ 7.67741935 77.32258065] ; [ 6.32258065 63.67741935],0
p3,1,0.856634,0.032638,[17 68] ; [13 56],[16.55844156 68.44155844] ; [13.44155844 55.55844156],0
p12,1,0.889924,0.019155,[ 1 84] ; [ 1 69],[ 1.09677419 83.90322581] ; [ 0.90322581 69.09677419],0
p11,1,0.965683,0.001851,[31 55] ; [25 45],[30.87179487 55.12820513] ; [25.12820513 44.87179487],0
p6,1,0.970801,0.00134,[ 5 78] ; [ 4 64],[ 4.94701987 78.05298013] ; [ 4.05298013 63.94701987],0
