Feature,DoF,P Value,Chi Square,Observed,Expected,Is Significant
p10,1,7.1e-05,15.787392,[269  30] ; [15  9],[262.89783282  36.10216718] ; [21.10216718  2.89783282],1
p9,1,0.00463,8.018505,[269  30] ; [17  7],[264.74922601  34.25077399] ; [21.25077399  2.74922601],0
p11,1,0.030347,4.689547,[268  31] ; [18  6],[264.74922601  34.25077399] ; [21.25077399  2.74922601],0
p3,1,0.312319,1.020845,[227  72] ; [16  8],[224.94427245  74.05572755] ; [18.05572755  5.94427245],0
b1,1,0.453774,0.561208,[123 176] ; [ 8 16],[121.26625387 177.73374613] ; [ 9.73374613 14.26625387],0
p6,1,0.756431,0.096206,[184 115] ; [14 10],[183.2879257 115.7120743] ; [14.7120743  9.2879257],0
p5,1,0.85846,0.031803,[ 67 232] ; [ 5 19],[ 66.6501548 232.3498452] ; [ 5.3498452 18.6501548],0
p12,1,0.94696,0.004426,[ 36 263] ; [ 3 21],[ 36.10216718 262.89783282] ; [ 2.89783282 21.10216718],0
