Feature,DoF,P Value,Chi Square,Observed,Expected,Is Significant
p10,1,0.000106,15.018729,[10  7] ; [10 59],[ 3.95348837 13.04651163] ; [16.04651163 52.95348837],1
p7,1,0.000526,12.020202,[10  7] ; [12 56],[ 4.4 12.6] ; [17.6 50.4],1
p3,1,0.00085,11.129553,[10  7] ; [13 56],[ 4.54651163 12.45348837] ; [18.45348837 50.54651163],1
p4,1,0.072711,3.220729,[ 6 11] ; [11 58],[ 3.36046512 13.63953488] ; [13.63953488 55.36046512],0
p1,1,0.375234,0.786257,[ 3 14] ; [ 7 63],[ 1.95402299 15.04597701] ; [ 8.04597701 61.95402299],0
p11,1,0.387203,0.747708,[8 9] ; [25 45],[ 6.44827586 10.55172414] ; [26.55172414 43.44827586],0
b1,1,0.72132,0.127231,[11  6] ; [42 28],[10.35632184  6.64367816] ; [42.64367816 27.35632184],0
