Feature,DoF,P Value,Chi Square,Observed,Expected,Is Significant
p10,1,0.000146,14.418226,[36 24] ; [112  20],[46.25 13.75] ; [101.75  30.25],1
b1,1,0.000199,13.8378,[38 23] ; [45 88],[26.09793814 34.90206186] ; [56.90206186 76.09793814],1
p2,1,0.0069,7.298912,[44 17] ; [116  16],[50.56994819 10.43005181] ; [109.43005181  22.56994819],0
p9,1,0.049038,3.874041,[44 17] ; [112  21],[49.05154639 11.94845361] ; [106.94845361  26.05154639],0
p4,1,0.16918,1.890196,[27 34] ; [73 60],[31.44329897 29.55670103] ; [68.55670103 64.44329897],0
p6,1,0.437453,0.602955,[24 37] ; [44 87],[21.60416667 39.39583333] ; [46.39583333 84.60416667],0
p1,1,0.706306,0.141995,[ 3 58] ; [  5 128],[ 2.51546392 58.48453608] ; [  5.48453608 127.51546392],0
p5,1,0.741386,0.108912,[ 3 58] ; [  8 123],[ 3.49479167 57.50520833] ; [  7.50520833 123.49479167],0
p3,1,0.989758,0.000165,[27 34] ; [59 74],[27.04123711 33.95876289] ; [58.95876289 74.04123711],0
