Feature,DoF,P Value,Chi Square,Observed,Expected,Is Significant
p11,1,0.006531,7.397703,[31 10] ; [4 8],[27.0754717 13.9245283] ; [7.9245283 4.0754717],0
p6,1,0.033253,4.532717,[18 23] ; [ 1 10],[14.98076923 26.01923077] ; [4.01923077 6.98076923],0
p1,1,0.32978,0.949763,[ 3 38] ; [ 2 10],[ 3.86792453 37.13207547] ; [ 1.13207547 10.86792453],0
p3,1,0.343072,0.89892,[21 19] ; [4 7],[19.60784314 20.39215686] ; [5.39215686 5.60784314],0
b1,1,0.70898,0.139298,[18 23] ; [6 6],[18.56603774 22.43396226] ; [5.43396226 6.56603774],0
p4,1,0.879168,0.023111,[19 21] ; [6 6],[19.23076923 20.76923077] ; [5.76923077 6.23076923],0
