Feature,DoF,P Value,Chi Square,Observed,Expected,Is Significant
p8,1,5.1e-05,16.394089,[10 53] ; [10  5],[16.15384615 46.84615385] ; [ 3.84615385 11.15384615],1
p4,1,0.001265,10.393204,[18 45] ; [11  4],[23.42307692 39.57692308] ; [5.57692308 9.42307692],0
b1,1,0.001576,9.987302,[26 37] ; [13  2],[31.5 31.5] ; [7.5 7.5],0
p11,1,0.030365,4.68849,[44 19] ; [6 9],[40.38461538 22.61538462] ; [9.61538462 5.38461538],0
p1,1,0.924121,0.009072,[ 9 54] ; [ 2 13],[ 8.88461538 54.11538462] ; [ 2.11538462 12.88461538],0
p5,1,1.0,0.0,[ 4 56] ; [ 1 14],[ 4. 56.] ; [ 1. 14.],0
