Feature,DoF,P Value,Chi Square,Observed,Expected,Is Significant
p11,1,0.0,46.153669,[336  42] ; [10 15],[324.53598015  53.46401985] ; [21.46401985  3.53598015],1
p8,1,0.000494,12.137401,[262 114] ; [ 9 16],[254.10473815 121.89526185] ; [16.89526185  8.10473815],1
p7,1,0.001389,10.220986,[298  77] ; [13 12],[291.5625  83.4375] ; [19.4375  5.5625],0
p4,1,0.041439,4.157966,[317  61] ; [17  8],[313.28039702  64.71960298] ; [20.71960298  4.28039702],0
p2,1,0.084097,2.983881,[341  35] ; [20  5],[338.49376559  37.50623441] ; [22.50623441  2.49376559],0
b1,1,0.268386,1.224977,[154 224] ; [13 12],[156.64019851 221.35980149] ; [10.35980149 14.64019851],0
p5,1,0.356825,0.849036,[ 73 302] ; [ 3 22],[ 71.25 303.75] ; [ 4.75 20.25],0
p6,1,0.64615,0.210789,[190 185] ; [11 13],[188.90977444 186.09022556] ; [12.09022556 11.90977444],0
p1,1,0.675315,0.175448,[ 49 326] ; [ 4 21],[ 49.6875 325.3125] ; [ 3.3125 21.6875],0
