Feature,DoF,P Value,Chi Square,Observed,Expected,Is Significant
p3,1,0.0,26.012455,[180  78] ; [34 53],[160.03478261  97.96521739] ; [53.96521739 33.03478261],1
p9,1,4e-06,21.053822,[251   7] ; [71 14],[242.20408163  15.79591837] ; [79.79591837  5.20408163],1
p5,1,0.000341,12.82978,[ 55 203] ; [ 4 83],[ 44.12173913 213.87826087] ; [14.87826087 72.12173913],1
p12,1,0.042614,4.110632,[ 36 221] ; [ 5 81],[ 30.72011662 226.27988338] ; [10.27988338 75.72011662],0
p1,1,0.20786,1.586269,[ 34 223] ; [ 7 79],[ 30.72011662 226.27988338] ; [10.27988338 75.72011662],0
b1,1,0.648736,0.207498,[105 153] ; [33 54],[103.2 154.8] ; [34.8 52.2],0
p11,1,0.701834,0.146571,[218  40] ; [72 15],[216.86956522  41.13043478] ; [73.13043478 13.86956522],0
