Feature,DoF,P Value,Chi Square,Observed,Expected,Is Significant
p5,1,0.360608,0.835775,[ 6 39] ; [ 5 58],[ 4.58333333 40.41666667] ; [ 6.41666667 56.58333333],0
p11,1,0.415995,0.661603,[20 25] ; [33 30],[22.08333333 22.91666667] ; [30.91666667 32.08333333],0
b1,1,0.515016,0.423862,[25 20] ; [31 32],[23.33333333 21.66666667] ; [32.66666667 30.33333333],0
p7,1,0.577038,0.311047,[24 21] ; [37 26],[25.41666667 19.58333333] ; [35.58333333 27.41666667],0
p9,1,0.714743,0.133585,[17 28] ; [26 37],[17.91666667 27.08333333] ; [25.08333333 37.91666667],0
p8,1,0.720425,0.128086,[23 22] ; [30 33],[22.08333333 22.91666667] ; [30.91666667 32.08333333],0
p1,1,0.726415,0.122429,[ 6 39] ; [ 7 56],[ 5.41666667 39.58333333] ; [ 7.58333333 55.41666667],0
p6,1,0.993907,5.8e-05,[17 27] ; [24 38],[17.01886792 26.98113208] ; [23.98113208 38.01886792],0
