Feature,DoF,P Value,Chi Square,Observed,Expected,Is Significant
p7,1,0.019304,5.47377,[10  7] ; [23 56],[ 5.84375 11.15625] ; [27.15625 51.84375],0
p3,1,0.040787,4.184837,[10  7] ; [27 56],[ 6.29 10.71] ; [30.71 52.29],0
p11,1,0.054947,3.683695,[8 9] ; [59 24],[11.39  5.61] ; [55.61 27.39],0
b1,1,0.108379,2.577699,[11  6] ; [36 47],[7.99 9.01] ; [39.01 43.99],0
p1,1,0.248661,1.330813,[ 3 14] ; [ 7 76],[ 1.7 15.3] ; [ 8.3 74.7],0
p9,1,0.445029,0.58328,[13  4] ; [69 13],[14.08080808  2.91919192] ; [67.91919192 14.08080808],0
p4,1,0.645008,0.212252,[ 6 11] ; [24 57],[ 5.20408163 11.79591837] ; [24.79591837 56.20408163],0
