Feature,DoF,P Value,Chi Square,Observed,Expected,Is Significant
p1,1,0.001845,9.697317,[  6 202] ; [ 3 13],[  8.35714286 199.64285714] ; [ 0.64285714 15.35714286],0
p11,1,0.00803,7.026805,[155  53] ; [7 9],[150.42857143  57.57142857] ; [11.57142857  4.42857143],0
p9,1,0.027452,4.862152,[189  17] ; [12  4],[186.51351351  19.48648649] ; [14.48648649  1.51351351],0
p5,1,0.109424,2.562516,[  8 198] ; [ 2 14],[  9.27927928 196.72072072] ; [ 0.72072072 15.27927928],0
p4,1,0.288435,1.126913,[ 64 143] ; [7 9],[ 65.9058296 141.0941704] ; [ 5.0941704 10.9058296],0
p6,1,0.310948,1.026646,[ 42 163] ; [ 5 11],[ 43.59728507 161.40271493] ; [ 3.40271493 12.59728507],0
p12,1,0.869261,0.027092,[ 11 197] ; [ 1 15],[ 11.14285714 196.85714286] ; [ 0.85714286 15.14285714],0
b1,1,0.935756,0.006497,[ 63 145] ; [ 5 11],[ 63.14285714 144.85714286] ; [ 4.85714286 11.14285714],0
