Feature,DoF,P Value,Chi Square,Observed,Expected,Is Significant
p2,1,4.9e-05,16.497941,[41 55] ; [35  9],[52.11428571 43.88571429] ; [23.88571429 20.11428571],1
p3,1,0.000109,14.970381,[16 80] ; [21 23],[25.37142857 70.62857143] ; [11.62857143 32.37142857],1
p11,1,0.04034,4.20354,[41 55] ; [27 17],[46.62857143 49.37142857] ; [21.37142857 22.62857143],0
p5,1,0.056839,3.627312,[ 1 95] ; [ 3 41],[ 2.74285714 93.25714286] ; [ 1.25714286 42.74285714],0
p10,1,0.128514,2.310366,[23 73] ; [16 28],[26.74285714 69.25714286] ; [12.25714286 31.74285714],0
b1,1,0.425303,0.635615,[52 44] ; [27 17],[54.17142857 41.82857143] ; [24.82857143 19.17142857],0
p1,1,0.714258,0.134061,[ 5 90] ; [ 3 41],[ 5.4676259 89.5323741] ; [ 2.5323741 41.4676259],0
