Feature,DoF,P Value,Chi Square,Observed,Expected,Is Significant
p8,1,0.016048,5.797563,[34 31] ; [ 4 15],[29.4047619 35.5952381] ; [ 8.5952381 10.4047619],0
p11,1,0.034386,4.475398,[49 18] ; [ 9 10],[45.18604651 21.81395349] ; [12.81395349  6.18604651],0
b1,1,0.39875,0.712094,[35 32] ; [12  7],[36.61627907 30.38372093] ; [10.38372093  8.61627907],0
p1,1,0.491399,0.473462,[ 4 63] ; [ 2 17],[ 4.6744186 62.3255814] ; [ 1.3255814 17.6744186],0
p6,1,0.831568,0.045237,[18 44] ; [ 6 13],[18.37037037 43.62962963] ; [ 5.62962963 13.37037037],0
p5,1,0.907464,0.013511,[ 4 63] ; [ 1 18],[ 3.89534884 63.10465116] ; [ 1.10465116 17.89534884],0
