Feature,DoF,P Value,Chi Square,Observed,Expected,Is Significant
p9,1,7e-06,20.101963,[ 5 15] ; [82 26],[13.59375  6.40625] ; [73.40625 34.59375],1
p11,1,0.001523,10.050282,[ 7 13] ; [78 31],[13.17829457  6.82170543] ; [71.82170543 37.17829457],0
b1,1,0.027799,4.840502,[13  7] ; [42 67],[ 8.52713178 11.47286822] ; [46.47286822 62.52713178],0
p5,1,0.132955,2.257655,[ 3 17] ; [  6 101],[ 1.41732283 18.58267717] ; [ 7.58267717 99.41732283],0
p8,1,0.31589,1.005889,[ 7 13] ; [50 56],[ 9.04761905 10.95238095] ; [47.95238095 58.04761905],0
p7,1,0.646626,0.210181,[10 10] ; [60 48],[10.9375  9.0625] ; [59.0625 48.9375],0
p1,1,0.808488,0.058746,[ 1 19] ; [  7 102],[ 1.24031008 18.75968992] ; [  6.75968992 102.24031008],0
