Feature,DoF,P Value,Chi Square,Observed,Expected,Is Significant
p12,1,0.00052,12.041518,[ 5 20] ; [  5 155],[ 1.35135135 23.64864865] ; [  8.64864865 151.35135135],1
p1,1,0.001397,10.209313,[ 5 20] ; [  6 154],[ 1.48648649 23.51351351] ; [  9.51351351 150.48648649],0
p5,1,0.011945,6.319074,[ 5 20] ; [  9 150],[ 1.90217391 23.09782609] ; [ 12.09782609 146.90217391],0
p9,1,0.106658,2.603053,[24  1] ; [134  26],[21.35135135  3.64864865] ; [136.64864865  23.35135135],0
p3,1,0.40093,0.705534,[13 11] ; [72 88],[11.08695652 12.91304348] ; [73.91304348 86.08695652],0
p11,1,0.714018,0.134296,[19  6] ; [116  44],[18.24324324  6.75675676] ; [116.75675676  43.24324324],0
b1,1,0.857717,0.032142,[10 15] ; [61 99],[ 9.59459459 15.40540541] ; [61.40540541 98.59459459],0
p4,1,0.893373,0.017966,[13 11] ; [89 71],[13.30434783 10.69565217] ; [88.69565217 71.30434783],0
