Feature,DoF,P Value,Chi Square,Observed,Expected,Is Significant
p7,1,0.0,41.061623,[19 44] ; [154  53],[40.36666667 22.63333333] ; [132.63333333  74.36666667],1
p4,1,0.0,31.691522,[15 51] ; [131  79],[34.91304348 31.08695652] ; [111.08695652  98.91304348],1
p11,1,5e-05,16.43736,[46 22] ; [187  24],[56.78853047 11.21146953] ; [176.21146953  34.78853047],1
p12,1,0.097969,2.738302,[ 7 61] ; [ 10 200],[ 4.15827338 63.84172662] ; [ 12.84172662 197.15827338],0
p9,1,0.108344,2.578206,[58  9] ; [196  15],[61.21582734  5.78417266] ; [192.78417266  18.21582734],0
b1,1,0.203399,1.617798,[29 39] ; [ 72 139],[24.61648746 43.38351254] ; [ 76.38351254 134.61648746],0
p5,1,0.563351,0.333935,[ 5 61] ; [ 21 190],[ 6.19494585 59.80505415] ; [ 19.80505415 191.19494585],0
p1,1,0.758976,0.094142,[ 7 61] ; [ 19 191],[ 6.35971223 61.64028777] ; [ 19.64028777 190.35971223],0
