Feature,DoF,P Value,Chi Square,Observed,Expected,Is Significant
p4,1,9.7e-05,15.200503,[21 60] ; [25 15],[30.79338843 50.20661157] ; [15.20661157 24.79338843],1
p8,1,0.007291,7.199871,[16 66] ; [17 23],[22.18032787 59.81967213] ; [10.81967213 29.18032787],0
p7,1,0.008184,6.992826,[22 57] ; [21 19],[28.54621849 50.45378151] ; [14.45378151 25.54621849],0
p5,1,0.557019,0.344892,[ 4 74] ; [ 3 35],[ 4.70689655 73.29310345] ; [ 2.29310345 35.70689655],0
p1,1,0.612066,0.257178,[ 6 76] ; [ 4 36],[ 6.72131148 75.27868852] ; [ 3.27868852 36.72131148],0
b1,1,0.617089,0.249981,[33 49] ; [18 22],[34.27868852 47.72131148] ; [16.72131148 23.27868852],0
p11,1,0.621577,0.243658,[58 24] ; [30 10],[59.14754098 22.85245902] ; [28.85245902 11.14754098],0
p10,1,0.623905,0.240417,[69 13] ; [35  5],[69.90163934 12.09836066] ; [34.09836066  5.90163934],0
p12,1,0.791066,0.070186,[ 7 75] ; [ 4 36],[ 7.39344262 74.60655738] ; [ 3.60655738 36.39344262],0
