Feature,DoF,P Value,Chi Square,Observed,Expected,Is Significant
b1,1,0.065659,3.388348,[16  5] ; [23 21],[12.6  8.4] ; [26.4 17.6],0
p2,1,0.074416,3.182814,[10 11] ; [31 13],[13.24615385  7.75384615] ; [27.75384615 16.24615385],0
p11,1,0.353721,0.860063,[ 7 14] ; [20 24],[ 8.72307692 12.27692308] ; [18.27692308 25.72307692],0
p1,1,0.586817,0.295343,[ 1 20] ; [ 1 43],[ 0.64615385 20.35384615] ; [ 1.35384615 42.64615385],0
p6,1,0.806742,0.059844,[ 4 16] ; [10 34],[ 4.375 15.625] ; [ 9.625 34.375],0
p5,1,0.968974,0.001513,[ 1 20] ; [ 2 42],[ 0.96923077 20.03076923] ; [ 2.03076923 41.96923077],0
