Feature,DoF,P Value,Chi Square,Observed,Expected,Is Significant
p8,1,0.010415,6.5625,[14 26] ; [14  6],[18.66666667 21.33333333] ; [ 9.33333333 10.66666667],0
p10,1,0.016627,5.735294,[13 27] ; [13  7],[17.33333333 22.66666667] ; [ 8.66666667 11.33333333],0
p3,1,0.02767,4.848485,[14 26] ; [13  7],[18. 22.] ; [ 9. 11.],0
p11,1,0.038892,4.26557,[21 19] ; [16  4],[24.66666667 15.33333333] ; [12.33333333  7.66666667],0
p12,1,0.067278,3.348214,[ 1 39] ; [ 3 17],[ 2.66666667 37.33333333] ; [ 1.33333333 18.66666667],0
b1,1,0.270912,1.212121,[24 16] ; [ 9 11],[22. 18.] ; [11.  9.],0
