Feature,DoF,P Value,Chi Square,Observed,Expected,Is Significant
b1,1,3.9e-05,16.919892,[138 287] ; [16  5],[146.74887892 278.25112108] ; [ 7.25112108 13.74887892],1
p7,1,0.000201,13.823308,[225 192] ; [20  1],[233.25342466 183.74657534] ; [11.74657534  9.25342466],1
p11,1,0.000776,11.296619,[361  64] ; [12  9],[355.43721973  69.56278027] ; [17.56278027  3.43721973],1
p4,1,0.006983,7.277323,[215 208] ; [17  4],[221.02702703 201.97297297] ; [10.97297297 10.02702703],0
p1,1,0.025886,4.963645,[ 27 397] ; [ 4 17],[ 29.53707865 394.46292135] ; [ 1.46292135 19.53707865],0
p3,1,0.719265,0.129198,[185 239] ; [10 11],[185.79775281 238.20224719] ; [ 9.20224719 11.79775281],0
p2,1,0.741311,0.108978,[354  69] ; [17  4],[353.4527027  69.5472973] ; [17.5472973  3.4527027],0
p5,1,0.850389,0.035578,[ 35 384] ; [ 2 19],[ 35.23409091 383.76590909] ; [ 1.76590909 19.23409091],0
