Feature,DoF,P Value,Chi Square,Observed,Expected,Is Significant
p4,1,1e-06,23.223917,[26 83] ; [25 12],[38.07534247 70.92465753] ; [12.92465753 24.07534247],1
p3,1,1.4e-05,18.925059,[19 90] ; [20 17],[29.11643836 79.88356164] ; [ 9.88356164 27.11643836],1
p2,1,0.002344,9.25863,[48 61] ; [27 10],[55.99315068 53.00684932] ; [19.00684932 17.99315068],0
p5,1,0.069838,3.286825,[  2 107] ; [ 3 34],[  3.73287671 105.26712329] ; [ 1.26712329 35.73287671],0
p11,1,0.494688,0.466313,[46 63] ; [18 19],[47.78082192 61.21917808] ; [16.21917808 20.78082192],0
p1,1,0.516677,0.420521,[  8 100] ; [ 4 33],[ 8.93793103 99.06206897] ; [ 3.06206897 33.93793103],0
b1,1,0.568136,0.325812,[53 56] ; [20 17],[54.5 54.5] ; [18.5 18.5],0
