Feature,DoF,P Value,Chi Square,Observed,Expected,Is Significant
p3,1,3e-06,22.014495,[ 8 81] ; [29 43],[20.45341615 68.54658385] ; [16.54658385 55.45341615],1
p8,1,7e-05,15.805946,[10 80] ; [27 45],[20.55555556 69.44444444] ; [16.44444444 55.55555556],1
p6,1,9e-05,15.336383,[ 5 83] ; [20 50],[13.92405063 74.07594937] ; [11.07594937 58.92405063],1
p11,1,0.291509,1.112637,[40 50] ; [38 34],[43.33333333 46.66666667] ; [34.66666667 37.33333333],0
p5,1,0.434291,0.611321,[ 1 89] ; [ 2 70],[ 1.66666667 88.33333333] ; [ 1.33333333 70.66666667],0
b1,1,0.460289,0.545192,[41 49] ; [37 35],[43.33333333 46.66666667] ; [34.66666667 37.33333333],0
p12,1,0.697573,0.151009,[ 2 87] ; [ 1 70],[ 1.66875 87.33125] ; [ 1.33125 69.66875],0
p1,1,0.892864,0.018139,[ 7 82] ; [ 6 65],[ 7.23125 81.76875] ; [ 5.76875 65.23125],0
