Feature,DoF,P Value,Chi Square,Observed,Expected,Is Significant
p10,1,0.006934,7.29,[53 22] ; [1 5],[50. 25.] ; [4. 2.],0
p4,1,0.028728,4.783837,[57 19] ; [2 4],[54.68292683 21.31707317] ; [4.31707317 1.68292683],0
p11,1,0.317214,1.000398,[53 23] ; [3 3],[51.90243902 24.09756098] ; [4.09756098 1.90243902],0
p2,1,0.519155,0.415571,[54 22] ; [5 1],[54.68292683 21.31707317] ; [4.31707317 1.68292683],0
p1,1,0.883674,0.021408,[11 65] ; [1 5],[11.12195122 64.87804878] ; [0.87804878 5.12195122],0
b1,1,1.0,0.0,[38 38] ; [3 3],[38. 38.] ; [3. 3.],0
