Feature,DoF,P Value,Chi Square,Observed,Expected,Is Significant
p4,1,3.8e-05,16.946495,[ 82 194] ; [ 96 103],[103.42736842 172.57263158] ; [ 74.57263158 124.42736842],1
p1,1,0.058352,3.583625,[ 11 266] ; [ 16 183],[ 15.71218487 261.28781513] ; [ 11.28781513 187.71218487],0
p12,1,0.181212,1.787654,[ 14 263] ; [ 16 182],[ 17.49473684 259.50526316] ; [ 12.50526316 185.49473684],0
p5,1,0.193084,1.69393,[ 14 261] ; [ 16 183],[ 17.40506329 257.59493671] ; [ 12.59493671 186.40506329],0
p8,1,0.377186,0.779855,[ 98 175] ; [ 63 134],[ 93.51702128 179.48297872] ; [ 67.48297872 129.51702128],0
p11,1,0.761986,0.091733,[217  61] ; [153  46],[215.639413  62.360587] ; [154.360587  44.639413],0
b1,1,0.826147,0.048244,[ 84 194] ; [ 62 137],[ 85.09014675 192.90985325] ; [ 60.90985325 138.09014675],0
p10,1,0.9593,0.002604,[239  37] ; [172  27],[238.81263158  37.18736842] ; [172.18736842  26.81263158],0
