Feature,DoF,P Value,Chi Square,Observed,Expected,Is Significant
p1,1,0.048121,3.905758,[ 8 39] ; [ 4 66],[ 4.82051282 42.17948718] ; [ 7.17948718 62.82051282],0
p4,1,0.060477,3.524247,[33 14] ; [37 33],[28.11965812 18.88034188] ; [41.88034188 28.11965812],0
p8,1,0.075907,3.150428,[18 29] ; [38 31],[22.68965517 24.31034483] ; [33.31034483 35.68965517],0
p12,1,0.078284,3.100172,[ 5 42] ; [ 2 69],[ 2.78813559 44.21186441] ; [ 4.21186441 66.78813559],0
b1,1,0.114881,2.485759,[15 32] ; [33 38],[19.11864407 27.88135593] ; [28.88135593 42.11864407],0
p11,1,0.357384,0.847065,[33 14] ; [44 27],[30.66949153 16.33050847] ; [46.33050847 24.66949153],0
p3,1,0.430079,0.622611,[24 23] ; [31 40],[21.90677966 25.09322034] ; [33.09322034 37.90677966],0
p5,1,0.86607,0.028444,[ 3 44] ; [ 4 67],[ 2.78813559 44.21186441] ; [ 4.21186441 66.78813559],0
