Feature,DoF,P Value,Chi Square,Observed,Expected,Is Significant
p7,1,0.00024,13.486092,[34 95] ; [14  7],[41.28 87.72] ; [ 6.72 14.28],1
b1,1,0.032347,4.579987,[67 64] ; [16  5],[71.53289474 59.46710526] ; [11.46710526  9.53289474],0
p11,1,0.416196,0.661031,[56 75] ; [ 7 14],[54.29605263 76.70394737] ; [ 8.70394737 12.29605263],0
p5,1,0.511221,0.431568,[  3 128] ; [ 1 20],[  3.44736842 127.55263158] ; [ 0.55263158 20.44736842],0
p1,1,0.905904,0.013973,[  7 123] ; [ 1 20],[  6.88741722 123.11258278] ; [ 1.11258278 19.88741722],0
p2,1,0.967903,0.001619,[63 68] ; [10 11],[62.91447368 68.08552632] ; [10.08552632 10.91447368],0
