Feature,DoF,P Value,Chi Square,Observed,Expected,Is Significant
p6,1,9e-05,15.337837,[ 9 28] ; [158 112],[20.12703583 16.87296417] ; [146.87296417 123.12703583],1
p10,1,0.00129,10.356561,[34  6] ; [262   9],[38.07073955  1.92926045] ; [257.92926045  13.07073955],0
p2,1,0.003499,8.526984,[33  8] ; [255  17],[37.72523962  3.27476038] ; [250.27476038  21.72523962],0
p5,1,0.0058,7.611553,[ 2 39] ; [ 65 208],[ 8.74840764 32.25159236] ; [ 58.25159236 214.74840764],0
p12,1,0.0931,2.819944,[ 2 38] ; [ 40 232],[ 5.38461538 34.61538462] ; [ 36.61538462 235.38461538],0
p11,1,0.313201,1.017129,[35  6] ; [247  26],[36.82165605  4.17834395] ; [245.17834395  27.82165605],0
p7,1,0.516114,0.421651,[34  6] ; [240  31],[35.24115756  4.75884244] ; [238.75884244  32.24115756],0
b1,1,0.852588,0.034528,[15 26] ; [104 169],[15.53821656 25.46178344] ; [103.46178344 169.53821656],0
p1,1,0.983079,0.00045,[ 6 35] ; [ 40 231],[ 6.04487179 34.95512821] ; [ 39.95512821 231.04487179],0
