Feature,DoF,P Value,Chi Square,Observed,Expected,Is Significant
p3,1,0.068544,3.317553,[24 23] ; [ 9 21],[20.14285714 26.85714286] ; [12.85714286 17.14285714],0
b1,1,0.468415,0.525712,[15 32] ; [12 18],[16.48051948 30.51948052] ; [10.51948052 19.48051948],0
p1,1,0.495239,0.465124,[ 8 39] ; [ 7 23],[ 9.15584416 37.84415584] ; [ 5.84415584 24.15584416],0
p11,1,0.535181,0.384545,[33 14] ; [23  7],[34.18181818 12.81818182] ; [21.81818182  8.18181818],0
p10,1,0.575936,0.31285,[35 12] ; [24  6],[36.01298701 10.98701299] ; [22.98701299  7.01298701],0
p2,1,0.725425,0.123354,[36 11] ; [24  6],[36.62337662 10.37662338] ; [23.37662338  6.62337662],0
p5,1,0.960708,0.002427,[ 3 44] ; [ 2 28],[ 3.05194805 43.94805195] ; [ 1.94805195 28.05194805],0
p12,1,0.967697,0.00164,[ 5 42] ; [ 3 26],[ 4.94736842 42.05263158] ; [ 3.05263158 25.94736842],0
