Feature,DoF,P Value,Chi Square,Observed,Expected,Is Significant
p6,1,0.005093,7.84615,[ 77 224] ; [ 76 128],[ 91.19405941 209.80594059] ; [ 61.80594059 142.19405941],0
p12,1,0.118232,2.440582,[ 20 284] ; [  7 198],[ 16.12573674 287.87426326] ; [ 10.87426326 194.12573674],0
p4,1,0.364523,0.822252,[145 158] ; [106  98],[150.00591716 152.99408284] ; [100.99408284 103.00591716],0
p11,1,0.390265,0.738116,[235  69] ; [165  40],[238.89980354  65.10019646] ; [161.10019646  43.89980354],0
p1,1,0.553979,0.350237,[ 17 287] ; [  9 195],[ 15.55905512 288.44094488] ; [ 10.44094488 193.55905512],0
p5,1,0.638359,0.220895,[ 19 279] ; [ 11 194],[ 17.77335984 280.22664016] ; [ 12.22664016 192.77335984],0
b1,1,0.866592,0.02822,[106 198] ; [ 70 135],[105.11591356 198.88408644] ; [ 70.88408644 134.11591356],0
