Feature,DoF,P Value,Chi Square,Observed,Expected,Is Significant
p9,1,0.01581,5.823861,[26 37] ; [21 10],[31.5 31.5] ; [15.5 15.5],0
p8,1,0.019488,5.457161,[30 33] ; [ 7 24],[24.79787234 38.20212766] ; [12.20212766 18.79787234],0
p12,1,0.067712,3.337623,[ 1 62] ; [ 3 28],[ 2.68085106 60.31914894] ; [ 1.31914894 29.68085106],0
p6,1,0.119844,2.419355,[24 38] ; [ 7 24],[20.66666667 41.33333333] ; [10.33333333 20.66666667],0
p1,1,0.197722,1.659123,[ 7 56] ; [ 1 30],[ 5.36170213 57.63829787] ; [ 2.63829787 28.36170213],0
b1,1,0.208349,1.58286,[31 32] ; [11 20],[28.14893617 34.85106383] ; [13.85106383 17.14893617],0
p5,1,0.417909,0.656186,[ 5 58] ; [ 1 28],[ 4.10869565 58.89130435] ; [ 1.89130435 27.10869565],0
p11,1,0.603053,0.270416,[33 30] ; [18 13],[34.18085106 28.81914894] ; [16.81914894 14.18085106],0
p3,1,0.707246,0.141043,[34 29] ; [18 13],[34.85106383 28.14893617] ; [17.14893617 13.85106383],0
