Feature,DoF,P Value,Chi Square,Observed,Expected,Is Significant
p10,1,0.037379,4.333047,[23 14] ; [1 5],[20.65116279 16.34883721] ; [3.34883721 2.65116279],0
p1,1,0.1319,2.269996,[ 1 36] ; [1 5],[ 1.72093023 35.27906977] ; [0.27906977 5.72093023],0
p8,1,0.349575,0.875,[13 23] ; [1 5],[12. 24.] ; [2. 4.],0
p3,1,0.563888,0.333017,[17 20] ; [2 4],[16.34883721 20.65116279] ; [2.65116279 3.34883721],0
p11,1,0.57193,0.319463,[23 14] ; [3 3],[22.37209302 14.62790698] ; [3.62790698 2.37209302],0
p4,1,0.737671,0.112185,[15 22] ; [2 4],[14.62790698 22.37209302] ; [2.37209302 3.62790698],0
b1,1,0.951019,0.003773,[18 19] ; [3 3],[18.06976744 18.93023256] ; [2.93023256 3.06976744],0
