Feature,DoF,P Value,Chi Square,Observed,Expected,Is Significant
p5,1,0.002844,8.904712,[ 6 95] ; [ 8 25],[10.55223881 90.44776119] ; [ 3.44776119 29.55223881],0
p12,1,0.052869,3.748052,[ 5 96] ; [ 5 28],[ 7.53731343 93.46268657] ; [ 2.46268657 30.53731343],0
p7,1,0.07475,3.175507,[76 21] ; [20 12],[72.18604651 24.81395349] ; [23.81395349  8.18604651],0
p1,1,0.15104,2.061719,[ 7 94] ; [ 5 28],[ 9.04477612 91.95522388] ; [ 2.95522388 30.04477612],0
p10,1,0.214673,1.539628,[78 22] ; [29  4],[80.45112782 19.54887218] ; [26.54887218  6.45112782],0
p4,1,0.300854,1.070404,[64 37] ; [17 15],[61.5112782 39.4887218] ; [19.4887218 12.5112782],0
b1,1,0.69439,0.154374,[30 71] ; [11 22],[30.90298507 70.09701493] ; [10.09701493 22.90298507],0
p11,1,0.958906,0.002655,[80 21] ; [26  7],[79.89552239 21.10447761] ; [26.10447761  6.89552239],0
