Feature,DoF,P Value,Chi Square,Observed,Expected,Is Significant
p1,1,0.094292,2.799522,[  8 124] ; [ 5 29],[ 10.3373494 121.6626506] ; [ 2.6626506 31.3373494],0
p3,1,0.159697,1.97709,[76 56] ; [15 19],[72.36144578 59.63855422] ; [18.63855422 15.36144578],0
b1,1,0.219353,1.508601,[54 78] ; [10 24],[50.89156627 81.10843373] ; [13.10843373 20.89156627],0
p10,1,0.231784,1.42988,[94 36] ; [21 13],[91.15853659 38.84146341] ; [23.84146341 10.15853659],0
p9,1,0.259776,1.269952,[100  31] ; [29  5],[102.41818182  28.58181818] ; [26.58181818  7.41818182],0
p12,1,0.566372,0.328791,[  7 125] ; [ 1 33],[  6.36144578 125.63855422] ; [ 1.63855422 32.36144578],0
p11,1,0.852575,0.034534,[91 41] ; [24 10],[91.44578313 40.55421687] ; [23.55421687 10.44578313],0
p2,1,0.936613,0.006325,[104  28] ; [27  7],[104.1686747  27.8313253] ; [26.8313253  7.1686747],0
