Feature,DoF,P Value,Chi Square,Observed,Expected,Is Significant
p8,1,0.0,40.174881,[30 12] ; [ 7 56],[14.8 27.2] ; [22.2 40.8],1
p6,1,1.2e-05,19.173206,[19 24] ; [ 5 58],[ 9.73584906 33.26415094] ; [14.26415094 48.73584906],1
p11,1,0.001268,10.38785,[27 16] ; [20 44],[18.88785047 24.11214953] ; [28.11214953 35.88785047],0
p10,1,0.020786,5.344645,[14 28] ; [ 9 54],[ 9.2 32.8] ; [13.8 49.2],0
p5,1,0.061369,3.5,[ 4 38] ; [ 1 62],[ 2. 40.] ; [ 3. 60.],0
p1,1,0.556162,0.346393,[ 4 39] ; [ 4 60],[ 3.21495327 39.78504673] ; [ 4.78504673 59.21495327],0
b1,1,0.784548,0.074746,[26 17] ; [37 27],[25.31775701 17.68224299] ; [37.68224299 26.31775701],0
