Feature,DoF,P Value,Chi Square,Observed,Expected,Is Significant
p1,1,0.063069,3.454791,[  3 105] ; [ 5 47],[  5.4 102.6] ; [ 2.6 49.4],0
p9,1,0.337327,0.920565,[84 24] ; [43  8],[86.26415094 21.73584906] ; [40.73584906 10.26415094],0
p12,1,0.424021,0.639144,[  2 106] ; [ 2 48],[  2.73417722 105.26582278] ; [ 1.26582278 48.73417722],0
p11,1,0.555642,0.347307,[74 34] ; [38 14],[75.6 32.4] ; [36.4 15.6],0
p10,1,0.693882,0.154914,[80 26] ; [37 14],[78.99363057 27.00636943] ; [38.00636943 12.99363057],0
b1,1,0.777097,0.080148,[37 71] ; [19 33],[37.8 70.2] ; [18.2 33.8],0
p5,1,0.973295,0.001121,[  4 103] ; [ 2 50],[  4.03773585 102.96226415] ; [ 1.96226415 50.03773585],0
