Feature,DoF,P Value,Chi Square,Observed,Expected,Is Significant
p4,1,0.0,134.320393,[241  33] ; [ 84 136],[180.26315789  93.73684211] ; [144.73684211  75.26315789],1
p5,1,3e-06,21.974645,[ 65 209] ; [ 17 200],[ 45.75967413 228.24032587] ; [ 36.24032587 180.75967413],1
p11,1,0.000426,12.414822,[243  31] ; [169  51],[228.51821862  45.48178138] ; [183.48178138  36.51821862],1
p1,1,0.007505,7.14792,[ 41 232] ; [ 16 204],[ 31.56389452 241.43610548] ; [ 25.43610548 194.56389452],0
b1,1,0.079076,3.083791,[112 162] ; [ 73 147],[102.61133603 171.38866397] ; [ 82.38866397 137.61133603],0
p10,1,0.090416,2.86695,[250  22] ; [192  28],[244.35772358  27.64227642] ; [197.64227642  22.35772358],0
p12,1,0.090476,2.865886,[ 37 236] ; [ 19 200],[ 31.07317073 241.92682927] ; [ 24.92682927 194.07317073],0
