Feature,DoF,P Value,Chi Square,Observed,Expected,Is Significant
p9,1,0.000386,12.598488,[18 20] ; [46 10],[25.87234043 12.12765957] ; [38.12765957 17.87234043],1
b1,1,0.007155,7.233763,[19 19] ; [13 43],[12.93617021 25.06382979] ; [19.06382979 36.93617021],0
p1,1,0.091614,2.845776,[ 6 32] ; [ 3 53],[ 3.63829787 34.36170213] ; [ 5.36170213 50.63829787],0
p4,1,0.356251,0.851065,[24 14] ; [30 26],[21.82978723 16.17021277] ; [32.17021277 23.82978723],0
p5,1,0.621364,0.243955,[ 3 35] ; [ 3 53],[ 2.42553191 35.57446809] ; [ 3.57446809 52.42553191],0
p7,1,0.718606,0.129832,[26 12] ; [35 19],[25.19565217 12.80434783] ; [35.80434783 18.19565217],0
p11,1,0.899841,0.015841,[26 12] ; [39 17],[26.27659574 11.72340426] ; [38.72340426 17.27659574],0
