Feature,DoF,P Value,Chi Square,Observed,Expected,Is Significant
p10,1,0.0,30.508031,[172  27] ; [ 4 10],[164.43192488  34.56807512] ; [11.56807512  2.43192488],1
p11,1,7.2e-05,15.754366,[153  46] ; [ 4 10],[146.68075117  52.31924883] ; [10.31924883  3.68075117],1
p3,1,0.264455,1.245286,[ 70 129] ; [7 7],[ 71.93896714 127.06103286] ; [5.06103286 8.93896714],0
p6,1,0.33176,0.942016,[ 36 163] ; [ 4 10],[ 37.37089202 161.62910798] ; [ 2.62910798 11.37089202],0
b1,1,0.363997,0.824056,[ 62 137] ; [6 8],[ 63.53051643 135.46948357] ; [4.46948357 9.53051643],0
p4,1,0.695245,0.153466,[ 96 103] ; [7 6],[ 96.68396226 102.31603774] ; [6.31603774 6.68396226],0
p5,1,0.904679,0.014341,[ 16 183] ; [ 1 13],[ 15.88262911 183.11737089] ; [ 1.11737089 12.88262911],0
