Feature,DoF,P Value,Chi Square,Observed,Expected,Is Significant
p10,1,8.8e-05,15.378492,[35 12] ; [ 5 16],[27.64705882 19.35294118] ; [12.35294118  8.64705882],1
b1,1,0.000707,11.470734,[15 32] ; [16  5],[21.42647059 25.57352941] ; [ 9.57352941 11.42647059],1
p11,1,0.004305,8.150355,[33 14] ; [ 7 14],[27.64705882 19.35294118] ; [12.35294118  8.64705882],0
p2,1,0.018286,5.568565,[36 11] ; [10 11],[31.79411765 15.20588235] ; [14.20588235  6.79411765],0
p1,1,0.16812,1.899625,[ 8 39] ; [ 1 20],[ 6.22058824 40.77941176] ; [ 2.77941176 18.22058824],0
p8,1,0.438093,0.601271,[18 29] ; [ 6 15],[16.58823529 30.41176471] ; [ 7.41176471 13.58823529],0
p5,1,0.792952,0.068896,[ 3 44] ; [ 1 20],[ 2.76470588 44.23529412] ; [ 1.23529412 19.76470588],0
