Feature,DoF,P Value,Chi Square,Observed,Expected,Is Significant
p9,1,0.0,59.158097,[12 16] ; [290  25],[24.65306122  3.34693878] ; [277.34693878  37.65306122],1
p11,1,0.002304,9.290147,[18 10] ; [273  44],[23.6173913  4.3826087] ; [267.3826087  49.6173913],0
b1,1,0.079778,3.069419,[17 11] ; [138 179],[12.57971014 15.42028986] ; [142.42028986 174.57971014],0
p1,1,0.171722,1.867849,[ 6 22] ; [ 39 277],[ 3.6627907 24.3372093] ; [ 41.3372093 274.6627907],0
p5,1,0.426109,0.633404,[ 4 24] ; [ 65 251],[ 5.61627907 22.38372093] ; [ 63.38372093 252.61627907],0
p4,1,0.49554,0.464474,[22  6] ; [265  52],[23.29275362  4.70724638] ; [263.70724638  53.29275362],0
