Feature,DoF,P Value,Chi Square,Observed,Expected,Is Significant
p4,1,0.009361,6.752696,[60 27] ; [83 77],[50.36842105 36.63157895] ; [92.63157895 67.36842105],0
p11,1,0.011217,6.430686,[61 26] ; [135  26],[68.75806452 18.24193548] ; [127.24193548  33.75806452],0
p7,1,0.473548,0.513684,[58 27] ; [114  43],[60.41322314 24.58677686] ; [111.58677686  45.41322314],0
p5,1,0.481128,0.496304,[ 4 83] ; [ 11 150],[ 5.26209677 81.73790323] ; [  9.73790323 151.26209677],0
p9,1,0.57266,0.318252,[76 11] ; [133  24],[74.5204918 12.4795082] ; [134.4795082  22.5204918],0
p1,1,0.594328,0.283636,[ 7 80] ; [ 10 150],[ 5.98785425 81.01214575] ; [ 11.01214575 148.98785425],0
b1,1,0.621811,0.243331,[33 54] ; [ 56 105],[31.22177419 55.77822581] ; [ 57.77822581 103.22177419],0
p12,1,0.717091,0.131297,[ 3 84] ; [  7 152],[ 3.53658537 83.46341463] ; [  6.46341463 152.53658537],0
p10,1,0.943758,0.004977,[70 16] ; [130  29],[70.20408163 15.79591837] ; [129.79591837  29.20408163],0
