Feature,DoF,P Value,Chi Square,Observed,Expected,Is Significant
p8,1,0.111905,2.527115,[20 87] ; [ 9 77],[16.07772021 90.92227979] ; [12.92227979 73.07772021],0
p11,1,0.190003,1.717594,[49 59] ; [31 55],[44.53608247 63.46391753] ; [35.46391753 50.53608247],0
p1,1,0.311107,1.02597,[  5 102] ; [ 7 78],[  6.6875 100.3125] ; [ 5.3125 79.6875],0
p2,1,0.345068,0.891511,[50 58] ; [34 52],[46.7628866 61.2371134] ; [37.2371134 48.7628866],0
p4,1,0.47862,0.502005,[26 80] ; [25 61],[28.15625 77.84375] ; [22.84375 63.15625],0
p12,1,0.86975,0.026888,[  1 106] ; [ 1 84],[  1.11458333 105.88541667] ; [ 0.88541667 84.11458333],0
p5,1,0.876344,0.024213,[  1 106] ; [ 1 85],[  1.10880829 105.89119171] ; [ 0.89119171 85.10880829],0
b1,1,0.973846,0.001075,[55 53] ; [44 42],[55.11340206 52.88659794] ; [43.88659794 42.11340206],0
