Feature,DoF,P Value,Chi Square,Observed,Expected,Is Significant
p10,1,0.0,44.136974,[26 81] ; [39  9],[44.87096774 62.12903226] ; [20.12903226 27.87096774],1
p2,1,3e-06,21.587743,[50 58] ; [42  7],[63.2866242 44.7133758] ; [28.7133758 20.2866242],1
p5,1,0.00045,12.313716,[  1 106] ; [ 7 42],[  5.48717949 101.51282051] ; [ 2.51282051 46.48717949],1
p12,1,0.00045,12.313716,[  1 106] ; [ 7 42],[  5.48717949 101.51282051] ; [ 2.51282051 46.48717949],1
p11,1,0.00242,9.200389,[49 59] ; [35 14],[57.78343949 50.21656051] ; [26.21656051 22.78343949],0
p1,1,0.036495,4.373832,[  5 102] ; [ 7 42],[ 8.23076923 98.76923077] ; [ 3.76923077 45.23076923],0
b1,1,0.098559,2.728711,[55 53] ; [18 31],[50.21656051 57.78343949] ; [22.78343949 26.21656051],0
