Feature,DoF,P Value,Chi Square,Observed,Expected,Is Significant
p9,1,0.010475,6.552227,[23 13] ; [42  6],[27.85714286  8.14285714] ; [37.14285714 10.85714286],0
b1,1,0.013302,6.128509,[23 13] ; [18 31],[17.36470588 18.63529412] ; [23.63529412 25.36470588],0
p12,1,0.072587,3.22353,[ 1 35] ; [ 7 42],[ 3.38823529 32.61176471] ; [ 4.61176471 44.38823529],0
p10,1,0.073302,3.207478,[23 13] ; [39  9],[26.57142857  9.42857143] ; [35.42857143 12.57142857],0
p5,1,0.452193,0.565149,[ 3 31] ; [ 7 42],[ 4.09638554 29.90361446] ; [ 5.90361446 43.09638554],0
p11,1,0.460659,0.544292,[23 13] ; [35 14],[24.56470588 11.43529412] ; [33.43529412 15.56470588],0
p6,1,0.73051,0.118644,[10 26] ; [15 33],[10.71428571 25.28571429] ; [14.28571429 33.71428571],0
p1,1,0.958595,0.002695,[ 5 31] ; [ 7 42],[ 5.08235294 30.91764706] ; [ 6.91764706 42.08235294],0
