Feature,DoF,P Value,Chi Square,Observed,Expected,Is Significant
p7,1,0.0,33.402683,[35  8] ; [26 66],[19.42962963 23.57037037] ; [41.57037037 50.42962963],1
p6,1,0.000116,14.856721,[17 24] ; [11 81],[ 8.63157895 32.36842105] ; [19.36842105 72.63157895],1
p3,1,0.000442,12.345086,[19 24] ; [15 78],[10.75 32.25] ; [23.25 69.75],1
p10,1,0.009027,6.817484,[17 27] ; [17 77],[10.84057971 33.15942029] ; [23.15942029 70.84057971],0
p11,1,0.020962,5.329968,[28 16] ; [40 54],[21.68115942 22.31884058] ; [46.31884058 47.68115942],0
p5,1,0.060412,3.526044,[ 3 41] ; [ 1 93],[ 1.27536232 42.72463768] ; [ 2.72463768 91.27536232],0
b1,1,0.299221,1.077663,[28 16] ; [51 43],[25.1884058 18.8115942] ; [53.8115942 40.1884058],0
p1,1,0.323208,0.975919,[ 5 39] ; [ 6 87],[ 3.53284672 40.46715328] ; [ 7.46715328 85.53284672],0
