Feature,DoF,P Value,Chi Square,Observed,Expected,Is Significant
p7,1,0.0,47.007937,[83 68] ; [324  65],[113.80925926  37.19074074] ; [293.19074074  95.80925926],1
p11,1,0.000397,12.543951,[121  32] ; [356  38],[133.42047532  19.57952468] ; [343.57952468  50.42047532],1
p2,1,0.005733,7.632374,[129  23] ; [364  29],[137.49724771  14.50275229] ; [355.50275229  37.49724771],0
p6,1,0.007533,7.141189,[56 94] ; [197 196],[69.88950276 80.11049724] ; [183.11049724 209.88950276],0
p5,1,0.008626,6.898761,[ 15 134] ; [ 77 317],[ 25.24493554 123.75506446] ; [ 66.75506446 327.24493554],0
p12,1,0.052129,3.771634,[ 10 143] ; [ 48 344],[ 16.28256881 136.71743119] ; [ 41.71743119 350.28256881],0
p3,1,0.062761,3.46289,[89 64] ; [262 131],[98.35714286 54.64285714] ; [252.64285714 140.35714286],0
p1,1,0.12126,2.400964,[ 12 141] ; [ 49 343],[ 17.12477064 135.87522936] ; [ 43.87522936 348.12477064],0
b1,1,0.582975,0.30145,[59 94] ; [142 252],[56.22120658 96.77879342] ; [144.77879342 249.22120658],0
