Feature,DoF,P Value,Chi Square,Observed,Expected,Is Significant
p10,1,0.0,30.034246,[23 26] ; [98 14],[36.82608696 12.17391304] ; [84.17391304 27.82608696],1
p9,1,0.000199,13.843161,[31 18] ; [99 13],[39.56521739  9.43478261] ; [90.43478261 21.56521739],1
b1,1,0.005988,7.553854,[34 16] ; [50 62],[25.92592593 24.07407407] ; [58.07407407 53.92592593],0
p4,1,0.040354,4.202929,[29 21] ; [83 29],[34.56790123 15.43209877] ; [77.43209877 34.56790123],0
p5,1,0.147573,2.097159,[ 2 48] ; [12 97],[ 4.40251572 45.59748428] ; [ 9.59748428 99.40251572],0
p12,1,0.18682,1.742521,[ 1 49] ; [  8 104],[ 2.77777778 47.22222222] ; [  6.22222222 105.77777778],0
p1,1,0.239848,1.381488,[ 7 43] ; [  9 103],[ 4.9382716 45.0617284] ; [ 11.0617284 100.9382716],0
p6,1,0.249448,1.326392,[18 32] ; [30 81],[14.9068323 35.0931677] ; [33.0931677 77.9068323],0
p2,1,0.43966,0.597168,[37 13] ; [89 23],[38.88888889 11.11111111] ; [87.11111111 24.88888889],0
p7,1,0.876283,0.024237,[27 23] ; [59 53],[26.54320988 23.45679012] ; [59.45679012 52.54320988],0
