Feature,DoF,P Value,Chi Square,Observed,Expected,Is Significant
p9,1,0.001787,9.756847,[29  4] ; [21 18],[22.91666667 10.08333333] ; [27.08333333 11.91666667],0
p7,1,0.014903,5.927845,[21 10] ; [15 24],[15.94285714 15.05714286] ; [20.05714286 18.94285714],0
p11,1,0.036024,4.395982,[27  6] ; [23 16],[22.91666667 10.08333333] ; [27.08333333 11.91666667],0
p5,1,0.141301,2.163738,[ 7 26] ; [ 3 32],[ 4.85294118 28.14705882] ; [ 5.14705882 29.85294118],0
p1,1,0.152599,2.046077,[ 5 28] ; [ 2 37],[ 3.20833333 29.79166667] ; [ 3.79166667 35.20833333],0
p12,1,0.152599,2.046077,[ 5 28] ; [ 2 37],[ 3.20833333 29.79166667] ; [ 3.79166667 35.20833333],0
b1,1,0.401144,0.704895,[12 21] ; [18 21],[13.75 19.25] ; [16.25 22.75],0
p3,1,0.951662,0.003675,[17 15] ; [21 18],[17.12676056 14.87323944] ; [20.87323944 18.12676056],0
