Feature,DoF,P Value,Chi Square,Observed,Expected,Is Significant
p1,1,0.018565,5.541999,[ 4 63] ; [ 5 16],[ 6.85227273 60.14772727] ; [ 2.14772727 18.85227273],0
p11,1,0.074806,3.174278,[49 18] ; [11 10],[45.68181818 21.31818182] ; [14.31818182  6.68181818],0
p5,1,0.219139,1.510001,[ 4 63] ; [ 3 18],[ 5.32954545 61.67045455] ; [ 1.67045455 19.32954545],0
b1,1,0.453094,0.5629,[35 32] ; [ 9 12],[33.5 33.5] ; [10.5 10.5],0
p9,1,0.50718,0.43988,[51 14] ; [15  6],[49.88372093 15.11627907] ; [16.11627907  4.88372093],0
p10,1,0.830502,0.045821,[48 17] ; [16  5],[48.37209302 16.62790698] ; [15.62790698  5.37209302],0
p6,1,0.967887,0.001621,[18 44] ; [ 6 15],[17.92771084 44.07228916] ; [ 6.07228916 14.92771084],0
p12,1,0.977886,0.000768,[ 3 62] ; [ 1 20],[ 3.02325581 61.97674419] ; [ 0.97674419 20.02325581],0
