Feature,DoF,P Value,Chi Square,Observed,Expected,Is Significant
p2,1,0.0,116.671187,[341  35] ; [95 94],[290.15221239  85.84778761] ; [145.84778761  43.15221239],1
p6,1,0.0,100.614828,[190 185] ; [ 14 173],[136.12099644 238.87900356] ; [ 67.87900356 119.12099644],1
p11,1,0.0,58.990689,[336  42] ; [116  73],[301.33333333  76.66666667] ; [150.66666667  38.33333333],1
p5,1,0.0,34.249077,[ 73 302] ; [  3 185],[ 50.62166963 324.37833037] ; [ 25.37833037 162.62166963],1
p12,1,0.005052,7.860792,[ 49 327] ; [ 10 177],[ 39.40319716 336.59680284] ; [ 19.59680284 167.40319716],0
p1,1,0.027875,4.835804,[ 49 326] ; [ 13 175],[ 41.29662522 333.70337478] ; [ 20.70337478 167.29662522],0
b1,1,0.808718,0.058603,[154 224] ; [ 75 114],[152.66666667 225.33333333] ; [ 76.33333333 112.66666667],0
