Feature,DoF,P Value,Chi Square,Observed,Expected,Is Significant
p9,1,0.0,65.926478,[172   8] ; [12 16],[159.23076923  20.76923077] ; [24.76923077  3.23076923],1
b1,1,0.001674,9.876529,[ 55 126] ; [17 11],[ 62.35406699 118.64593301] ; [ 9.64593301 18.35406699],0
p4,1,0.004393,8.11362,[90 91] ; [22  6],[96.99521531 84.00478469] ; [15.00478469 12.99521531],0
p1,1,0.021889,5.254566,[ 14 167] ; [ 6 22],[ 17.32057416 163.67942584] ; [ 2.67942584 25.32057416],0
p11,1,0.040864,4.18165,[147  34] ; [18 10],[142.89473684  38.10526316] ; [22.10526316  5.89473684],0
p3,1,0.219236,1.509363,[ 62 118] ; [13 15],[ 64.90384615 115.09615385] ; [10.09615385 17.90384615],0
p5,1,0.250207,1.322148,[ 14 167] ; [ 4 24],[ 15.58851675 165.41148325] ; [ 2.41148325 25.58851675],0
