Feature,DoF,P Value,Chi Square,Observed,Expected,Is Significant
p9,1,0.0,39.185291,[17 28] ; [88 12],[32.5862069 12.4137931] ; [72.4137931 27.5862069],1
p11,1,0.00091,11.002097,[20 25] ; [73 27],[28.86206897 16.13793103] ; [64.13793103 35.86206897],1
p2,1,0.023793,5.109661,[34 11] ; [89 10],[38.4375  6.5625] ; [84.5625 14.4375],0
b1,1,0.129852,2.294276,[25 20] ; [42 58],[20.79310345 24.20689655] ; [46.20689655 53.79310345],0
p1,1,0.216834,1.525204,[ 6 39] ; [ 7 93],[ 4.03448276 40.96551724] ; [ 8.96551724 91.03448276],0
p6,1,0.384143,0.757402,[17 27] ; [46 53],[19.38461538 24.61538462] ; [43.61538462 55.38461538],0
p5,1,0.581447,0.303901,[ 6 39] ; [10 88],[ 5.03496503 39.96503497] ; [10.96503497 87.03496503],0
