Feature,DoF,P Value,Chi Square,Observed,Expected,Is Significant
p8,1,0.002178,9.393233,[ 4 15] ; [14  6],[ 8.76923077 10.23076923] ; [ 9.23076923 10.76923077],0
p3,1,0.015426,5.867105,[ 5 14] ; [13  7],[ 8.76923077 10.23076923] ; [ 9.23076923 10.76923077],0
p7,1,0.02176,5.264877,[ 5 13] ; [13  7],[8.52631579 9.47368421] ; [ 9.47368421 10.52631579],0
p11,1,0.033722,4.508752,[ 9 10] ; [16  4],[12.17948718  6.82051282] ; [12.82051282  7.17948718],0
p5,1,0.168836,1.893251,[ 1 18] ; [ 4 16],[ 2.43589744 16.56410256] ; [ 2.56410256 17.43589744],0
b1,1,0.255557,1.292669,[12  7] ; [ 9 11],[10.23076923  8.76923077] ; [10.76923077  9.23076923],0
p1,1,0.517397,0.419079,[ 2 17] ; [ 1 19],[ 1.46153846 17.53846154] ; [ 1.53846154 18.46153846],0
