Feature,DoF,P Value,Chi Square,Observed,Expected,Is Significant
p9,1,0.0,72.813811,[155  74] ; [354  23],[192.34488449  36.65511551] ; [316.65511551  60.34488449],1
p4,1,0.0,66.879096,[ 48 188] ; [202 174],[ 96.40522876 139.59477124] ; [153.59477124 222.40522876],1
p8,1,0.0,65.558362,[ 44 191] ; [192 180],[ 91.36738056 143.63261944] ; [144.63261944 227.36738056],1
p11,1,0.0,47.717156,[148  89] ; [326  51],[182.96091205  54.03908795] ; [291.03908795  85.96091205],1
p5,1,0.016699,5.727746,[  8 228] ; [ 31 345],[ 15.03921569 220.96078431] ; [ 23.96078431 352.03921569],0
b1,1,0.299163,1.077923,[ 87 150] ; [123 254],[ 81.05863192 155.94136808] ; [128.94136808 248.05863192],0
p1,1,0.597803,0.278322,[ 12 224] ; [ 23 354],[ 13.47471452 222.52528548] ; [ 21.52528548 355.47471452],0
p12,1,0.73529,0.11431,[ 11 223] ; [ 20 356],[ 11.89180328 222.10819672] ; [ 19.10819672 356.89180328],0
