Feature,DoF,P Value,Chi Square,Observed,Expected,Is Significant
p11,1,2e-06,22.300459,[8 9] ; [405  58],[14.62708333  2.37291667] ; [398.37291667  64.62708333],1
p4,1,0.000592,11.801944,[ 6 11] ; [339 123],[12.24425887  4.75574113] ; [332.75574113 129.24425887],1
b1,1,0.024016,5.093465,[11  6] ; [174 289],[ 6.55208333 10.44791667] ; [178.44791667 284.55208333],0
p1,1,0.305961,1.04803,[ 3 14] ; [ 46 415],[ 1.74267782 15.25732218] ; [ 47.25732218 413.74267782],0
p3,1,0.631273,0.230339,[10  7] ; [298 164],[10.93110647  6.06889353] ; [297.06889353 164.93110647],0
