Feature,DoF,P Value,Chi Square,Observed,Expected,Is Significant
p1,1,0.007138,7.237885,[ 5 30] ; [ 10 256],[ 1.74418605 33.25581395] ; [ 13.25581395 252.74418605],0
p12,1,0.018947,5.506418,[ 5 30] ; [ 12 253],[ 1.98333333 33.01666667] ; [ 15.01666667 249.98333333],0
p11,1,0.285951,1.138587,[25 10] ; [211  55],[27.44186047  7.55813953] ; [208.55813953  57.44186047],0
b1,1,0.340919,0.906972,[14 21] ; [ 85 181],[11.51162791 23.48837209] ; [ 87.48837209 178.51162791],0
p9,1,0.433561,0.613264,[33  2] ; [239  26],[31.73333333  3.26666667] ; [240.26666667  24.73333333],0
p8,1,0.543777,0.368585,[15 20] ; [ 98 163],[13.36148649 21.63851351] ; [ 99.63851351 161.36148649],0
p2,1,0.885576,0.020709,[28  7] ; [210  56],[27.6744186  7.3255814] ; [210.3255814  55.6744186],0
p5,1,0.919086,0.01032,[ 2 33] ; [ 14 250],[ 1.8729097 33.1270903] ; [ 14.1270903 249.8729097],0
