Feature,DoF,P Value,Chi Square,Observed,Expected,Is Significant
p3,1,0.063848,3.434499,[21 19] ; [ 8 19],[17.31343284 22.68656716] ; [11.68656716 15.31343284],0
b1,1,0.065745,3.386179,[18 23] ; [18  9],[21.70588235 19.29411765] ; [14.29411765 12.70588235],0
p6,1,0.132509,2.262867,[18 23] ; [ 7 20],[15.07352941 25.92647059] ; [ 9.92647059 17.07352941],0
p8,1,0.514845,0.424207,[21 20] ; [16 11],[22.30882353 18.69117647] ; [14.69117647 12.30882353],0
p11,1,0.631819,0.229602,[31 10] ; [19  8],[30.14705882 10.85294118] ; [19.85294118  7.14705882],0
p4,1,0.726726,0.122139,[19 21] ; [14 13],[19.70149254 20.29850746] ; [13.29850746 13.70149254],0
