Feature,DoF,P Value,Chi Square,Observed,Expected,Is Significant
p10,1,0.520207,0.413484,[ 9 30] ; [ 3 16],[ 8.06896552 30.93103448] ; [ 3.93103448 15.06896552],0
p7,1,0.643116,0.214691,[21 18] ; [ 9 10],[20.17241379 18.82758621] ; [9.82758621 9.17241379],0
p5,1,0.671475,0.179882,[ 3 36] ; [ 2 16],[ 3.42105263 35.57894737] ; [ 1.57894737 16.42105263],0
p8,1,0.682889,0.166892,[13 26] ; [ 7 11],[13.68421053 25.31578947] ; [ 6.31578947 11.68421053],0
p1,1,0.731862,0.117409,[ 3 36] ; [ 1 18],[ 2.68965517 36.31034483] ; [ 1.31034483 17.68965517],0
b1,1,0.771066,0.08467,[21 18] ; [11  8],[21.51724138 17.48275862] ; [10.48275862  8.51724138],0
p11,1,0.771066,0.08467,[18 21] ; [ 8 11],[17.48275862 21.51724138] ; [ 8.51724138 10.48275862],0
