Feature,DoF,P Value,Chi Square,Observed,Expected,Is Significant
p10,1,0.0,67.476566,[79 18] ; [20 72],[50.80952381 46.19047619] ; [48.19047619 43.80952381],1
p2,1,0.0,34.783921,[82 15] ; [40 52],[62.61375661 34.38624339] ; [59.38624339 32.61375661],1
p7,1,4e-06,21.229791,[59 35] ; [26 64],[43.42391304 50.57608696] ; [41.57608696 48.42391304],1
p11,1,5e-06,20.664467,[77 21] ; [43 49],[61.89473684 36.10526316] ; [58.10526316 33.89473684],1
b1,1,0.015105,5.904133,[31 67] ; [45 47],[39.2 58.8] ; [36.8 55.2],0
p1,1,0.573184,0.317385,[ 6 90] ; [ 4 87],[ 5.13368984 90.86631016] ; [ 4.86631016 86.13368984],0
p12,1,0.94853,0.004167,[ 2 95] ; [ 2 89],[ 2.06382979 94.93617021] ; [ 1.93617021 89.06382979],0
