Feature,DoF,P Value,Chi Square,Observed,Expected,Is Significant
p9,1,4e-06,21.476089,[35  6] ; [ 9 20],[25.77142857 15.22857143] ; [18.22857143 10.77142857],1
p11,1,0.000851,11.126997,[35  6] ; [14 15],[28.7 12.3] ; [20.3  8.7],1
p6,1,0.035323,4.429481,[ 9 28] ; [13 13],[12.92063492 24.07936508] ; [ 9.07936508 16.92063492],0
p5,1,0.189352,1.722649,[ 2 39] ; [ 4 25],[ 3.51428571 37.48571429] ; [ 2.48571429 26.51428571],0
b1,1,0.328026,0.956674,[15 26] ; [14 15],[16.98571429 24.01428571] ; [12.01428571 16.98571429],0
p7,1,0.337985,0.918061,[34  6] ; [22  7],[32.46376812  7.53623188] ; [23.53623188  5.46376812],0
p2,1,0.642207,0.215868,[33  8] ; [22  7],[32.21428571  8.78571429] ; [22.78571429  6.21428571],0
p1,1,0.921094,0.009812,[ 6 35] ; [ 4 25],[ 5.85714286 35.14285714] ; [ 4.14285714 24.85714286],0
