Feature,DoF,P Value,Chi Square,Observed,Expected,Is Significant
p11,1,0.0,38.034879,[318  39] ; [10 13],[308.14736842  48.85263158] ; [19.85263158  3.14736842],1
p9,1,0.0,35.522691,[320  35] ; [11 12],[310.85978836  44.14021164] ; [20.14021164  2.85978836],1
b1,1,0.00175,9.795194,[145 212] ; [17  6],[152.19473684 204.80526316] ; [ 9.80526316 13.19473684],0
p5,1,0.235047,1.410055,[ 66 291] ; [ 2 21],[ 63.88421053 293.11578947] ; [ 4.11578947 18.88421053],0
p1,1,0.429264,0.624815,[ 42 313] ; [ 4 19],[ 43.2010582 311.7989418] ; [ 2.7989418 20.2010582],0
p4,1,0.587667,0.294002,[281  76] ; [17  6],[279.96315789  77.03684211] ; [18.03684211  4.96315789],0
