Feature,DoF,P Value,Chi Square,Observed,Expected,Is Significant
p2,1,0.192288,1.7,[8 7] ; [26 10],[10.  5.] ; [24. 12.],0
p8,1,0.207712,1.587302,[ 4 11] ; [16 19],[6. 9.] ; [14. 21.],0
p10,1,0.247621,1.336675,[ 2 13] ; [10 25],[ 3.6 11.4] ; [ 8.4 26.6],0
p7,1,0.405284,0.692593,[11  4] ; [22 14],[9.70588235 5.29411765] ; [23.29411765 12.70588235],0
b1,1,0.445504,0.582065,[7 8] ; [21 15],[8.23529412 6.76470588] ; [19.76470588 16.23529412],0
p11,1,0.74253,0.107915,[8 7] ; [21 15],[8.52941176 6.47058824] ; [20.47058824 15.52941176],0
