Feature,DoF,P Value,Chi Square,Observed,Expected,Is Significant
p10,1,0.0,47.316544,[360  63] ; [56 47],[334.53992395  88.46007605] ; [81.46007605 21.53992395],1
p2,1,0.0,40.732368,[371  54] ; [65 42],[348.30827068  76.69172932] ; [87.69172932 19.30827068],1
p9,1,0.0,37.276683,[376  45] ; [67 36],[355.92175573  65.07824427] ; [87.07824427 15.92175573],1
p4,1,0.001348,10.275776,[235 188] ; [40 65],[220.3125 202.6875] ; [54.6875 50.3125],0
p7,1,0.003302,8.63239,[248 164] ; [46 58],[234.74418605 177.25581395] ; [59.25581395 44.74418605],0
p8,1,0.00413,8.225959,[211 207] ; [37 69],[197.83206107 220.16793893] ; [50.16793893 55.83206107],0
p12,1,0.028753,4.782315,[ 26 398] ; [  1 106],[ 21.55932203 402.44067797] ; [  5.44067797 101.55932203],0
p3,1,0.032106,4.592848,[177 249] ; [32 74],[167.35714286 258.64285714] ; [41.64285714 64.35714286],0
p6,1,0.178757,1.807927,[128 292] ; [25 80],[122.4 297.6] ; [30.6 74.4],0
p1,1,0.565115,0.330925,[ 26 398] ; [  5 102],[ 24.75329567 399.24670433] ; [  6.24670433 100.75329567],0
