Feature,DoF,P Value,Chi Square,Observed,Expected,Is Significant
p6,1,0.0,87.865936,[ 27 142] ; [210 142],[76.87715931 92.12284069] ; [160.12284069 191.87715931],1
p3,1,0.0,81.409357,[ 54 116] ; [258  95],[101.41491396  68.58508604] ; [210.58508604 142.41491396],1
p9,1,0.0,36.033462,[134  34] ; [339  14],[152.52207294  15.47792706] ; [320.47792706  32.52207294],1
p5,1,1e-06,23.350772,[  7 163] ; [ 71 280],[ 25.45105566 144.54894434] ; [ 52.54894434 298.45105566],1
p11,1,2e-06,23.009334,[123  47] ; [314  39],[142.0458891  27.9541109] ; [294.9541109  58.0458891],1
p1,1,0.057586,3.605587,[ 10 159] ; [ 39 312],[ 15.925 153.075] ; [ 33.075 317.925],0
p12,1,0.088244,2.906116,[ 10 159] ; [ 37 316],[ 15.2164751 153.7835249] ; [ 31.7835249 321.2164751],0
b1,1,0.178132,1.813136,[ 58 112] ; [142 211],[ 65.00956023 104.99043977] ; [134.99043977 218.00956023],0
