Feature,DoF,P Value,Chi Square,Observed,Expected,Is Significant
p11,1,0.000104,15.05806,[25 11] ; [21 49],[15.62264151 20.37735849] ; [30.37735849 39.62264151],1
p7,1,0.000672,11.564112,[20 14] ; [17 52],[12.21359223 21.78640777] ; [24.78640777 44.21359223],1
p8,1,0.001915,9.629755,[15 21] ; [10 59],[ 8.57142857 27.42857143] ; [16.42857143 52.57142857],0
p4,1,0.211894,1.558442,[12 23] ; [16 54],[ 9.33333333 25.66666667] ; [18.66666667 51.33333333],0
p1,1,0.607114,0.264399,[ 3 33] ; [ 4 66],[ 2.37735849 33.62264151] ; [ 4.62264151 65.37735849],0
p3,1,0.64936,0.206708,[ 9 26] ; [15 54],[ 8.07692308 26.92307692] ; [15.92307692 53.07692308],0
b1,1,0.691174,0.157818,[21 15] ; [38 32],[20.03773585 15.96226415] ; [38.96226415 31.03773585],0
