Feature,DoF,P Value,Chi Square,Observed,Expected,Is Significant
p4,1,0.0,44.598842,[317  61] ; [10 20],[302.95588235  75.04411765] ; [24.04411765  5.95588235],1
p6,1,0.000216,13.683182,[190 185] ; [ 5 26],[180.11083744 194.88916256] ; [14.88916256 16.11083744],1
p2,1,0.000676,11.554829,[341  35] ; [22  9],[335.35135135  40.64864865] ; [27.64864865  3.35135135],1
p11,1,0.00369,8.430536,[336  42] ; [22  9],[330.86552567  47.13447433] ; [27.13447433  3.86552567],0
p8,1,0.004975,7.8884,[262 114] ; [14 17],[254.97788698 121.02211302] ; [21.02211302  9.97788698],0
b1,1,0.060324,3.528459,[154 224] ; [18 13],[158.96332518 219.03667482] ; [13.03667482 17.96332518],0
p7,1,0.078298,3.099879,[298  77] ; [19 10],[294.2450495  80.7549505] ; [22.7549505  6.2450495],0
