Feature,DoF,P Value,Chi Square,Observed,Expected,Is Significant
p6,1,0.0,64.844054,[217 154] ; [ 49 158],[170.73702422 200.26297578] ; [ 95.26297578 111.73702422],1
p5,1,0.0,29.976146,[ 70 300] ; [  6 202],[ 48.65051903 321.34948097] ; [ 27.34948097 180.65051903],1
p10,1,1e-06,23.394532,[332  37] ; [154  52],[311.88521739  57.11478261] ; [174.11478261  31.88521739],1
p9,1,0.000148,14.400871,[337  34] ; [165  42],[322.21799308  48.78200692] ; [179.78200692  27.21799308],1
p1,1,0.000167,14.166091,[ 42 328] ; [  5 202],[ 30.13864818 339.86135182] ; [ 16.86135182 190.13864818],1
p11,1,0.000219,13.660361,[319  52] ; [153  55],[302.43868739  68.56131261] ; [169.56131261  38.43868739],1
b1,1,0.003103,8.745704,[149 222] ; [ 58 150],[132.6373057 238.3626943] ; [ 74.3626943 133.6373057],0
p12,1,0.005487,7.711517,[ 36 335] ; [  7 200],[ 27.60034602 343.39965398] ; [ 15.39965398 191.60034602],0
