Feature,DoF,P Value,Chi Square,Observed,Expected,Is Significant
p10,1,0.0,118.923995,[15 35] ; [354  37],[41.83673469  8.16326531] ; [327.16326531  63.83673469],1
p11,1,1.1e-05,19.367484,[29 21] ; [329  63],[40.49773756  9.50226244] ; [317.50226244  74.49773756],1
p3,1,0.000986,10.853866,[10 40] ; [174 218],[20.81447964 29.18552036] ; [163.18552036 228.81447964],1
p8,1,0.003964,8.300215,[14 36] ; [192 195],[23.56979405 26.43020595] ; [182.43020595 204.56979405],0
b1,1,0.023226,5.151534,[24 26] ; [125 267],[16.85520362 33.14479638] ; [132.14479638 259.85520362],0
p1,1,0.244071,1.356923,[ 1 48] ; [ 24 368],[ 2.77777778 46.22222222] ; [ 22.22222222 369.77777778],0
p12,1,0.287747,1.130133,[ 1 48] ; [ 22 369],[ 2.56136364 46.43863636] ; [ 20.43863636 370.56136364],0
p7,1,0.601439,0.272831,[27 23] ; [224 163],[28.71853547 21.28146453] ; [222.28146453 164.71853547],0
