Feature,DoF,P Value,Chi Square,Observed,Expected,Is Significant
p10,1,0.0,202.147058,[318  38] ; [17 79],[263.84955752  92.15044248] ; [71.15044248 24.84955752],1
p4,1,0.0,118.954075,[281  76] ; [19 78],[235.9030837 121.0969163] ; [64.0969163 32.9030837],1
p11,1,0.0,85.327131,[318  39] ; [46 52],[285.6  71.4] ; [78.4 19.6],1
p6,1,0.0,60.484739,[193 160] ; [10 87],[159.24222222 193.75777778] ; [43.75777778 53.24222222],1
p5,1,1.5e-05,18.682507,[ 66 291] ; [ 1 97],[ 52.56923077 304.43076923] ; [14.43076923 83.56923077],1
p12,1,0.008045,7.023415,[ 38 318] ; [ 2 95],[ 31.43487859 324.56512141] ; [ 8.56512141 88.43487859],0
p1,1,0.109734,2.558046,[ 42 313] ; [ 6 91],[ 37.69911504 317.30088496] ; [10.30088496 86.69911504],0
b1,1,0.137836,2.201948,[145 212] ; [48 50],[151.43076923 205.56923077] ; [41.56923077 56.43076923],0
