Feature,DoF,P Value,Chi Square,Observed,Expected,Is Significant
p3,1,0.0,27.756529,[ 37 211] ; [ 87 158],[ 62.37728195 185.62271805] ; [ 61.62271805 183.37728195],1
p9,1,0.000856,11.116072,[161  81] ; [195  49],[177.26748971  64.73251029] ; [178.73251029  65.26748971],1
p10,1,0.002694,9.003732,[151  95] ; [180  63],[166.51533742  79.48466258] ; [164.48466258  78.51533742],0
p7,1,0.004005,8.281333,[ 71 173] ; [101 142],[ 86.17659138 157.82340862] ; [ 85.82340862 157.17659138],0
p11,1,0.021853,5.257453,[158  91] ; [179  66],[169.86437247  79.13562753] ; [167.13562753  77.86437247],0
p5,1,0.024621,5.050362,[  4 243] ; [ 13 231],[  8.55193483 238.44806517] ; [  8.44806517 235.55193483],0
b1,1,0.17971,1.80002,[102 147] ; [ 86 159],[ 94.7611336 154.2388664] ; [ 93.2388664 151.7611336],0
p1,1,0.843169,0.039141,[ 10 238] ; [  9 235],[  9.57723577 238.42276423] ; [  9.42276423 234.57723577],0
p12,1,0.975515,0.000942,[ 12 235] ; [ 12 232],[ 12.07331976 234.92668024] ; [ 11.92668024 232.07331976],0
