Feature,DoF,P Value,Chi Square,Observed,Expected,Is Significant
p11,1,0.0,59.74145,[217  61] ; [21 49],[190.12643678  87.87356322] ; [47.87356322 22.12643678],1
b1,1,0.000162,14.229902,[ 84 194] ; [38 32],[ 97.45977011 180.54022989] ; [24.54022989 45.45977011],1
p8,1,0.000632,11.679273,[ 98 175] ; [10 59],[ 86.21052632 186.78947368] ; [21.78947368 47.21052632],1
p7,1,0.006339,7.451347,[115 155] ; [17 52],[105.13274336 164.86725664] ; [26.86725664 42.13274336],0
p12,1,0.182646,1.775959,[ 14 263] ; [ 1 69],[ 11.9740634 265.0259366] ; [ 3.0259366 66.9740634],0
p4,1,0.255732,1.291716,[ 82 194] ; [16 54],[ 78.1734104 197.8265896] ; [19.8265896 50.1734104],0
p1,1,0.521695,0.41054,[ 11 266] ; [ 4 66],[ 11.9740634 265.0259366] ; [ 3.0259366 66.9740634],0
p5,1,0.799009,0.064836,[ 14 261] ; [ 3 66],[ 13.59011628 261.40988372] ; [ 3.40988372 65.59011628],0
