Feature,DoF,P Value,Chi Square,Observed,Expected,Is Significant
p11,1,1.3e-05,19.084631,[ 9 10] ; [190  30],[15.82008368  3.17991632] ; [183.17991632  36.82008368],1
p7,1,4.2e-05,16.7835,[ 5 13] ; [160  57],[12.63829787  5.36170213] ; [152.36170213  64.63829787],1
p4,1,0.008171,6.995607,[ 6 13] ; [137  82],[11.41596639  7.58403361] ; [131.58403361  87.41596639],0
b1,1,0.010101,6.617014,[12  7] ; [ 74 146],[ 6.83682008 12.16317992] ; [ 79.16317992 140.83682008],0
p3,1,0.04541,4.00334,[ 5 14] ; [110 109],[9.18067227 9.81932773] ; [105.81932773 113.18067227],0
p5,1,0.571769,0.319732,[ 1 18] ; [ 20 200],[ 1.66945607 17.33054393] ; [ 19.33054393 200.66945607],0
p1,1,0.728058,0.120902,[ 2 17] ; [ 18 201],[ 1.59663866 17.40336134] ; [ 18.40336134 200.59663866],0
