Feature,DoF,P Value,Chi Square,Observed,Expected,Is Significant
p4,1,0.0,66.358696,[227  34] ; [95 88],[189.28378378  71.71621622] ; [132.71621622  50.28378378],1
p6,1,0.0,25.453046,[156 101] ; [ 66 116],[129.96355353 127.03644647] ; [92.03644647 89.96355353],1
p5,1,3e-06,21.932285,[ 61 200] ; [ 12 170],[ 43.00902935 217.99097065] ; [ 29.99097065 152.00902935],1
p12,1,0.000271,13.26041,[ 35 225] ; [  6 177],[ 24.06320542 235.93679458] ; [ 16.93679458 166.06320542],1
p1,1,0.002949,8.838483,[ 35 224] ; [  9 174],[ 25.78280543 233.21719457] ; [ 18.21719457 164.78280543],0
p11,1,0.038341,4.289849,[232  29] ; [150  33],[224.55405405  36.44594595] ; [157.44594595  25.55405405],0
p2,1,0.140017,2.177772,[243  17] ; [163  19],[238.82352941  21.17647059] ; [167.17647059  14.82352941],0
b1,1,0.261434,1.261146,[105 156] ; [ 64 119],[ 99.34459459 161.65540541] ; [ 69.65540541 113.34459459],0
p9,1,0.397315,0.716438,[240  21] ; [164  19],[237.48648649  23.51351351] ; [166.51351351  16.48648649],0
