Feature,DoF,P Value,Chi Square,Observed,Expected,Is Significant
p10,1,0.0,39.068928,[23 73] ; [152  95],[48.97959184 47.02040816] ; [126.02040816 120.97959184],1
p11,1,0.000756,11.345946,[41 55] ; [158  94],[54.89655172 41.10344828] ; [144.10344828 107.89655172],1
p2,1,0.022743,5.188004,[41 55] ; [142 110],[50.48275862 45.51724138] ; [132.51724138 119.48275862],0
p12,1,0.04038,4.201846,[ 1 94] ; [ 16 234],[ 4.68115942 90.31884058] ; [ 12.31884058 237.68115942],0
b1,1,0.042679,4.10808,[52 44] ; [106 146],[43.5862069 52.4137931] ; [114.4137931 137.5862069],0
p5,1,0.125108,2.352178,[ 1 95] ; [ 11 238],[ 3.33913043 92.66086957] ; [  8.66086957 240.33913043],0
p3,1,0.129917,2.293491,[16 80] ; [ 61 191],[21.24137931 74.75862069] ; [ 55.75862069 196.24137931],0
p1,1,0.699203,0.149303,[ 5 90] ; [ 16 235],[ 5.76589595 89.23410405] ; [ 15.23410405 235.76589595],0
