Feature,DoF,P Value,Chi Square,Observed,Expected,Is Significant
p9,1,0.03261,4.566128,[23 13] ; [18 27],[18.22222222 17.77777778] ; [22.77777778 22.22222222],0
p11,1,0.081423,3.036261,[23 13] ; [20 25],[19.11111111 16.88888889] ; [23.88888889 21.11111111],0
p1,1,0.132792,2.259556,[ 5 31] ; [ 2 43],[ 3.11111111 32.88888889] ; [ 3.88888889 41.11111111],0
b1,1,0.248678,1.330714,[23 13] ; [23 22],[20.44444444 15.55555556] ; [25.55555556 19.44444444],0
p6,1,0.411711,0.673854,[10 26] ; [ 9 36],[ 8.44444444 27.55555556] ; [10.55555556 34.44444444],0
p5,1,0.428662,0.626446,[ 3 31] ; [ 2 43],[ 2.15189873 31.84810127] ; [ 2.84810127 42.15189873],0
p7,1,0.604294,0.268568,[14 22] ; [15 30],[12.88888889 23.11111111] ; [16.11111111 28.88888889],0
