Feature,DoF,P Value,Chi Square,Observed,Expected,Is Significant
p1,1,0.002312,9.283805,[12 76] ; [ 12 263],[ 5.81818182 82.18181818] ; [ 18.18181818 256.81818182],0
p7,1,0.002381,9.230109,[63 24] ; [144 123],[50.87288136 36.12711864] ; [156.12711864 110.87288136],0
b1,1,0.004549,8.050582,[44 44] ; [ 92 185],[32.7890411 55.2109589] ; [103.2109589 173.7890411],0
p11,1,0.152339,2.048671,[61 27] ; [213  64],[66.06027397 21.93972603] ; [207.93972603  69.06027397],0
p6,1,0.195109,1.678611,[21 63] ; [ 50 220],[16.84745763 67.15254237] ; [ 54.15254237 215.84745763],0
p8,1,0.296301,1.090767,[39 48] ; [104 166],[34.8487395 52.1512605] ; [108.1512605 161.8487395],0
p9,1,0.345214,0.890971,[67 20] ; [222  50],[70.0362117 16.9637883] ; [218.9637883  53.0362117],0
p10,1,0.748691,0.102634,[64 23] ; [207  68],[65.12983425 21.87016575] ; [205.87016575  69.12983425],0
p12,1,0.944248,0.00489,[ 3 83] ; [ 10 264],[ 3.10555556 82.89444444] ; [  9.89444444 264.10555556],0
