Feature,DoF,P Value,Chi Square,Observed,Expected,Is Significant
p8,1,0.004948,7.898488,[21 20] ; [ 57 142],[13.325 27.675] ; [ 64.675 134.325],0
p3,1,0.007403,7.172584,[21 19] ; [ 61 139],[13.66666667 26.33333333] ; [ 68.33333333 131.66666667],0
b1,1,0.174916,1.840301,[18 23] ; [ 66 135],[14.23140496 26.76859504] ; [ 69.76859504 131.23140496],0
p9,1,0.361084,0.834118,[36  5] ; [163  36],[33.99583333  7.00416667] ; [165.00416667  33.99583333],0
p12,1,0.3838,0.758496,[ 4 37] ; [ 12 187],[ 2.73333333 38.26666667] ; [ 13.26666667 185.73333333],0
p5,1,0.504914,0.444594,[ 4 36] ; [ 14 187],[ 2.98755187 37.01244813] ; [ 15.01244813 185.98755187],0
p4,1,0.665507,0.186902,[19 21] ; [ 88 113],[17.7593361 22.2406639] ; [ 89.2406639 111.7593361],0
p1,1,0.942418,0.005217,[ 3 38] ; [ 14 186],[ 2.89211618 38.10788382] ; [ 14.10788382 185.89211618],0
p11,1,0.947701,0.004303,[31 10] ; [151  50],[30.83471074 10.16528926] ; [151.16528926  49.83471074],0
