Feature,DoF,P Value,Chi Square,Observed,Expected,Is Significant
p4,1,0.0,58.42389,[217  35] ; [18 31],[196.74418605  55.25581395] ; [38.25581395 10.74418605],1
p3,1,1e-06,24.560992,[176  76] ; [16 33],[160.74418605  91.25581395] ; [31.25581395 17.74418605],1
p11,1,1e-06,23.76583,[215  37] ; [27 22],[202.60465116  49.39534884] ; [39.39534884  9.60465116],1
p5,1,0.001129,10.603829,[ 55 197] ; [ 1 48],[ 46.88372093 205.11627907] ; [ 9.11627907 39.88372093],0
p12,1,0.027964,4.830258,[ 32 218] ; [ 1 48],[ 27.59197324 222.40802676] ; [ 5.40802676 43.59197324],0
p1,1,0.132126,2.26734,[ 35 216] ; [ 3 46],[ 31.79333333 219.20666667] ; [ 6.20666667 42.79333333],0
b1,1,0.748037,0.103188,[112 140] ; [23 26],[113.02325581 138.97674419] ; [21.97674419 27.02325581],0
