Feature,DoF,P Value,Chi Square,Observed,Expected,Is Significant
p10,1,0.0,155.050905,[10 68] ; [187  22],[53.54006969 24.45993031] ; [143.45993031  65.54006969],1
p4,1,0.0,133.684939,[14 64] ; [186  24],[54.16666667 23.83333333] ; [145.83333333  64.16666667],1
p11,1,0.0,70.530926,[31 48] ; [184  26],[58.7716263 20.2283737] ; [156.2283737  53.7716263],1
p5,1,2e-06,22.267364,[ 1 78] ; [ 54 156],[15.03460208 63.96539792] ; [ 39.96539792 170.03460208],1
p12,1,0.000716,11.447321,[ 1 77] ; [ 33 176],[ 9.24041812 68.75958188] ; [ 24.75958188 184.24041812],1
p1,1,0.062019,3.482558,[ 6 72] ; [ 34 175],[10.87108014 67.12891986] ; [ 29.12891986 179.87108014],0
b1,1,0.513347,0.427239,[38 41] ; [ 92 118],[35.53633218 43.46366782] ; [ 94.46366782 115.53633218],0
