Feature,DoF,P Value,Chi Square,Observed,Expected,Is Significant
p6,1,0.000164,14.199089,[184 115] ; [52 73],[166.4245283 132.5754717] ; [69.5754717 55.4245283],1
p5,1,0.00045,12.312206,[ 67 232] ; [ 10 115],[ 54.2995283 244.7004717] ; [ 22.7004717 102.2995283],1
p10,1,0.009836,6.664443,[269  30] ; [101  24],[260.91981132  38.08018868] ; [109.08018868  15.91981132],0
p9,1,0.01464,5.959338,[269  30] ; [100  23],[261.4478673  37.5521327] ; [107.5521327  15.4478673],0
p12,1,0.02288,5.177589,[ 36 263] ; [  6 119],[ 29.61792453 269.38207547] ; [ 12.38207547 112.61792453],0
p1,1,0.119013,2.430258,[ 37 260] ; [  9 115],[ 32.45130641 264.54869359] ; [ 13.54869359 110.45130641],0
p2,1,0.242681,1.364953,[281  17] ; [114  11],[278.27423168  19.72576832] ; [116.72576832   8.27423168],0
p11,1,0.338197,0.917254,[268  31] ; [108  17],[265.1509434  33.8490566] ; [110.8490566  14.1509434],0
b1,1,0.948695,0.00414,[123 176] ; [51 74],[122.70283019 176.29716981] ; [51.29716981 73.70283019],0
