Feature,DoF,P Value,Chi Square,Observed,Expected,Is Significant
b1,1,0.104757,2.631579,[12  7] ; [ 7 12],[9.5 9.5] ; [9.5 9.5],0
p4,1,0.319424,0.991304,[ 6 13] ; [ 9 10],[ 7.5 11.5] ; [ 7.5 11.5],0
p11,1,0.319424,0.991304,[ 9 10] ; [ 6 13],[ 7.5 11.5] ; [ 7.5 11.5],0
p3,1,0.485188,0.487179,[ 5 14] ; [ 7 12],[ 6. 13.] ; [ 6. 13.],0
p6,1,0.521812,0.41031,[ 6 13] ; [ 4 14],[ 5.13513514 13.86486486] ; [ 4.86486486 13.13513514],0
p5,1,0.54745,0.361905,[ 1 18] ; [ 2 17],[ 1.5 17.5] ; [ 1.5 17.5],0
p1,1,0.631299,0.230303,[ 2 17] ; [ 3 16],[ 2.5 16.5] ; [ 2.5 16.5],0
