Feature,DoF,P Value,Chi Square,Observed,Expected,Is Significant
p9,1,0.011647,6.363763,[129  10] ; [128  26],[121.92150171  17.07849829] ; [135.07849829  18.92150171],0
p11,1,0.36707,0.813559,[117  23] ; [124  32],[113.98648649  26.01351351] ; [127.01351351  28.98648649],0
p5,1,0.61299,0.255843,[ 12 127] ; [ 11 145],[ 10.83728814 128.16271186] ; [ 12.16271186 143.83728814],0
b1,1,0.663792,0.188949,[46 94] ; [ 55 101],[47.77027027 92.22972973] ; [ 53.22972973 102.77027027],0
p1,1,0.831247,0.045413,[  9 131] ; [ 11 145],[  9.45945946 130.54054054] ; [ 10.54054054 145.45945946],0
p12,1,0.848178,0.036651,[  6 134] ; [  6 150],[  5.67567568 134.32432432] ; [  6.32432432 149.67567568],0
p7,1,0.933466,0.00697,[95 43] ; [106  49],[94.66894198 43.33105802] ; [106.33105802  48.66894198],0
p6,1,0.942739,0.005159,[56 81] ; [64 91],[56.30136986 80.69863014] ; [63.69863014 91.30136986],0
p8,1,0.962754,0.002181,[74 64] ; [83 71],[74.19863014 63.80136986] ; [82.80136986 71.19863014],0
