Feature,DoF,P Value,Chi Square,Observed,Expected,Is Significant
p2,1,0.044829,4.025061,[55 15] ; [174  23],[60.03745318  9.96254682] ; [168.96254682  28.03745318],0
p5,1,0.070027,3.282386,[ 3 67] ; [ 23 172],[ 6.86792453 63.13207547] ; [ 19.13207547 175.86792453],0
p1,1,0.16721,1.90778,[11 59] ; [ 19 178],[ 7.86516854 62.13483146] ; [ 22.13483146 174.86516854],0
p10,1,0.181477,1.785484,[61  8] ; [185  13],[63.57303371  5.42696629] ; [182.42696629  15.57303371],0
p11,1,0.267237,1.230876,[57 13] ; [172  26],[59.81343284 10.18656716] ; [169.18656716  28.81343284],0
p7,1,0.286505,1.135974,[51 18] ; [132  65],[47.46992481 21.53007519] ; [135.53007519  61.46992481],0
p8,1,0.342721,0.900226,[35 35] ; [112  86],[38.39552239 31.60447761] ; [108.60447761  89.39552239],0
p12,1,0.357115,0.848013,[ 3 66] ; [ 15 183],[ 4.65168539 64.34831461] ; [ 13.34831461 184.65168539],0
b1,1,0.697287,0.151309,[28 42] ; [ 74 124],[26.64179104 43.35820896] ; [ 75.35820896 122.64179104],0
