Feature,DoF,P Value,Chi Square,Observed,Expected,Is Significant
p8,1,0.0,77.091051,[ 63 134] ; [293 129],[113.29886914  83.70113086] ; [242.70113086 179.29886914],1
p3,1,0.0,71.083408,[ 70 129] ; [300 124],[118.18619583  80.81380417] ; [251.81380417 172.18619583],1
p6,1,0.0,65.114373,[ 36 163] ; [221 202],[ 82.22347267 116.77652733] ; [174.77652733 248.22347267],1
p5,1,0.000606,11.756962,[ 16 183] ; [ 79 345],[ 30.34510433 168.65489567] ; [ 64.65489567 359.34510433],1
p11,1,0.000694,11.505953,[153  46] ; [372  53],[167.42788462  31.57211538] ; [357.57211538  67.42788462],1
b1,1,0.056043,3.650778,[ 62 137] ; [166 259],[ 72.71153846 126.28846154] ; [155.28846154 269.71153846],0
p1,1,0.208576,1.581283,[ 16 183] ; [ 48 376],[ 20.44301766 178.55698234] ; [ 43.55698234 380.44301766],0
p12,1,0.250977,1.317855,[ 16 182] ; [ 47 378],[ 20.02247191 177.97752809] ; [ 42.97752809 382.02247191],0
