Feature,DoF,P Value,Chi Square,Observed,Expected,Is Significant
p10,1,0.0,44.902455,[123  16] ; [ 5 15],[111.89937107  27.10062893] ; [16.10062893  3.89937107],1
p11,1,0.000925,10.971429,[111  29] ; [ 9 11],[105.  35.] ; [15.  5.],1
p5,1,0.028262,4.81203,[  5 135] ; [ 3 17],[  7. 133.] ; [ 1. 19.],0
b1,1,0.031298,4.636529,[49 91] ; [12  8],[53.375 86.625] ; [ 7.625 12.375],0
p8,1,0.178654,1.808788,[71 68] ; [ 7 13],[68.18867925 70.81132075] ; [ 9.81132075 10.18867925],0
p6,1,0.296344,1.090576,[ 35 101] ; [ 3 17],[ 33.12820513 102.87179487] ; [ 4.87179487 15.12820513],0
p1,1,0.458902,0.548571,[  8 132] ; [ 2 18],[  8.75 131.25] ; [ 1.25 18.75],0
