Feature,DoF,P Value,Chi Square,Observed,Expected,Is Significant
p11,1,0.0,29.806709,[33 19] ; [356  38],[45.35426009  6.64573991] ; [343.64573991  50.35426009],1
p4,1,1e-06,23.479015,[22 29] ; [297  96],[36.64189189 14.35810811] ; [282.35810811 110.64189189],1
p2,1,0.000235,13.52906,[40 12] ; [364  29],[47.20898876  4.79101124] ; [356.79101124  36.20898876],1
p5,1,0.006011,7.546891,[ 2 49] ; [ 77 317],[ 9.05393258 41.94606742] ; [ 69.94606742 324.05393258],0
p1,1,0.070989,3.260014,[ 2 49] ; [ 49 343],[ 5.87133183 45.12866817] ; [ 45.12866817 346.87133183],0
p12,1,0.071831,3.24067,[ 2 50] ; [ 48 344],[ 5.85585586 46.14414414] ; [ 44.14414414 347.85585586],0
p6,1,0.142481,2.150959,[20 31] ; [197 196],[24.92567568 26.07432432] ; [192.07432432 200.92567568],0
b1,1,0.156193,2.010706,[24 28] ; [142 252],[19.35426009 32.64573991] ; [146.64573991 247.35426009],0
