Feature,DoF,P Value,Chi Square,Observed,Expected,Is Significant
p4,1,0.131076,2.27971,[2 4] ; [30 16],[3.69230769 2.30769231] ; [28.30769231 17.69230769],0
p11,1,0.466581,0.53006,[3 3] ; [30 16],[3.80769231 2.19230769] ; [29.19230769 16.80769231],0
p3,1,0.503008,0.448585,[2 4] ; [22 24],[2.76923077 3.23076923] ; [21.23076923 24.76923077],0
p1,1,0.547301,0.362174,[1 5] ; [ 4 41],[0.58823529 5.41176471] ; [ 4.41176471 40.58823529],0
p2,1,0.964802,0.001947,[5 1] ; [38  8],[4.96153846 1.03846154] ; [38.03846154  7.96153846],0
b1,1,1.0,0.0,[3 3] ; [23 23],[3. 3.] ; [23. 23.],0
