Feature,DoF,P Value,Chi Square,Observed,Expected,Is Significant
p10,1,0.000136,14.560503,[239  37] ; [65 29],[226.76756757  49.23243243] ; [77.23243243 16.76756757],1
p11,1,0.006246,7.478004,[217  61] ; [60 34],[207.00537634  70.99462366] ; [69.99462366 24.00537634],0
b1,1,0.01741,5.654518,[ 84 194] ; [41 53],[ 93.41397849 184.58602151] ; [31.58602151 62.41397849],0
p5,1,0.087856,2.913216,[ 14 261] ; [ 1 93],[ 11.17886179 263.82113821] ; [ 3.82113821 90.17886179],0
p1,1,0.168603,1.895319,[ 11 266] ; [ 1 93],[  8.95956873 268.04043127] ; [ 3.04043127 90.95956873],0
p12,1,0.455501,0.556926,[ 14 263] ; [ 3 91],[ 12.69272237 264.30727763] ; [ 4.30727763 89.69272237],0
p2,1,0.522363,0.409225,[218  59] ; [71 23],[215.77628032  61.22371968] ; [73.22371968 20.77628032],0
