Feature,DoF,P Value,Chi Square,Observed,Expected,Is Significant
p10,1,0.0,27.171879,[56 61] ; [69 13],[73.49246231 43.50753769] ; [51.50753769 30.49246231],1
p11,1,0.001279,10.373009,[58 63] ; [58 24],[69.14285714 51.85714286] ; [46.85714286 35.14285714],0
p8,1,0.031912,4.603217,[ 11 110] ; [16 66],[ 16.09359606 104.90640394] ; [10.90640394 71.09359606],0
p3,1,0.131101,2.279419,[23 98] ; [23 59],[27.41871921 93.58128079] ; [18.58128079 63.41871921],0
b1,1,0.231677,1.430538,[59 62] ; [33 49],[54.83743842 66.16256158] ; [37.16256158 44.83743842],0
p4,1,0.322861,0.977322,[24 96] ; [21 60],[26.86567164 93.13432836] ; [18.13432836 62.86567164],0
p12,1,0.457556,0.551866,[  7 113] ; [ 7 75],[  8.31683168 111.68316832] ; [ 5.68316832 76.31683168],0
p1,1,0.654375,0.200429,[ 11 110] ; [ 6 76],[ 10.13300493 110.86699507] ; [ 6.86699507 75.13300493],0
p5,1,0.770529,0.085079,[  5 113] ; [ 4 74],[  5.41836735 112.58163265] ; [ 3.58163265 74.41836735],0
