Feature,DoF,P Value,Chi Square,Observed,Expected,Is Significant
p9,1,0.0,96.195356,[13 54] ; [146  24],[44.94936709 22.05063291] ; [114.05063291  55.94936709],1
p8,1,0.0,74.297964,[ 5 65] ; [115  53],[35.29411765 34.70588235] ; [84.70588235 83.29411765],1
p11,1,0.0,61.091972,[23 47] ; [143  27],[48.41666667 21.58333333] ; [117.58333333  52.41666667],1
p3,1,0.0,52.398268,[ 9 60] ; [110  60],[34.35564854 34.64435146] ; [84.64435146 85.35564854],1
b1,1,0.007876,7.061403,[39 31] ; [ 63 107],[29.75 40.25] ; [72.25 97.75],0
p5,1,0.0156,5.847417,[ 1 69] ; [ 18 149],[ 5.61181435 64.38818565] ; [ 13.38818565 153.61181435],0
p12,1,0.379339,0.772841,[ 1 69] ; [  6 164],[ 2.04166667 67.95833333] ; [  4.95833333 165.04166667],0
p1,1,0.99077,0.000134,[ 5 65] ; [ 12 157],[ 4.9790795 65.0209205] ; [ 12.0209205 156.9790795],0
