Feature,DoF,P Value,Chi Square,Observed,Expected,Is Significant
p11,1,0.0,28.656281,[5 8] ; [336  42],[11.33759591  1.66240409] ; [329.66240409  48.33759591],1
p4,1,0.004744,7.974544,[7 6] ; [317  61],[10.77237852  2.22762148] ; [313.22762148  64.77237852],0
b1,1,0.04051,4.196384,[9 4] ; [154 224],[5.41943734 7.58056266] ; [157.58056266 220.41943734],0
p8,1,0.071616,3.245592,[6 7] ; [262 114],[8.9562982 4.0437018] ; [259.0437018 116.9562982],0
p7,1,0.119569,2.422951,[8 5] ; [298  77],[10.25257732  2.74742268] ; [295.74742268  79.25257732],0
p5,1,0.288086,1.128547,[ 1 12] ; [ 73 302],[ 2.47938144 10.52061856] ; [ 71.52061856 303.47938144],0
p1,1,0.569646,0.323276,[ 1 12] ; [ 49 326],[ 1.67525773 11.32474227] ; [ 48.32474227 326.67525773],0
