Feature,DoF,P Value,Chi Square,Observed,Expected,Is Significant
p8,1,0.0,36.044949,[18 29] ; [159  36],[34.37603306 12.62396694] ; [142.62396694  52.37603306],1
p2,1,0.000538,11.979921,[36 11] ; [183  13],[42.35802469  4.64197531] ; [176.64197531  19.35802469],1
p10,1,0.001442,10.151041,[35 12] ; [178  17],[41.3677686  5.6322314] ; [171.6322314  23.3677686],0
p5,1,0.002525,9.122215,[ 3 44] ; [ 53 143],[10.83127572 36.16872428] ; [ 45.16872428 150.83127572],0
p11,1,0.02059,5.361154,[33 14] ; [166  30],[38.48971193  8.51028807] ; [160.51028807  35.48971193],0
b1,1,0.054254,3.70488,[15 32] ; [ 93 103],[20.88888889 26.11111111] ; [ 87.11111111 108.88888889],0
p12,1,0.29338,1.104046,[ 5 42] ; [ 33 163],[ 7.34979424 39.65020576] ; [ 30.65020576 165.34979424],0
p1,1,0.919365,0.010248,[ 8 39] ; [ 32 163],[ 7.76859504 39.23140496] ; [ 32.23140496 162.76859504],0
