Feature,DoF,P Value,Chi Square,Observed,Expected,Is Significant
p9,1,1e-06,23.209526,[15 38] ; [23  4],[25.175 27.825] ; [12.825 14.175],1
b1,1,0.018537,5.544721,[24 29] ; [ 5 22],[19.2125 33.7875] ; [ 9.7875 17.2125],0
p11,1,0.033339,4.528302,[22 31] ; [18  9],[26.5 26.5] ; [13.5 13.5],0
p1,1,0.199831,1.643606,[ 2 51] ; [ 3 24],[ 3.3125 49.6875] ; [ 1.6875 25.3125],0
p12,1,0.219078,1.510402,[ 1 52] ; [ 2 25],[ 1.9875 51.0125] ; [ 1.0125 25.9875],0
p5,1,0.489826,0.476908,[ 4 48] ; [ 1 26],[ 3.29113924 48.70886076] ; [ 1.70886076 25.29113924],0
p2,1,0.558953,0.341521,[38 15] ; [21  6],[39.0875 13.9125] ; [19.9125  7.0875],0
p8,1,0.916802,0.010913,[16 36] ; [ 8 19],[15.79746835 36.20253165] ; [ 8.20253165 18.79746835],0
