Feature,DoF,P Value,Chi Square,Observed,Expected,Is Significant
p9,1,0.0,91.84123,[172   8] ; [16 28],[151.07142857  28.92857143] ; [36.92857143  7.07142857],1
p6,1,0.0,28.916129,[ 29 151] ; [24 20],[ 42.58928571 137.41071429] ; [10.41071429 33.58928571],1
b1,1,0.012379,6.255773,[ 55 126] ; [23 23],[ 62.1938326 118.8061674] ; [15.8061674 30.1938326],0
p11,1,0.019392,5.465811,[147  34] ; [30 16],[141.13215859  39.86784141] ; [35.86784141 10.13215859],0
p4,1,0.060141,3.53349,[90 91] ; [30 16],[95.68281938 85.31718062] ; [24.31718062 21.68281938],0
p3,1,0.093722,2.809247,[ 62 118] ; [22 24],[ 66.90265487 113.09734513] ; [17.09734513 28.90265487],0
p12,1,0.146062,2.112901,[ 15 165] ; [ 1 45],[ 12.74336283 167.25663717] ; [ 3.25663717 42.74336283],0
p1,1,0.798029,0.065484,[ 14 167] ; [ 4 41],[ 14.4159292 166.5840708] ; [ 3.5840708 41.4159292],0
p5,1,0.829483,0.046382,[ 14 167] ; [ 4 42],[ 14.35242291 166.64757709] ; [ 3.64757709 42.35242291],0
