Feature,DoF,P Value,Chi Square,Observed,Expected,Is Significant
b1,1,0.016038,5.798665,[12  7] ; [101 183],[ 7.08580858 11.91419142] ; [105.91419142 178.08580858],0
p1,1,0.071115,3.2571,[ 2 17] ; [  8 273],[ 0.63333333 18.36666667] ; [  9.36666667 271.63333333],0
p11,1,0.08254,3.014154,[ 9 10] ; [190  94],[12.47854785  6.52145215] ; [186.52145215  97.47854785],0
p5,1,0.547805,0.361264,[ 1 18] ; [  8 274],[ 0.56810631 18.43189369] ; [  8.43189369 273.56810631],0
p8,1,0.70573,0.142579,[ 4 15] ; [ 70 211],[ 4.68666667 14.31333333] ; [ 69.31333333 211.68666667],0
p7,1,0.716626,0.131749,[ 5 13] ; [ 88 188],[ 5.69387755 12.30612245] ; [ 87.30612245 188.69387755],0
