Feature,DoF,P Value,Chi Square,Observed,Expected,Is Significant
p7,1,0.0,60.744984,[163 118] ; [269  42],[205.05405405  75.94594595] ; [226.94594595  84.05405405],1
p6,1,0.0,60.732534,[ 78 210] ; [183 129],[125.28 162.72] ; [135.72 176.28],1
p5,1,0.0,36.323136,[ 16 275] ; [ 71 241],[ 41.98507463 249.01492537] ; [ 45.01492537 266.98507463],1
p12,1,1.8e-05,18.365986,[ 11 279] ; [ 43 269],[ 26.01328904 263.98671096] ; [ 27.98671096 284.01328904],1
p1,1,4.2e-05,16.76051,[ 10 281] ; [ 39 271],[ 23.72545757 267.27454243] ; [ 25.27454243 284.72545757],1
p11,1,0.003129,8.730629,[239  52] ; [282  30],[251.4278607  39.5721393] ; [269.5721393  42.4278607],0
b1,1,0.019914,5.419448,[ 84 207] ; [118 194],[ 97.48258706 193.51741294] ; [104.51741294 207.48258706],0
