Feature,DoF,P Value,Chi Square,Observed,Expected,Is Significant
p11,1,2.6e-05,17.679721,[199  63] ; [ 6 13],[191.13879004  70.86120996] ; [13.86120996  5.13879004],1
p1,1,0.024946,5.027635,[ 11 251] ; [ 3 16],[ 13.05338078 248.94661922] ; [ 0.94661922 18.05338078],0
p5,1,0.415069,0.664236,[ 15 241] ; [ 2 17],[ 15.82545455 240.17454545] ; [ 1.17454545 17.82545455],0
p4,1,0.434521,0.610709,[100 161] ; [ 9 10],[101.60357143 159.39642857] ; [ 7.39642857 11.60357143],0
p2,1,0.544639,0.367009,[195  66] ; [13  6],[193.88571429  67.11428571] ; [14.11428571  4.88571429],0
p3,1,0.728022,0.120936,[ 86 175] ; [ 7 12],[ 86.68928571 174.31071429] ; [ 6.31071429 12.68928571],0
b1,1,0.879014,0.023171,[ 92 170] ; [ 7 12],[ 92.30604982 169.69395018] ; [ 6.69395018 12.30604982],0
