Feature,DoF,P Value,Chi Square,Observed,Expected,Is Significant
p9,1,0.0,43.903263,[37 91] ; [36  5],[55.28994083 72.71005917] ; [17.71005917 23.28994083],1
p4,1,2e-06,22.261307,[36 95] ; [28 13],[48.74418605 82.25581395] ; [15.25581395 25.74418605],1
p3,1,0.001448,10.143155,[ 30 101] ; [20 21],[38.08139535 92.91860465] ; [11.91860465 29.08139535],0
p11,1,0.009769,6.676499,[56 75] ; [27 14],[63.21511628 67.78488372] ; [19.78488372 21.21511628],0
p12,1,0.012653,6.217015,[  2 128] ; [ 4 37],[  4.56140351 125.43859649] ; [ 1.43859649 39.56140351],0
p1,1,0.051365,3.796316,[  7 123] ; [ 6 35],[  9.88304094 120.11695906] ; [ 3.11695906 37.88304094],0
b1,1,0.057037,3.6215,[67 64] ; [14 27],[61.69186047 69.30813953] ; [19.30813953 21.69186047],0
p5,1,0.389342,0.740997,[  3 128] ; [ 2 39],[  3.80813953 127.19186047] ; [ 1.19186047 39.80813953],0
