Feature,DoF,P Value,Chi Square,Observed,Expected,Is Significant
p10,1,0.001104,10.644583,[339  18] ; [24  6],[334.86046512  22.13953488] ; [28.13953488  1.86046512],0
p11,1,0.005468,7.717899,[315  43] ; [21  9],[310.02061856  47.97938144] ; [25.97938144  4.02061856],0
p8,1,0.02522,5.008737,[269  88] ; [17 13],[263.82945736  93.17054264] ; [22.17054264  7.82945736],0
p3,1,0.100005,2.705459,[261  97] ; [17 12],[257.16795866 100.83204134] ; [20.83204134  8.16795866],0
p1,1,0.154774,2.024562,[ 40 316] ; [ 6 24],[ 42.42487047 313.57512953] ; [ 3.57512953 26.42487047],0
p12,1,0.310421,1.028884,[ 38 320] ; [ 5 25],[ 39.67525773 318.32474227] ; [ 3.32474227 26.67525773],0
b1,1,0.416206,0.661002,[140 218] ; [14 16],[142.09278351 215.90721649] ; [11.90721649 18.09278351],0
p5,1,0.947441,0.004345,[ 73 283] ; [ 6 24],[ 72.86010363 283.13989637] ; [ 6.13989637 23.86010363],0
