Feature,DoF,P Value,Chi Square,Observed,Expected,Is Significant
p1,1,0.192699,1.696861,[ 18 240] ; [  9 206],[ 14.72727273 243.27272727] ; [ 12.27272727 202.72727273],0
p7,1,0.200791,1.636614,[123 124] ; [115  91],[129.77041943 117.22958057] ; [108.22958057  97.77041943],0
p8,1,0.390554,0.737217,[ 96 158] ; [ 88 123],[100.50752688 153.49247312] ; [ 83.49247312 127.50752688],0
p12,1,0.423947,0.639348,[ 15 241] ; [  9 204],[ 13.10021322 242.89978678] ; [ 10.89978678 202.10021322],0
p11,1,0.561964,0.336315,[207  51] ; [177  38],[209.45454545  48.54545455] ; [174.54545455  40.45454545],0
p5,1,0.604334,0.268509,[ 12 244] ; [  8 207],[ 10.87048832 245.12951168] ; [  9.12951168 205.87048832],0
b1,1,0.636577,0.223247,[ 82 176] ; [ 64 151],[ 79.63636364 178.36363636] ; [ 66.36363636 148.63636364],0
p3,1,0.808957,0.058453,[ 61 196] ; [ 49 166],[ 59.8940678 197.1059322] ; [ 50.1059322 164.8940678],0
p6,1,0.871999,0.02596,[ 46 208] ; [ 37 174],[ 45.33763441 208.66236559] ; [ 37.66236559 173.33763441],0
