Feature,DoF,P Value,Chi Square,Observed,Expected,Is Significant
p10,1,7.5e-05,15.668551,[121  48] ; [19 28],[109.53703704  59.46296296] ; [30.46296296 16.53703704],1
b1,1,0.002435,9.188991,[ 58 112] ; [28 20],[ 67.06422018 102.93577982] ; [18.93577982 29.06422018],0
p6,1,0.003114,8.739697,[ 27 142] ; [17 31],[ 34.26728111 134.73271889] ; [ 9.73271889 38.26728111],0
p12,1,0.285271,1.141807,[ 10 159] ; [ 1 47],[  8.56682028 160.43317972] ; [ 2.43317972 45.56682028],0
p11,1,0.442798,0.58902,[123  47] ; [32 16],[120.87155963  49.12844037] ; [34.12844037 13.87155963],0
p5,1,0.52164,0.410649,[  7 163] ; [ 1 46],[  6.26728111 163.73271889] ; [ 1.73271889 45.26728111],0
p1,1,0.639599,0.219267,[ 10 159] ; [ 2 46],[  9.34562212 159.65437788] ; [ 2.65437788 45.34562212],0
p4,1,0.832717,0.044613,[75 95] ; [22 26],[75.64220183 94.35779817] ; [21.35779817 26.64220183],0
