Feature,DoF,P Value,Chi Square,Observed,Expected,Is Significant
p4,1,0.004031,8.269638,[211  35] ; [159   9],[219.85507246  26.14492754] ; [150.14492754  17.85507246],0
p5,1,0.068436,3.320143,[ 58 189] ; [ 53 115],[ 66.06506024 180.93493976] ; [ 44.93493976 123.06506024],0
p10,1,0.220129,1.503529,[235  12] ; [154  13],[232.08454106  14.91545894] ; [156.91545894  10.08454106],0
p12,1,0.223383,1.482506,[ 36 210] ; [ 32 135],[ 40.50363196 205.49636804] ; [ 27.49636804 139.50363196],0
p1,1,0.325549,0.966524,[ 34 212] ; [ 29 138],[ 37.52542373 208.47457627] ; [ 25.47457627 141.52542373],0
p2,1,0.49496,0.465727,[228  19] ; [158  10],[229.73975904  17.26024096] ; [156.26024096  11.73975904],0
p11,1,0.669585,0.182088,[211  36] ; [146  22],[212.47951807  34.52048193] ; [144.52048193  23.47951807],0
b1,1,0.756236,0.096365,[105 142] ; [74 94],[106.5373494 140.4626506] ; [72.4626506 95.5373494],0
