Feature,DoF,P Value,Chi Square,Observed,Expected,Is Significant
p4,1,0.0,30.459221,[34 16] ; [ 46 132],[17.54385965 32.45614035] ; [ 62.45614035 115.54385965],1
p11,1,3.9e-05,16.923388,[22 28] ; [133  45],[33.99122807 16.00877193] ; [121.00877193  56.99122807],1
b1,1,0.000122,14.761806,[29 21] ; [ 51 127],[17.54385965 32.45614035] ; [ 62.45614035 115.54385965],1
p6,1,0.000668,11.576045,[16 31] ; [ 23 155],[ 8.14666667 38.85333333] ; [ 30.85333333 147.14666667],1
p8,1,0.006816,7.320947,[22 27] ; [ 44 132],[14.37333333 34.62666667] ; [ 51.62666667 124.37333333],0
p1,1,0.080127,3.062323,[ 6 44] ; [  9 169],[ 3.28947368 46.71052632] ; [ 11.71052632 166.28947368],0
p5,1,0.140841,2.168747,[ 5 45] ; [  8 169],[ 2.86343612 47.13656388] ; [ 10.13656388 166.86343612],0
