Feature,DoF,P Value,Chi Square,Observed,Expected,Is Significant
p6,1,0.0,25.392067,[21 70] ; [227 209],[42.82352941 48.17647059] ; [205.17647059 230.82352941],1
p10,1,1e-06,24.52403,[70 20] ; [408  26],[82.09923664  7.90076336] ; [395.90076336  38.09923664],1
p7,1,0.001496,10.083083,[53 33] ; [337  96],[64.62427746 21.37572254] ; [325.37572254 107.62427746],0
p5,1,0.012185,6.283749,[ 7 83] ; [ 81 354],[15.08571429 74.91428571] ; [ 72.91428571 362.08571429],0
p11,1,0.02176,5.264912,[69 22] ; [373  63],[76.32258065 14.67741935] ; [365.67741935  70.32258065],0
p12,1,0.025056,5.01999,[ 3 87] ; [ 48 388],[ 8.72623574 81.27376426] ; [ 42.27376426 393.72623574],0
b1,1,0.264775,1.243616,[29 62] ; [166 270],[33.67172676 57.32827324] ; [161.32827324 274.67172676],0
p1,1,0.344289,0.894396,[ 7 82] ; [ 49 386],[ 9.51145038 79.48854962] ; [ 46.48854962 388.51145038],0
