Feature,DoF,P Value,Chi Square,Observed,Expected,Is Significant
p11,1,0.000182,14.007348,[ 9 16] ; [71 23],[16.80672269  8.19327731] ; [63.19327731 30.80672269],1
b1,1,0.005845,7.59762,[17  8] ; [35 59],[10.92436975 14.07563025] ; [41.07563025 52.92436975],0
p7,1,0.011461,6.39247,[17  8] ; [36 55],[11.42241379 13.57758621] ; [41.57758621 49.42241379],0
p1,1,0.308446,1.037318,[ 1 24] ; [10 84],[ 2.31092437 22.68907563] ; [ 8.68907563 85.31092437],0
p8,1,0.575405,0.313722,[ 6 18] ; [29 65],[ 7.11864407 16.88135593] ; [27.88135593 66.11864407],0
p5,1,0.763578,0.090472,[ 2 23] ; [ 9 81],[ 2.39130435 22.60869565] ; [ 8.60869565 81.39130435],0
p6,1,0.978054,0.000757,[ 6 17] ; [24 69],[ 5.94827586 17.05172414] ; [24.05172414 68.94827586],0
