Feature,DoF,P Value,Chi Square,Observed,Expected,Is Significant
p1,1,0.206791,1.59375,[ 2 15] ; [ 1 33],[ 1. 16.] ; [ 2. 32.],0
p4,1,0.272681,1.203209,[12  5] ; [18 15],[10.2  6.8] ; [19.8 13.2],0
p3,1,0.360628,0.835706,[9 8] ; [13 20],[7.48 9.52] ; [14.52 18.48],0
p5,1,0.60998,0.260204,[ 1 16] ; [ 1 33],[ 0.66666667 16.33333333] ; [ 1.33333333 32.66666667],0
p11,1,0.692005,0.156923,[8 9] ; [18 16],[8.66666667 8.33333333] ; [17.33333333 16.66666667],0
b1,1,0.841542,0.039969,[ 7 10] ; [15 19],[7.33333333 9.66666667] ; [14.66666667 19.33333333],0
p2,1,1.0,0.0,[12  5] ; [24 10],[12.  5.] ; [24. 10.],0
