Feature,DoF,P Value,Chi Square,Observed,Expected,Is Significant
p10,1,0.000366,12.696995,[ 4 10] ; [38 10],[9.48387097 4.51612903] ; [32.51612903 15.48387097],1
p11,1,0.024798,5.037965,[ 4 10] ; [30 18],[7.67741935 6.32258065] ; [26.32258065 21.67741935],0
p4,1,0.137952,2.200656,[7 6] ; [36 12],[9.16393443 3.83606557] ; [33.83606557 14.16393443],0
b1,1,0.144808,2.126113,[6 8] ; [31 17],[8.35483871 5.64516129] ; [28.64516129 19.35483871],0
p5,1,0.345806,0.88879,[ 1 13] ; [ 1 47],[ 0.4516129 13.5483871] ; [ 1.5483871 46.4516129],0
p7,1,0.973512,0.001103,[9 4] ; [33 15],[8.95081967 4.04918033] ; [33.04918033 14.95081967],0
