Feature,DoF,P Value,Chi Square,Observed,Expected,Is Significant
p5,1,0.00011,14.956183,[ 6 20] ; [ 1 78],[ 1.73333333 24.26666667] ; [ 5.26666667 73.73333333],1
p6,1,0.007417,7.169076,[13 15] ; [16 63],[ 7.58878505 20.41121495] ; [21.41121495 57.58878505],0
p9,1,0.024006,5.094173,[19  9] ; [34 45],[13.86915888 14.13084112] ; [39.13084112 39.86915888],0
p3,1,0.033188,4.536048,[16 12] ; [27 52],[11.25233645 16.74766355] ; [31.74766355 47.25233645],0
p11,1,0.033359,4.527268,[21  7] ; [41 38],[16.22429907 11.77570093] ; [45.77570093 33.22429907],0
b1,1,0.160705,1.96758,[16 12] ; [33 46],[12.82242991 15.17757009] ; [36.17757009 42.82242991],0
p12,1,0.275415,1.189578,[ 2 26] ; [ 2 76],[ 1.05660377 26.94339623] ; [ 2.94339623 75.05660377],0
p1,1,0.48028,0.498227,[ 2 26] ; [ 3 75],[ 1.32075472 26.67924528] ; [ 3.67924528 74.32075472],0
