Feature,DoF,P Value,Chi Square,Observed,Expected,Is Significant
p4,1,0.0,84.276376,[172  18] ; [15 35],[148.04166667  41.95833333] ; [38.95833333 11.04166667],1
p8,1,0.0,46.60511,[156  33] ; [17 33],[136.80753138  52.19246862] ; [36.19246862 13.80753138],1
p2,1,7.1e-05,15.792152,[176  14] ; [37 14],[167.9253112  22.0746888] ; [45.0746888  5.9253112],1
p5,1,0.0001,15.129886,[ 52 138] ; [ 1 50],[ 41.78423237 148.21576763] ; [11.21576763 39.78423237],1
p11,1,0.009371,6.750711,[158  32] ; [34 17],[151.36929461  38.63070539] ; [40.63070539 10.36929461],0
p12,1,0.02103,5.324304,[ 31 157] ; [ 2 49],[ 25.958159 162.041841] ; [ 7.041841 43.958159],0
p1,1,0.025874,4.964447,[ 30 159] ; [ 2 49],[ 25.2 163.8] ; [ 6.8 44.2],0
b1,1,0.13714,2.209761,[93 97] ; [19 32],[ 88.29875519 101.70124481] ; [23.70124481 27.29875519],0
