Feature,DoF,P Value,Chi Square,Observed,Expected,Is Significant
p8,1,1.6e-05,18.612973,[23 61] ; [101  80],[39.30566038 44.69433962] ; [84.69433962 96.30566038],1
p4,1,0.000365,12.703088,[63 21] ; [95 88],[49.70786517 34.29213483] ; [108.29213483  74.70786517],1
p2,1,0.000428,12.40604,[61 23] ; [163  19],[70.73684211 13.26315789] ; [153.26315789  28.73684211],1
p1,1,0.00828,6.971905,[12 72] ; [  9 174],[ 6.60674157 77.39325843] ; [ 14.39325843 168.60674157],0
p9,1,0.013569,6.093346,[65 18] ; [164  19],[71.45488722 11.54511278] ; [157.54511278  25.45488722],0
p12,1,0.033514,4.519338,[ 8 76] ; [  6 177],[ 4.40449438 79.59550562] ; [  9.59550562 173.40449438],0
p11,1,0.051003,3.808174,[60 24] ; [150  33],[66.06741573 17.93258427] ; [143.93258427  39.06741573],0
p5,1,0.068974,3.307268,[11 71] ; [ 12 170],[ 7.14393939 74.85606061] ; [ 15.85606061 166.14393939],0
b1,1,0.155644,2.016043,[37 47] ; [ 64 119],[31.7752809 52.2247191] ; [ 69.2247191 113.7752809],0
