Feature,DoF,P Value,Chi Square,Observed,Expected,Is Significant
p9,1,3e-06,21.573308,[172   8] ; [115  31],[158.46625767  21.53374233] ; [128.53374233  17.46625767],1
p8,1,0.001067,10.707987,[ 58 121] ; [73 72],[ 72.37345679 106.62654321] ; [58.62654321 86.37345679],0
p12,1,0.029839,4.718566,[ 15 165] ; [  4 144],[ 10.42682927 169.57317073] ; [  8.57317073 139.42682927],0
p1,1,0.04739,3.931474,[ 14 167] ; [  4 143],[  9.93292683 171.06707317] ; [  8.06707317 138.93292683],0
p4,1,0.09616,2.768098,[90 91] ; [60 88],[82.52279635 98.47720365] ; [67.47720365 80.52279635],0
p5,1,0.173829,1.849605,[ 14 167] ; [  6 140],[ 11.07033639 169.92966361] ; [  8.92966361 137.07033639],0
p11,1,0.221929,1.491852,[147  34] ; [112  36],[142.4893617  38.5106383] ; [116.5106383  31.4893617],0
b1,1,0.242251,1.367447,[ 55 126] ; [54 94],[ 59.96656535 121.03343465] ; [49.03343465 98.96656535],0
