Feature,DoF,P Value,Chi Square,Observed,Expected,Is Significant
b1,1,0.005216,7.802831,[112 162] ; [14  5],[117.82935154 156.17064846] ; [ 8.17064846 10.82935154],0
p6,1,0.033368,4.526807,[158 110] ; [ 6 12],[153.67832168 114.32167832] ; [10.32167832  7.67832168],0
p5,1,0.062518,3.469289,[ 65 209] ; [ 1 18],[ 61.72013652 212.27986348] ; [ 4.27986348 14.72013652],0
p7,1,0.119534,2.423421,[243  28] ; [14  4],[240.99307958  30.00692042] ; [16.00692042  1.99307958],0
p11,1,0.555831,0.346974,[243  31] ; [16  3],[242.20477816  31.79522184] ; [16.79522184  2.20477816],0
p1,1,0.593159,0.285437,[ 41 232] ; [ 2 17],[ 40.20205479 232.79794521] ; [ 2.79794521 16.20205479],0
