Feature,DoF,P Value,Chi Square,Observed,Expected,Is Significant
p10,1,1.7e-05,18.51131,[151  95] ; [ 8 27],[139.19572954 106.80427046] ; [19.80427046 15.19572954],1
p5,1,0.013361,6.120717,[  4 243] ; [ 3 32],[  6.13120567 240.86879433] ; [ 0.86879433 34.13120567],0
b1,1,0.014473,5.979516,[102 147] ; [22 13],[108.71830986 140.28169014] ; [15.28169014 19.71830986],0
p11,1,0.043667,4.069378,[158  91] ; [16 19],[152.55633803  96.44366197] ; [21.44366197 13.55633803],0
p2,1,0.101215,2.686296,[141 107] ; [25 10],[145.46996466 102.53003534] ; [20.53003534 14.46996466],0
p1,1,0.643876,0.213709,[ 10 238] ; [ 2 33],[ 10.51590106 237.48409894] ; [ 1.48409894 33.51590106],0
