Feature,DoF,P Value,Chi Square,Observed,Expected,Is Significant
p7,1,0.032313,4.581818,[72 54] ; [16 26],[66. 60.] ; [22. 20.],0
p6,1,0.08265,3.012003,[38 87] ; [ 7 35],[33.68263473 91.31736527] ; [11.31736527 30.68263473],0
b1,1,0.202763,1.622357,[61 65] ; [16 27],[57.40828402 68.59171598] ; [19.59171598 23.40828402],0
p12,1,0.310292,1.029433,[  8 118] ; [ 1 42],[  6.71005917 119.28994083] ; [ 2.28994083 40.71005917],0
p11,1,0.338418,0.916414,[89 37] ; [27 16],[86.4852071 39.5147929] ; [29.5147929 13.4852071],0
p1,1,0.718714,0.129728,[ 11 115] ; [ 3 40],[ 10.43786982 115.56213018] ; [ 3.56213018 39.43786982],0
