Feature,DoF,P Value,Chi Square,Observed,Expected,Is Significant
p4,1,0.0,88.432376,[ 42 169] ; [64 17],[ 76.59589041 134.40410959] ; [29.40410959 51.59589041],1
p9,1,0.0,27.320261,[132  72] ; [77  4],[149.6  54.4] ; [59.4 21.6],1
p5,1,0.000141,14.490928,[  4 207] ; [10 69],[ 10.1862069 200.8137931] ; [ 3.8137931 75.1862069],1
p1,1,0.000475,12.210091,[ 10 201] ; [14 67],[ 17.34246575 193.65753425] ; [ 6.65753425 74.34246575],1
p11,1,0.000483,12.178326,[130  82] ; [67 14],[142.53924915  69.46075085] ; [54.46075085 26.53924915],1
p2,1,0.000622,11.709223,[116  96] ; [62 19],[128.79180887  83.20819113] ; [49.20819113 31.79180887],1
p6,1,0.005562,7.687159,[ 19 191] ; [17 64],[ 25.97938144 184.02061856] ; [10.02061856 70.97938144],0
p12,1,0.025811,4.968648,[ 12 198] ; [11 70],[ 16.59793814 193.40206186] ; [ 6.40206186 74.59793814],0
b1,1,0.583892,0.299984,[ 79 133] ; [33 48],[ 81.03754266 130.96245734] ; [30.96245734 50.03754266],0
