Feature,DoF,P Value,Chi Square,Observed,Expected,Is Significant
p11,1,0.006405,7.432701,[35  6] ; [15 12],[30.14705882 10.85294118] ; [19.85294118  7.14705882],0
b1,1,0.032987,4.546472,[15 26] ; [17 10],[19.29411765 21.70588235] ; [12.70588235 14.29411765],0
p2,1,0.532561,0.389503,[33  8] ; [20  7],[31.95588235  9.04411765] ; [21.04411765  5.95588235],0
p5,1,0.664485,0.188121,[ 2 39] ; [ 2 25],[ 2.41176471 38.58823529] ; [ 1.58823529 25.41176471],0
p7,1,0.702947,0.145424,[34  6] ; [22  5],[33.43283582  6.56716418] ; [22.56716418  4.43283582],0
p1,1,0.983579,0.000424,[ 6 35] ; [ 4 23],[ 6.02941176 34.97058824] ; [ 3.97058824 23.02941176],0
