Feature,DoF,P Value,Chi Square,Observed,Expected,Is Significant
p3,1,0.0,43.893019,[180  78] ; [10 40],[159.15584416  98.84415584] ; [30.84415584 19.15584416],1
p8,1,0.0,37.099758,[187  70] ; [14 36],[168.26384365  88.73615635] ; [32.73615635 17.26384365],1
p7,1,0.0,35.029919,[224  29] ; [27 23],[209.58085809  43.41914191] ; [41.41914191  8.58085809],1
p11,1,1.7e-05,18.513065,[218  40] ; [29 21],[206.9025974  51.0974026] ; [40.0974026  9.9025974],1
p12,1,0.018539,5.54453,[ 36 221] ; [ 1 48],[ 31.0751634 225.9248366] ; [ 5.9248366 43.0751634],0
p1,1,0.02412,5.086006,[ 34 223] ; [ 1 48],[ 29.39542484 227.60457516] ; [ 5.60457516 43.39542484],0
b1,1,0.338124,0.91753,[105 153] ; [24 26],[108.05844156 149.94155844] ; [20.94155844 29.05844156],0
