Feature,DoF,P Value,Chi Square,Observed,Expected,Is Significant
p7,1,0.0,103.326916,[53 78] ; [269  39],[96.08656036 34.91343964] ; [225.91343964  82.08656036],1
p9,1,0.0,40.822876,[100  31] ; [297  12],[118.19772727  12.80227273] ; [278.80227273  30.19772727],1
p11,1,0.0,35.338518,[91 41] ; [282  27],[111.6462585  20.3537415] ; [261.3537415  47.6462585],1
p2,1,0.0,27.985193,[104  28] ; [293  15],[119.1  12.9] ; [277.9  30.1],1
p3,1,0.000106,15.025405,[76 56] ; [234  74],[93. 39.] ; [217.  91.],1
p5,1,0.003013,8.799609,[ 13 115] ; [ 69 240],[ 24.01830664 103.98169336] ; [ 57.98169336 251.01830664],0
p12,1,0.011193,6.434494,[  7 125] ; [ 42 267],[ 14.66666667 117.33333333] ; [ 34.33333333 274.66666667],0
p1,1,0.047511,3.927189,[  8 124] ; [ 38 269],[ 13.83143508 118.16856492] ; [ 32.16856492 274.83143508],0
b1,1,0.77931,0.078522,[54 78] ; [122 187],[52.68027211 79.31972789] ; [123.31972789 185.68027211],0
