Feature,DoF,P Value,Chi Square,Observed,Expected,Is Significant
p10,1,0.0,32.167775,[78 22] ; [22 43],[60.60606061 39.39393939] ; [39.39393939 25.60606061],1
p7,1,0.001293,10.352701,[76 21] ; [36 30],[66.65030675 30.34969325] ; [45.34969325 20.65030675],0
p4,1,0.002379,9.231483,[64 37] ; [26 40],[54.43113772 46.56886228] ; [35.56886228 30.43113772],0
b1,1,0.038062,4.302241,[30 71] ; [30 36],[36.28742515 64.71257485] ; [23.71257485 42.28742515],0
p8,1,0.055049,3.680588,[52 49] ; [24 42],[45.96407186 55.03592814] ; [30.03592814 35.96407186],0
p11,1,0.069968,3.283776,[80 21] ; [44 22],[74.99401198 26.00598802] ; [49.00598802 16.99401198],0
p5,1,0.162953,1.946602,[ 6 95] ; [ 1 65],[ 4.23353293 96.76646707] ; [ 2.76646707 63.23353293],0
p12,1,0.250306,1.321594,[ 5 96] ; [ 1 64],[ 3.65060241 97.34939759] ; [ 2.34939759 62.65060241],0
p1,1,0.844296,0.038574,[ 7 94] ; [ 4 61],[ 6.69277108 94.30722892] ; [ 4.30722892 60.69277108],0
