Feature,DoF,P Value,Chi Square,Observed,Expected,Is Significant
p2,1,0.008476,6.93,[14 10] ; [63 12],[18.66666667  5.33333333] ; [58.33333333 16.66666667],0
b1,1,0.010153,6.607857,[14 10] ; [22 53],[ 8.72727273 15.27272727] ; [27.27272727 47.72727273],0
p4,1,0.02211,5.2371,[ 7 17] ; [42 33],[11.87878788 12.12121212] ; [37.12121212 37.87878788],0
p6,1,0.230339,1.438764,[ 3 21] ; [18 57],[ 5.09090909 18.90909091] ; [15.90909091 59.09090909],0
p3,1,0.286078,1.137987,[ 7 17] ; [31 44],[ 9.21212121 14.78787879] ; [28.78787879 46.21212121],0
p1,1,0.423951,0.639338,[ 2 22] ; [11 64],[ 3.15151515 20.84848485] ; [ 9.84848485 65.15151515],0
p11,1,0.710314,0.137964,[17  7] ; [56 19],[17.6969697  6.3030303] ; [55.3030303 19.6969697],0
