Feature,DoF,P Value,Chi Square,Observed,Expected,Is Significant
p3,1,0.0,100.480601,[ 64 142] ; [227  72],[118.7049505  87.2950495] ; [172.2950495 126.7049505],1
p2,1,0.0,45.01982,[151  56] ; [281  17],[177.07722772  29.92277228] ; [254.92277228  43.07722772],1
p5,1,1.6e-05,18.670517,[ 16 188] ; [ 67 232],[ 33.66202783 170.33797217] ; [ 49.33797217 249.66202783],1
p11,1,0.000431,12.391545,[162  45] ; [268  31],[175.90909091  31.09090909] ; [254.09090909  44.90909091],1
p1,1,0.088674,2.898287,[ 16 191] ; [ 37 260],[ 21.76785714 185.23214286] ; [ 31.23214286 265.76785714],0
b1,1,0.095543,2.778404,[ 70 137] ; [123 176],[ 78.95454545 128.04545455] ; [114.04545455 184.95454545],0
p9,1,0.204896,1.607125,[192  14] ; [269  30],[188.05148515  17.94851485] ; [272.94851485  26.05148515],0
p12,1,0.237935,1.392787,[ 18 188] ; [ 36 263],[ 22.02772277 183.97227723] ; [ 31.97227723 267.02772277],0
