Feature,DoF,P Value,Chi Square,Observed,Expected,Is Significant
p9,1,0.0,223.902693,[13 54] ; [297  12],[55.2393617 11.7606383] ; [254.7606383  54.2393617],1
p7,1,0.0,138.259231,[13 55] ; [269  39],[51. 17.] ; [231.  77.],1
p11,1,0.0,123.897951,[23 47] ; [282  27],[56.33245383 13.66754617] ; [248.66754617  60.33245383],1
p3,1,0.0,97.443553,[ 9 60] ; [234  74],[44.47480106 24.52519894] ; [198.52519894 109.47480106],1
p6,1,0.0,52.759138,[ 6 62] ; [177 131],[33.09574468 34.90425532] ; [149.90425532 158.09574468],1
p5,1,4.7e-05,16.557516,[ 1 69] ; [ 69 240],[12.92875989 57.07124011] ; [ 57.07124011 251.92875989],1
p12,1,0.003763,8.394922,[ 1 69] ; [ 42 267],[ 7.94195251 62.05804749] ; [ 35.05804749 273.94195251],0
b1,1,0.013111,6.154064,[39 31] ; [122 187],[29.73614776 40.26385224] ; [131.26385224 177.73614776],0
p1,1,0.213735,1.545949,[ 5 65] ; [ 38 269],[ 7.98408488 62.01591512] ; [ 35.01591512 271.98408488],0
