Feature,DoF,P Value,Chi Square,Observed,Expected,Is Significant
p6,1,0.000128,14.671433,[ 9 28] ; [175 129],[19.96480938 17.03519062] ; [164.03519062 139.96480938],1
p9,1,0.00024,13.491325,[35  6] ; [298   8],[39.34582133  1.65417867] ; [293.65417867  12.34582133],1
p2,1,0.006156,7.504114,[33  8] ; [284  21],[37.56358382  3.43641618] ; [279.43641618  25.56358382],0
p5,1,0.015167,5.896943,[ 2 39] ; [ 63 242],[ 7.70231214 33.29768786] ; [ 57.29768786 247.70231214],0
p12,1,0.165915,1.919474,[ 2 38] ; [ 38 267],[ 4.63768116 35.36231884] ; [ 35.36231884 269.63768116],0
p11,1,0.463612,0.537159,[35  6] ; [273  33],[36.39193084  4.60806916] ; [271.60806916  34.39193084],0
b1,1,0.521717,0.410497,[15 26] ; [128 178],[16.8962536 24.1037464] ; [126.1037464 179.8962536],0
p1,1,0.654002,0.200892,[ 6 35] ; [ 37 267],[ 5.11014493 35.88985507] ; [ 37.88985507 266.11014493],0
