Feature,DoF,P Value,Chi Square,Observed,Expected,Is Significant
p10,1,0.0,47.875035,[124  29] ; [ 8 28],[106.85714286  46.14285714] ; [25.14285714 10.85714286],1
p11,1,0.000922,10.978033,[124  32] ; [19 17],[116.1875  39.8125] ; [26.8125  9.1875],1
b1,1,0.010706,6.513472,[ 55 101] ; [21 15],[61.75 94.25] ; [14.25 21.75],0
p6,1,0.334727,0.930523,[64 91] ; [11 23],[61.50793651 93.49206349] ; [13.49206349 20.50793651],0
p7,1,0.34112,0.906217,[106  49] ; [21 14],[103.60526316  51.39473684] ; [23.39473684 11.60526316],0
p1,1,0.413264,0.66939,[ 11 145] ; [ 4 32],[ 12.1875 143.8125] ; [ 2.8125 33.1875],0
p5,1,0.413264,0.66939,[ 11 145] ; [ 4 32],[ 12.1875 143.8125] ; [ 2.8125 33.1875],0
p8,1,0.857217,0.032371,[83 71] ; [20 16],[83.48421053 70.51578947] ; [19.51578947 16.48421053],0
