Feature,DoF,P Value,Chi Square,Observed,Expected,Is Significant
p10,1,1e-06,24.782459,[61  8] ; [3 9],[54.51851852 14.48148148] ; [9.48148148 2.51851852],1
p11,1,0.000421,12.437932,[57 13] ; [4 8],[52.07317073 17.92682927] ; [8.92682927 3.07317073],1
p6,1,0.226584,1.462178,[17 49] ; [ 1 10],[15.42857143 50.57142857] ; [2.57142857 8.42857143],0
p2,1,0.36649,0.815531,[55 15] ; [8 4],[53.7804878 16.2195122] ; [9.2195122 2.7804878],0
b1,1,0.515912,0.422059,[28 42] ; [6 6],[29.02439024 40.97560976] ; [4.97560976 7.02439024],0
p1,1,0.933488,0.006965,[11 59] ; [ 2 10],[11.09756098 58.90243902] ; [ 1.90243902 10.09756098],0
