Feature,DoF,P Value,Chi Square,Observed,Expected,Is Significant
p8,1,0.00837,6.95251,[ 63 134] ; [17 13],[ 69.42731278 127.57268722] ; [10.57268722 19.42731278],0
p3,1,0.015177,5.895776,[ 70 129] ; [17 12],[ 75.93421053 123.06578947] ; [11.06578947 17.93421053],0
p1,1,0.038247,4.294025,[ 16 183] ; [ 6 24],[ 19.11790393 179.88209607] ; [ 2.88209607 27.11790393],0
p5,1,0.038247,4.294025,[ 16 183] ; [ 6 24],[ 19.11790393 179.88209607] ; [ 2.88209607 27.11790393],0
p4,1,0.082141,3.022023,[ 96 103] ; [19 10],[100.37280702  98.62719298] ; [14.62719298 14.37280702],0
b1,1,0.092597,2.828643,[ 62 137] ; [14 16],[ 66.04366812 132.95633188] ; [ 9.95633188 20.04366812],0
p12,1,0.129651,2.296673,[ 16 182] ; [ 5 25],[ 18.23684211 179.76315789] ; [ 2.76315789 27.23684211],0
p10,1,0.349716,0.874487,[172  27] ; [24  6],[170.3231441  28.6768559] ; [25.6768559  4.3231441],0
p11,1,0.410598,0.677069,[153  46] ; [21  9],[151.20524017  47.79475983] ; [22.79475983  7.20524017],0
