Feature,DoF,P Value,Chi Square,Observed,Expected,Is Significant
p9,1,0.019739,5.434871,[21 10] ; [34 45],[15.5 15.5] ; [39.5 39.5],0
p3,1,0.021881,5.255206,[18 13] ; [27 52],[12.68181818 18.31818182] ; [32.31818182 46.68181818],0
p12,1,0.109279,2.564624,[ 3 28] ; [ 2 76],[ 1.42201835 29.57798165] ; [ 3.57798165 74.42201835],0
p5,1,0.455914,0.555908,[ 1 28] ; [ 1 78],[ 0.53703704 28.46296296] ; [ 1.46296296 77.53703704],0
b1,1,0.544745,0.366816,[11 20] ; [33 46],[12.4 18.6] ; [31.6 47.4],0
p11,1,0.559623,0.340358,[18 13] ; [41 38],[16.62727273 14.37272727] ; [42.37272727 36.62727273],0
p6,1,0.787117,0.07293,[ 7 24] ; [16 63],[ 6.48181818 24.51818182] ; [16.51818182 62.48181818],0
p1,1,0.876506,0.024149,[ 1 30] ; [ 3 75],[ 1.13761468 29.86238532] ; [ 2.86238532 75.13761468],0
