Feature,DoF,P Value,Chi Square,Observed,Expected,Is Significant
p8,1,0.0,164.909679,[227  55] ; [ 15 107],[168.92079208 113.07920792] ; [73.07920792 48.92079208],1
p10,1,0.0,94.386352,[258  24] ; [57 62],[221.52119701  60.47880299] ; [93.47880299 25.52119701],1
p9,1,0.0,86.047041,[261  21] ; [60 55],[228.01511335  53.98488665] ; [92.98488665 22.01511335],1
p11,1,0.0,61.408926,[244  38] ; [61 61],[212.8960396  69.1039604] ; [92.1039604 29.8960396],1
p5,1,1e-06,23.382433,[ 65 216] ; [  4 117],[ 48.23134328 232.76865672] ; [ 20.76865672 100.23134328],1
p12,1,0.01084,6.491437,[ 35 247] ; [  5 116],[ 27.99007444 254.00992556] ; [ 12.00992556 108.99007444],0
p1,1,0.109109,2.567079,[ 36 244] ; [  9 113],[ 31.34328358 248.65671642] ; [ 13.65671642 108.34328358],0
b1,1,0.129734,2.295685,[118 164] ; [61 61],[124.94554455 157.05445545] ; [54.05445545 67.94554455],0
