Feature,DoF,P Value,Chi Square,Observed,Expected,Is Significant
p2,1,0.496326,0.462782,[63 68] ; [40 52],[60.50672646 70.49327354] ; [42.49327354 49.50672646],0
p11,1,0.554838,0.348722,[56 75] ; [43 49],[58.15695067 72.84304933] ; [40.84304933 51.15695067],0
p7,1,0.679308,0.170906,[34 95] ; [26 64],[35.34246575 93.65753425] ; [24.65753425 65.34246575],0
p12,1,0.717458,0.130941,[  2 128] ; [ 2 89],[  2.35294118 127.64705882] ; [ 1.64705882 89.35294118],0
p1,1,0.739343,0.110705,[  7 123] ; [ 4 87],[  6.47058824 123.52941176] ; [ 4.52941176 86.47058824],0
b1,1,0.74278,0.107698,[67 64] ; [45 47],[65.79372197 65.20627803] ; [46.20627803 45.79372197],0
