Feature,DoF,P Value,Chi Square,Observed,Expected,Is Significant
p1,1,2.2e-05,17.984229,[ 6 22] ; [  4 164],[ 1.42857143 26.57142857] ; [  8.57142857 159.42857143],1
p7,1,2.6e-05,17.680636,[24  4] ; [71 95],[13.71134021 14.28865979] ; [81.28865979 84.71134021],1
p9,1,6.7e-05,15.881877,[12 16] ; [133  36],[20.60913706  7.39086294] ; [124.39086294  44.60913706],1
p5,1,0.000926,10.970168,[ 4 24] ; [  3 166],[ 0.99492386 27.00507614] ; [  6.00507614 162.99492386],1
p3,1,0.001329,10.301963,[13 15] ; [ 32 137],[ 6.39593909 21.60406091] ; [ 38.60406091 130.39593909],0
b1,1,0.004145,8.219384,[17 11] ; [ 55 114],[10.23350254 17.76649746] ; [ 61.76649746 107.23350254],0
p11,1,0.355972,0.852053,[18 10] ; [123  46],[20.04060914  7.95939086] ; [120.95939086  48.04060914],0
