Feature,DoF,P Value,Chi Square,Observed,Expected,Is Significant
p10,1,0.0,86.745057,[14 28] ; [284  31],[35.05882353  6.94117647] ; [262.94117647  52.05882353],1
p11,1,0.000117,14.837356,[27 16] ; [273  44],[35.83333333  7.16666667] ; [264.16666667  52.83333333],1
b1,1,0.036434,4.376697,[26 17] ; [138 179],[19.58888889 23.41111111] ; [144.41111111 172.58888889],0
p5,1,0.088188,2.907151,[ 4 38] ; [ 65 251],[ 8.09497207 33.90502793] ; [ 60.90502793 255.09497207],0
p6,1,0.130962,2.281069,[19 24] ; [176 136],[23.61971831 19.38028169] ; [171.38028169 140.61971831],0
p8,1,0.412172,0.672527,[30 12] ; [243  72],[32.11764706  9.88235294] ; [240.88235294  74.11764706],0
p1,1,0.564688,0.331653,[ 4 39] ; [ 39 277],[ 5.15041783 37.84958217] ; [ 37.84958217 278.15041783],0
