Feature,DoF,P Value,Chi Square,Observed,Expected,Is Significant
p7,1,0.0,25.609666,[68 53] ; [298  77],[89.28629032 31.71370968] ; [276.71370968  98.28629032],1
p6,1,0.000279,13.20927,[38 82] ; [190 185],[55.27272727 64.72727273] ; [172.72727273 202.27272727],1
p2,1,0.003846,8.355232,[98 23] ; [341  35],[106.87927565  14.12072435] ; [332.12072435  43.87927565],0
p5,1,0.010579,6.534769,[ 11 107] ; [ 73 302],[20.10547667 97.89452333] ; [ 63.89452333 311.10547667],0
p4,1,0.011261,6.42359,[89 32] ; [317  61],[98.4488978 22.5511022] ; [307.5511022  70.4488978],0
p11,1,0.024688,5.045634,[98 23] ; [336  42],[105.23847695  15.76152305] ; [328.76152305  49.23847695],0
p12,1,0.095516,2.778857,[  9 112] ; [ 49 327],[ 14.12072435 106.87927565] ; [ 43.87927565 332.12072435],0
b1,1,0.217255,1.522408,[57 64] ; [154 224],[51.16432866 69.83567134] ; [159.83567134 218.16432866],0
p1,1,0.501718,0.451299,[ 13 108] ; [ 49 326],[ 15.125 105.875] ; [ 46.875 328.125],0
