Feature,DoF,P Value,Chi Square,Observed,Expected,Is Significant
p2,1,0.0,148.353347,[35 54] ; [320  20],[73.64801865 15.35198135] ; [281.35198135  58.64801865],1
p11,1,0.0,125.871154,[35 54] ; [313  28],[72.02790698 16.97209302] ; [275.97209302  65.02790698],1
p3,1,0.0,79.874083,[16 72] ; [240 100],[52.63551402 35.36448598] ; [203.36448598 136.63551402],1
p6,1,0.0,45.752596,[13 73] ; [189 149],[40.97169811 45.02830189] ; [161.02830189 176.97169811],1
p5,1,1.4e-05,18.913832,[ 1 88] ; [ 69 272],[14.48837209 74.51162791] ; [ 55.51162791 285.48837209],1
p12,1,0.005518,7.701245,[ 2 86] ; [ 42 298],[ 9.04672897 78.95327103] ; [ 34.95327103 305.04672897],0
b1,1,0.009009,6.820957,[47 42] ; [128 213],[36.22093023 52.77906977] ; [138.77906977 202.22093023],0
p1,1,0.083844,2.988771,[ 5 83] ; [ 41 298],[ 9.48009368 78.51990632] ; [ 36.51990632 302.48009368],0
