Feature,DoF,P Value,Chi Square,Observed,Expected,Is Significant
p7,1,0.0,42.016073,[193  14] ; [425 172],[159.1119403  47.8880597] ; [458.8880597 138.1119403],1
p4,1,0.0,36.170179,[186  24] ; [408 200],[152.49388753  57.50611247] ; [441.50611247 166.49388753],1
p3,1,1e-06,24.293529,[158  52] ; [341 268],[127.94871795  82.05128205] ; [371.05128205 237.94871795],1
p5,1,0.000124,14.728255,[ 54 156] ; [ 86 522],[ 35.94132029 174.05867971] ; [104.05867971 503.94132029],1
p1,1,0.004936,7.9029,[ 34 175] ; [ 56 552],[ 23.02325581 185.97674419] ; [ 66.97674419 541.02325581],0
p12,1,0.008653,6.892994,[ 33 176] ; [ 56 551],[ 22.79534314 186.20465686] ; [ 66.20465686 540.79534314],0
b1,1,0.019941,5.417092,[ 92 118] ; [212 397],[ 77.94871795 132.05128205] ; [226.05128205 382.94871795],0
p11,1,0.646157,0.210779,[184  26] ; [526  83],[182.05128205  27.94871795] ; [527.94871795  81.05128205],0
