Feature,DoF,P Value,Chi Square,Observed,Expected,Is Significant
p12,1,0.026262,4.938695,[ 2 64] ; [ 7 42],[ 5.16521739 60.83478261] ; [ 3.83478261 45.16521739],0
p2,1,0.065985,3.380183,[47 19] ; [42  7],[51.07826087 14.92173913] ; [37.92173913 11.07826087],0
p5,1,0.066782,3.36039,[ 3 63] ; [ 7 42],[ 5.73913043 60.26086957] ; [ 4.26086957 44.73913043],0
p9,1,0.107887,2.584898,[49 16] ; [42  6],[52.34513274 12.65486726] ; [38.65486726  9.34513274],0
b1,1,0.208769,1.579944,[32 34] ; [18 31],[28.69565217 37.30434783] ; [21.30434783 27.69565217],0
p10,1,0.378637,0.775121,[49 17] ; [39  9],[50.94736842 15.05263158] ; [37.05263158 10.94736842],0
p1,1,0.733235,0.116162,[ 8 58] ; [ 7 42],[ 8.60869565 57.39130435] ; [ 6.39130435 42.60869565],0
p11,1,0.73666,0.113084,[49 17] ; [35 14],[48.20869565 17.79130435] ; [35.79130435 13.20869565],0
