Feature,DoF,P Value,Chi Square,Observed,Expected,Is Significant
p3,1,0.0,29.718577,[ 9 26] ; [308 128],[23.55626327 11.44373673] ; [293.44373673 142.55626327],1
p8,1,0.001424,10.175089,[15 21] ; [294 139],[23.71855011 12.28144989] ; [285.28144989 147.71855011],0
p11,1,0.010636,6.525178,[25 11] ; [373  63],[30.3559322  5.6440678] ; [367.6440678  68.3559322],0
p7,1,0.011912,6.323894,[20 14] ; [337  96],[25.99143469  8.00856531] ; [331.00856531 101.99143469],0
b1,1,0.016908,5.705856,[21 15] ; [166 270],[14.26271186 21.73728814] ; [172.73728814 263.26271186],0
p1,1,0.58969,0.290829,[ 3 33] ; [ 49 386],[ 3.97452229 32.02547771] ; [ 48.02547771 386.97452229],0
