Feature,DoF,P Value,Chi Square,Observed,Expected,Is Significant
p5,1,0.156613,2.006633,[ 1 48] ; [ 2 19],[ 2.1 46.9] ; [ 0.9 20.1],0
b1,1,0.192772,1.696305,[23 26] ; [14  8],[25.53521127 23.46478873] ; [11.46478873 10.53521127],0
p3,1,0.300485,1.072042,[16 33] ; [10 12],[17.94366197 31.05633803] ; [ 8.05633803 13.94366197],0
p6,1,0.518919,0.416042,[12 37] ; [ 7 15],[13.11267606 35.88732394] ; [ 5.88732394 16.11267606],0
p11,1,0.69019,0.158879,[27 22] ; [11 11],[26.22535211 22.77464789] ; [11.77464789 10.22535211],0
p4,1,0.737579,0.112266,[18 31] ; [ 9 13],[18.63380282 30.36619718] ; [ 8.36619718 13.63380282],0
