Feature,DoF,P Value,Chi Square,Observed,Expected,Is Significant
p8,1,0.032145,4.590737,[ 6 15] ; [ 9 77],[ 2.94392523 18.05607477] ; [12.05607477 73.94392523],0
b1,1,0.038285,4.292337,[16  5] ; [44 42],[11.77570093  9.22429907] ; [48.22429907 37.77570093],0
p6,1,0.046938,3.947615,[ 4 16] ; [ 5 78],[ 1.74757282 18.25242718] ; [ 7.25242718 75.74757282],0
p5,1,0.274928,1.191992,[ 1 20] ; [ 1 85],[ 0.39252336 20.60747664] ; [ 1.60747664 84.39252336],0
p2,1,0.49969,0.455595,[10 11] ; [34 52],[ 8.63551402 12.36448598] ; [35.36448598 50.63551402],0
p1,1,0.589477,0.291162,[ 1 20] ; [ 7 78],[ 1.58490566 19.41509434] ; [ 6.41509434 78.58490566],0
p11,1,0.815821,0.054253,[ 7 14] ; [31 55],[ 7.45794393 13.54205607] ; [30.54205607 55.45794393],0
