Feature,DoF,P Value,Chi Square,Observed,Expected,Is Significant
p6,1,0.239877,1.381318,[17 31] ; [12 37],[14.35051546 33.64948454] ; [14.64948454 34.35051546],0
p11,1,0.243376,1.360933,[32 16] ; [27 22],[29.19587629 18.80412371] ; [29.80412371 19.19587629],0
b1,1,0.261154,1.26263,[28 20] ; [23 26],[25.2371134 22.7628866] ; [25.7628866 23.2371134],0
p4,1,0.362743,0.828375,[22 26] ; [18 31],[19.79381443 28.20618557] ; [20.20618557 28.79381443],0
p2,1,0.537492,0.380207,[36 12] ; [34 15],[34.63917526 13.36082474] ; [35.36082474 13.63917526],0
p1,1,0.663157,0.189711,[ 2 46] ; [ 3 46],[ 2.4742268 45.5257732] ; [ 2.5257732 46.4742268],0
p5,1,0.976242,0.000887,[ 1 46] ; [ 1 48],[ 0.97916667 46.02083333] ; [ 1.02083333 47.97916667],0
p12,1,0.988245,0.000217,[ 1 47] ; [ 1 48],[ 0.98969072 47.01030928] ; [ 1.01030928 47.98969072],0
