Feature,DoF,P Value,Chi Square,Observed,Expected,Is Significant
p9,1,0.005769,7.620957,[176  40] ; [239  26],[186.36174636  29.63825364] ; [228.63825364  36.36174636],0
p5,1,0.156295,2.009713,[  6 214] ; [ 14 250],[  9.09090909 210.90909091] ; [ 10.90909091 253.09090909],0
p1,1,0.205786,1.600825,[  4 215] ; [ 10 256],[  6.32164948 212.67835052] ; [  7.67835052 258.32164948],0
b1,1,0.296548,1.089653,[ 61 160] ; [ 85 181],[ 66.25462012 154.74537988] ; [ 79.74537988 186.25462012],0
p11,1,0.522786,0.408393,[170  51] ; [211  55],[172.8973306  48.1026694] ; [208.1026694  57.8973306],0
p12,1,0.637426,0.222125,[  8 210] ; [ 12 253],[  9.02691511 208.97308489] ; [ 10.97308489 254.02691511],0
p7,1,0.712618,0.135676,[ 98 112] ; [116 142],[ 96.02564103 113.97435897] ; [117.97435897 140.02564103],0
p8,1,0.724713,0.124021,[ 77 137] ; [ 98 163],[ 78.84210526 135.15789474] ; [ 96.15789474 164.84210526],0
