Feature,DoF,P Value,Chi Square,Observed,Expected,Is Significant
p4,1,0.0,27.987634,[ 64 143] ; [202 174],[ 94.44596913 112.55403087] ; [171.55403087 204.44596913],1
p7,1,7e-06,20.119047,[ 80 121] ; [221 151],[105.58638743  95.41361257] ; [195.41361257 176.58638743],1
p11,1,0.000295,13.101771,[155  53] ; [326  51],[171.02222222  36.97777778] ; [309.97777778  67.02222222],1
p5,1,0.044204,4.048767,[  8 198] ; [ 31 345],[ 13.80412371 192.19587629] ; [ 25.19587629 350.80412371],0
p1,1,0.086258,2.942853,[  6 202] ; [ 23 354],[ 10.31111111 197.68888889] ; [ 18.68888889 358.31111111],0
p9,1,0.325916,0.965057,[189  17] ; [354  23],[191.86620926  14.13379074] ; [351.13379074  25.86620926],0
b1,1,0.561133,0.337746,[ 63 145] ; [123 254],[ 66.13333333 141.86666667] ; [119.86666667 257.13333333],0
p12,1,0.987362,0.000251,[ 11 197] ; [ 20 356],[ 11.04109589 196.95890411] ; [ 19.95890411 356.04109589],0
