Feature,DoF,P Value,Chi Square,Observed,Expected,Is Significant
p10,1,0.0,65.610283,[239  37] ; [ 7 22],[222.60983607  53.39016393] ; [23.39016393  5.60983607],1
b1,1,1.3e-05,19.074453,[ 84 194] ; [21  9],[ 94.77272727 183.22727273] ; [10.22727273 19.77272727],1
p4,1,0.0002,13.834208,[ 82 194] ; [19 11],[ 91.09803922 184.90196078] ; [ 9.90196078 20.09803922],1
p8,1,0.001036,10.762324,[ 98 175] ; [20 10],[106.31683168 166.68316832] ; [11.68316832 18.31683168],0
p1,1,0.023853,5.105314,[ 11 266] ; [ 4 26],[ 13.53420195 263.46579805] ; [ 1.46579805 28.53420195],0
p11,1,0.02713,4.882518,[217  61] ; [18 12],[212.11038961  65.88961039] ; [22.88961039  7.11038961],0
p5,1,0.713183,0.135118,[ 14 261] ; [ 2 28],[ 14.42622951 260.57377049] ; [ 1.57377049 28.42622951],0
p2,1,0.796748,0.066336,[218  59] ; [23  7],[217.4495114  59.5504886] ; [23.5504886  6.4495114],0
