Feature,DoF,P Value,Chi Square,Observed,Expected,Is Significant
p8,1,0.011338,6.411616,[ 7 13] ; [22  9],[11.37254902  8.62745098] ; [17.62745098 13.37254902],0
p9,1,0.035673,4.412668,[ 5 15] ; [17 14],[ 8.62745098 11.37254902] ; [13.37254902 17.62745098],0
p11,1,0.066704,3.36233,[ 7 13] ; [19 12],[10.19607843  9.80392157] ; [15.80392157 15.19607843],0
p1,1,0.145817,2.115474,[ 1 19] ; [ 6 25],[ 2.74509804 17.25490196] ; [ 4.25490196 26.74509804],0
p7,1,0.42671,0.631763,[10 10] ; [19 12],[11.37254902  8.62745098] ; [17.62745098 13.37254902],0
b1,1,0.789065,0.07157,[13  7] ; [19 12],[12.54901961  7.45098039] ; [19.45098039 11.54901961],0
p5,1,0.831756,0.045135,[ 3 17] ; [ 4 27],[ 2.74509804 17.25490196] ; [ 4.25490196 26.74509804],0
