Feature,DoF,P Value,Chi Square,Observed,Expected,Is Significant
p7,1,1e-06,24.110264,[ 80 121] ; [146  84],[105.39675174  95.60324826] ; [120.60324826 109.39675174],1
p2,1,5e-06,21.018869,[154  53] ; [209  21],[171.94736842  35.05263158] ; [191.05263158  38.94736842],1
p5,1,0.001468,10.118955,[  8 198] ; [ 28 199],[ 17.12702079 188.87297921] ; [ 18.87297921 208.12702079],0
p1,1,0.015437,5.865902,[  6 202] ; [ 19 211],[ 11.87214612 196.12785388] ; [ 13.12785388 216.87214612],0
p11,1,0.019773,5.431851,[155  53] ; [193  38],[164.88382688  43.11617312] ; [183.11617312  47.88382688],0
b1,1,0.210245,1.56974,[ 63 145] ; [ 83 148],[ 69.17539863 138.82460137] ; [ 76.82460137 154.17539863],0
p12,1,0.475694,0.508719,[ 11 197] ; [ 16 215],[ 12.79271071 195.20728929] ; [ 14.20728929 216.79271071],0
