Feature,DoF,P Value,Chi Square,Observed,Expected,Is Significant
p4,1,0.012516,6.236247,[110  44] ; [146 101],[98.31421446 55.68578554] ; [157.68578554  89.31421446],0
p10,1,0.018872,5.513382,[129  25] ; [225  21],[136.29  17.71] ; [217.71  28.29],0
p8,1,0.296707,1.088934,[101  52] ; [149  96],[96.10552764 56.89447236] ; [153.89447236  91.10552764],0
b1,1,0.337619,0.919453,[59 95] ; [ 83 164],[54.53366584 99.46633416] ; [ 87.46633416 159.53366584],0
p5,1,0.354419,0.85757,[ 16 137] ; [ 19 226],[ 13.45477387 139.54522613] ; [ 21.54522613 223.45477387],0
p2,1,0.47829,0.502759,[136  17] ; [224  22],[138.04511278  14.95488722] ; [221.95488722  24.04511278],0
p1,1,0.729999,0.119113,[ 10 143] ; [ 14 232],[  9.20300752 143.79699248] ; [ 14.79699248 231.20300752],0
p11,1,0.782825,0.075977,[130  24] ; [211  36],[130.95760599  23.04239401] ; [210.04239401  36.95760599],0
p12,1,0.810191,0.057686,[  7 147] ; [ 10 237],[  6.5286783 147.4713217] ; [ 10.4713217 236.5286783],0
