Feature,DoF,P Value,Chi Square,Observed,Expected,Is Significant
p6,1,0.0,30.668324,[251 354] ; [159  97],[288.0952381 316.9047619] ; [121.9047619 134.0952381],1
p7,1,0.0,30.404053,[425 172] ; [227  29],[456.32356389 140.67643611] ; [195.67643611  60.32356389],1
p5,1,5.2e-05,16.371847,[ 86 522] ; [ 66 192],[106.71593533 501.28406467] ; [ 45.28406467 212.71593533],1
p12,1,0.017353,5.660287,[ 56 551] ; [ 38 220],[ 65.96300578 541.03699422] ; [ 28.03699422 229.96300578],0
p1,1,0.034749,4.457476,[ 56 552] ; [ 36 220],[ 64.74074074 543.25925926] ; [ 27.25925926 228.74074074],0
b1,1,0.124023,2.365761,[212 397] ; [104 154],[221.96539792 387.03460208] ; [ 94.03460208 163.96539792],0
p11,1,0.740299,0.109864,[526  83] ; [225  33],[527.51903114  81.48096886] ; [223.48096886  34.51903114],0
