Feature,DoF,P Value,Chi Square,Observed,Expected,Is Significant
p3,1,0.0,109.057508,[ 61 196] ; [255 133],[125.91007752 131.08992248] ; [190.08992248 197.91007752],1
p7,1,0.0,81.964261,[123 124] ; [320  63],[173.68412698  73.31587302] ; [269.31587302 113.68412698],1
p6,1,0.0,67.014709,[ 46 208] ; [193 192],[ 95.00156495 158.99843505] ; [143.99843505 241.00156495],1
p5,1,0.0,26.867212,[ 12 244] ; [ 73 315],[ 33.78881988 222.21118012] ; [ 51.21118012 336.78881988],1
p11,1,0.000713,11.454159,[207  51] ; [348  40],[221.65634675  36.34365325] ; [333.34365325  54.65634675],1
p12,1,0.017359,5.659744,[ 15 241] ; [ 44 342],[ 23.52647975 232.47352025] ; [ 35.47352025 350.52647975],0
p1,1,0.032683,4.562334,[ 18 240] ; [ 47 340],[ 26. 232.] ; [ 39. 348.],0
b1,1,0.259765,1.270009,[ 82 176] ; [140 248],[ 88.6625387 169.3374613] ; [133.3374613 254.6625387],0
