Feature,DoF,P Value,Chi Square,Observed,Expected,Is Significant
p7,1,0.061583,3.494232,[10 10] ; [22  7],[13.06122449  6.93877551] ; [18.93877551 10.06122449],0
p4,1,0.069562,3.293337,[11  9] ; [23  6],[13.87755102  6.12244898] ; [20.12244898  8.87755102],0
b1,1,0.247349,1.338213,[13  7] ; [14 15],[11.02040816  8.97959184] ; [15.97959184 13.02040816],0
p6,1,0.308987,1.035,[ 7 13] ; [13 13],[ 8.69565217 11.30434783] ; [11.30434783 14.69565217],0
p1,1,0.317597,0.998817,[ 1 19] ; [ 4 25],[ 2.04081633 17.95918367] ; [ 2.95918367 26.04081633],0
p11,1,0.356024,0.851868,[ 7 13] ; [14 15],[ 8.57142857 11.42857143] ; [12.42857143 16.57142857],0
p9,1,0.645823,0.211207,[ 5 15] ; [ 9 20],[ 5.71428571 14.28571429] ; [ 8.28571429 20.71428571],0
p5,1,0.905544,0.01408,[ 3 17] ; [ 4 25],[ 2.85714286 17.14285714] ; [ 4.14285714 24.85714286],0
