Feature,DoF,P Value,Chi Square,Observed,Expected,Is Significant
p4,1,2e-06,22.746663,[22  4] ; [23 52],[11.58415842 14.41584158] ; [33.41584158 41.58415842],1
p1,1,0.067225,3.349508,[ 6 20] ; [ 7 69],[ 3.31372549 22.68627451] ; [ 9.68627451 66.31372549],0
p5,1,0.277673,1.178442,[ 2 24] ; [ 2 70],[ 1.06122449 24.93877551] ; [ 2.93877551 69.06122449],0
p9,1,0.443654,0.586815,[24  2] ; [65 10],[22.91089109  3.08910891] ; [66.08910891  8.91089109],0
b1,1,0.642118,0.215983,[13 13] ; [34 42],[11.98039216 14.01960784] ; [35.01960784 40.98039216],0
p12,1,0.730422,0.118725,[ 3 23] ; [ 7 69],[ 2.54901961 23.45098039] ; [ 7.45098039 68.54901961],0
p11,1,0.938777,0.005899,[18  8] ; [52 24],[17.84313725  8.15686275] ; [52.15686275 23.84313725],0
