Feature,DoF,P Value,Chi Square,Observed,Expected,Is Significant
p10,1,0.0,64.69759,[224  37] ; [56 64],[191.81102362  69.18897638] ; [88.18897638 31.81102362],1
p11,1,0.0,33.882642,[199  63] ; [57 67],[173.76165803  88.23834197] ; [82.23834197 41.76165803],1
p4,1,4e-06,21.274027,[100 161] ; [ 18 103],[ 80.62303665 180.37696335] ; [37.37696335 83.62303665],1
p7,1,7.2e-05,15.760101,[ 96 161] ; [20 98],[ 79.49866667 177.50133333] ; [36.50133333 81.49866667],1
b1,1,0.012696,6.211012,[ 92 170] ; [60 64],[103.17098446 158.82901554] ; [48.82901554 75.17098446],0
p5,1,0.290022,1.119521,[ 15 241] ; [  4 117],[ 12.90185676 243.09814324] ; [  6.09814324 114.90185676],0
p1,1,0.339322,0.912992,[ 11 251] ; [  8 116],[ 12.89637306 249.10362694] ; [  6.10362694 117.89637306],0
p12,1,0.450921,0.568337,[ 18 244] ; [  6 117],[ 16.33246753 245.66753247] ; [  7.66753247 115.33246753],0
