Feature,DoF,P Value,Chi Square,Observed,Expected,Is Significant
p11,1,0.0,40.530113,[130  24] ; [14 26],[114.30927835  39.69072165] ; [29.69072165 10.30927835],1
p9,1,0.0,37.976781,[132  21] ; [16 24],[117.32642487  35.67357513] ; [30.67357513  9.32642487],1
p2,1,0.000887,11.050357,[136  17] ; [27 13],[129.21761658  23.78238342] ; [33.78238342  6.21761658],1
b1,1,0.00093,10.961707,[59 95] ; [27 13],[68.26804124 85.73195876] ; [17.73195876 22.26804124],1
p4,1,0.04712,3.941091,[110  44] ; [22 18],[104.78350515  49.21649485] ; [27.21649485 12.78350515],0
p5,1,0.576146,0.312507,[ 16 137] ; [ 3 37],[ 15.06217617 137.93782383] ; [ 3.93782383 36.06217617],0
p1,1,0.828525,0.046913,[ 10 143] ; [ 3 37],[ 10.30569948 142.69430052] ; [ 2.69430052 37.30569948],0
