Feature,DoF,P Value,Chi Square,Observed,Expected,Is Significant
p8,1,0.001571,9.993991,[100  84] ; [29 57],[87.91111111 96.08888889] ; [41.08888889 44.91111111],0
p12,1,0.00514,7.829534,[  7 180] ; [11 75],[ 12.32967033 174.67032967] ; [ 5.67032967 80.32967033],0
p10,1,0.0071,7.247524,[164  22] ; [64 21],[156.48708487  29.51291513] ; [71.51291513 13.48708487],0
p2,1,0.016533,5.745258,[167  19] ; [68 18],[160.69852941  25.30147059] ; [74.30147059 11.69852941],0
b1,1,0.021554,5.281441,[ 60 127] ; [40 46],[ 68.4981685 118.5018315] ; [31.5018315 54.4981685],0
p6,1,0.054224,3.705791,[ 70 115] ; [22 63],[ 63.03703704 121.96296296] ; [28.96296296 56.03703704],0
p5,1,0.05551,3.666698,[ 13 173] ; [12 72],[ 17.22222222 168.77777778] ; [ 7.77777778 76.22222222],0
p1,1,0.064322,3.422274,[ 10 177] ; [10 76],[ 13.6996337 173.3003663] ; [ 6.3003663 79.6996337],0
p11,1,0.108648,2.573773,[151  36] ; [62 24],[145.9010989  41.0989011] ; [67.0989011 18.9010989],0
