Feature,DoF,P Value,Chi Square,Observed,Expected,Is Significant
p10,1,0.00107,10.702934,[142  90] ; [65 15],[153.92307692  78.07692308] ; [53.07692308 26.92307692],0
p4,1,0.065828,3.384109,[ 48 188] ; [24 55],[ 53.94285714 182.05714286] ; [18.05714286 60.94285714],0
p12,1,0.178649,1.808831,[ 11 223] ; [ 7 73],[ 13.41401274 220.58598726] ; [ 4.58598726 75.41401274],0
b1,1,0.188221,1.731487,[ 87 150] ; [36 44],[ 91.95899054 145.04100946] ; [31.04100946 48.95899054],0
p1,1,0.23335,1.420323,[ 12 224] ; [ 7 73],[ 14.18987342 221.81012658] ; [ 4.81012658 75.18987342],0
p11,1,0.416367,0.660545,[148  89] ; [54 26],[151.02208202  85.97791798] ; [50.97791798 29.02208202],0
p5,1,0.744122,0.106537,[  8 228] ; [ 2 74],[  7.56410256 228.43589744] ; [ 2.43589744 73.56410256],0
