Feature,DoF,P Value,Chi Square,Observed,Expected,Is Significant
b1,1,0.034945,4.447876,[25 12] ; [15 20],[20.55555556 16.44444444] ; [19.44444444 15.55555556],0
p4,1,0.080078,3.063324,[27 10] ; [18 16],[23.45070423 13.54929577] ; [21.54929577 12.45070423],0
p11,1,0.232513,1.42542,[17 20] ; [21 14],[19.52777778 17.47222222] ; [18.47222222 16.52777778],0
p1,1,0.689624,0.159493,[ 3 34] ; [ 2 33],[ 2.56944444 34.43055556] ; [ 2.43055556 32.56944444],0
p8,1,0.717795,0.130615,[19 18] ; [16 18],[18.23943662 18.76056338] ; [16.76056338 17.23943662],0
p6,1,0.927269,0.008332,[12 22] ; [12 21],[12.17910448 21.82089552] ; [11.82089552 21.17910448],0
p5,1,0.954395,0.00327,[ 2 35] ; [ 2 33],[ 2.05555556 34.94444444] ; [ 1.94444444 33.05555556],0
