Feature,DoF,P Value,Chi Square,Observed,Expected,Is Significant
p3,1,0.0,32.14215,[ 70 129] ; [97 50],[ 96.04913295 102.95086705] ; [70.95086705 76.04913295],1
p11,1,0.024194,5.080696,[153  46] ; [128  20],[161.14985591  37.85014409] ; [119.85014409  28.14985591],0
p5,1,0.279115,1.171394,[ 16 183] ; [ 17 131],[ 18.92507205 180.07492795] ; [ 14.07492795 133.92507205],0
b1,1,0.435063,0.609269,[ 62 137] ; [52 96],[ 65.37752161 133.62247839] ; [48.62247839 99.37752161],0
p10,1,0.454496,0.559415,[172  27] ; [131  16],[174.26878613  24.73121387] ; [128.73121387  18.26878613],0
p12,1,0.477206,0.505242,[ 16 182] ; [  9 139],[ 14.30635838 183.69364162] ; [ 10.69364162 137.30635838],0
p1,1,0.627837,0.235005,[ 16 183] ; [ 14 133],[ 17.25433526 181.74566474] ; [ 12.74566474 134.25433526],0
