Feature,DoF,P Value,Chi Square,Observed,Expected,Is Significant
p9,1,0.0,61.731017,[6 7] ; [235   7],[12.28627451  0.71372549] ; [228.71372549  13.28627451],1
p11,1,2e-05,18.158319,[5 8] ; [205  37],[10.70588235  2.29411765] ; [199.29411765  42.70588235],1
p4,1,0.000919,10.984505,[7 6] ; [210  31],[11.10629921  1.89370079] ; [205.89370079  35.10629921],1
p8,1,0.014127,6.022183,[6 7] ; [185  57],[9.7372549 3.2627451] ; [181.2627451  60.7372549],0
b1,1,0.063387,3.446472,[9 4] ; [104 138],[5.76078431 7.23921569] ; [107.23921569 134.76078431],0
p3,1,0.143589,2.139066,[7 6] ; [175  66],[9.31496063 3.68503937] ; [172.68503937  68.31496063],0
p5,1,0.183829,1.766397,[ 1 12] ; [ 57 185],[ 2.95686275 10.04313725] ; [ 55.04313725 186.95686275],0
p1,1,0.559574,0.340442,[ 1 12] ; [ 32 209],[ 1.68897638 11.31102362] ; [ 31.31102362 209.68897638],0
