Feature,DoF,P Value,Chi Square,Observed,Expected,Is Significant
p6,1,0.047429,3.93012,[ 8 41] ; [15 29],[12.11827957 36.88172043] ; [10.88172043 33.11827957],0
p3,1,0.064893,3.407687,[10 40] ; [17 29],[14.0625 35.9375] ; [12.9375 33.0625],0
p8,1,0.428917,0.625755,[14 36] ; [16 29],[15.78947368 34.21052632] ; [14.21052632 30.78947368],0
b1,1,0.534236,0.386327,[24 26] ; [25 21],[25.52083333 24.47916667] ; [23.47916667 22.52083333],0
p11,1,0.566332,0.328858,[29 21] ; [24 22],[27.60416667 22.39583333] ; [25.39583333 20.60416667],0
p1,1,0.951451,0.003707,[ 1 48] ; [ 1 44],[ 1.04255319 47.95744681] ; [ 0.95744681 44.04255319],0
p12,1,0.96398,0.002039,[ 1 48] ; [ 1 45],[ 1.03157895 47.96842105] ; [ 0.96842105 45.03157895],0
