Feature,DoF,P Value,Chi Square,Observed,Expected,Is Significant
p3,1,0.0,128.563169,[156  52] ; [ 47 180],[ 97.06666667 110.93333333] ; [105.93333333 121.06666667],1
p5,1,0.0,50.836133,[ 57 152] ; [  7 220],[ 30.67889908 178.32110092] ; [ 33.32110092 193.67889908],1
p1,1,5e-06,20.969721,[ 33 175] ; [  7 218],[ 19.2147806 188.7852194] ; [ 20.7852194 204.2147806],1
p12,1,1.8e-05,18.418916,[ 34 174] ; [  9 216],[ 20.65588915 187.34411085] ; [ 22.34411085 202.65588915],1
p10,1,0.001172,10.53396,[185  24] ; [174  53],[172.08944954  36.91055046] ; [186.91055046  40.08944954],0
p11,1,0.003392,8.583441,[185  24] ; [177  50],[173.52752294  35.47247706] ; [188.47247706  38.52752294],0
b1,1,0.008075,7.016688,[ 92 117] ; [ 72 155],[ 78.6146789 130.3853211] ; [ 85.3853211 141.6146789],0
p9,1,0.008547,6.915143,[189  20] ; [182  41],[179.48842593  29.51157407] ; [191.51157407  31.48842593],0
