Feature,DoF,P Value,Chi Square,Observed,Expected,Is Significant
p9,1,0.000497,12.127774,[58  9] ; [116  66],[46.81927711 20.18072289] ; [127.18072289  54.81927711],1
p5,1,0.016708,5.726835,[ 5 61] ; [  3 185],[ 2.07874016 63.92125984] ; [  5.92125984 182.07874016],0
p6,1,0.035229,4.434064,[11 56] ; [ 14 173],[ 6.59448819 60.40551181] ; [ 18.40551181 168.59448819],0
p12,1,0.161412,1.960943,[ 7 61] ; [ 10 177],[ 4.53333333 63.46666667] ; [ 12.46666667 174.53333333],0
p11,1,0.358227,0.8441,[46 22] ; [116  73],[42.86381323 25.13618677] ; [119.13618677  69.86381323],0
p1,1,0.373566,0.791769,[ 7 61] ; [ 13 175],[ 5.3125 62.6875] ; [ 14.6875 173.3125],0
b1,1,0.669296,0.182426,[29 39] ; [ 75 114],[27.51750973 40.48249027] ; [ 76.48249027 112.51750973],0
