Feature,DoF,P Value,Chi Square,Observed,Expected,Is Significant
p7,1,0.0,96.264226,[101 136] ; [176  24],[150.22654462  86.77345538] ; [126.77345538  73.22654462],1
p8,1,0.0,90.039094,[ 81 161] ; [158  43],[130.55981941 111.44018059] ; [108.44018059  92.55981941],1
p5,1,0.0,46.232078,[  9 232] ; [ 53 149],[ 33.72911964 207.27088036] ; [ 28.27088036 173.72911964],1
p2,1,6e-06,20.60111,[182  60] ; [185  17],[200.03153153  41.96846847] ; [166.96846847  35.03153153],1
p1,1,1.7e-05,18.53743,[ 11 232] ; [ 34 167],[ 24.62837838 218.37162162] ; [ 20.37162162 180.62837838],1
p12,1,8e-05,15.5466,[ 13 230] ; [ 34 167],[ 25.72297297 217.27702703] ; [ 21.27702703 179.72297297],1
b1,1,0.001787,9.755888,[ 76 168] ; [ 92 110],[ 91.9103139 152.0896861] ; [ 76.0896861 125.9103139],0
p10,1,0.002115,9.447373,[208  35] ; [190  11],[217.82432432  25.17567568] ; [180.17567568  20.82432432],0
p11,1,0.160617,1.968404,[194  50] ; [171  31],[199.68609865  44.31390135] ; [165.31390135  36.68609865],0
