Feature,DoF,P Value,Chi Square,Observed,Expected,Is Significant
p7,1,0.000988,10.849116,[110  63] ; [339 103],[126.30406504  46.69593496] ; [322.69593496 119.30406504],1
p8,1,0.009725,6.684534,[97 76] ; [297 145],[110.83252033  62.16747967] ; [283.16747967 158.83252033],0
p11,1,0.084928,2.967972,[142  31] ; [390  56],[148.68497577  24.31502423] ; [383.31502423  62.68497577],0
p2,1,0.095509,2.778976,[151  21] ; [408  35],[156.33821138  15.66178862] ; [402.66178862  40.33821138],0
p12,1,0.129155,2.302632,[ 13 160] ; [ 52 393],[ 18.19579288 154.80420712] ; [ 46.80420712 398.19579288],0
p5,1,0.173949,1.848576,[ 24 146] ; [ 83 359],[ 29.72222222 140.27777778] ; [ 77.27777778 364.72222222],0
p1,1,0.318967,0.993178,[ 14 158] ; [ 48 395],[ 17.3398374 154.6601626] ; [ 44.6601626 398.3398374],0
b1,1,0.876476,0.024161,[ 64 109] ; [168 278],[ 64.84006462 108.15993538] ; [167.15993538 278.84006462],0
