Feature,DoF,P Value,Chi Square,Observed,Expected,Is Significant
p10,1,0.0,100.812593,[238  22] ; [52 65],[200.  60.] ; [90. 27.],1
p9,1,0.0,88.663564,[240  21] ; [55 58],[205.86898396  55.13101604] ; [89.13101604 23.86898396],1
p6,1,0.0,86.422532,[156 101] ; [ 11 107],[114.45066667 142.54933333] ; [52.54933333 65.45066667],1
p11,1,0.0,76.882694,[232  29] ; [57 63],[197.97637795  63.02362205] ; [91.02362205 28.97637795],1
p5,1,0.0,27.805417,[ 61 200] ; [  2 117],[ 43.27105263 217.72894737] ; [19.72894737 99.27105263],1
p12,1,0.014319,5.998378,[ 35 225] ; [  6 113],[ 28.12664908 231.87335092] ; [ 12.87335092 106.12664908],0
b1,1,0.025048,5.020594,[105 156] ; [63 57],[115.08661417 145.91338583] ; [52.91338583 67.08661417],0
p1,1,0.147005,2.103057,[ 35 224] ; [ 10 110],[ 30.75197889 228.24802111] ; [ 14.24802111 105.75197889],0
