Feature,DoF,P Value,Chi Square,Observed,Expected,Is Significant
p11,1,0.0,29.337141,[ 4 10] ; [166  27],[11.49758454  2.50241546] ; [158.50241546  34.49758454],1
p4,1,1e-05,19.598738,[7 6] ; [178  15],[11.67475728  1.32524272] ; [173.32524272  19.67475728],1
p7,1,0.011673,6.359849,[9 4] ; [175  17],[11.66829268  1.33170732] ; [172.33170732  19.66829268],0
p5,1,0.101198,2.686556,[ 1 13] ; [ 52 141],[ 3.58454106 10.41545894] ; [ 49.41545894 143.58454106],0
b1,1,0.842471,0.039495,[6 8] ; [ 88 105],[6.35748792 7.64251208] ; [ 87.64251208 105.35748792],0
