Feature,DoF,P Value,Chi Square,Observed,Expected,Is Significant
p6,1,0.0,37.821033,[ 14 188] ; [17 23],[ 25.87603306 176.12396694] ; [ 5.12396694 34.87603306],1
p8,1,0.000188,13.942567,[ 33 169] ; [17 23],[ 41.73553719 160.26446281] ; [ 8.26446281 31.73553719],1
p10,1,0.000748,11.365751,[119  81] ; [35  5],[128.33333333  71.66666667] ; [25.66666667 14.33333333],1
p11,1,0.132671,2.26097,[127  76] ; [30 10],[131.1563786  71.8436214] ; [25.8436214 14.1563786],0
p5,1,0.142677,2.148846,[  6 196] ; [ 3 35],[  7.575 194.425] ; [ 1.425 36.575],0
p1,1,0.211383,1.56193,[ 10 192] ; [ 4 36],[ 11.68595041 190.31404959] ; [ 2.31404959 37.68595041],0
p12,1,0.218064,1.517067,[ 10 190] ; [ 4 36],[ 11.66666667 188.33333333] ; [ 2.33333333 37.66666667],0
b1,1,0.308395,1.037539,[ 74 129] ; [18 22],[ 76.85596708 126.14403292] ; [15.14403292 24.85596708],0
