Feature,DoF,P Value,Chi Square,Observed,Expected,Is Significant
p10,1,0.0,28.416683,[70 16] ; [ 5 17],[59.72222222 26.27777778] ; [15.27777778  6.72222222],1
p4,1,0.014716,5.950097,[60 27] ; [ 9 13],[55.0733945 31.9266055] ; [13.9266055  8.0733945],0
b1,1,0.029629,4.730698,[33 54] ; [14  8],[37.51376147 49.48623853] ; [ 9.48623853 12.51376147],0
p11,1,0.075065,3.168632,[61 26] ; [11 11],[57.46788991 29.53211009] ; [14.53211009  7.46788991],0
p5,1,0.376414,0.782382,[ 4 83] ; [ 2 19],[ 4.83333333 82.16666667] ; [ 1.16666667 19.83333333],0
p3,1,0.880807,0.022484,[38 49] ; [10 12],[38.31192661 48.68807339] ; [ 9.68807339 12.31192661],0
