Feature,DoF,P Value,Chi Square,Observed,Expected,Is Significant
p4,1,0.0,47.494404,[15 51] ; [94 32],[37.46875 28.53125] ; [71.53125 54.46875],1
p7,1,0.000465,12.249608,[19 44] ; [72 54],[30.33333333 32.66666667] ; [60.66666667 65.33333333],1
p6,1,0.034166,4.486401,[11 56] ; [38 87],[17.09895833 49.90104167] ; [31.90104167 93.09895833],0
p12,1,0.326329,0.963411,[ 7 61] ; [  8 118],[ 5.25773196 62.74226804] ; [  9.74226804 116.25773196],0
b1,1,0.442289,0.590337,[29 39] ; [61 65],[31.54639175 36.45360825] ; [58.45360825 67.54639175],0
p11,1,0.666013,0.186302,[46 22] ; [89 37],[47.31958763 20.68041237] ; [87.68041237 38.31958763],0
p1,1,0.720164,0.128335,[ 7 61] ; [ 11 115],[ 6.30927835 61.69072165] ; [ 11.69072165 114.30927835],0
p5,1,0.771492,0.084346,[ 5 61] ; [ 11 114],[ 5.52879581 60.47120419] ; [ 10.47120419 114.52879581],0
p9,1,0.854212,0.033763,[58  9] ; [107  18],[57.578125  9.421875] ; [107.421875  17.578125],0
