Feature,DoF,P Value,Chi Square,Observed,Expected,Is Significant
p9,1,0.0,67.570674,[269  30] ; [18 26],[250.18367347  48.81632653] ; [36.81632653  7.18367347],1
p11,1,0.0,55.598912,[268  31] ; [20 24],[251.05539359  47.94460641] ; [36.94460641  7.05539359],1
p2,1,0.0,27.230729,[281  17] ; [31 13],[271.85964912  26.14035088] ; [40.14035088  3.85964912],1
p6,1,1e-06,23.51494,[184 115] ; [10 34],[169.11370262 129.88629738] ; [24.88629738 19.11370262],1
p3,1,2e-06,23.037002,[227  72] ; [18 26],[213.57142857  85.42857143] ; [31.42857143 12.57142857],1
p5,1,0.005786,7.615639,[ 67 232] ; [ 2 42],[ 60.14868805 238.85131195] ; [ 8.85131195 35.14868805],0
p1,1,0.0451,4.014904,[ 37 260] ; [ 1 43],[ 33.09677419 263.90322581] ; [ 4.90322581 39.09677419],0
p12,1,0.05118,3.802361,[ 36 263] ; [ 1 43],[ 32.25364431 266.74635569] ; [ 4.74635569 39.25364431],0
b1,1,0.163075,1.945478,[123 176] ; [23 21],[127.27113703 171.72886297] ; [18.72886297 25.27113703],0
