Feature,DoF,P Value,Chi Square,Observed,Expected,Is Significant
p4,1,0.012637,6.219287,[15 22] ; [30 14],[20.55555556 16.44444444] ; [24.44444444 19.55555556],0
p10,1,0.020626,5.358155,[23 14] ; [16 28],[17.81481481 19.18518519] ; [21.18518519 22.81481481],0
b1,1,0.251311,1.316001,[18 19] ; [27 17],[20.55555556 16.44444444] ; [24.44444444 19.55555556],0
p1,1,0.394459,0.725153,[ 1 36] ; [ 3 41],[ 1.82716049 35.17283951] ; [ 2.17283951 41.82716049],0
p5,1,0.841347,0.040068,[ 2 33] ; [ 3 41],[ 2.21518987 32.78481013] ; [ 2.78481013 41.21518987],0
p3,1,0.872862,0.025608,[17 20] ; [21 23],[17.35802469 19.64197531] ; [20.64197531 23.35802469],0
p11,1,0.941286,0.005425,[23 14] ; [27 17],[22.83950617 14.16049383] ; [27.16049383 16.83950617],0
