Feature,DoF,P Value,Chi Square,Observed,Expected,Is Significant
p6,1,0.0,29.38626,[20 31] ; [  7 111],[ 8.14792899 42.85207101] ; [18.85207101 99.14792899],1
p4,1,4.7e-05,16.558331,[22 29] ; [ 17 101],[11.76923077 39.23076923] ; [27.23076923 90.76923077],1
p11,1,0.054245,3.705153,[33 19] ; [57 63],[27.20930233 24.79069767] ; [62.79069767 57.20930233],0
p5,1,0.382076,0.764012,[ 2 49] ; [  2 116],[ 1.20710059 49.79289941] ; [  2.79289941 115.20710059],0
p9,1,0.447878,0.576017,[22 28] ; [57 56],[24.23312883 25.76687117] ; [54.76687117 58.23312883],0
p1,1,0.484007,0.489821,[ 2 49] ; [  8 112],[ 2.98245614 48.01754386] ; [  7.01754386 112.98245614],0
p12,1,0.583316,0.300905,[ 2 50] ; [  7 112],[ 2.73684211 49.26315789] ; [  6.26315789 112.73684211],0
b1,1,0.716487,0.131884,[24 28] ; [59 61],[25.09302326 26.90697674] ; [57.90697674 62.09302326],0
