Feature,DoF,P Value,Chi Square,Observed,Expected,Is Significant
p5,1,0.000573,11.861005,[ 61 200] ; [ 3 63],[ 51.08256881 209.91743119] ; [12.91743119 53.08256881],1
p11,1,0.000827,11.180105,[232  29] ; [48 18],[223.48623853  37.51376147] ; [56.51376147  9.48623853],1
p12,1,0.043818,4.063564,[ 35 225] ; [ 3 63],[ 30.30674847 229.69325153] ; [ 7.69325153 58.30674847],0
p10,1,0.186215,1.747312,[238  22] ; [56  9],[235.2  24.8] ; [58.8  6.2],0
p2,1,0.469577,0.522972,[243  17] ; [60  6],[241.65644172  18.34355828] ; [61.34355828  4.65644172],0
p1,1,0.529626,0.395109,[ 35 224] ; [ 7 59],[ 33.47076923 225.52923077] ; [ 8.52923077 57.47076923],0
p9,1,0.587616,0.294082,[240  21] ; [62  4],[241.04587156  19.95412844] ; [60.95412844  5.04587156],0
b1,1,0.745768,0.105122,[105 156] ; [28 38],[106.1559633 154.8440367] ; [26.8440367 39.1559633],0
