Feature,DoF,P Value,Chi Square,Observed,Expected,Is Significant
p3,1,2e-05,18.178367,[ 86 175] ; [57 42],[103.675 157.325] ; [39.325 59.675],1
p10,1,0.00037,12.67931,[224  37] ; [68 30],[212.28969359  48.71030641] ; [79.71030641 18.28969359],1
p11,1,0.111079,2.538806,[199  63] ; [67 32],[193.05263158  68.94736842] ; [72.94736842 26.05263158],0
p1,1,0.140548,2.171951,[ 11 251] ; [ 8 91],[ 13.78947368 248.21052632] ; [ 5.21052632 93.78947368],0
b1,1,0.268298,1.22543,[ 92 170] ; [41 58],[ 96.52631579 165.47368421] ; [36.47368421 62.52631579],0
p5,1,0.637745,0.221703,[ 15 241] ; [ 7 90],[ 15.95467422 240.04532578] ; [ 6.04532578 90.95467422],0
p12,1,0.691424,0.157548,[ 18 244] ; [ 8 91],[ 18.86980609 243.13019391] ; [ 7.13019391 91.86980609],0
p2,1,0.838007,0.041797,[195  66] ; [75 24],[195.75  65.25] ; [74.25 24.75],0
