Feature,DoF,P Value,Chi Square,Observed,Expected,Is Significant
p8,1,0.004368,8.124202,[15 10] ; [ 7 24],[ 9.82142857 15.17857143] ; [12.17857143 18.82142857],0
p9,1,0.008146,7.00115,[24  1] ; [21 10],[20.08928571  4.91071429] ; [24.91071429  6.08928571],0
p1,1,0.043637,4.070538,[ 5 20] ; [ 1 30],[ 2.67857143 22.32142857] ; [ 3.32142857 27.67857143],0
p5,1,0.053631,3.724138,[ 5 20] ; [ 1 28],[ 2.77777778 22.22222222] ; [ 3.22222222 25.77777778],0
p11,1,0.158769,1.985915,[19  6] ; [18 13],[16.51785714  8.48214286] ; [20.48214286 10.51785714],0
p12,1,0.272464,1.204301,[ 5 20] ; [ 3 28],[ 3.57142857 21.42857143] ; [ 4.42857143 26.57142857],0
b1,1,0.728568,0.12043,[10 15] ; [11 20],[ 9.375 15.625] ; [11.625 19.375],0
p3,1,0.772526,0.083563,[13 11] ; [18 13],[13.52727273 10.47272727] ; [17.47272727 13.52727273],0
