Feature,DoF,P Value,Chi Square,Observed,Expected,Is Significant
p10,1,0.0,44.173144,[48 17] ; [10 54],[29.2248062 35.7751938] ; [28.7751938 35.2248062],1
p8,1,0.0,27.784929,[34 31] ; [ 6 58],[20.15503876 44.84496124] ; [19.84496124 44.15503876],1
p11,1,4e-06,21.388416,[49 18] ; [21 43],[35.80152672 31.19847328] ; [34.19847328 29.80152672],1
p6,1,0.01381,6.062222,[18 44] ; [ 7 55],[12.5 49.5] ; [12.5 49.5],0
p5,1,0.188129,1.732206,[ 4 63] ; [ 1 63],[ 2.55725191 64.44274809] ; [ 2.44274809 61.55725191],0
p12,1,0.317236,1.000308,[ 3 62] ; [ 1 63],[ 2.01550388 62.98449612] ; [ 1.98449612 62.01550388],0
b1,1,0.521565,0.410798,[35 32] ; [37 27],[36.82442748 30.17557252] ; [35.17557252 28.82442748],0
p1,1,0.67689,0.173647,[ 4 63] ; [ 5 59],[ 4.60305344 62.39694656] ; [ 4.39694656 59.60305344],0
