Feature,DoF,P Value,Chi Square,Observed,Expected,Is Significant
p4,1,0.0,36.649442,[88 68] ; [228  46],[114.64186047  41.35813953] ; [201.35813953  72.64186047],1
p3,1,2e-06,22.454599,[72 84] ; [190  84],[95.05116279 60.94883721] ; [166.94883721 107.05116279],1
p5,1,3.8e-05,16.978557,[ 10 144] ; [ 60 215],[ 25.12820513 128.87179487] ; [ 44.87179487 230.12820513],1
p12,1,5.4e-05,16.31067,[  4 152] ; [ 41 233],[ 16.3255814 139.6744186] ; [ 28.6744186 245.3255814],1
p1,1,0.001667,9.884228,[  7 149] ; [ 39 235],[ 16.68837209 139.31162791] ; [ 29.31162791 244.68837209],0
p11,1,0.001784,9.759825,[112  44] ; [232  43],[124.51044084  31.48955916] ; [219.48955916  55.51044084],0
p2,1,0.116855,2.458977,[134  21] ; [251  24],[138.77906977  16.22093023] ; [246.22093023  28.77906977],0
b1,1,0.913228,0.011874,[61 95] ; [109 166],[61.53132251 94.46867749] ; [108.46867749 166.53132251],0
