Feature,DoF,P Value,Chi Square,Observed,Expected,Is Significant
p2,1,0.0,47.520836,[116  96] ; [268  58],[151.31598513  60.68401487] ; [232.68401487  93.31598513],1
p11,1,1e-06,23.775477,[130  82] ; [263  64],[154.57513915  57.42486085] ; [238.42486085  88.57513915],1
p6,1,1e-06,23.475884,[ 19 191] ; [ 84 239],[ 40.58161351 169.41838649] ; [ 62.41838649 260.58161351],1
p4,1,2e-06,23.057153,[ 42 169] ; [129 196],[ 67.31529851 143.68470149] ; [103.68470149 221.31529851],1
p5,1,0.010292,6.583674,[  4 207] ; [ 22 303],[ 10.23507463 200.76492537] ; [ 15.76492537 309.23507463],0
b1,1,0.046379,3.96776,[ 79 133] ; [ 95 232],[ 68.43784787 143.56215213] ; [105.56215213 221.43784787],0
p1,1,0.81164,0.056792,[ 10 201] ; [ 17 310],[ 10.58921933 200.41078067] ; [ 16.41078067 310.58921933],0
p12,1,0.924475,0.008987,[ 12 198] ; [ 18 308],[ 11.75373134 198.24626866] ; [ 18.24626866 307.75373134],0
