Feature,DoF,P Value,Chi Square,Observed,Expected,Is Significant
p7,1,0.0,25.512124,[22 57] ; [30  9],[34.81355932 44.18644068] ; [17.18644068 21.81355932],1
p3,1,0.001056,10.727052,[23 59] ; [23 16],[31.17355372 50.82644628] ; [14.82644628 24.17355372],0
p5,1,0.061403,3.499065,[ 4 74] ; [ 6 33],[ 6.66666667 71.33333333] ; [ 3.33333333 35.66666667],0
p11,1,0.068226,3.325202,[58 24] ; [21 18],[53.53719008 28.46280992] ; [25.46280992 13.53719008],0
p1,1,0.165254,1.925478,[ 6 76] ; [ 6 33],[ 8.1322314 73.8677686] ; [ 3.8677686 35.1322314],0
p12,1,0.216581,1.526881,[ 7 75] ; [ 1 38],[ 5.4214876 76.5785124] ; [ 2.5785124 36.4214876],0
b1,1,0.252722,1.308192,[33 49] ; [20 19],[35.91735537 46.08264463] ; [17.08264463 21.91735537],0
