Feature,DoF,P Value,Chi Square,Observed,Expected,Is Significant
p11,1,0.0,49.387074,[56 75] ; [180  47],[86.3575419 44.6424581] ; [149.6424581  77.3575419],1
p2,1,0.0,28.217472,[63 68] ; [172  55],[85.99162011 45.00837989] ; [149.00837989  77.99162011],1
b1,1,0.00028,13.198716,[67 64] ; [ 72 155],[50.86312849 80.13687151] ; [ 88.13687151 138.86312849],1
p4,1,0.000819,11.197304,[36 95] ; [103 124],[50.86312849 80.13687151] ; [ 88.13687151 138.86312849],1
p12,1,0.002132,9.43221,[  2 128] ; [ 23 203],[  9.12921348 120.87078652] ; [ 15.87078652 210.12921348],0
p5,1,0.026811,4.902961,[  3 128] ; [ 18 206],[  7.74929577 123.25070423] ; [ 13.25070423 210.74929577],0
p3,1,0.028234,4.813725,[ 30 101] ; [ 77 150],[39.15363128 91.84636872] ; [ 67.84636872 159.15363128],0
p1,1,0.238779,1.38779,[  7 123] ; [ 20 207],[  9.83193277 120.16806723] ; [ 17.16806723 209.83193277],0
