Feature,DoF,P Value,Chi Square,Observed,Expected,Is Significant
p10,1,1.8e-05,18.339638,[ 4 17] ; [68 30],[12.70588235  8.29411765] ; [59.29411765 38.70588235],1
p2,1,0.030828,4.662533,[11 10] ; [75 24],[15.05  5.95] ; [70.95 28.05],0
p11,1,0.032051,4.595787,[ 9 12] ; [67 32],[13.3  7.7] ; [62.7 36.3],0
b1,1,0.034899,4.450095,[14  7] ; [41 58],[ 9.625 11.375] ; [45.375 53.625],0
p6,1,0.276078,1.186294,[ 2 18] ; [20 78],[ 3.72881356 16.27118644] ; [18.27118644 79.72881356],0
p1,1,0.370765,0.8011,[ 3 18] ; [ 8 91],[ 1.925 19.075] ; [ 9.075 89.925],0
p5,1,0.684984,0.164569,[ 1 20] ; [ 7 90],[ 1.42372881 19.57627119] ; [ 6.57627119 90.42372881],0
