Feature,DoF,P Value,Chi Square,Observed,Expected,Is Significant
p11,1,0.019826,5.427171,[ 4 10] ; [12  5],[7.22580645 6.77419355] ; [8.77419355 8.22580645],0
p10,1,0.045126,4.013936,[ 4 10] ; [11  6],[6.77419355 7.22580645] ; [8.22580645 8.77419355],0
p5,1,0.385284,0.753774,[ 1 13] ; [ 3 14],[ 1.80645161 12.19354839] ; [ 2.19354839 14.80645161],0
p4,1,0.490644,0.475113,[7 6] ; [ 7 10],[6.06666667 6.93333333] ; [7.93333333 9.06666667],0
b1,1,0.576086,0.312605,[6 8] ; [9 8],[6.77419355 7.22580645] ; [8.22580645 8.77419355],0
p7,1,0.794459,0.067873,[9 4] ; [11  6],[8.66666667 4.33333333] ; [11.33333333  5.66666667],0
