Feature,DoF,P Value,Chi Square,Observed,Expected,Is Significant
p4,1,0.007023,7.267053,[12 26] ; [12  5],[16.58181818 21.41818182] ; [7.41818182 9.58181818],0
p1,1,0.1681,1.899807,[ 1 37] ; [ 2 15],[ 2.07272727 35.92727273] ; [ 0.92727273 16.07272727],0
b1,1,0.25112,1.317062,[22 16] ; [ 7 10],[20.03636364 17.96363636] ; [8.96363636 8.03636364],0
p3,1,0.263328,1.251178,[14 24] ; [9 8],[15.89090909 22.10909091] ; [7.10909091 9.89090909],0
p5,1,0.551739,0.354212,[ 1 37] ; [ 1 16],[ 1.38181818 36.61818182] ; [ 0.61818182 16.38181818],0
p11,1,0.573305,0.317183,[21 17] ; [8 9],[20.03636364 17.96363636] ; [8.96363636 8.03636364],0
p2,1,0.872312,0.025832,[26 12] ; [12  5],[26.25454545 11.74545455] ; [11.74545455  5.25454545],0
