Feature,DoF,P Value,Chi Square,Observed,Expected,Is Significant
p6,1,0.013074,6.159029,[ 46 208] ; [ 78 210],[ 58.11070111 195.88929889] ; [ 65.88929889 222.11070111],0
p7,1,0.058883,3.568569,[123 124] ; [163 118],[133.79166667 113.20833333] ; [152.20833333 128.79166667],0
p1,1,0.059855,3.541391,[ 18 240] ; [ 10 281],[ 13.15846995 244.84153005] ; [ 14.84153005 276.15846995],0
p8,1,0.061207,3.50436,[ 96 158] ; [130 154],[106.69888476 147.30111524] ; [119.30111524 164.69888476],0
p12,1,0.257889,1.280055,[ 15 241] ; [ 11 279],[ 12.19047619 243.80952381] ; [ 13.80952381 276.19047619],0
b1,1,0.457656,0.551621,[ 82 176] ; [ 84 207],[ 78.01092896 179.98907104] ; [ 87.98907104 203.01092896],0
p11,1,0.56967,0.323234,[207  51] ; [239  52],[209.59562842  48.40437158] ; [236.40437158  54.59562842],0
p5,1,0.667676,0.184333,[ 12 244] ; [ 16 275],[ 13.10420475 242.89579525] ; [ 14.89579525 276.10420475],0
