Feature,DoF,P Value,Chi Square,Observed,Expected,Is Significant
p4,1,1e-05,19.526971,[ 82 194] ; [15  4],[ 90.75254237 185.24745763] ; [ 6.24745763 12.75254237],1
p1,1,0.001024,10.784007,[ 11 266] ; [ 4 15],[ 14.03716216 262.96283784] ; [ 0.96283784 18.03716216],0
p12,1,0.00476,7.968292,[ 14 263] ; [ 4 15],[ 16.84459459 260.15540541] ; [ 1.15540541 17.84459459],0
p5,1,0.053321,3.733842,[ 14 261] ; [ 3 16],[ 15.90136054 259.09863946] ; [ 1.09863946 17.90136054],0
p11,1,0.134788,2.23647,[217  61] ; [12  7],[214.35016835  63.64983165] ; [14.64983165  4.35016835],0
b1,1,0.278211,1.175806,[ 84 194] ; [ 8 11],[ 86.11447811 191.88552189] ; [ 5.88552189 13.11447811],0
p10,1,0.351337,0.868621,[239  37] ; [15  4],[237.64067797  38.35932203] ; [16.35932203  2.64067797],0
p2,1,0.607388,0.263997,[218  59] ; [14  5],[217.10810811  59.89189189] ; [14.89189189  4.10810811],0
