Feature,DoF,P Value,Chi Square,Observed,Expected,Is Significant
p11,1,6e-06,20.387682,[8 9] ; [526  83],[14.50159744  2.49840256] ; [519.49840256  89.50159744],1
p4,1,0.006226,7.483562,[ 6 11] ; [408 200],[11.2608  5.7392] ; [402.7392 205.2608],0
b1,1,0.011127,6.444949,[11  6] ; [212 397],[ 6.05591054 10.94408946] ; [216.94408946 392.05591054],0
p1,1,0.240636,1.376867,[ 3 14] ; [ 56 552],[ 1.6048 15.3952] ; [ 57.3952 550.6048],0
p7,1,0.268627,1.223743,[10  7] ; [425 172],[12.04397394  4.95602606] ; [422.95602606 174.04397394],0
p3,1,0.816615,0.053778,[10  7] ; [341 268],[9.53194888 7.46805112] ; [341.46805112 267.53194888],0
