Feature,DoF,P Value,Chi Square,Observed,Expected,Is Significant
p4,1,0.0,41.875998,[ 42 169] ; [30 14],[ 59.57647059 151.42352941] ; [12.42352941 31.57647059],1
p6,1,0.0,38.420091,[ 19 191] ; [20 23],[ 32.3715415 177.6284585] ; [ 6.6284585 36.3715415],1
p2,1,0.002311,9.284581,[116  96] ; [35  9],[125.046875  86.953125] ; [25.953125 18.046875],0
b1,1,0.003143,8.722619,[ 79 133] ; [27 17],[ 87.78125 124.21875] ; [18.21875 25.78125],0
p10,1,0.008322,6.962853,[121  87] ; [16 28],[113.07936508  94.92063492] ; [23.92063492 20.07936508],0
p5,1,0.069096,3.304363,[  4 207] ; [ 3 41],[  5.79215686 205.20784314] ; [ 1.20784314 42.79215686],0
p1,1,0.568495,0.325208,[ 10 201] ; [ 3 41],[ 10.75686275 200.24313725] ; [ 2.24313725 41.75686275],0
p11,1,0.995759,2.8e-05,[130  82] ; [27 17],[130.015625  81.984375] ; [26.984375 17.015625],0
