Feature,DoF,P Value,Chi Square,Observed,Expected,Is Significant
p7,1,0.000837,11.157404,[ 9 13] ; [30  6],[14.79310345  7.20689655] ; [24.20689655 11.79310345],1
p11,1,0.086166,2.944585,[ 8 14] ; [22 15],[11.18644068 10.81355932] ; [18.81355932 18.18644068],0
p6,1,0.212342,1.555387,[ 7 15] ; [17 18],[ 9.26315789 12.73684211] ; [14.73684211 20.26315789],0
p1,1,0.270416,1.214636,[ 1 21] ; [ 5 32],[ 2.23728814 19.76271186] ; [ 3.76271186 33.23728814],0
b1,1,0.6574,0.196698,[13  9] ; [24 13],[13.79661017  8.20338983] ; [23.20338983 13.79661017],0
p3,1,0.680656,0.169388,[11 11] ; [20 16],[11.75862069 10.24137931] ; [19.24137931 16.75862069],0
p5,1,0.696225,0.152429,[ 3 18] ; [ 4 33],[ 2.53448276 18.46551724] ; [ 4.46551724 32.53448276],0
