Feature,DoF,P Value,Chi Square,Observed,Expected,Is Significant
p10,1,0.0,82.213439,[269  30] ; [ 6 20],[253.  46.] ; [22.  4.],1
p11,1,0.0,32.09691,[268  31] ; [13 13],[258.52  40.48] ; [22.48  3.52],1
p2,1,7.4e-05,15.697357,[281  17] ; [19  7],[275.92592593  22.07407407] ; [24.07407407  1.92592593],1
p6,1,0.088107,2.908629,[184 115] ; [10 13],[180.14285714 118.85714286] ; [13.85714286  9.14285714],0
b1,1,0.101403,2.683337,[123 176] ; [15 11],[126.96 172.04] ; [11.04 14.96],0
p5,1,0.195951,1.672299,[ 67 232] ; [ 3 23],[ 64.4 234.6] ; [ 5.6 20.4],0
p1,1,0.474521,0.511429,[ 37 260] ; [ 2 24],[ 35.86068111 261.13931889] ; [ 3.13931889 22.86068111],0
