Feature,DoF,P Value,Chi Square,Observed,Expected,Is Significant
p9,1,1e-05,19.555158,[ 6 16] ; [74 23],[14.78991597  7.21008403] ; [65.21008403 31.78991597],1
p11,1,0.006205,7.489919,[ 8 14] ; [67 32],[13.63636364  8.36363636] ; [61.36363636 37.63636364],0
b1,1,0.131387,2.276043,[13  9] ; [41 58],[ 9.81818182 12.18181818] ; [44.18181818 54.81818182],0
p6,1,0.246788,1.341393,[ 7 15] ; [20 78],[ 4.95 17.05] ; [22.05 75.95],0
p5,1,0.291599,1.112224,[ 3 18] ; [ 7 90],[ 1.77966102 19.22033898] ; [ 8.22033898 88.77966102],0
p3,1,0.5171,0.419673,[11 11] ; [57 42],[12.36363636  9.63636364] ; [55.63636364 43.36363636],0
p1,1,0.567564,0.326775,[ 1 21] ; [ 8 91],[ 1.63636364 20.36363636] ; [ 7.36363636 91.63636364],0
