Feature,DoF,P Value,Chi Square,Observed,Expected,Is Significant
p4,1,7e-06,20.192645,[18 31] ; [95 35],[30.93296089 18.06703911] ; [82.06703911 47.93296089],1
p11,1,0.005945,7.567018,[27 22] ; [99 31],[34.49162011 14.50837989] ; [91.50837989 38.49162011],0
p7,1,0.034178,4.485787,[18 30] ; [72 58],[24.26966292 23.73033708] ; [65.73033708 64.26966292],0
p2,1,0.059463,3.552308,[34 15] ; [107  23],[38.59776536 10.40223464] ; [102.40223464  27.59776536],0
p5,1,0.092144,2.836506,[ 1 48] ; [ 12 115],[ 3.61931818 45.38068182] ; [  9.38068182 117.61931818],0
p12,1,0.204741,1.608228,[ 1 48] ; [  9 121],[ 2.73743017 46.26256983] ; [  7.26256983 122.73743017],0
p6,1,0.254078,1.300739,[12 37] ; [43 86],[15.14044944 33.85955056] ; [39.85955056 89.14044944],0
p1,1,0.417495,0.657355,[ 3 46] ; [ 13 117],[ 4.37988827 44.62011173] ; [ 11.62011173 118.37988827],0
b1,1,0.928274,0.008103,[23 26] ; [62 68],[23.26815642 25.73184358] ; [61.73184358 68.26815642],0
