Feature,DoF,P Value,Chi Square,Observed,Expected,Is Significant
p9,1,0.061493,3.496659,[65  3] ; [94 14],[61.43181818  6.56818182] ; [97.56818182 10.43181818],0
p5,1,0.069417,3.296746,[ 9 59] ; [  6 104],[ 5.73033708 62.26966292] ; [  9.26966292 100.73033708],0
p12,1,0.073973,3.192586,[ 7 60] ; [  4 104],[ 4.21142857 62.78857143] ; [  6.78857143 101.21142857],0
p3,1,0.109387,2.563053,[28 39] ; [33 77],[23.09039548 43.90960452] ; [37.90960452 72.09039548],0
p1,1,0.114758,2.487445,[10 58] ; [  8 101],[ 6.91525424 61.08474576] ; [11.08474576 97.91525424],0
p11,1,0.475739,0.508616,[54 14] ; [92 18],[55.7752809 12.2247191] ; [90.2247191 19.7752809],0
b1,1,0.896058,0.017067,[21 47] ; [35 75],[21.39325843 46.60674157] ; [34.60674157 75.39325843],0
p6,1,0.928341,0.008088,[15 53] ; [24 82],[15.24137931 52.75862069] ; [23.75862069 82.24137931],0
