Feature,DoF,P Value,Chi Square,Observed,Expected,Is Significant
p6,1,0.000166,14.18267,[ 5 83] ; [ 7 13],[ 9.77777778 78.22222222] ; [ 2.22222222 17.77777778],1
p5,1,0.002688,9.008124,[ 1 89] ; [ 3 17],[ 3.27272727 86.72727273] ; [ 0.72727273 19.27272727],0
p8,1,0.007509,7.147024,[10 80] ; [ 7 13],[13.90909091 76.09090909] ; [ 3.09090909 16.90909091],0
b1,1,0.115628,2.475566,[41 49] ; [13  7],[44.18181818 45.81818182] ; [ 9.81818182 10.18181818],0
p11,1,0.439933,0.596458,[40 50] ; [ 7 13],[38.45454545 51.54545455] ; [ 8.54545455 11.45454545],0
p1,1,0.657054,0.197122,[ 7 82] ; [ 1 19],[ 6.53211009 82.46788991] ; [ 1.46788991 18.53211009],0
p9,1,0.664101,0.188581,[26 61] ; [ 5 15],[25.20560748 61.79439252] ; [ 5.79439252 14.20560748],0
