Feature,DoF,P Value,Chi Square,Observed,Expected,Is Significant
p9,1,0.012875,6.186245,[21 10] ; [21 32],[15.5 15.5] ; [26.5 26.5],0
p8,1,0.168201,1.898902,[ 7 24] ; [20 34],[ 9.84705882 21.15294118] ; [17.15294118 36.84705882],0
p3,1,0.230463,1.438004,[18 13] ; [25 31],[15.32183908 15.67816092] ; [27.67816092 28.32183908],0
p12,1,0.241228,1.373401,[ 3 28] ; [ 2 54],[ 1.7816092 29.2183908] ; [ 3.2183908 52.7816092],0
p11,1,0.298515,1.080814,[18 13] ; [26 30],[15.67816092 15.32183908] ; [28.32183908 27.67816092],0
b1,1,0.322712,0.977924,[11 20] ; [26 30],[13.18390805 17.81609195] ; [23.81609195 32.18390805],0
p5,1,0.481213,0.496114,[ 1 28] ; [ 4 51],[ 1.72619048 27.27380952] ; [ 3.27380952 51.72619048],0
