Feature,DoF,P Value,Chi Square,Observed,Expected,Is Significant
p7,1,0.0,42.35293,[30  6] ; [26 87],[13.53020134 22.46979866] ; [42.46979866 70.53020134],1
p6,1,2e-06,23.005277,[17 18] ; [ 13 101],[ 7.04697987 27.95302013] ; [22.95302013 91.04697987],1
p2,1,0.000141,14.49243,[30  7] ; [52 63],[19.96052632 17.03947368] ; [62.03947368 52.96052632],1
b1,1,0.037613,4.322444,[24 13] ; [52 63],[18.5 18.5] ; [57.5 57.5],0
p1,1,0.052388,3.763334,[ 5 32] ; [  5 109],[ 2.45033113 34.54966887] ; [  7.54966887 106.45033113],0
p11,1,0.218277,1.515662,[22 15] ; [55 60],[18.74342105 18.25657895] ; [58.25657895 56.74342105],0
