Feature,DoF,P Value,Chi Square,Observed,Expected,Is Significant
p7,1,8.9e-05,15.346882,[31 19] ; [26 66],[20.07042254 29.92957746] ; [36.92957746 55.07042254],1
p6,1,0.001848,9.69514,[16 31] ; [11 81],[ 9.1294964 37.8705036] ; [17.8705036 74.1294964],0
p5,1,0.010623,6.52729,[ 5 45] ; [ 1 93],[ 2.08333333 47.91666667] ; [ 3.91666667 90.08333333],0
p1,1,0.253816,1.302177,[ 6 44] ; [ 6 87],[ 4.1958042 45.8041958] ; [ 7.8041958 85.1958042],0
b1,1,0.666805,0.185362,[29 21] ; [51 43],[27.77777778 22.22222222] ; [52.22222222 41.77777778],0
p11,1,0.867424,0.027866,[22 28] ; [40 54],[21.52777778 28.47222222] ; [40.47222222 53.52777778],0
