Feature,DoF,P Value,Chi Square,Observed,Expected,Is Significant
p10,1,0.0,56.768769,[123  16] ; [ 7 22],[107.55952381  31.44047619] ; [22.44047619  6.55952381],1
b1,1,0.000408,12.495,[49 91] ; [21  9],[57.64705882 82.35294118] ; [12.35294118 17.64705882],1
p11,1,0.025041,5.021068,[111  29] ; [18 12],[106.23529412  33.76470588] ; [22.76470588  7.23529412],0
p8,1,0.120381,2.412356,[71 68] ; [20 10],[74.84615385 64.15384615] ; [16.15384615 13.84615385],0
p1,1,0.139266,2.186056,[  8 132] ; [ 4 26],[  9.88235294 130.11764706] ; [ 2.11764706 27.88235294],0
p2,1,0.264114,1.247066,[119  21] ; [23  7],[116.94117647  23.05882353] ; [25.05882353  4.94117647],0
p5,1,0.438763,0.599516,[  5 135] ; [ 2 28],[  5.76470588 134.23529412] ; [ 1.23529412 28.76470588],0
p3,1,0.478721,0.501776,[51 89] ; [13 17],[52.70588235 87.29411765] ; [11.29411765 18.70588235],0
