Feature,DoF,P Value,Chi Square,Observed,Expected,Is Significant
p9,1,0.005497,7.708164,[84  5] ; [100  23],[77.24528302 11.75471698] ; [106.75471698  16.24528302],0
b1,1,0.11701,2.456893,[27 62] ; [51 74],[32.43925234 56.56074766] ; [45.56074766 79.43925234],0
p11,1,0.135308,2.230518,[70 19] ; [108  17],[74.02803738 14.97196262] ; [103.97196262  21.02803738],0
p2,1,0.398075,0.714135,[78 11] ; [114  11],[79.85046729  9.14953271] ; [112.14953271  12.85046729],0
p4,1,0.433878,0.612419,[56 33] ; [72 53],[53.23364486 35.76635514] ; [74.76635514 50.23364486],0
p12,1,0.542871,0.370245,[ 6 83] ; [  6 119],[ 4.99065421 84.00934579] ; [  7.00934579 117.99065421],0
p1,1,0.86832,0.027487,[ 7 82] ; [  9 115],[ 6.68544601 82.31455399] ; [  9.31455399 114.68544601],0
p5,1,0.971323,0.001292,[ 7 82] ; [ 10 115],[ 7.07009346 81.92990654] ; [  9.92990654 115.07009346],0
