Feature,DoF,P Value,Chi Square,Observed,Expected,Is Significant
p10,1,0.035656,4.413462,[23 11] ; [16  1],[26.  8.] ; [13.  4.],0
p9,1,0.080858,3.047561,[25  9] ; [16  1],[27.33333333  6.66666667] ; [13.66666667  3.33333333],0
p7,1,0.151127,2.060836,[16 18] ; [11  5],[18.36 15.64] ; [8.64 7.36],0
p1,1,0.182899,1.773913,[ 2 32] ; [ 3 14],[ 3.33333333 30.66666667] ; [ 1.66666667 15.33333333],0
p8,1,0.233953,1.416667,[16 18] ; [11  6],[18. 16.] ; [9. 8.],0
p12,1,0.506673,0.440932,[ 4 30] ; [ 3 13],[ 4.76 29.24] ; [ 2.24 13.76],0
b1,1,0.551764,0.354167,[17 17] ; [ 7 10],[16. 18.] ; [8. 9.],0
p11,1,0.820269,0.051619,[25  9] ; [13  4],[25.33333333  8.66666667] ; [12.66666667  4.33333333],0
p6,1,0.837733,0.041941,[13 21] ; [ 6 11],[12.66666667 21.33333333] ; [ 6.33333333 10.66666667],0
