Feature,DoF,P Value,Chi Square,Observed,Expected,Is Significant
p9,1,0.000442,12.346091,[189  17] ; [101  28],[178.32835821  27.67164179] ; [111.67164179  17.32835821],1
p2,1,0.053231,3.736643,[154  53] ; [110  22],[161.20353982  45.79646018] ; [102.79646018  29.20353982],0
b1,1,0.147619,2.096683,[ 63 145] ; [50 82],[ 69.12941176 138.87058824] ; [43.87058824 88.12941176],0
p1,1,0.422552,0.643207,[  6 202] ; [  2 129],[  4.90855457 203.09144543] ; [  3.09144543 127.90855457],0
p12,1,0.524272,0.405482,[ 11 197] ; [  5 127],[  9.78823529 198.21176471] ; [  6.21176471 125.78823529],0
p5,1,0.679205,0.171022,[  8 198] ; [  4 128],[  7.31360947 198.68639053] ; [  4.68639053 127.31360947],0
p11,1,0.920831,0.009878,[155  53] ; [99 33],[155.38823529  52.61176471] ; [98.61176471 33.38823529],0
