Feature,DoF,P Value,Chi Square,Observed,Expected,Is Significant
p9,1,0.0,58.740829,[ 5 17] ; [174  22],[18.06422018  3.93577982] ; [160.93577982  35.06422018],1
p11,1,0.0,27.796728,[ 7 15] ; [162  36],[16.9  5.1] ; [152.1  45.9],1
p4,1,0.000412,12.476852,[ 9 13] ; [151  47],[16.  6.] ; [144.  54.],1
b1,1,0.007096,7.248583,[15  7] ; [ 76 122],[ 9.1 12.9] ; [ 81.9 116.1],0
p8,1,0.120877,2.405919,[ 8 13] ; [110  87],[11.36697248  9.63302752] ; [106.63302752  90.36697248],0
p1,1,0.471499,0.51846,[ 1 21] ; [ 18 180],[ 1.9 20.1] ; [ 17.1 180.9],0
p5,1,0.72567,0.123124,[ 3 18] ; [ 23 174],[ 2.50458716 18.49541284] ; [ 23.49541284 173.50458716],0
