Feature,DoF,P Value,Chi Square,Observed,Expected,Is Significant
p10,1,0.0,86.631574,[121  87] ; [354  37],[164.94156928  43.05843072] ; [310.05843072  80.94156928],1
p4,1,0.0,63.444571,[ 42 169] ; [209 182],[ 87.97508306 123.02491694] ; [163.02491694 227.97508306],1
p11,1,0.0,38.54743,[130  82] ; [329  63],[161.10596026  50.89403974] ; [297.89403974  94.10596026],1
p5,1,0.001424,10.174516,[  4 207] ; [ 33 358],[ 12.96843854 198.03156146] ; [ 24.03156146 366.96843854],0
b1,1,0.182385,1.77808,[ 79 133] ; [125 267],[ 71.60264901 140.39735099] ; [132.39735099 259.60264901],0
p1,1,0.48251,0.493185,[ 10 201] ; [ 24 368],[ 11.89718076 199.10281924] ; [ 22.10281924 369.89718076],0
p12,1,0.964613,0.001968,[ 12 198] ; [ 22 369],[ 11.88019967 198.11980033] ; [ 22.11980033 368.88019967],0
