Feature,DoF,P Value,Chi Square,Observed,Expected,Is Significant
p9,1,0.0,67.171302,[30 35] ; [239  26],[52.98484848 12.01515152] ; [216.01515152  48.98484848],1
p11,1,0.003286,8.641376,[43 26] ; [211  55],[52.31641791 16.68358209] ; [201.68358209  64.31641791],0
p5,1,0.169356,1.888631,[ 1 68] ; [ 14 250],[ 3.10810811 65.89189189] ; [ 11.89189189 252.10810811],0
b1,1,0.176928,1.823243,[28 41] ; [ 85 181],[23.27462687 45.72537313] ; [ 89.72537313 176.27462687],0
p8,1,0.346069,0.88782,[21 46] ; [ 98 163],[24.30792683 42.69207317] ; [ 94.69207317 166.30792683],0
p12,1,0.560722,0.338456,[ 2 66] ; [ 12 253],[ 2.85885886 65.14114114] ; [ 11.14114114 253.85885886],0
p7,1,0.599264,0.276107,[33 35] ; [116 142],[31.0797546 36.9202454] ; [117.9202454 140.0797546],0
p1,1,0.786181,0.073589,[ 3 64] ; [ 10 256],[ 2.61561562 64.38438438] ; [ 10.38438438 255.61561562],0
