Feature,DoF,P Value,Chi Square,Observed,Expected,Is Significant
p10,1,0.0,64.455632,[15 35] ; [202  38],[37.4137931 12.5862069] ; [179.5862069  60.4137931],1
p3,1,0.0,30.111684,[10 40] ; [151  91],[27.56849315 22.43150685] ; [133.43150685 108.56849315],1
p8,1,0.000203,13.802587,[14 36] ; [137 104],[25.94501718 24.05498282] ; [125.05498282 115.94501718],1
p11,1,0.000404,12.512794,[29 21] ; [197  46],[38.5665529 11.4334471] ; [187.4334471  55.5665529],1
p1,1,0.126041,2.340598,[ 1 48] ; [ 20 223],[ 3.5239726 45.4760274] ; [ 17.4760274 225.5239726],0
b1,1,0.132376,2.264417,[24 26] ; [ 89 154],[19.28327645 30.71672355] ; [ 93.71672355 149.28327645],0
p7,1,0.201285,1.633026,[27 23] ; [154  88],[30.99315068 19.00684932] ; [150.00684932  91.99315068],0
p12,1,0.281821,1.158289,[ 1 48] ; [ 14 229],[ 2.51712329 46.48287671] ; [ 12.48287671 230.51712329],0
