Feature,DoF,P Value,Chi Square,Observed,Expected,Is Significant
p9,1,0.0,26.216235,[55 52] ; [96 19],[72.77927928 34.22072072] ; [78.22072072 36.77927928],1
p10,1,1e-06,24.13067,[51 60] ; [90 26],[68.94713656 42.05286344] ; [72.05286344 43.94713656],1
p8,1,1.2e-05,19.096078,[ 13 101] ; [42 75],[27.14285714 86.85714286] ; [27.85714286 89.14285714],1
p11,1,0.000127,14.687779,[54 60] ; [85 33],[68.30172414 45.69827586] ; [70.69827586 47.30172414],1
p6,1,0.001876,9.666684,[ 10 103] ; [28 88],[18.7510917 94.2489083] ; [19.2489083 96.7510917],0
p5,1,0.029581,4.733465,[  4 109] ; [ 13 105],[  8.31601732 104.68398268] ; [  8.68398268 109.31601732],0
b1,1,0.090654,2.862727,[59 55] ; [48 70],[52.57758621 61.42241379] ; [54.42241379 63.57758621],0
p12,1,0.271703,1.20813,[  7 106] ; [ 12 106],[  9.29437229 103.70562771] ; [  9.70562771 108.29437229],0
p1,1,0.439388,0.597879,[ 10 104] ; [ 14 104],[ 11.79310345 102.20689655] ; [ 12.20689655 105.79310345],0
