Feature,DoF,P Value,Chi Square,Observed,Expected,Is Significant
p8,1,0.0,58.537956,[238  68] ; [31 58],[208.38987342  97.61012658] ; [60.61012658 28.38987342],1
p6,1,0.0,25.788728,[175 129] ; [24 65],[153.93384224 150.06615776] ; [45.06615776 43.93384224],1
p2,1,7e-05,15.799513,[284  21] ; [70 19],[274.03553299  30.96446701] ; [79.96446701  9.03553299],1
p11,1,0.00441,8.10694,[273  33] ; [69 20],[264.94177215  41.05822785] ; [77.05822785 11.94177215],0
p5,1,0.151164,2.06047,[ 63 242] ; [12 75],[ 58.35459184 246.64540816] ; [16.64540816 70.35459184],0
p1,1,0.251492,1.314996,[ 37 267] ; [15 74],[ 40.22391858 263.77608142] ; [11.77608142 77.22391858],0
p4,1,0.312417,1.020429,[258  48] ; [71 18],[254.87088608  51.12911392] ; [74.12911392 14.87088608],0
b1,1,0.965482,0.001873,[128 178] ; [37 52],[127.82278481 178.17721519] ; [37.17721519 51.82278481],0
p12,1,0.98004,0.000626,[ 38 267] ; [11 78],[ 37.93147208 267.06852792] ; [11.06852792 77.93147208],0
