Feature,DoF,P Value,Chi Square,Observed,Expected,Is Significant
p3,1,0.0,31.481994,[27 26] ; [ 8 81],[13.06338028 39.93661972] ; [21.93661972 67.06338028],1
p2,1,0.00015,14.368964,[38 15] ; [35 55],[27.05594406 25.94405594] ; [45.94405594 44.05594406],1
p8,1,0.003522,8.515042,[16 36] ; [10 80],[ 9.52112676 42.47887324] ; [16.47887324 73.52112676],0
p5,1,0.040377,4.201974,[ 4 48] ; [ 1 89],[ 1.83098592 50.16901408] ; [ 3.16901408 86.83098592],0
p1,1,0.333104,0.936791,[ 2 51] ; [ 7 82],[ 3.35915493 49.64084507] ; [ 5.64084507 83.35915493],0
p11,1,0.732308,0.117003,[22 31] ; [40 50],[22.97902098 30.02097902] ; [39.02097902 50.97902098],0
p9,1,0.841751,0.039862,[15 38] ; [26 61],[15.52142857 37.47857143] ; [25.47857143 61.52142857],0
p12,1,0.885152,0.020863,[ 1 52] ; [ 2 87],[ 1.11971831 51.88028169] ; [ 1.88028169 87.11971831],0
b1,1,0.974782,0.000999,[24 29] ; [41 49],[24.09090909 28.90909091] ; [40.90909091 49.09090909],0
