Feature,DoF,P Value,Chi Square,Observed,Expected,Is Significant
p9,1,0.0,55.305116,[13 15] ; [255  19],[24.84768212  3.15231788] ; [243.15231788  30.84768212],1
p4,1,0.0,27.851145,[14 14] ; [241  33],[23.64238411  4.35761589] ; [231.35761589  42.64238411],1
p7,1,0.004751,7.971826,[20  8] ; [243  28],[24.62876254  3.37123746] ; [238.37123746  32.62876254],0
p11,1,0.037534,4.326029,[21  7] ; [243  31],[24.47682119  3.52317881] ; [239.52317881  34.47682119],0
p5,1,0.0443,4.045106,[ 2 26] ; [ 65 209],[ 6.21192053 21.78807947] ; [ 60.78807947 213.21192053],0
p1,1,0.539255,0.376922,[ 3 25] ; [ 41 232],[ 4.09302326 23.90697674] ; [ 39.90697674 233.09302326],0
b1,1,0.870417,0.026611,[11 17] ; [112 162],[11.40397351 16.59602649] ; [111.59602649 162.40397351],0
