Feature,DoF,P Value,Chi Square,Observed,Expected,Is Significant
p11,1,0.000162,14.224971,[162  45] ; [18 19],[152.70491803  54.29508197] ; [27.29508197  9.70491803],1
p4,1,0.002355,9.24993,[ 84 123] ; [25 12],[ 92.47131148 114.52868852] ; [16.52868852 20.47131148],0
p3,1,0.006792,7.327049,[ 64 142] ; [20 17],[ 71.20987654 134.79012346] ; [12.79012346 24.20987654],0
b1,1,0.018776,5.522274,[ 70 137] ; [20 17],[ 76.35245902 130.64754098] ; [13.64754098 23.35245902],0
p1,1,0.52913,0.396063,[ 16 191] ; [ 4 33],[ 16.96721311 190.03278689] ; [ 3.03278689 33.96721311],0
p5,1,0.956118,0.003028,[ 16 188] ; [ 3 34],[ 16.08298755 187.91701245] ; [ 2.91701245 34.08298755],0
p2,1,0.997372,1.1e-05,[151  56] ; [27 10],[151.00819672  55.99180328] ; [26.99180328 10.00819672],0
