Feature,DoF,P Value,Chi Square,Observed,Expected,Is Significant
p11,1,0.0,26.302257,[151  36] ; [24 29],[136.35416667  50.64583333] ; [38.64583333 14.35416667],1
p2,1,0.000285,13.164438,[167  19] ; [37 16],[158.76150628  27.23849372] ; [45.23849372  7.76150628],1
b1,1,0.005669,7.652683,[ 60 127] ; [28 25],[ 68.56666667 118.43333333] ; [19.43333333 33.56666667],0
p6,1,0.146015,2.113397,[ 70 115] ; [14 38],[ 65.56962025 119.43037975] ; [18.43037975 33.56962025],0
p1,1,0.277993,1.176874,[ 10 177] ; [ 5 48],[ 11.6875 175.3125] ; [ 3.3125 49.6875],0
p8,1,0.423721,0.639971,[100  84] ; [25 27],[97.45762712 86.54237288] ; [27.54237288 24.45762712],0
p5,1,0.861844,0.030286,[ 13 173] ; [ 4 48],[ 13.28571429 172.71428571] ; [ 3.71428571 48.28571429],0
