Feature,DoF,P Value,Chi Square,Observed,Expected,Is Significant
p10,1,0.006726,7.344686,[11 26] ; [21 13],[16.67605634 20.32394366] ; [15.32394366 18.67605634],0
p6,1,0.409002,0.6817,[10 28] ; [12 22],[11.61111111 26.38888889] ; [10.38888889 23.61111111],0
p11,1,0.486833,0.483517,[21 17] ; [16 18],[19.52777778 18.47222222] ; [17.47222222 16.52777778],0
p1,1,0.490744,0.474896,[ 1 37] ; [ 2 32],[ 1.58333333 36.41666667] ; [ 1.41666667 32.58333333],0
b1,1,0.502099,0.450497,[22 16] ; [17 17],[20.58333333 17.41666667] ; [18.41666667 15.58333333],0
p3,1,0.529748,0.394875,[14 24] ; [15 19],[15.30555556 22.69444444] ; [13.69444444 20.30555556],0
p12,1,0.936392,0.006369,[ 1 37] ; [ 1 33],[ 1.05555556 36.94444444] ; [ 0.94444444 33.05555556],0
