Feature,DoF,P Value,Chi Square,Observed,Expected,Is Significant
p11,1,0.0,120.349883,[526  83] ; [17 43],[494.30044843 114.69955157] ; [48.69955157 11.30044843],1
p8,1,0.0,64.220559,[364 237] ; [ 4 56],[334.59606657 266.40393343] ; [33.40393343 26.59606657],1
p4,1,0.0,57.830041,[408 200] ; [10 49],[381.02548726 226.97451274] ; [36.97451274 22.02548726],1
p6,1,0.0,35.515913,[251 354] ; [ 1 57],[229.95475113 375.04524887] ; [22.04524887 35.95475113],1
p3,1,0.0,32.884725,[341 268] ; [10 49],[319.99850299 289.00149701] ; [31.00149701 27.99850299],1
b1,1,0.000809,11.221236,[212 397] ; [34 26],[223.93721973 385.06278027] ; [22.06278027 37.93721973],1
p5,1,0.01816,5.58065,[ 86 522] ; [ 2 58],[ 80.09580838 527.90419162] ; [ 7.90419162 52.09580838],0
p12,1,0.045716,3.992028,[ 56 551] ; [ 1 59],[ 51.87256372 555.12743628] ; [ 5.12743628 54.87256372],0
p1,1,0.534572,0.385693,[ 56 552] ; [ 7 53],[ 57.34131737 550.65868263] ; [ 5.65868263 54.34131737],0
