Feature,DoF,P Value,Chi Square,Observed,Expected,Is Significant
p11,1,0.097963,2.738393,[162  45] ; [35 17],[157.44787645  49.55212355] ; [39.55212355 12.44787645],0
p9,1,0.105795,2.615936,[192  14] ; [44  7],[189.16731518  16.83268482] ; [46.83268482  4.16731518],0
p2,1,0.147326,2.099723,[151  56] ; [43  9],[155.05019305  51.94980695] ; [38.94980695 13.05019305],0
p12,1,0.25035,1.321352,[ 18 188] ; [ 2 49],[ 16.0311284 189.9688716] ; [ 3.9688716 47.0311284],0
b1,1,0.342463,0.90119,[ 70 137] ; [14 38],[ 67.13513514 139.86486486] ; [16.86486486 35.13513514],0
p4,1,0.594506,0.283363,[ 84 123] ; [19 33],[ 82.32046332 124.67953668] ; [20.67953668 31.32046332],0
p1,1,0.656023,0.198391,[ 16 191] ; [ 5 47],[ 16.78378378 190.21621622] ; [ 4.21621622 47.78378378],0
p5,1,0.677603,0.172836,[ 16 188] ; [ 5 47],[ 16.734375 187.265625] ; [ 4.265625 47.734375],0
