Feature,DoF,P Value,Chi Square,Observed,Expected,Is Significant
p11,1,2e-06,22.326267,[315  43] ; [60 29],[300.33557047  57.66442953] ; [74.66442953 14.33557047],1
p3,1,9e-06,19.810839,[261  97] ; [43 46],[243.47203579 114.52796421] ; [60.52796421 28.47203579],1
p5,1,0.000355,12.755902,[ 73 283] ; [ 4 85],[ 61.6 294.4] ; [15.4 73.6],1
p2,1,0.002464,9.167013,[337  19] ; [76 13],[330.4  25.6] ; [82.6  6.4],0
p10,1,0.00445,8.090579,[339  18] ; [77 12],[332.98654709  24.01345291] ; [83.01345291  5.98654709],0
p12,1,0.034104,4.489482,[ 38 320] ; [ 3 86],[ 32.83668904 325.16331096] ; [ 8.16331096 80.83668904],0
p1,1,0.761985,0.091734,[ 40 316] ; [ 9 80],[ 39.2 316.8] ; [ 9.8 79.2],0
b1,1,0.816442,0.053882,[140 218] ; [36 53],[140.95749441 217.04250559] ; [35.04250559 53.95749441],0
