Feature,DoF,P Value,Chi Square,Observed,Expected,Is Significant
p11,1,0.0,47.156653,[33 30] ; [526  83],[52.40625 10.59375] ; [506.59375 102.40625],1
b1,1,0.023583,5.125048,[31 32] ; [212 397],[22.78125 40.21875] ; [220.21875 388.78125],0
p12,1,0.038601,4.278321,[ 1 62] ; [ 56 551],[ 5.35970149 57.64029851] ; [ 51.64029851 555.35970149],0
p7,1,0.04013,4.212369,[37 26] ; [425 172],[44.1 18.9] ; [417.9 179.1],0
p8,1,0.046557,3.961318,[30 33] ; [364 237],[37.38253012 25.61746988] ; [356.61746988 244.38253012],0
p5,1,0.170691,1.876864,[ 5 58] ; [ 86 522],[ 8.54396423 54.45603577] ; [ 82.45603577 525.54396423],0
p1,1,0.622492,0.24238,[ 7 56] ; [ 56 552],[ 5.91505216 57.08494784] ; [ 57.08494784 550.91505216],0
p6,1,0.672148,0.1791,[24 38] ; [251 354],[25.56221889 36.43778111] ; [249.43778111 355.56221889],0
p3,1,0.757984,0.094944,[34 29] ; [341 268],[35.15625 27.84375] ; [339.84375 269.15625],0
