Feature,DoF,P Value,Chi Square,Observed,Expected,Is Significant
p8,1,0.000182,14.01248,[10 53] ; [23 24],[18.9 44.1] ; [14.1 32.9],1
p6,1,0.002058,9.496977,[ 7 56] ; [17 31],[13.62162162 49.37837838] ; [10.37837838 37.62162162],0
p12,1,0.042376,4.120108,[ 8 55] ; [ 1 47],[ 5.10810811 57.89189189] ; [ 3.89189189 44.10810811],0
p4,1,0.060567,3.521793,[18 45] ; [22 26],[22.7027027 40.2972973] ; [17.2972973 30.7027027],0
b1,1,0.074764,3.175207,[26 37] ; [28 20],[30.64864865 32.35135135] ; [23.35135135 24.64864865],0
p1,1,0.07712,3.124578,[ 9 54] ; [ 2 46],[ 6.24324324 56.75675676] ; [ 4.75675676 43.24324324],0
p5,1,0.269568,1.218946,[ 4 56] ; [ 1 46],[ 2.80373832 57.19626168] ; [ 2.19626168 44.80373832],0
p11,1,0.721379,0.127175,[44 19] ; [32 16],[43.13513514 19.86486486] ; [32.86486486 15.13513514],0
