Feature,DoF,P Value,Chi Square,Observed,Expected,Is Significant
p1,1,0.002006,9.543794,[  4 215] ; [ 12 124],[  9.87042254 209.12957746] ; [  6.12957746 129.87042254],0
p8,1,0.004121,8.229747,[ 77 137] ; [ 29 106],[ 64.99713467 149.00286533] ; [41.00286533 93.99713467],0
p9,1,0.007313,7.194353,[176  40] ; [124  11],[184.61538462  31.38461538] ; [115.38461538  19.61538462],0
p6,1,0.049462,3.859588,[ 37 180] ; [ 13 123],[ 30.73654391 186.26345609] ; [ 19.26345609 116.73654391],0
p12,1,0.322007,0.980778,[  8 210] ; [  8 127],[  9.88101983 208.11898017] ; [  6.11898017 128.88101983],0
p5,1,0.384794,0.75533,[  6 214] ; [  6 129],[  7.43661972 212.56338028] ; [  4.56338028 130.43661972],0
b1,1,0.417389,0.657654,[ 61 160] ; [43 93],[ 64.38095238 156.61904762] ; [39.61904762 96.38095238],0
p11,1,0.797232,0.066013,[170  51] ; [103  33],[169.  52.] ; [104.  32.],0
