Feature,DoF,P Value,Chi Square,Observed,Expected,Is Significant
p9,1,0.0,150.856627,[228  23] ; [15 59],[187.67076923  63.32923077] ; [55.32923077 18.67076923],1
p4,1,0.0,138.662413,[217  35] ; [12 65],[175.40425532  76.59574468] ; [53.59574468 23.40425532],1
p11,1,0.0,73.207518,[215  37] ; [28 49],[186.12765957  65.87234043] ; [56.87234043 20.12765957],1
p3,1,0.0,66.500644,[176  76] ; [13 63],[145.20731707 106.79268293] ; [43.79268293 32.20731707],1
p5,1,9.6e-05,15.22339,[ 55 197] ; [ 2 75],[ 43.65957447 208.34042553] ; [13.34042553 63.65957447],1
p12,1,0.003394,8.582444,[ 32 218] ; [ 1 76],[ 25.2293578 224.7706422] ; [ 7.7706422 69.2293578],0
b1,1,0.018713,5.528142,[112 140] ; [46 31],[121.0212766 130.9787234] ; [36.9787234 40.0212766],0
p1,1,0.153315,2.038954,[ 35 216] ; [ 6 71],[ 31.375 219.625] ; [ 9.625 67.375],0
