Feature,DoF,P Value,Chi Square,Observed,Expected,Is Significant
p8,1,0.169202,1.89,[24 26] ; [ 6 14],[21.42857143 28.57142857] ; [ 8.57142857 11.42857143],0
p9,1,0.489843,0.476871,[22 28] ; [ 7 13],[20.71428571 29.28571429] ; [ 8.28571429 11.71428571],0
p2,1,0.543424,0.369231,[40 12] ; [14  6],[39. 13.] ; [15.  5.],0
p11,1,0.785817,0.073846,[33 19] ; [12  8],[32.5 19.5] ; [12.5  7.5],0
p1,1,0.838985,0.041287,[ 2 49] ; [ 1 19],[ 2.15492958 48.84507042] ; [ 0.84507042 19.15492958],0
b1,1,0.929867,0.007746,[24 28] ; [ 9 11],[23.83333333 28.16666667] ; [ 9.16666667 10.83333333],0
