Feature,DoF,P Value,Chi Square,Observed,Expected,Is Significant
p10,1,0.0,29.751032,[15 19] ; [103  14],[26.56953642  7.43046358] ; [91.43046358 25.56953642],1
p11,1,0.012441,6.246852,[18 16] ; [88 29],[23.86754967 10.13245033] ; [82.13245033 34.86754967],0
p3,1,0.029556,4.734912,[13 20] ; [71 46],[18.48 14.52] ; [65.52 51.48],0
p5,1,0.115983,2.470745,[ 1 33] ; [ 14 101],[ 3.42281879 30.57718121] ; [ 11.57718121 103.42281879],0
p2,1,0.145218,2.121773,[24 10] ; [96 21],[27.01986755  6.98013245] ; [92.98013245 24.01986755],0
p1,1,0.220198,1.503081,[ 1 33] ; [ 11 106],[ 2.70198675 31.29801325] ; [  9.29801325 107.70198675],0
b1,1,0.437003,0.604138,[15 19] ; [43 74],[13.05960265 20.94039735] ; [44.94039735 72.05960265],0
