Feature,DoF,P Value,Chi Square,Observed,Expected,Is Significant
p5,1,0.008318,6.96375,[ 5 21] ; [ 2 64],[ 1.97826087 24.02173913] ; [ 5.02173913 60.97826087],0
p11,1,0.009428,6.739927,[15 11] ; [55 11],[19.7826087  6.2173913] ; [50.2173913 15.7826087],0
p9,1,0.013099,6.155672,[19  7] ; [61  5],[22.60869565  3.39130435] ; [57.39130435  8.60869565],0
p12,1,0.08157,3.033333,[ 4 22] ; [ 3 62],[ 2. 24.] ; [ 5. 60.],0
b1,1,0.186297,1.746661,[15 11] ; [28 38],[12.15217391 13.84782609] ; [30.84782609 35.15217391],0
p8,1,0.38481,0.75528,[16 10] ; [34 32],[14.13043478 11.86956522] ; [35.86956522 30.13043478],0
p1,1,0.537496,0.380201,[ 3 23] ; [11 55],[ 3.95652174 22.04347826] ; [10.04347826 55.95652174],0
