Feature,DoF,P Value,Chi Square,Observed,Expected,Is Significant
p3,1,0.0,52.835706,[261  97] ; [ 6 33],[240.77078086 117.22921914] ; [26.22921914 12.77078086],1
p6,1,0.0,33.805774,[211 146] ; [ 4 35],[193.82575758 163.17424242] ; [21.17424242 17.82575758],1
p10,1,2e-06,22.70465,[339  18] ; [29 10],[331.75757576  25.24242424] ; [36.24242424  2.75757576],1
p2,1,4.2e-05,16.795279,[337  19] ; [30  9],[330.76455696  25.23544304] ; [36.23544304  2.76455696],1
p11,1,0.00028,13.196481,[315  43] ; [26 13],[307.50125945  50.49874055] ; [33.49874055  5.50125945],1
b1,1,0.099565,2.712504,[140 218] ; [10 29],[135.26448363 222.73551637] ; [14.73551637 24.26448363],0
p5,1,0.125063,2.352743,[ 73 283] ; [ 4 35],[ 69.39746835 286.60253165] ; [ 7.60253165 31.39746835],0
p1,1,0.443211,0.587955,[ 40 316] ; [ 6 33],[ 41.45822785 314.54177215] ; [ 4.54177215 34.45822785],0
