Feature,DoF,P Value,Chi Square,Observed,Expected,Is Significant
p7,1,0.060141,3.533481,[106  49] ; [21 19],[100.94871795  54.05128205] ; [26.05128205 13.94871795],0
p12,1,0.114563,2.490124,[  6 150] ; [ 4 36],[  7.95918367 148.04081633] ; [ 2.04081633 37.95918367],0
p8,1,0.198812,1.651077,[83 71] ; [17 23],[79.3814433 74.6185567] ; [20.6185567 19.3814433],0
p1,1,0.261505,1.260773,[ 11 145] ; [ 5 35],[ 12.73469388 143.26530612] ; [ 3.26530612 36.73469388],0
p6,1,0.31059,1.028166,[64 91] ; [13 27],[61.20512821 93.79487179] ; [15.79487179 24.20512821],0
b1,1,0.396545,0.718777,[ 55 101] ; [17 23],[57.30612245 98.69387755] ; [14.69387755 25.30612245],0
p9,1,0.500272,0.454359,[128  26] ; [35  5],[129.39175258  24.60824742] ; [33.60824742  6.39175258],0
p5,1,0.857008,0.032466,[ 11 145] ; [ 3 35],[ 11.25773196 144.74226804] ; [ 2.74226804 35.25773196],0
p11,1,0.942765,0.005155,[124  32] ; [32  8],[124.16326531  31.83673469] ; [31.83673469  8.16326531],0
