Feature,DoF,P Value,Chi Square,Observed,Expected,Is Significant
p3,1,0.0,85.71969,[ 54 116] ; [159  41],[97.86486486 72.13513514] ; [115.13513514  84.86486486],1
p5,1,0.0,38.188312,[  7 163] ; [ 57 143],[ 29.40540541 140.59459459] ; [ 34.59459459 165.40540541],1
p10,1,2.4e-05,17.853632,[121  48] ; [177  22],[136.85326087  32.14673913] ; [161.14673913  37.85326087],1
p11,1,0.00014,14.5083,[123  47] ; [176  24],[137.37837838  32.62162162] ; [161.62162162  38.37837838],1
p12,1,0.001064,10.712952,[ 10 159] ; [ 34 166],[ 20.15176152 148.84823848] ; [ 23.84823848 176.15176152],0
p9,1,0.00117,10.537872,[134  34] ; [183  17],[144.7173913  23.2826087] ; [172.2826087  27.7173913],0
p1,1,0.004911,7.911806,[ 10 159] ; [ 30 169],[ 18.36956522 150.63043478] ; [ 21.63043478 177.36956522],0
b1,1,0.052598,3.756648,[ 58 112] ; [ 88 112],[ 67.08108108 102.91891892] ; [ 78.91891892 121.08108108],0
