Feature,DoF,P Value,Chi Square,Observed,Expected,Is Significant
p2,1,0.010424,6.560947,[8 7] ; [96 21],[11.81818182  3.18181818] ; [92.18181818 24.81818182],0
p3,1,0.021716,5.26841,[ 4 10] ; [71 46],[8.01526718 5.98473282] ; [66.98473282 50.01526718],0
p6,1,0.072507,3.225339,[ 1 14] ; [33 84],[ 3.86363636 11.13636364] ; [30.13636364 86.86363636],0
p1,1,0.209466,1.575116,[ 3 12] ; [ 11 106],[ 1.59090909 13.40909091] ; [ 12.40909091 104.59090909],0
p8,1,0.213569,1.547068,[ 3 12] ; [42 74],[5.15267176 9.84732824] ; [39.84732824 76.15267176],0
b1,1,0.21435,1.541798,[8 7] ; [43 74],[5.79545455 9.20454545] ; [45.20454545 71.79545455],0
p11,1,0.476051,0.507895,[10  5] ; [88 29],[11.13636364  3.86363636] ; [86.86363636 30.13636364],0
