Feature,DoF,P Value,Chi Square,Observed,Expected,Is Significant
p9,1,0.0,69.544338,[215  12] ; [ 4 10],[206.2780083  20.7219917] ; [12.7219917  1.2780083],1
p11,1,0.0,41.239669,[198  29] ; [ 3 11],[189.32365145  37.67634855] ; [11.67634855  2.32365145],1
p3,1,0.286041,1.138163,[145  81] ; [7 7],[143.13333333  82.86666667] ; [8.86666667 5.13333333],0
p7,1,0.669619,0.182048,[142  84] ; [8 6],[141.25  84.75] ; [8.75 5.25],0
p5,1,0.767736,0.087225,[ 26 197] ; [ 2 12],[ 26.34599156 196.65400844] ; [ 1.65400844 12.34599156],0
b1,1,0.948908,0.004106,[ 83 144] ; [5 9],[ 82.8879668 144.1120332] ; [5.1120332 8.8879668],0
