Feature,DoF,P Value,Chi Square,Observed,Expected,Is Significant
p11,1,3.1e-05,17.358188,[35  6] ; [ 6 13],[28.01666667 12.98333333] ; [12.98333333  6.01666667],1
p9,1,0.006451,7.419769,[35  6] ; [10  9],[30.75 10.25] ; [14.25  4.75],0
p2,1,0.303951,1.056778,[33  8] ; [13  6],[31.43333333  9.56666667] ; [14.56666667  4.43333333],0
p5,1,0.414559,0.665689,[ 2 39] ; [ 2 17],[ 2.73333333 38.26666667] ; [ 1.26666667 17.73333333],0
p6,1,0.863298,0.029645,[ 9 28] ; [ 4 14],[ 8.74545455 28.25454545] ; [ 4.25454545 13.74545455],0
p1,1,0.907189,0.013592,[ 6 35] ; [ 3 16],[ 6.15 34.85] ; [ 2.85 16.15],0
b1,1,0.984684,0.000369,[15 26] ; [ 7 12],[15.03333333 25.96666667] ; [ 6.96666667 12.03333333],0
