Feature,DoF,P Value,Chi Square,Observed,Expected,Is Significant
p7,1,0.0,61.494895,[34  6] ; [20 98],[13.67088608 26.32911392] ; [40.32911392 77.67088608],1
p11,1,1.1e-05,19.387848,[35  6] ; [57 67],[22.86060606 18.13939394] ; [69.13939394 54.86060606],1
p10,1,2.3e-05,17.913228,[34  6] ; [56 64],[22.5 17.5] ; [67.5 52.5],1
p9,1,8.8e-05,15.378981,[35  6] ; [59 58],[24.39240506 16.60759494] ; [69.60759494 47.39240506],1
p1,1,0.103107,2.656807,[ 6 35] ; [  8 116],[ 3.47878788 37.52121212] ; [ 10.52121212 113.47878788],0
b1,1,0.188293,1.730921,[15 26] ; [60 64],[18.63636364 22.36363636] ; [56.36363636 67.63636364],0
p5,1,0.645005,0.212256,[ 2 39] ; [  4 117],[ 1.51851852 39.48148148] ; [  4.48148148 116.51851852],0
p12,1,0.975259,0.000962,[ 2 38] ; [  6 117],[ 1.96319018 38.03680982] ; [  6.03680982 116.96319018],0
