Feature,DoF,P Value,Chi Square,Observed,Expected,Is Significant
p9,1,0.0,44.858512,[13 61] ; [116  66],[37.2890625 36.7109375] ; [91.7109375 90.2890625],1
p11,1,4.2e-05,16.758647,[26 51] ; [116  73],[41.10526316 35.89473684] ; [100.89473684  88.10526316],1
b1,1,0.026774,4.90535,[42 35] ; [ 75 114],[33.86842105 43.13157895] ; [ 83.13157895 105.86842105],0
p3,1,0.124258,2.362813,[13 64] ; [ 19 169],[ 9.29811321 67.70188679] ; [ 22.70188679 165.29811321],0
p5,1,0.245709,1.347535,[ 3 73] ; [  3 185],[ 1.72727273 74.27272727] ; [  4.27272727 183.72727273],0
p1,1,0.60386,0.269213,[ 4 73] ; [ 13 175],[ 4.93962264 72.06037736] ; [ 12.06037736 175.93962264],0
