Feature,DoF,P Value,Chi Square,Observed,Expected,Is Significant
p6,1,0.019219,5.481457,[ 9 28] ; [46 53],[14.96323529 22.03676471] ; [40.03676471 58.96323529],0
p11,1,0.115276,2.480353,[35  6] ; [73 27],[31.40425532  9.59574468] ; [76.59574468 23.40425532],0
p2,1,0.130047,2.291941,[33  8] ; [89 10],[35.72857143  5.27142857] ; [86.27142857 12.72857143],0
p1,1,0.154755,2.024746,[ 6 35] ; [ 7 93],[ 3.78014184 37.21985816] ; [ 9.21985816 90.78014184],0
p5,1,0.307925,1.039555,[ 2 39] ; [10 88],[ 3.53956835 37.46043165] ; [ 8.46043165 89.53956835],0
p12,1,0.335782,0.926471,[ 2 38] ; [ 2 98],[ 1.14285714 38.85714286] ; [ 2.85714286 97.14285714],0
b1,1,0.551865,0.353987,[15 26] ; [42 58],[16.57446809 24.42553191] ; [40.42553191 59.57446809],0
p9,1,0.670363,0.181178,[35  6] ; [88 12],[35.76595745  5.23404255] ; [87.23404255 12.76595745],0
p10,1,0.96377,0.002063,[34  6] ; [83 15],[33.91304348  6.08695652] ; [83.08695652 14.91304348],0
