Feature,DoF,P Value,Chi Square,Observed,Expected,Is Significant
p2,1,0.0,30.88352,[49 64] ; [58 10],[66.80110497 46.19889503] ; [40.19889503 27.80110497],1
p11,1,4e-06,21.475231,[50 63] ; [54 14],[64.9281768 48.0718232] ; [39.0718232 28.9281768],1
p4,1,7.5e-05,15.677316,[31 81] ; [39 29],[43.55555556 68.44444444] ; [26.44444444 41.55555556],1
b1,1,0.002498,9.141951,[61 52] ; [21 47],[51.19337017 61.80662983] ; [30.80662983 37.19337017],0
p12,1,0.002753,8.964218,[  1 111] ; [ 7 60],[  5.00558659 106.99441341] ; [ 2.99441341 64.00558659],0
p5,1,0.005592,7.677227,[  3 110] ; [ 9 59],[  7.49171271 105.50828729] ; [ 4.50828729 63.49171271],0
p3,1,0.007857,7.065683,[26 87] ; [28 39],[33.9 79.1] ; [20.1 46.9],0
p1,1,0.101038,2.689076,[  8 104] ; [10 58],[ 11.2 100.8] ; [ 6.8 61.2],0
