Feature,DoF,P Value,Chi Square,Observed,Expected,Is Significant
p9,1,0.0,32.395425,[26 61] ; [33  6],[40.73809524 46.26190476] ; [18.26190476 20.73809524],1
p2,1,7.2e-05,15.745331,[35 55] ; [30  9],[45.34883721 44.65116279] ; [19.65116279 19.34883721],1
p5,1,0.013457,6.108027,[ 1 89] ; [ 4 35],[ 3.48837209 86.51162791] ; [ 1.51162791 37.48837209],0
p11,1,0.020397,5.377585,[40 50] ; [26 13],[46.04651163 43.95348837] ; [19.95348837 19.04651163],0
b1,1,0.033616,4.51411,[41 49] ; [10 29],[35.58139535 54.41860465] ; [15.41860465 23.58139535],0
p1,1,0.19488,1.680332,[ 7 82] ; [ 6 33],[ 9.0390625 79.9609375] ; [ 3.9609375 35.0390625],0
p3,1,0.285917,1.13875,[ 8 81] ; [ 6 33],[ 9.734375 79.265625] ; [ 4.265625 34.734375],0
p6,1,0.354053,0.858878,[ 5 83] ; [ 4 35],[ 6.23622047 81.76377953] ; [ 2.76377953 36.23622047],0
