Feature,DoF,P Value,Chi Square,Observed,Expected,Is Significant
p8,1,0.0,25.745706,[15 20] ; [156  33],[26.71875  8.28125] ; [144.28125  44.71875],1
p10,1,5e-06,20.794244,[23 12] ; [175  14],[30.9375  4.0625] ; [167.0625  21.9375],1
p5,1,0.005843,7.597942,[ 2 33] ; [ 52 138],[ 8.4 26.6] ; [ 45.6 144.4],0
p2,1,0.018242,5.572755,[28  7] ; [176  14],[31.73333333  3.26666667] ; [172.26666667  17.73333333],0
p11,1,0.101728,2.678241,[25 10] ; [158  32],[28.46666667  6.53333333] ; [154.53333333  35.46666667],0
b1,1,0.33005,0.9487,[14 21] ; [93 97],[16.64444444 18.35555556] ; [90.35555556 99.64444444],0
p12,1,0.744925,0.105845,[ 5 30] ; [ 31 157],[ 5.65022422 29.34977578] ; [ 30.34977578 157.65022422],0
p9,1,0.800218,0.064042,[33  2] ; [176  13],[32.65625  2.34375] ; [176.34375  12.65625],0
p1,1,0.812218,0.056437,[ 5 30] ; [ 30 159],[ 5.46875 29.53125] ; [ 29.53125 159.46875],0
