Feature,DoF,P Value,Chi Square,Observed,Expected,Is Significant
p3,1,0.004225,8.184616,[22 13] ; [15 33],[15.60240964 19.39759036] ; [21.39759036 26.60240964],0
p12,1,0.232906,1.423026,[ 5 30] ; [ 3 44],[ 3.41463415 31.58536585] ; [ 4.58536585 42.41463415],0
p8,1,0.519651,0.414585,[15 20] ; [24 24],[16.44578313 18.55421687] ; [22.55421687 25.44578313],0
p1,1,0.591709,0.287683,[ 5 30] ; [ 9 39],[ 5.90361446 29.09638554] ; [ 8.09638554 39.90361446],0
p11,1,0.644151,0.213354,[25 10] ; [32 16],[24.03614458 10.96385542] ; [32.96385542 15.03614458],0
p9,1,0.745107,0.105689,[33  2] ; [46  2],[33.31325301  1.68674699] ; [45.68674699  2.31325301],0
p2,1,0.750173,0.101385,[28  7] ; [37 11],[27.40963855  7.59036145] ; [37.59036145 10.40963855],0
p5,1,0.919315,0.010261,[ 2 33] ; [ 3 45],[ 2.10843373 32.89156627] ; [ 2.89156627 45.10843373],0
b1,1,0.969446,0.001467,[14 21] ; [19 29],[13.91566265 21.08433735] ; [19.08433735 28.91566265],0
