Feature,DoF,P Value,Chi Square,Observed,Expected,Is Significant
p5,1,0.000482,12.182757,[ 22 187] ; [ 72 250],[ 36.99811676 172.00188324] ; [ 57.00188324 264.99811676],1
p12,1,0.00112,10.618541,[ 11 198] ; [ 46 278],[ 22.35084428 186.64915572] ; [ 34.64915572 289.35084428],0
b1,1,0.024799,5.037871,[ 67 143] ; [135 190],[ 79.28971963 130.71028037] ; [122.71028037 202.28971963],0
p7,1,0.037661,4.320282,[149  57] ; [258  64],[158.79166667  47.20833333] ; [248.20833333  73.79166667],0
p1,1,0.239972,1.380761,[ 19 189] ; [ 40 282],[ 23.15471698 184.84528302] ; [ 35.84528302 286.15471698],0
p11,1,0.768617,0.086545,[185  25] ; [289  36],[186.05607477  23.94392523] ; [287.94392523  37.05607477],0
p2,1,0.805333,0.060738,[192  16] ; [300  23],[192.72316384  15.27683616] ; [299.27683616  23.72316384],0
