Feature,DoF,P Value,Chi Square,Observed,Expected,Is Significant
p10,1,0.0,47.345262,[208  35] ; [ 5 16],[196.05681818  46.94318182] ; [16.94318182  4.05681818],1
p11,1,2e-06,22.50558,[194  50] ; [ 7 14],[185.07169811  58.92830189] ; [15.92830189  5.07169811],1
b1,1,3.2e-05,17.309098,[ 76 168] ; [16  5],[ 84.70943396 159.29056604] ; [ 7.29056604 13.70943396],1
p2,1,0.006301,7.462039,[182  60] ; [10 11],[176.66920152  65.33079848] ; [15.33079848  5.66920152],0
p7,1,0.033569,4.516547,[101 136] ; [14  7],[105.63953488 131.36046512] ; [ 9.36046512 11.63953488],0
p8,1,0.64712,0.20955,[ 81 161] ; [ 6 15],[ 80.05323194 161.94676806] ; [ 6.94676806 14.05323194],0
p5,1,0.813676,0.055548,[  9 232] ; [ 1 20],[  9.19847328 231.80152672] ; [ 0.80152672 20.19847328],0
p1,1,0.960414,0.002464,[ 11 232] ; [ 1 20],[ 11.04545455 231.95454545] ; [ 0.95454545 20.04545455],0
