Feature,DoF,P Value,Chi Square,Observed,Expected,Is Significant
p7,1,7e-06,20.108877,[26 64] ; [22  7],[36.30252101 53.69747899] ; [11.69747899 17.30252101],1
p6,1,2.4e-05,17.826325,[11 80] ; [13 13],[18.66666667 72.33333333] ; [ 5.33333333 20.66666667],1
p2,1,0.002348,9.255147,[40 52] ; [22  7],[47.14049587 44.85950413] ; [14.85950413 14.14049587],0
p1,1,0.077275,3.121312,[ 4 87] ; [ 4 25],[ 6.06666667 84.93333333] ; [ 1.93333333 27.06666667],0
p11,1,0.885056,0.020898,[43 49] ; [14 15],[43.33884298 48.66115702] ; [13.66115702 15.33884298],0
b1,1,0.952268,0.003583,[45 47] ; [14 15],[44.85950413 47.14049587] ; [14.14049587 14.85950413],0
