Feature,DoF,P Value,Chi Square,Observed,Expected,Is Significant
p11,1,0.01739,5.656566,[ 8 14] ; [32 16],[12.57142857  9.42857143] ; [27.42857143 20.57142857],0
p5,1,0.048999,3.87538,[ 3 18] ; [ 1 46],[ 1.23529412 19.76470588] ; [ 2.76470588 44.23529412],0
p8,1,0.642646,0.215299,[ 9 12] ; [23 24],[ 9.88235294 11.11764706] ; [22.11764706 24.88235294],0
p6,1,0.768412,0.086703,[ 7 15] ; [17 31],[ 7.54285714 14.45714286] ; [16.45714286 31.54285714],0
p1,1,0.942092,0.005277,[ 1 21] ; [ 2 46],[ 0.94285714 21.05714286] ; [ 2.05714286 45.94285714],0
b1,1,0.952368,0.003568,[13  9] ; [28 20],[12.88571429  9.11428571] ; [28.11428571 19.88571429],0
