Feature,DoF,P Value,Chi Square,Observed,Expected,Is Significant
p2,1,0.000221,13.639505,[124  15] ; [23 13],[116.76  22.24] ; [30.24  5.76],1
b1,1,0.004989,7.883351,[46 94] ; [21 15],[53.29545455 86.70454545] ; [13.70454545 22.29545455],0
p11,1,0.05551,3.666696,[117  23] ; [25 11],[112.95454545  27.04545455] ; [29.04545455  6.95454545],0
p8,1,0.201213,1.633547,[74 64] ; [15 21],[70.5862069 67.4137931] ; [18.4137931 17.5862069],0
p7,1,0.266367,1.23536,[95 43] ; [20 14],[92.26744186 45.73255814] ; [22.73255814 11.26744186],0
p1,1,0.685926,0.163531,[  9 131] ; [ 3 33],[  9.54545455 130.45454545] ; [ 2.45454545 33.54545455],0
