Feature,DoF,P Value,Chi Square,Observed,Expected,Is Significant
p10,1,0.017768,5.618848,[160  30] ; [43 18],[153.66533865  36.33466135] ; [49.33466135 11.66533865],0
p11,1,0.082484,3.015259,[144  46] ; [40 22],[138.73015873  51.26984127] ; [45.26984127 16.73015873],0
p2,1,0.192164,1.700946,[134  56] ; [49 13],[137.97619048  52.02380952] ; [45.02380952 16.97619048],0
p6,1,0.270866,1.212358,[ 29 161] ; [13 48],[ 31.79282869 158.20717131] ; [10.20717131 50.79282869],0
b1,1,0.408024,0.68455,[ 66 124] ; [18 44],[ 63.33333333 126.66666667] ; [20.66666667 41.33333333],0
p12,1,0.536978,0.38117,[ 17 173] ; [ 4 58],[ 15.83333333 174.16666667] ; [ 5.16666667 56.83333333],0
p5,1,0.598189,0.277736,[  9 178] ; [ 2 60],[  8.26104418 178.73895582] ; [ 2.73895582 59.26104418],0
p1,1,0.915229,0.011331,[ 13 177] ; [ 4 58],[ 12.81746032 177.18253968] ; [ 4.18253968 57.81746032],0
