Feature,DoF,P Value,Chi Square,Observed,Expected,Is Significant
p9,1,0.000949,10.924418,[18  7] ; [77  4],[22.40566038  2.59433962] ; [72.59433962  8.40566038],1
p2,1,0.046232,3.973129,[14 11] ; [62 19],[17.9245283  7.0754717] ; [58.0754717 22.9245283],0
p11,1,0.047187,3.938704,[16  9] ; [67 14],[19.5754717  5.4245283] ; [63.4245283 17.5754717],0
p1,1,0.112737,2.515425,[ 8 17] ; [14 67],[ 5.18867925 19.81132075] ; [16.81132075 64.18867925],0
p5,1,0.219879,1.505161,[ 1 24] ; [10 69],[ 2.64423077 22.35576923] ; [ 8.35576923 70.64423077],0
p8,1,0.322382,0.979258,[ 6 19] ; [28 53],[ 8.01886792 16.98113208] ; [25.98113208 55.01886792],0
p6,1,0.584417,0.299147,[ 4 21] ; [17 64],[ 4.95283019 20.04716981] ; [16.04716981 64.95283019],0
b1,1,0.772498,0.083584,[11 14] ; [33 48],[10.37735849 14.62264151] ; [33.62264151 47.37735849],0
