Feature,DoF,P Value,Chi Square,Observed,Expected,Is Significant
p11,1,0.057963,3.594745,[49 17] ; [14 12],[45.19565217 20.80434783] ; [17.80434783  8.19565217],0
p9,1,0.186555,1.744615,[49 16] ; [16 10],[46.42857143 18.57142857] ; [18.57142857  7.42857143],0
p5,1,0.22126,1.496178,[ 3 63] ; [ 3 23],[ 4.30434783 61.69565217] ; [ 1.69565217 24.30434783],0
b1,1,0.228152,1.452347,[32 34] ; [ 9 17],[29.41304348 36.58695652] ; [11.58695652 14.41304348],0
p7,1,0.237978,1.392533,[44 21] ; [13 11],[41.62921348 23.37078652] ; [15.37078652  8.62921348],0
p1,1,0.538866,0.377645,[ 8 58] ; [ 2 24],[ 7.17391304 58.82608696] ; [ 2.82608696 23.17391304],0
p10,1,0.626578,0.23673,[49 17] ; [18  8],[48.06521739 17.93478261] ; [18.93478261  7.06521739],0
