Feature,DoF,P Value,Chi Square,Observed,Expected,Is Significant
p2,1,1e-06,24.973842,[35 54] ; [43  9],[49.23404255 39.76595745] ; [28.76595745 23.23404255],1
p11,1,0.001345,10.280374,[35 54] ; [35 17],[44.18439716 44.81560284] ; [25.81560284 26.18439716],0
b1,1,0.002759,8.960239,[47 42] ; [14 38],[38.5035461 50.4964539] ; [22.4964539 29.5035461],0
p5,1,0.015941,5.809327,[ 1 88] ; [ 5 47],[ 3.78723404 85.21276596] ; [ 2.21276596 49.78723404],0
p1,1,0.382545,0.762507,[ 5 83] ; [ 5 47],[ 6.28571429 81.71428571] ; [ 3.71428571 48.28571429],0
p12,1,0.575191,0.314074,[ 2 86] ; [ 2 49],[ 2.5323741 85.4676259] ; [ 1.4676259 49.5323741],0
p6,1,0.966078,0.001809,[13 73] ; [ 8 44],[13.08695652 72.91304348] ; [ 7.91304348 44.08695652],0
