Feature,DoF,P Value,Chi Square,Observed,Expected,Is Significant
p3,1,0.0,72.633477,[238  74] ; [166 210],[183.20930233 128.79069767] ; [220.79069767 155.20930233],1
p7,1,0.0,61.30259,[269  42] ; [221 151],[223.11859444  87.88140556] ; [266.88140556 105.11859444],1
p5,1,0.0,28.436192,[ 71 241] ; [ 31 345],[ 46.25581395 265.74418605] ; [ 55.74418605 320.25581395],1
p12,1,0.000127,14.680775,[ 43 269] ; [ 20 356],[ 28.56976744 283.43023256] ; [ 34.43023256 341.56976744],1
p1,1,0.003182,8.699973,[ 39 271] ; [ 23 354],[ 27.97671033 282.02328967] ; [ 34.02328967 342.97671033],0
p11,1,0.112482,2.518998,[282  30] ; [326  51],[275.32075472  36.67924528] ; [332.67924528  44.32075472],0
b1,1,0.154688,2.025399,[118 194] ; [123 254],[109.13207547 202.86792453] ; [131.86792453 245.13207547],0
