Feature,DoF,P Value,Chi Square,Observed,Expected,Is Significant
b1,1,0.000104,15.053871,[ 79 133] ; [17  4],[ 87.34763948 124.65236052] ; [ 8.65236052 12.34763948],1
p2,1,0.000327,12.911098,[116  96] ; [20  1],[123.74248927  88.25751073] ; [12.25751073  8.74248927],1
p1,1,0.000701,11.485467,[ 10 201] ; [ 5 16],[ 13.64224138 197.35775862] ; [ 1.35775862 19.64224138],1
p10,1,0.015409,5.869102,[121  87] ; [ 6 14],[115.85964912  92.14035088] ; [11.14035088  8.85964912],0
p5,1,0.035703,4.411232,[  4 207] ; [ 2 19],[  5.45689655 205.54310345] ; [ 0.54310345 20.45689655],0
p11,1,0.958186,0.002749,[130  82] ; [13  8],[130.11158798  81.88841202] ; [12.88841202  8.11158798],0
