Feature,DoF,P Value,Chi Square,Observed,Expected,Is Significant
p9,1,2e-06,22.783591,[22 28] ; [43  5],[33.16326531 16.83673469] ; [31.83673469 16.16326531],1
p4,1,0.001297,10.346683,[22 29] ; [36 12],[29.87878788 21.12121212] ; [28.12121212 19.87878788],0
b1,1,0.064205,3.425278,[24 28] ; [31 17],[28.6 23.4] ; [26.4 21.6],0
p1,1,0.065153,3.401103,[ 2 49] ; [ 7 41],[ 4.63636364 46.36363636] ; [ 4.36363636 43.63636364],0
p5,1,0.593863,0.284352,[ 2 49] ; [ 1 47],[ 1.54545455 49.45454545] ; [ 1.45454545 46.54545455],0
p2,1,0.786709,0.073217,[40 12] ; [38 10],[40.56 11.44] ; [37.44 10.56],0
p11,1,0.920742,0.0099,[33 19] ; [30 18],[32.76 19.24] ; [30.24 17.76],0
p12,1,0.934873,0.006677,[ 2 50] ; [ 2 46],[ 2.08 49.92] ; [ 1.92 46.08],0
