Feature,DoF,P Value,Chi Square,Observed,Expected,Is Significant
p7,1,9e-06,19.695391,[27 23] ; [23 94],[14.97005988 35.02994012] ; [35.02994012 81.97005988],1
p10,1,0.081122,3.04228,[15 35] ; [52 65],[20.05988024 29.94011976] ; [46.94011976 70.05988024],0
p1,1,0.132418,2.26393,[ 1 48] ; [ 10 110],[ 3.18934911 45.81065089] ; [  7.81065089 112.18934911],0
p6,1,0.194296,1.684741,[ 8 41] ; [ 11 107],[ 5.5748503 43.4251497] ; [ 13.4251497 104.5748503],0
p11,1,0.212151,1.556686,[29 21] ; [57 63],[25.29411765 24.70588235] ; [60.70588235 59.29411765],0
p12,1,0.376249,0.782922,[ 1 48] ; [  6 113],[ 2.04166667 46.95833333] ; [  4.95833333 114.04166667],0
p3,1,0.436659,0.605046,[10 40] ; [ 18 101],[ 8.28402367 41.71597633] ; [19.71597633 99.28402367],0
b1,1,0.592769,0.286041,[24 26] ; [63 57],[25.58823529 24.41176471] ; [61.41176471 58.58823529],0
