Feature,DoF,P Value,Chi Square,Observed,Expected,Is Significant
b1,1,0.061039,3.508924,[24 13] ; [15 20],[20.04166667 16.95833333] ; [18.95833333 16.04166667],0
p3,1,0.119901,2.418612,[20 16] ; [13 22],[16.73239437 19.26760563] ; [16.26760563 18.73239437],0
p1,1,0.264221,1.246505,[ 5 32] ; [ 2 33],[ 3.59722222 33.40277778] ; [ 3.40277778 31.59722222],0
p6,1,0.309008,1.03491,[17 18] ; [12 21],[14.92647059 20.07352941] ; [14.07352941 18.92647059],0
p5,1,0.434192,0.611583,[ 4 33] ; [ 2 33],[ 3.08333333 33.91666667] ; [ 2.91666667 32.08333333],0
p2,1,0.59802,0.277992,[30  7] ; [30  5],[30.83333333  6.16666667] ; [29.16666667  5.83333333],0
p11,1,0.96272,0.002185,[22 15] ; [21 14],[22.09722222 14.90277778] ; [20.90277778 14.09722222],0
