Feature,DoF,P Value,Chi Square,Observed,Expected,Is Significant
p1,1,0.000229,13.576611,[ 11 232] ; [10 43],[ 17.23986486 225.76013514] ; [ 3.76013514 49.23986486],1
p7,1,0.000237,13.515848,[101 136] ; [35 14],[112.6993007 124.3006993] ; [23.3006993 25.6993007],1
p8,1,0.032557,4.568932,[ 81 161] ; [26 27],[ 87.77627119 154.22372881] ; [19.22372881 33.77627119],0
p3,1,0.059089,3.562776,[ 49 194] ; [17 36],[ 54.18243243 188.81756757] ; [11.81756757 41.18243243],0
p11,1,0.067436,3.34435,[194  50] ; [36 17],[188.95622896  55.04377104] ; [41.04377104 11.95622896],0
b1,1,0.233069,1.422034,[ 76 168] ; [21 32],[ 79.69023569 164.30976431] ; [17.30976431 35.69023569],0
p2,1,0.358402,0.843485,[182  60] ; [43 10],[184.57627119  57.42372881] ; [40.42372881 12.57627119],0
p5,1,0.521149,0.411618,[  9 232] ; [ 3 50],[  9.83673469 231.16326531] ; [ 2.16326531 50.83673469],0
p10,1,0.821171,0.051094,[208  35] ; [46  7],[208.52027027  34.47972973] ; [45.47972973  7.52027027],0
p12,1,0.903529,0.014691,[ 13 230] ; [ 3 49],[ 13.17966102 229.82033898] ; [ 2.82033898 49.17966102],0
