Feature,DoF,P Value,Chi Square,Observed,Expected,Is Significant
p10,1,0.0,148.77915,[ 7 22] ; [262   9],[26.00333333  2.99666667] ; [242.99666667  28.00333333],1
p11,1,2e-06,22.888557,[18 12] ; [247  26],[26.23762376  3.76237624] ; [238.76237624  34.23762376],1
p4,1,0.00055,11.93637,[19 11] ; [238  35],[25.44554455  4.55445545] ; [231.55445545  41.44554455],1
b1,1,0.000753,11.352919,[21  9] ; [104 169],[12.37623762 17.62376238] ; [112.62376238 160.37623762],1
p2,1,0.001026,10.779194,[23  7] ; [255  17],[27.61589404  2.38410596] ; [250.38410596  21.61589404],0
p5,1,0.031746,4.612179,[ 2 28] ; [ 65 208],[ 6.63366337 23.36633663] ; [ 60.36633663 212.63366337],0
p1,1,0.833749,0.044056,[ 4 26] ; [ 40 231],[ 4.38538206 25.61461794] ; [ 39.61461794 231.38538206],0
