Feature,DoF,P Value,Chi Square,Observed,Expected,Is Significant
p9,1,0.0,63.76881,[103   4] ; [12 22],[87.26950355 19.73049645] ; [27.73049645  6.26950355],1
p8,1,0.000487,12.166466,[39 68] ; [24 10],[47.80851064 59.19148936] ; [15.19148936 18.80851064],1
b1,1,0.006094,7.522379,[38 70] ; [21 13],[44.87323944 63.12676056] ; [14.12676056 19.87323944],0
p3,1,0.056897,3.625606,[64 43] ; [14 20],[59.19148936 47.80851064] ; [18.80851064 15.19148936],0
p11,1,0.088568,2.900203,[88 20] ; [23 11],[84.42253521 23.57746479] ; [26.57746479  7.42253521],0
p2,1,0.366868,0.814246,[90 18] ; [26  8],[88.22535211 19.77464789] ; [27.77464789  6.22535211],0
p1,1,0.467204,0.528581,[11 97] ; [ 5 29],[12.16901408 95.83098592] ; [ 3.83098592 30.16901408],0
p5,1,0.682062,0.167814,[12 94] ; [ 3 31],[11.35714286 94.64285714] ; [ 3.64285714 30.35714286],0
