Feature,DoF,P Value,Chi Square,Observed,Expected,Is Significant
p11,1,0.00264,9.040594,[33 30] ; [71 23],[41.73248408 21.26751592] ; [62.26751592 31.73248408],0
p12,1,0.012729,6.206423,[ 1 62] ; [12 82],[ 5.21656051 57.78343949] ; [ 7.78343949 86.21656051],0
p7,1,0.01916,5.48689,[37 26] ; [36 55],[29.86363636 33.13636364] ; [43.13636364 47.86363636],0
p8,1,0.033478,4.521179,[30 33] ; [29 65],[23.67515924 39.32484076] ; [35.32484076 58.67515924],0
p3,1,0.043854,4.062156,[34 29] ; [35 58],[27.86538462 35.13461538] ; [41.13461538 51.86538462],0
p6,1,0.088734,2.897196,[24 38] ; [24 69],[19.2 42.8] ; [28.8 64.2],0
b1,1,0.13633,2.218903,[31 32] ; [35 59],[26.48407643 36.51592357] ; [39.51592357 54.48407643],0
p5,1,0.663068,0.189818,[ 5 58] ; [ 9 81],[ 5.76470588 57.23529412] ; [ 8.23529412 81.76470588],0
p1,1,0.925545,0.008733,[ 7 56] ; [10 84],[ 6.82165605 56.17834395] ; [10.17834395 83.82165605],0
