Feature,DoF,P Value,Chi Square,Observed,Expected,Is Significant
p2,1,5.4e-05,16.307176,[202  24] ; [8 7],[196.92946058  29.07053942] ; [13.07053942  1.92946058],1
p11,1,0.000354,12.762629,[198  29] ; [8 7],[193.23140496  33.76859504] ; [12.76859504  2.23140496],1
p3,1,0.003798,8.377884,[145  81] ; [ 4 11],[139.72614108  86.27385892] ; [9.27385892 5.72614108],0
p8,1,0.017062,5.690018,[131  94] ; [ 4 11],[126.5625  98.4375] ; [8.4375 6.5625],0
p7,1,0.413337,0.66918,[142  84] ; [11  4],[143.47717842  82.52282158] ; [9.52282158 5.47717842],0
b1,1,0.432989,0.614793,[ 83 144] ; [7 8],[ 84.4214876 142.5785124] ; [5.5785124 9.4214876],0
