Feature,DoF,P Value,Chi Square,Observed,Expected,Is Significant
p7,1,0.0,80.588731,[193  14] ; [224 163],[145.31818182  61.68181818] ; [271.68181818 115.31818182],1
p4,1,0.0,74.796993,[186  24] ; [209 182],[138.01996672  71.98003328] ; [256.98003328 134.01996672],1
p3,1,0.0,52.616253,[158  52] ; [174 218],[115.81395349  94.18604651] ; [216.18604651 175.81395349],1
p5,1,0.0,32.930134,[ 54 156] ; [ 33 358],[ 30.39933444 179.60066556] ; [ 56.60066556 334.39933444],1
p12,1,4e-05,16.894615,[ 33 176] ; [ 22 369],[ 19.15833333 189.84166667] ; [ 35.84166667 355.15833333],1
p1,1,6e-05,16.092568,[ 34 175] ; [ 24 368],[ 20.16971714 188.83028286] ; [ 37.83028286 354.16971714],1
b1,1,0.003689,8.430683,[ 92 118] ; [125 267],[ 75.69767442 134.30232558] ; [141.30232558 250.69767442],0
p11,1,0.224042,1.478289,[184  26] ; [329  63],[178.95348837  31.04651163] ; [334.04651163  57.95348837],0
p10,1,0.676838,0.173707,[187  22] ; [354  37],[188.44833333  20.55166667] ; [352.55166667  38.44833333],0
