Feature,DoF,P Value,Chi Square,Observed,Expected,Is Significant
p9,1,0.0,69.024078,[77  3] ; [15 38],[55.33834586 24.66165414] ; [36.66165414 16.33834586],1
p11,1,0.001838,9.704452,[55 25] ; [22 31],[46.31578947 33.68421053] ; [30.68421053 22.31578947],0
p7,1,0.009534,6.719947,[57 21] ; [27 26],[50.01526718 27.98473282] ; [33.98473282 19.01526718],0
p2,1,0.02239,5.215208,[70 10] ; [38 15],[64.96240602 15.03759398] ; [43.03759398  9.96240602],0
p1,1,0.182467,1.777414,[ 8 72] ; [ 2 51],[ 6.01503759 73.98496241] ; [ 3.98496241 49.01503759],0
p5,1,0.526449,0.401241,[ 4 76] ; [ 4 48],[ 4.84848485 75.15151515] ; [ 3.15151515 48.84848485],0
p12,1,0.537928,0.379394,[ 3 77] ; [ 1 52],[ 2.40601504 77.59398496] ; [ 1.59398496 51.40601504],0
b1,1,0.545738,0.365009,[32 48] ; [24 29],[33.68421053 46.31578947] ; [22.31578947 30.68421053],0
p3,1,0.697319,0.151276,[38 42] ; [27 26],[39.09774436 40.90225564] ; [25.90225564 27.09774436],0
