Feature,DoF,P Value,Chi Square,Observed,Expected,Is Significant
p4,1,0.074487,3.181264,[110  44] ; [137  82],[101.97855228  52.02144772] ; [145.02144772  73.97855228],0
p10,1,0.23419,1.41523,[129  25] ; [192  26],[132.88709677  21.11290323] ; [188.11290323  29.88709677],0
b1,1,0.352591,0.864112,[59 95] ; [ 74 146],[54.76470588 99.23529412] ; [ 78.23529412 141.76470588],0
p9,1,0.449593,0.571678,[132  21] ; [192  24],[134.34146341  18.65853659] ; [189.65853659  26.34146341],0
p1,1,0.544837,0.366648,[ 10 143] ; [ 18 201],[ 11.51612903 141.48387097] ; [ 16.48387097 202.51612903],0
p11,1,0.597835,0.278274,[130  24] ; [190  30],[131.76470588  22.23529412] ; [188.23529412  31.76470588],0
p5,1,0.660204,0.193276,[ 16 137] ; [ 20 200],[ 14.76675603 138.23324397] ; [ 21.23324397 198.76675603],0
p12,1,0.824671,0.04908,[  7 147] ; [ 11 207],[  7.4516129 146.5483871] ; [ 10.5483871 207.4516129],0
