Feature,DoF,P Value,Chi Square,Observed,Expected,Is Significant
p11,1,0.00313,8.730044,[21  7] ; [ 6 13],[16.08510638 11.91489362] ; [10.91489362  8.08510638],0
p6,1,0.096921,2.755498,[13 15] ; [ 4 14],[10.34782609 17.65217391] ; [ 6.65217391 11.34782609],0
b1,1,0.171844,1.866787,[16 12] ; [ 7 12],[13.70212766 14.29787234] ; [9.29787234 9.70212766],0
p3,1,0.171844,1.866787,[16 12] ; [ 7 12],[13.70212766 14.29787234] ; [9.29787234 9.70212766],0
p5,1,0.27675,1.18298,[ 6 20] ; [ 2 17],[ 4.62222222 21.37777778] ; [ 3.37777778 15.62222222],0
p9,1,0.291992,1.110416,[19  9] ; [10  9],[17.27659574 10.72340426] ; [11.72340426  7.27659574],0
p1,1,0.345426,0.89019,[ 2 26] ; [ 3 16],[ 2.9787234 25.0212766] ; [ 2.0212766 16.9787234],0
