Feature,DoF,P Value,Chi Square,Observed,Expected,Is Significant
p4,1,0.122102,2.390145,[12 23] ; [16 14],[15.07692308 19.92307692] ; [12.92307692 17.07692308],0
p7,1,0.129239,2.301626,[20 14] ; [23  7],[22.84375 11.15625] ; [20.15625  9.84375],0
p2,1,0.227527,1.456252,[23 13] ; [24  7],[25.25373134 10.74626866] ; [21.74626866  9.25373134],0
p11,1,0.332717,0.938293,[25 11] ; [18 13],[23.10447761 12.89552239] ; [19.89552239 11.10447761],0
p1,1,0.770101,0.085406,[ 3 33] ; [ 2 29],[ 2.68656716 33.31343284] ; [ 2.31343284 28.68656716],0
b1,1,0.982253,0.000495,[21 15] ; [18 13],[20.95522388 15.04477612] ; [18.04477612 12.95522388],0
