Feature,DoF,P Value,Chi Square,Observed,Expected,Is Significant
p11,1,0.103854,2.645344,[21  7] ; [14 12],[18.14814815  9.85185185] ; [16.85185185  9.14814815],0
p7,1,0.197513,1.660667,[20  8] ; [13 11],[17.76923077 10.23076923] ; [15.23076923  8.76923077],0
p9,1,0.265863,1.237969,[13 15] ; [16 10],[15.03703704 12.96296296] ; [13.96296296 12.03703704],0
p4,1,0.465329,0.533046,[14 14] ; [10 15],[12.67924528 15.32075472] ; [11.32075472 13.67924528],0
p5,1,0.577665,0.310025,[ 2 26] ; [ 3 23],[ 2.59259259 25.40740741] ; [ 2.40740741 23.59259259],0
p1,1,0.701869,0.146535,[ 3 25] ; [ 2 24],[ 2.59259259 25.40740741] ; [ 2.40740741 23.59259259],0
b1,1,0.722512,0.126099,[11 17] ; [ 9 17],[10.37037037 17.62962963] ; [ 9.62962963 16.37037037],0
