Feature,DoF,P Value,Chi Square,Observed,Expected,Is Significant
p9,1,9e-06,19.685075,[36  5] ; [27 34],[25.32352941 15.67647059] ; [37.67647059 23.32352941],1
p4,1,0.010878,6.485173,[28 13] ; [26 35],[21.70588235 19.29411765] ; [32.29411765 28.70588235],0
p12,1,0.065701,3.387281,[ 4 37] ; [ 1 59],[ 2.02970297 38.97029703] ; [ 2.97029703 57.02970297],0
p3,1,0.072381,3.228186,[20 21] ; [19 42],[15.67647059 25.32352941] ; [23.32352941 37.67647059],0
p11,1,0.132811,2.25934,[27 14] ; [31 30],[23.31372549 17.68627451] ; [34.68627451 26.31372549],0
p8,1,0.149705,2.075255,[14 27] ; [13 48],[10.85294118 30.14705882] ; [16.14705882 44.85294118],0
b1,1,0.389948,0.739106,[14 27] ; [26 35],[16.07843137 24.92156863] ; [23.92156863 37.07843137],0
p1,1,0.479675,0.499603,[ 6 35] ; [ 6 54],[ 4.87128713 36.12871287] ; [ 7.12871287 52.87128713],0
p5,1,0.683274,0.166464,[ 2 39] ; [ 2 59],[ 1.60784314 39.39215686] ; [ 2.39215686 58.60784314],0
