Feature,DoF,P Value,Chi Square,Observed,Expected,Is Significant
p9,1,0.0,28.812087,[128  26] ; [408  16],[142.80968858  11.19031142] ; [393.19031142  30.80968858],1
p8,1,0.000528,12.013517,[83 71] ; [293 129],[100.52777778  53.47222222] ; [275.47222222 146.52777778],1
p5,1,0.000636,11.666927,[ 11 145] ; [ 79 345],[ 24.20689655 131.79310345] ; [ 65.79310345 358.20689655],1
p12,1,0.007451,7.160972,[  6 150] ; [ 47 378],[ 14.23063683 141.76936317] ; [ 38.76936317 386.23063683],0
p7,1,0.010438,6.558654,[106  49] ; [332  90],[117.66031196  37.33968804] ; [320.33968804 101.66031196],0
p11,1,0.01506,5.909385,[124  32] ; [372  53],[133.17728055  22.82271945] ; [362.82271945  62.17728055],0
p6,1,0.019602,5.446971,[64 91] ; [221 202],[76.42733564 78.57266436] ; [208.57266436 214.42733564],0
p1,1,0.131477,2.274978,[ 11 145] ; [ 48 376],[ 15.86896552 140.13103448] ; [ 43.13103448 380.86896552],0
b1,1,0.402775,0.700025,[ 55 101] ; [166 259],[59.33907057 96.66092943] ; [161.66092943 263.33907057],0
