Feature,DoF,P Value,Chi Square,Observed,Expected,Is Significant
p10,1,0.0,33.928465,[15 11] ; [251  18],[23.4440678  2.5559322] ; [242.5559322  26.4440678],1
p7,1,1e-06,23.871186,[12 13] ; [228  36],[20.76124567  4.23875433] ; [219.23875433  44.76124567],1
p8,1,4.4e-05,16.709904,[ 8 17] ; [193  76],[17.09183673  7.90816327] ; [183.90816327  85.09183673],1
p11,1,0.000679,11.546853,[15 11] ; [228  42],[21.34459459  4.65540541] ; [221.65540541  48.34459459],1
p5,1,0.143257,2.142616,[ 2 22] ; [ 56 214],[ 4.73469388 19.26530612] ; [ 53.26530612 216.73469388],0
p1,1,0.1609,1.965742,[ 1 25] ; [ 36 233],[ 3.26101695 22.73898305] ; [ 33.73898305 235.26101695],0
p12,1,0.1609,1.965742,[ 1 25] ; [ 36 233],[ 3.26101695 22.73898305] ; [ 33.73898305 235.26101695],0
b1,1,0.936572,0.006333,[10 16] ; [106 164],[10.18918919 15.81081081] ; [105.81081081 164.18918919],0
