Feature,DoF,P Value,Chi Square,Observed,Expected,Is Significant
p4,1,0.000101,15.119944,[26 80] ; [23 16],[35.82068966 70.17931034] ; [13.17931034 25.82068966],1
p7,1,0.006927,7.291823,[31 74] ; [21 18],[37.91666667 67.08333333] ; [14.08333333 24.91666667],0
p5,1,0.026882,4.898401,[  1 106] ; [ 3 36],[  2.93150685 104.06849315] ; [ 1.06849315 37.93150685],0
p8,1,0.061271,3.502632,[20 87] ; [13 26],[24.18493151 82.81506849] ; [ 8.81506849 30.18493151],0
p2,1,0.27881,1.172882,[50 58] ; [22 17],[52.89795918 55.10204082] ; [19.10204082 19.89795918],0
p1,1,0.47813,0.503126,[  5 102] ; [ 3 36],[  5.8630137 101.1369863] ; [ 2.1369863 36.8630137],0
b1,1,0.754423,0.097851,[55 53] ; [21 18],[55.83673469 52.16326531] ; [20.16326531 18.83673469],0
p10,1,0.878361,0.023424,[26 81] ; [ 9 30],[25.65068493 81.34931507] ; [ 9.34931507 29.65068493],0
p11,1,0.932892,0.007091,[49 59] ; [18 21],[49.2244898 58.7755102] ; [17.7755102 21.2244898],0
