Feature,DoF,P Value,Chi Square,Observed,Expected,Is Significant
p4,1,0.0,170.057786,[ 82 194] ; [221  37],[156.60674157 119.39325843] ; [146.39325843 111.60674157],1
p7,1,0.0,120.904969,[115 155] ; [224  29],[175.00956023  94.99043977] ; [163.99043977  89.00956023],1
p8,1,0.0,72.375924,[ 98 175] ; [187  70],[146.80188679 126.19811321] ; [138.19811321 118.80188679],1
p5,1,0.0,31.101744,[ 14 261] ; [ 55 203],[ 35.60037523 239.39962477] ; [ 33.39962477 224.60037523],1
p1,1,0.000119,14.80845,[ 11 266] ; [ 34 223],[ 23.34269663 253.65730337] ; [ 21.65730337 235.34269663],1
p12,1,0.000387,12.593229,[ 14 263] ; [ 36 221],[ 25.93632959 251.06367041] ; [ 24.06367041 232.93632959],1
b1,1,0.011155,6.440412,[ 84 194] ; [105 153],[ 98.0261194 179.9738806] ; [ 90.9738806 167.0261194],0
p11,1,0.056835,3.627417,[217  61] ; [218  40],[225.61567164  52.38432836] ; [209.38432836  48.61567164],0
