Feature,DoF,P Value,Chi Square,Observed,Expected,Is Significant
p4,1,0.0,60.212418,[211  35] ; [74 75],[177.49367089  68.50632911] ; [107.50632911  41.49367089],1
p5,1,0.00094,10.94262,[ 58 189] ; [ 15 133],[ 45.64810127 201.35189873] ; [ 27.35189873 120.64810127],1
p12,1,0.004853,7.933361,[ 36 210] ; [  8 140],[ 27.47208122 218.52791878] ; [ 16.52791878 131.47208122],0
p10,1,0.014496,5.976765,[235  12] ; [131  17],[228.86582278  18.13417722] ; [137.13417722  10.86582278],0
b1,1,0.029712,4.72586,[105 142] ; [ 47 102],[ 94.80808081 152.19191919] ; [57.19191919 91.80808081],0
p1,1,0.087231,2.924752,[ 34 212] ; [ 12 136],[ 28.72081218 217.27918782] ; [ 17.27918782 130.72081218],0
p2,1,0.402103,0.702029,[228  19] ; [133  15],[225.73924051  21.26075949] ; [135.26075949  12.73924051],0
p11,1,0.89492,0.017446,[211  36] ; [128  21],[211.4469697  35.5530303] ; [127.5530303  21.4469697],0
