Feature,DoF,P Value,Chi Square,Observed,Expected,Is Significant
p7,1,1e-06,24.786662,[ 98 112] ; [114  43],[121.30790191  88.69209809] ; [90.69209809 66.30790191],1
p6,1,0.00055,11.936685,[ 37 180] ; [ 52 109],[ 51.09259259 165.90740741] ; [ 37.90740741 123.09259259],1
p1,1,0.024129,5.085312,[  4 215] ; [ 10 150],[  8.08970976 210.91029024] ; [  5.91029024 154.08970976],0
p5,1,0.055235,3.67498,[  6 214] ; [ 11 150],[  9.81627297 210.18372703] ; [  7.18372703 153.81627297],0
p11,1,0.095584,2.77772,[170  51] ; [135  26],[176.45287958  44.54712042] ; [128.54712042  32.45287958],0
b1,1,0.132715,2.260452,[ 61 160] ; [ 56 105],[ 67.68848168 153.31151832] ; [ 49.31151832 111.68848168],0
p10,1,0.16503,1.927524,[166  53] ; [130  29],[171.49206349  47.50793651] ; [124.50793651  34.49206349],0
p9,1,0.413717,0.668095,[176  40] ; [133  24],[178.9383378  37.0616622] ; [130.0616622  26.9383378],0
p12,1,0.719234,0.129228,[  8 210] ; [  7 152],[  8.67374005 209.32625995] ; [  6.32625995 152.67374005],0
