Feature,DoF,P Value,Chi Square,Observed,Expected,Is Significant
p10,1,0.0,43.04117,[17 77] ; [28  7],[32.79069767 61.20930233] ; [12.20930233 22.79069767],1
p2,1,2.5e-05,17.74225,[36 58] ; [28  7],[46.63565891 47.36434109] ; [17.36434109 17.63565891],1
p5,1,0.000338,12.848348,[ 1 93] ; [ 6 29],[ 5.10077519 88.89922481] ; [ 1.89922481 33.10077519],1
p11,1,0.003539,8.506437,[40 54] ; [25 10],[47.36434109 46.63565891] ; [17.63565891 17.36434109],0
p12,1,0.007114,7.243855,[ 2 91] ; [ 5 30],[ 5.0859375 87.9140625] ; [ 1.9140625 33.0859375],0
p6,1,0.007429,7.166204,[11 81] ; [11 23],[16.06349206 75.93650794] ; [ 5.93650794 28.06349206],0
p1,1,0.023712,5.115581,[ 6 87] ; [ 7 28],[ 9.4453125 83.5546875] ; [ 3.5546875 31.4453125],0
b1,1,0.083906,2.987564,[51 43] ; [13 22],[46.63565891 47.36434109] ; [17.36434109 17.63565891],0
