Feature,DoF,P Value,Chi Square,Observed,Expected,Is Significant
p4,1,0.00025,13.409046,[124 166] ; [154 110],[145.5234657 144.4765343] ; [132.4765343 131.5234657],1
p8,1,0.000284,13.171952,[130 154] ; [160 101],[151.11926606 132.88073394] ; [138.88073394 122.11926606],1
p9,1,0.012493,6.239487,[268  22] ; [224  37],[258.94736842  31.05263158] ; [233.05263158  27.94736842],0
b1,1,0.073168,3.210488,[ 84 207] ; [ 95 169],[ 93.85405405 197.14594595] ; [ 85.14594595 178.85405405],0
p5,1,0.315216,1.008693,[ 16 275] ; [ 20 243],[ 18.90974729 272.09025271] ; [ 17.09025271 245.90974729],0
p1,1,0.374721,0.787948,[ 10 281] ; [ 13 250],[ 12.08122744 278.91877256] ; [ 10.91877256 252.08122744],0
p12,1,0.822072,0.050571,[ 11 279] ; [ 11 253],[ 11.51624549 278.48375451] ; [ 10.48375451 253.51624549],0
p11,1,0.890748,0.018867,[239  52] ; [218  46],[239.61621622  51.38378378] ; [217.38378378  46.61621622],0
