Feature,DoF,P Value,Chi Square,Observed,Expected,Is Significant
p9,1,0.038413,4.286649,[65  3] ; [57 10],[61.45185185  6.54814815] ; [60.54814815  6.45185185],0
p3,1,0.038524,4.281716,[28 39] ; [17 51],[22.33333333 44.66666667] ; [22.66666667 45.33333333],0
b1,1,0.053097,3.74085,[21 47] ; [32 36],[26.5 41.5] ; [26.5 41.5],0
p11,1,0.082887,3.007371,[54 14] ; [45 23],[49.5 18.5] ; [49.5 18.5],0
p5,1,0.152514,2.046929,[ 9 59] ; [ 4 63],[ 6.54814815 61.45185185] ; [ 6.45185185 60.54814815],0
p6,1,0.383066,0.760839,[15 53] ; [11 57],[13. 55.] ; [13. 55.],0
p12,1,0.749077,0.102308,[ 7 60] ; [ 6 62],[ 6.45185185 60.54814815] ; [ 6.54814815 61.45185185],0
p1,1,1.0,0.0,[10 58] ; [10 58],[10. 58.] ; [10. 58.],0
