Feature,DoF,P Value,Chi Square,Observed,Expected,Is Significant
p7,1,0.052361,3.764212,[19 44] ; [24 26],[23.97345133 39.02654867] ; [19.02654867 30.97345133],0
p8,1,0.081786,3.029042,[15 53] ; [18 31],[19.17948718 48.82051282] ; [13.82051282 35.17948718],0
p11,1,0.13151,2.274593,[46 22] ; [27 23],[42.06779661 25.93220339] ; [30.93220339 19.06779661],0
p1,1,0.407873,0.684991,[ 7 61] ; [ 3 47],[ 5.76271186 62.23728814] ; [ 4.23728814 45.76271186],0
p5,1,0.438345,0.60061,[ 5 61] ; [ 2 47],[ 4.0173913 61.9826087] ; [ 2.9826087 46.0173913],0
b1,1,0.563488,0.3337,[29 39] ; [24 26],[30.54237288 37.45762712] ; [22.45762712 27.54237288],0
