Feature,DoF,P Value,Chi Square,Observed,Expected,Is Significant
p11,1,0.0,59.91864,[185  24] ; [14 26],[167.03212851  41.96787149] ; [31.96787149  8.03212851],1
p9,1,0.0,58.693193,[189  20] ; [16 24],[172.06827309  36.93172691] ; [32.93172691  7.06827309],1
p4,1,0.0,26.702401,[184  24] ; [22 18],[172.77419355  35.22580645] ; [33.22580645  6.77419355],1
p2,1,7e-06,20.139347,[193  16] ; [27 13],[184.65863454  24.34136546] ; [35.34136546  4.65863454],1
b1,1,0.006454,7.418966,[ 92 117] ; [27 13],[ 99.88353414 109.11646586] ; [19.11646586 20.88353414],0
p5,1,0.007386,7.176715,[ 57 152] ; [ 3 37],[ 50.36144578 158.63855422] ; [ 9.63855422 30.36144578],0
p1,1,0.168983,1.891945,[ 33 175] ; [ 3 37],[ 30.19354839 177.80645161] ; [ 5.80645161 34.19354839],0
