Feature,DoF,P Value,Chi Square,Observed,Expected,Is Significant
p11,1,0.0,32.068073,[23 47] ; [69 20],[40.50314465 29.49685535] ; [51.49685535 37.50314465],1
p8,1,3.5e-05,17.150614,[ 5 65] ; [31 58],[15.8490566 54.1509434] ; [20.1509434 68.8490566],1
p6,1,0.004169,8.208814,[ 6 62] ; [24 65],[12.99363057 55.00636943] ; [17.00636943 71.99363057],0
p5,1,0.0052,7.808479,[ 1 69] ; [12 75],[ 5.79617834 64.20382166] ; [ 7.20382166 79.79617834],0
p12,1,0.009589,6.709725,[ 1 69] ; [11 78],[ 5.28301887 64.71698113] ; [ 6.71698113 82.28301887],0
p1,1,0.066787,3.360277,[ 5 65] ; [15 74],[ 8.80503145 61.19496855] ; [11.19496855 77.80503145],0
b1,1,0.07638,3.140286,[39 31] ; [37 52],[33.4591195 36.5408805] ; [42.5408805 46.4591195],0
