Feature,DoF,P Value,Chi Square,Observed,Expected,Is Significant
p10,1,2.4e-05,17.840754,[10  7] ; [12 77],[ 3.52830189 13.47169811] ; [18.47169811 70.52830189],1
p3,1,0.000572,11.863833,[10  7] ; [17 72],[ 4.33018868 12.66981132] ; [22.66981132 66.33018868],1
b1,1,0.343397,0.897708,[11  6] ; [47 43],[9.21495327 7.78504673] ; [48.78504673 41.21495327],0
p1,1,0.368957,0.807175,[ 3 14] ; [ 9 80],[ 1.9245283 15.0754717] ; [10.0754717 78.9245283],0
p4,1,0.42314,0.641579,[ 6 11] ; [23 66],[ 4.6509434 12.3490566] ; [24.3490566 64.6509434],0
p11,1,0.648676,0.207573,[8 9] ; [37 53],[7.14953271 9.85046729] ; [37.85046729 52.14953271],0
