Feature,DoF,P Value,Chi Square,Observed,Expected,Is Significant
p11,1,0.0,77.116902,[336  42] ; [14 26],[316.50717703  61.49282297] ; [33.49282297  6.50717703],1
p7,1,1e-06,23.638268,[298  77] ; [18 22],[285.54216867  89.45783133] ; [30.45783133  9.54216867],1
p4,1,9e-06,19.659261,[317  61] ; [22 18],[306.55980861  71.44019139] ; [32.44019139  7.55980861],1
p2,1,1.3e-05,19.050632,[341  35] ; [27 13],[332.61538462  43.38461538] ; [35.38461538  4.61538462],1
b1,1,0.001162,10.549924,[154 224] ; [27 13],[163.67942584 214.32057416] ; [17.32057416 22.67942584],0
p6,1,0.002014,9.536957,[190 185] ; [10 30],[180.72289157 194.27710843] ; [19.27710843 20.72289157],0
p5,1,0.062871,3.459971,[ 73 302] ; [ 3 37],[ 68.6746988 306.3253012] ; [ 7.3253012 32.6746988],0
p1,1,0.312062,1.021927,[ 49 326] ; [ 3 37],[ 46.98795181 328.01204819] ; [ 5.01204819 34.98795181],0
