Feature,DoF,P Value,Chi Square,Observed,Expected,Is Significant
p8,1,0.003542,8.504712,[14 26] ; [30 15],[20.70588235 19.29411765] ; [23.29411765 21.70588235],0
p3,1,0.109684,2.558762,[14 26] ; [24 22],[17.6744186 22.3255814] ; [20.3255814 25.6744186],0
p2,1,0.170298,1.880321,[27 13] ; [37  9],[29.76744186 10.23255814] ; [34.23255814 11.76744186],0
p6,1,0.207927,1.585799,[11 28] ; [19 27],[13.76470588 25.23529412] ; [16.23529412 29.76470588],0
b1,1,0.352821,0.863284,[24 16] ; [23 23],[21.86046512 18.13953488] ; [25.13953488 20.86046512],0
p11,1,0.563888,0.333016,[21 19] ; [27 19],[22.3255814 17.6744186] ; [25.6744186 20.3255814],0
p12,1,0.920283,0.010016,[ 1 39] ; [ 1 45],[ 0.93023256 39.06976744] ; [ 1.06976744 44.93023256],0
