Feature,DoF,P Value,Chi Square,Observed,Expected,Is Significant
p9,1,0.0,32.36499,[ 9 20] ; [70 11],[20.82727273  8.17272727] ; [58.17272727 22.82727273],1
p6,1,0.01505,5.910635,[13 13] ; [20 61],[ 8.01869159 17.98130841] ; [24.98130841 56.01869159],0
p11,1,0.029466,4.740199,[14 15] ; [58 24],[18.81081081 10.18918919] ; [53.18918919 28.81081081],0
p4,1,0.663178,0.189687,[23  6] ; [68 14],[23.77477477  5.22522523] ; [67.22522523 14.77477477],0
b1,1,0.684115,0.16553,[14 15] ; [36 46],[13.06306306 15.93693694] ; [36.93693694 45.06306306],0
p1,1,0.791142,0.070134,[ 4 25] ; [13 69],[ 4.44144144 24.55855856] ; [12.55855856 69.44144144],0
p5,1,0.959134,0.002626,[ 4 25] ; [11 71],[ 3.91891892 25.08108108] ; [11.08108108 70.91891892],0
