Feature,DoF,P Value,Chi Square,Observed,Expected,Is Significant
p11,1,0.000329,12.897415,[207  65] ; [16 18],[198.22222222  73.77777778] ; [24.77777778  9.22222222],1
p7,1,0.332281,0.939989,[134 134] ; [20 14],[136.66225166 131.33774834] ; [17.33774834 16.66225166],0
p12,1,0.574347,0.315464,[ 14 258] ; [ 1 33],[ 13.33333333 258.66666667] ; [ 1.66666667 32.33333333],0
p1,1,0.650249,0.205587,[ 13 259] ; [ 1 32],[ 12.4852459 259.5147541] ; [ 1.5147541 31.4852459],0
p4,1,0.656546,0.197746,[139 133] ; [16 18],[137.77777778 134.22222222] ; [17.22222222 16.77777778],0
b1,1,0.897655,0.016544,[ 91 181] ; [11 23],[ 90.66666667 181.33333333] ; [11.33333333 22.66666667],0
p3,1,0.901164,0.015423,[107 165] ; [13 21],[106.66666667 165.33333333] ; [13.33333333 20.66666667],0
p5,1,0.929199,0.007895,[ 17 254] ; [ 2 32],[ 16.88196721 254.11803279] ; [ 2.11803279 31.88196721],0
