Feature,DoF,P Value,Chi Square,Observed,Expected,Is Significant
p10,1,0.003816,8.369565,[1 5] ; [91 35],[4.18181818 1.81818182] ; [87.81818182 38.18181818],0
p3,1,0.103214,2.655172,[2 4] ; [ 14 112],[0.72727273 5.27272727] ; [ 15.27272727 110.72727273],0
p11,1,0.182241,1.779255,[3 3] ; [94 32],[4.40909091 1.59090909] ; [92.59090909 33.40909091],0
b1,1,0.200751,1.636905,[3 3] ; [33 93],[1.63636364 4.36363636] ; [34.36363636 91.63636364],0
p1,1,0.206765,1.593934,[1 5] ; [  6 119],[0.32061069 5.67938931] ; [  6.67938931 118.32061069],0
p8,1,0.67972,0.170441,[1 5] ; [30 95],[1.41984733 4.58015267] ; [29.58015267 95.41984733],0
