Feature,DoF,P Value,Chi Square,Observed,Expected,Is Significant
p7,1,0.0,94.519213,[224  29] ; [21 45],[194.31034483  58.68965517] ; [50.68965517 15.31034483],1
p8,1,0.0,55.588667,[187  70] ; [16 52],[160.52615385  96.47384615] ; [42.47384615 25.52615385],1
p3,1,0.0,45.103977,[180  78] ; [17 51],[155.90797546 102.09202454] ; [41.09202454 26.90797546],1
p9,1,6.3e-05,16.001684,[251   7] ; [57 10],[244.50461538  13.49538462] ; [63.49538462  3.50461538],1
p11,1,0.000665,11.58469,[218  40] ; [45 23],[208.14110429  49.85889571] ; [54.85889571 13.14110429],1
p5,1,0.003687,8.431983,[ 55 203] ; [ 4 63],[ 46.83692308 211.16307692] ; [12.16307692 54.83692308],0
p12,1,0.257104,1.284287,[ 36 221] ; [ 6 62],[ 33.21230769 223.78769231] ; [ 8.78769231 59.21230769],0
b1,1,0.344453,0.893789,[105 153] ; [32 36],[108.42331288 149.57668712] ; [28.57668712 39.42331288],0
p1,1,0.751685,0.10012,[ 34 223] ; [10 58],[ 34.79384615 222.20615385] ; [ 9.20615385 58.79384615],0
