Feature,DoF,P Value,Chi Square,Observed,Expected,Is Significant
p1,1,0.495576,0.464396,[ 6 90] ; [  9 195],[ 4.8 91.2] ; [ 10.2 193.8],0
p12,1,0.518563,0.41675,[ 2 95] ; [  7 198],[ 2.89072848 94.10927152] ; [  6.10927152 198.89072848],0
p9,1,0.650786,0.204911,[81 15] ; [167  36],[79.62541806 16.37458194] ; [168.37458194  34.62541806],0
b1,1,0.664146,0.188527,[31 67] ; [ 70 135],[32.66666667 65.33333333] ; [ 68.33333333 136.66666667],0
p11,1,0.697164,0.151439,[77 21] ; [165  40],[78.27062706 19.72937294] ; [163.72937294  41.27062706],0
p5,1,0.772895,0.083284,[ 6 91] ; [ 11 194],[ 5.4602649 91.5397351] ; [ 11.5397351 193.4602649],0
p10,1,0.813853,0.05544,[79 18] ; [163  40],[78.24666667 18.75333333] ; [163.75333333  39.24666667],0
