Feature,DoF,P Value,Chi Square,Observed,Expected,Is Significant
p4,1,0.005749,7.627419,[23  6] ; [27 29],[17.05882353 11.94117647] ; [32.94117647 23.05882353],0
p5,1,0.333083,0.936875,[ 4 25] ; [ 4 51],[ 2.76190476 26.23809524] ; [ 5.23809524 49.76190476],0
p9,1,0.440152,0.595886,[ 9 20] ; [21 32],[10.6097561 18.3902439] ; [19.3902439 33.6097561],0
b1,1,0.871486,0.02617,[14 15] ; [26 30],[13.64705882 15.35294118] ; [26.35294118 29.64705882],0
p11,1,0.871486,0.02617,[14 15] ; [26 30],[13.64705882 15.35294118] ; [26.35294118 29.64705882],0
p2,1,0.93038,0.007633,[22  7] ; [42 14],[21.83529412  7.16470588] ; [42.16470588 13.83529412],0
