Feature,DoF,P Value,Chi Square,Observed,Expected,Is Significant
p12,1,0.000453,12.299563,[ 5 20] ; [  9 236],[ 1.2962963 23.7037037] ; [ 12.7037037 232.2962963],1
p1,1,0.008029,7.026958,[ 5 20] ; [ 14 230],[ 1.76579926 23.23420074] ; [ 17.23420074 226.76579926],0
p5,1,0.032317,4.581603,[ 5 20] ; [ 18 225],[ 2.14552239 22.85447761] ; [ 20.85447761 222.14552239],0
p11,1,0.084579,2.974639,[19  6] ; [216  29],[21.75925926  3.24074074] ; [213.24074074  31.75925926],0
p9,1,0.459064,0.548175,[24  1] ; [225  20],[23.05555556  1.94444444] ; [225.94444444  19.05555556],0
b1,1,0.655807,0.198658,[10 15] ; [ 87 158],[ 8.98148148 16.01851852] ; [ 88.01851852 156.98148148],0
p4,1,0.719731,0.12875,[13 11] ; [142 103],[13.82899628 10.17100372] ; [141.17100372 103.82899628],0
p8,1,0.739225,0.110809,[15 10] ; [154  89],[15.76492537  9.23507463] ; [153.23507463  89.76492537],0
p3,1,0.887275,0.020094,[13 11] ; [129 116],[12.66914498 11.33085502] ; [129.33085502 115.66914498],0
