Feature,DoF,P Value,Chi Square,Observed,Expected,Is Significant
b1,1,0.00066,11.599971,[21 15] ; [13 43],[13.30434783 22.69565217] ; [20.69565217 35.30434783],1
p2,1,0.00737,7.180401,[23 13] ; [49  7],[28.17391304  7.82608696] ; [43.82608696 12.17391304],0
p4,1,0.07259,3.223469,[12 23] ; [30 26],[16.15384615 18.84615385] ; [25.84615385 30.15384615],0
p7,1,0.571887,0.319535,[20 14] ; [35 19],[21.25 12.75] ; [33.75 20.25],0
p1,1,0.572581,0.318383,[ 3 33] ; [ 3 53],[ 2.34782609 33.65217391] ; [ 3.65217391 52.34782609],0
p11,1,0.983895,0.000407,[25 11] ; [39 17],[25.04347826 10.95652174] ; [38.95652174 17.04347826],0
