Feature,DoF,P Value,Chi Square,Observed,Expected,Is Significant
p11,1,3.6e-05,17.052972,[61 26] ; [405  58],[73.71272727 13.28727273] ; [392.28727273  70.71272727],1
p3,1,0.000256,13.370362,[38 49] ; [298 164],[53.24590164 33.75409836] ; [282.75409836 179.24590164],1
p5,1,0.003972,8.29654,[ 4 83] ; [ 76 385],[12.70072993 74.29927007] ; [ 67.29927007 393.70072993],0
p12,1,0.056655,3.632702,[ 3 84] ; [ 45 417],[ 7.60655738 79.39344262] ; [ 40.39344262 421.60655738],0
p4,1,0.396996,0.717405,[60 27] ; [339 123],[63.2295082 23.7704918] ; [335.7704918 126.2295082],0
p1,1,0.57596,0.312812,[ 7 80] ; [ 46 415],[ 8.41423358 78.58576642] ; [ 44.58576642 416.41423358],0
b1,1,0.950696,0.003823,[33 54] ; [174 289],[32.74363636 54.25636364] ; [174.25636364 288.74363636],0
