Feature,DoF,P Value,Chi Square,Observed,Expected,Is Significant
p4,1,0.0,66.697314,[211  35] ; [38 53],[181.76261128  64.23738872] ; [67.23738872 23.76261128],1
p8,1,0.0,63.534797,[189  58] ; [26 63],[158.05059524  88.94940476] ; [56.94940476 32.05059524],1
p11,1,0.0,39.649261,[211  36] ; [48 43],[189.26923077  57.73076923] ; [69.73076923 21.26923077],1
p3,1,0.0,39.378904,[176  70] ; [31 60],[151.10385757  94.89614243] ; [55.89614243 35.10385757],1
p5,1,1.9e-05,18.319192,[ 58 189] ; [ 3 88],[ 44.57692308 202.42307692] ; [16.42307692 74.57692308],1
p12,1,0.004185,8.201914,[ 36 210] ; [ 3 87],[ 28.55357143 217.44642857] ; [10.44642857 79.55357143],0
p1,1,0.017424,5.653158,[ 34 212] ; [ 4 85],[ 27.90447761 218.09552239] ; [10.09552239 78.90447761],0
b1,1,0.901232,0.015402,[105 142] ; [38 53],[104.5 142.5] ; [38.5 52.5],0
