Feature,DoF,P Value,Chi Square,Observed,Expected,Is Significant
p10,1,0.0,97.962362,[ 4 17] ; [197  12],[18.35217391  2.64782609] ; [182.64782609  26.35217391],1
p11,1,0.0,33.122186,[ 9 12] ; [188  22],[17.90909091  3.09090909] ; [179.09090909  30.90909091],1
p2,1,0.0,28.891776,[11 10] ; [193  17],[18.54545455  2.45454545] ; [185.45454545  24.54545455],1
p4,1,0.009227,6.7783,[14  7] ; [183  26],[17.98695652  3.01304348] ; [179.01304348  29.98695652],0
b1,1,0.018398,5.557895,[14  7] ; [ 84 126],[ 8.90909091 12.09090909] ; [ 89.09090909 120.90909091],0
p5,1,0.022015,5.24462,[ 1 20] ; [ 58 152],[ 5.36363636 15.63636364] ; [ 53.63636364 156.36363636],0
p1,1,0.856533,0.032685,[ 3 18] ; [ 33 176],[ 3.28695652 17.71304348] ; [ 32.71304348 176.28695652],0
