Feature,DoF,P Value,Chi Square,Observed,Expected,Is Significant
p10,1,0.0,39.424971,[166  53] ; [22 43],[144.97183099  74.02816901] ; [43.02816901 21.97183099],1
b1,1,0.006237,7.480492,[ 61 160] ; [30 36],[ 70.07317073 150.92682927] ; [20.92682927 45.07317073],0
p1,1,0.064074,3.428651,[  4 215] ; [ 4 61],[  6.16901408 212.83098592] ; [ 1.83098592 63.16901408],0
p11,1,0.093163,2.818852,[170  51] ; [44 22],[164.78745645  56.21254355] ; [49.21254355 16.78745645],0
p6,1,0.189731,1.719703,[ 37 180] ; [16 50],[ 40.63957597 176.36042403] ; [12.36042403 53.63957597],0
p7,1,0.263944,1.247952,[ 98 112] ; [36 30],[101.95652174 108.04347826] ; [32.04347826 33.95652174],0
p12,1,0.390094,0.738648,[  8 210] ; [ 1 64],[  6.93286219 211.06713781] ; [ 2.06713781 62.93286219],0
p5,1,0.576206,0.312408,[  6 214] ; [ 1 65],[  5.38461538 214.61538462] ; [ 1.61538462 64.38461538],0
p8,1,0.954906,0.003198,[ 77 137] ; [24 42],[ 77.19285714 136.80714286] ; [23.80714286 42.19285714],0
