Feature,DoF,P Value,Chi Square,Observed,Expected,Is Significant
p11,1,0.0,26.50442,[318  39] ; [77 35],[300.67164179  56.32835821] ; [94.32835821 17.67164179],1
p9,1,0.000184,13.985734,[320  35] ; [84 26],[308.43010753  46.56989247] ; [95.56989247 14.43010753],1
p10,1,0.000556,11.91737,[318  38] ; [84 26],[307.10729614  48.89270386] ; [94.89270386 15.10729614],1
p3,1,0.028694,4.785881,[243 114] ; [63 48],[233.42307692 123.57692308] ; [72.57692308 38.42307692],0
p5,1,0.062447,3.471184,[ 66 291] ; [12 98],[ 59.62740899 297.37259101] ; [18.37259101 91.62740899],0
p1,1,0.394567,0.724821,[ 42 313] ; [ 10 102],[ 39.52890792 315.47109208] ; [12.47109208 99.52890792],0
p12,1,0.595369,0.282037,[ 38 318] ; [ 10 102],[ 36.51282051 319.48717949] ; [ 11.48717949 100.51282051],0
b1,1,0.802229,0.062732,[145 212] ; [44 68],[143.86567164 213.13432836] ; [45.13432836 66.86567164],0
