Feature,DoF,P Value,Chi Square,Observed,Expected,Is Significant
b1,1,0.078558,3.094495,[29 39] ; [10 29],[24.78504673 43.21495327] ; [14.21495327 24.78504673],0
p6,1,0.38011,0.770346,[11 56] ; [ 4 35],[ 9.48113208 57.51886792] ; [ 5.51886792 33.48113208],0
p1,1,0.437916,0.601737,[ 7 61] ; [ 6 33],[ 8.26168224 59.73831776] ; [ 4.73831776 34.26168224],0
p5,1,0.635419,0.224784,[ 5 61] ; [ 4 35],[ 5.65714286 60.34285714] ; [ 3.34285714 35.65714286],0
p9,1,0.780992,0.077299,[58  9] ; [33  6],[57.51886792  9.48113208] ; [33.48113208  5.51886792],0
p11,1,0.917142,0.010823,[46 22] ; [26 13],[45.75700935 22.24299065] ; [26.24299065 12.75700935],0
