Feature,DoF,P Value,Chi Square,Observed,Expected,Is Significant
p11,1,0.064162,3.426392,[19  6] ; [11 11],[15.95744681  9.04255319] ; [14.04255319  7.95744681],0
b1,1,0.105773,2.616271,[10 15] ; [14  8],[12.76595745 12.23404255] ; [11.23404255 10.76595745],0
p8,1,0.246302,1.344156,[15 10] ; [ 9 12],[13.04347826 11.95652174] ; [10.95652174 10.04347826],0
p5,1,0.324463,0.97087,[ 5 20] ; [ 2 19],[ 3.80434783 21.19565217] ; [ 3.19565217 17.80434783],0
p4,1,0.368561,0.808511,[13 11] ; [ 9 13],[11.47826087 12.52173913] ; [10.52173913 11.47826087],0
p3,1,0.554972,0.348485,[13 11] ; [10 12],[12. 12.] ; [11. 11.],0
