Feature,DoF,P Value,Chi Square,Observed,Expected,Is Significant
b1,1,0.009005,6.821756,[38 70] ; [10  4],[42.49180328 65.50819672] ; [5.50819672 8.49180328],0
p11,1,0.036409,4.377832,[88 20] ; [8 6],[84.98360656 23.01639344] ; [11.01639344  2.98360656],0
p3,1,0.086741,2.933834,[64 43] ; [5 9],[61.01652893 45.98347107] ; [7.98347107 6.01652893],0
p6,1,0.205357,1.603864,[23 84] ; [ 1 13],[21.2231405 85.7768595] ; [ 2.7768595 11.2231405],0
p8,1,0.562536,0.335332,[39 68] ; [ 4 10],[38.02479339 68.97520661] ; [4.97520661 9.02479339],0
p1,1,0.639889,0.218888,[11 97] ; [ 2 12],[11.50819672 96.49180328] ; [ 1.49180328 12.50819672],0
