Feature,DoF,P Value,Chi Square,Observed,Expected,Is Significant
p7,1,0.0,122.770344,[425 172] ; [19 96],[372.28651685 224.71348315] ; [71.71348315 43.28651685],1
p4,1,0.0,113.074068,[408 200] ; [ 17 101],[355.92286501 252.07713499] ; [69.07713499 48.92286501],1
p11,1,0.0,94.571074,[526  83] ; [57 63],[487.03292181 121.96707819] ; [95.96707819 24.03292181],1
p6,1,0.0,54.389386,[251 354] ; [  7 111],[215.89211618 389.10788382] ; [42.10788382 75.89211618],1
p5,1,0.000149,14.379544,[ 86 522] ; [  2 116],[ 73.6969697 534.3030303] ; [ 14.3030303 103.6969697],1
b1,1,0.002938,8.845614,[212 397] ; [59 61],[226.3909465 382.6090535] ; [44.6090535 75.3909465],0
p12,1,0.236155,1.403399,[ 56 551] ; [  7 112],[ 52.67355372 554.32644628] ; [ 10.32644628 108.67355372],0
p1,1,0.368468,0.808825,[ 56 552] ; [  8 112],[ 53.45054945 554.54945055] ; [ 10.54945055 109.45054945],0
