Feature,DoF,P Value,Chi Square,Observed,Expected,Is Significant
p3,1,0.0,31.015522,[17 20] ; [ 21 188],[ 5.71544715 31.28455285] ; [ 32.28455285 176.71544715],1
p8,1,0.007201,7.22206,[13 23] ; [ 35 173],[ 7.08196721 28.91803279] ; [ 40.91803279 167.08196721],0
b1,1,0.234933,1.410743,[18 19] ; [ 80 129],[14.7398374 22.2601626] ; [ 83.2601626 125.7398374],0
p1,1,0.346357,0.886758,[ 1 36] ; [ 14 194],[ 2.26530612 34.73469388] ; [ 12.73469388 195.26530612],0
p9,1,0.352653,0.863888,[22 15] ; [136  66],[24.46025105 12.53974895] ; [133.53974895  68.46025105],0
p5,1,0.385388,0.753445,[ 2 33] ; [  6 202],[ 1.15226337 33.84773663] ; [  6.84773663 201.15226337],0
p10,1,0.779037,0.078722,[23 14] ; [123  83],[22.23045267 14.76954733] ; [123.76954733  82.23045267],0
p11,1,0.90794,0.013372,[23 14] ; [132  77],[23.31300813 13.68699187] ; [131.68699187  77.31300813],0
