Feature,DoF,P Value,Chi Square,Observed,Expected,Is Significant
p7,1,0.0,206.522907,[269  42] ; [ 72 191],[184.75783972 126.24216028] ; [156.24216028 106.75783972],1
p2,1,0.0,107.473791,[294  17] ; [158 111],[242.36551724  68.63448276] ; [209.63448276  59.36551724],1
p10,1,0.0,101.689854,[297  14] ; [163 101],[248.8  62.2] ; [211.2  52.8],1
p11,1,0.0,63.16851,[282  30] ; [169 100],[242.18932874  69.81067126] ; [208.81067126  60.18932874],1
p5,1,0.0,55.02751,[ 71 241] ; [  5 262],[ 40.95336788 271.04663212] ; [ 35.04663212 231.95336788],1
p1,1,0.00014,14.507434,[ 39 271] ; [ 10 258],[ 26.28027682 283.71972318] ; [ 22.71972318 245.28027682],1
p12,1,0.000145,14.436567,[ 43 269] ; [ 12 255],[ 29.6373057 282.3626943] ; [ 25.3626943 241.6373057],1
b1,1,0.907478,0.013507,[118 194] ; [103 166],[118.67814114 193.32185886] ; [102.32185886 166.67814114],0
