Feature,DoF,P Value,Chi Square,Observed,Expected,Is Significant
p10,1,0.000867,11.091098,[239  54] ; [52 29],[227.97593583  65.02406417] ; [63.02406417 17.97593583],1
b1,1,0.002296,9.296373,[ 79 217] ; [37 47],[ 90.35789474 205.64210526] ; [25.64210526 58.35789474],0
p9,1,0.012115,6.293965,[247  44] ; [59 22],[239.37096774  51.62903226] ; [66.62903226 14.37096774],0
p8,1,0.017835,5.612317,[135 153] ; [26 55],[125.65853659 162.34146341] ; [35.34146341 45.65853659],0
p7,1,0.173226,1.854798,[165 120] ; [40 41],[159.63114754 125.36885246] ; [45.36885246 35.63114754],0
p1,1,0.398103,0.71405,[ 13 281] ; [ 2 82],[ 11.66666667 282.33333333] ; [ 3.33333333 80.66666667],0
p4,1,0.554006,0.35019,[124 170] ; [32 51],[121.65517241 172.34482759] ; [34.34482759 48.65517241],0
p6,1,0.804746,0.061113,[ 80 213] ; [21 60],[ 79.12566845 213.87433155] ; [21.87433155 59.12566845],0
p5,1,0.867965,0.027637,[ 13 283] ; [ 4 79],[ 13.27704485 282.72295515] ; [ 3.72295515 79.27704485],0
