Feature,DoF,P Value,Chi Square,Observed,Expected,Is Significant
p7,1,2.4e-05,17.819152,[ 80 121] ; [46 20],[ 94.85393258 106.14606742] ; [31.14606742 34.85393258],1
p2,1,0.004538,8.054911,[154  53] ; [60  6],[162.26373626  44.73626374] ; [51.73626374 14.26373626],0
p1,1,0.010143,6.609539,[  6 202] ; [ 7 59],[  9.86861314 198.13138686] ; [ 3.13138686 62.86861314],0
b1,1,0.068168,3.326602,[ 63 145] ; [28 38],[ 69.08029197 138.91970803] ; [21.91970803 44.08029197],0
p9,1,0.561536,0.337052,[189  17] ; [62  4],[190.09558824  15.90441176] ; [60.90441176  5.09558824],0
p11,1,0.772208,0.083803,[155  53] ; [48 18],[154.10218978  53.89781022] ; [48.89781022 17.10218978],0
p12,1,0.811224,0.057048,[ 11 197] ; [ 3 63],[ 10.62773723 197.37226277] ; [ 3.37226277 62.62773723],0
p5,1,0.812209,0.056443,[  8 198] ; [ 3 63],[  8.33088235 197.66911765] ; [ 2.66911765 63.33088235],0
