Feature,DoF,P Value,Chi Square,Observed,Expected,Is Significant
p9,1,4e-06,21.396556,[22 28] ; [115  31],[34.94897959 15.05102041] ; [102.05102041  43.94897959],1
p11,1,0.089724,2.87932,[33 19] ; [112  36],[37.7 14.3] ; [107.3  40.7],0
p2,1,0.105621,2.618553,[40 12] ; [128  20],[43.68  8.32] ; [124.32  23.68],0
b1,1,0.218885,1.511668,[24 28] ; [54 94],[20.28 31.72] ; [57.72 90.28],0
p1,1,0.66652,0.185699,[ 2 49] ; [  4 143],[ 1.54545455 49.45454545] ; [  4.45454545 142.54545455],0
p12,1,0.677553,0.172893,[ 2 50] ; [  4 144],[ 1.56 50.44] ; [  4.44 143.56],0
p4,1,0.745247,0.105568,[22 29] ; [60 88],[21.01507538 29.98492462] ; [60.98492462 87.01507538],0
p8,1,0.774912,0.08177,[24 26] ; [73 72],[24.87179487 25.12820513] ; [72.12820513 72.87179487],0
p5,1,0.9533,0.00343,[ 2 49] ; [  6 140],[ 2.07106599 48.92893401] ; [  5.92893401 140.07106599],0
