Feature,DoF,P Value,Chi Square,Observed,Expected,Is Significant
p3,1,0.0,108.454644,[290 167] ; [ 14 112],[238.29845626 218.70154374] ; [65.70154374 60.29845626],1
p8,1,0.0,88.584707,[320 134] ; [30 95],[274.43868739 179.56131261] ; [75.56131261 49.43868739],1
p6,1,0.0,65.255984,[228 224] ; [ 13 113],[188.46366782 263.53633218] ; [52.53633218 73.46366782],1
p10,1,0.0,44.56831,[425  30] ; [91 35],[404.09638554  50.90361446] ; [111.90361446  14.09638554],1
p5,1,5.9e-05,16.149051,[ 73 383] ; [  3 123],[ 59.54639175 396.45360825] ; [ 16.45360825 109.54639175],1
p11,1,0.000628,11.6905,[398  59] ; [94 32],[385.66723842  71.33276158] ; [106.33276158  19.66723842],1
b1,1,0.024229,5.078181,[169 288] ; [33 93],[158.34305317 298.65694683] ; [43.65694683 82.34305317],0
p12,1,0.02876,4.781929,[ 42 414] ; [  4 120],[ 36.16551724 419.83448276] ; [  9.83448276 114.16551724],0
p1,1,0.086786,2.933005,[ 44 412] ; [  6 119],[ 39.24268503 416.75731497] ; [ 10.75731497 114.24268503],0
