Feature,DoF,P Value,Chi Square,Observed,Expected,Is Significant
p5,1,0.279929,1.167436,[ 4 70] ; [ 2 88],[ 2.70731707 71.29268293] ; [ 3.29268293 86.70731707],0
p11,1,0.396206,0.71981,[26 49] ; [37 53],[28.63636364 46.36363636] ; [34.36363636 55.63636364],0
p10,1,0.471226,0.5191,[13 61] ; [12 77],[11.34969325 62.65030675] ; [13.65030675 75.34969325],0
b1,1,0.511481,0.431037,[43 32] ; [47 43],[40.90909091 34.09090909] ; [49.09090909 40.90909091],0
p3,1,0.57471,0.314865,[17 58] ; [17 72],[15.54878049 59.45121951] ; [18.45121951 70.54878049],0
p1,1,0.640146,0.218551,[ 6 69] ; [ 9 80],[ 6.8597561 68.1402439] ; [ 8.1402439 80.8597561],0
p4,1,0.862945,0.0298,[18 55] ; [23 66],[18.47530864 54.52469136] ; [22.52469136 66.47530864],0
