Feature,DoF,P Value,Chi Square,Observed,Expected,Is Significant
p8,1,0.294934,1.09696,[15 23] ; [21 20],[17.3164557 20.6835443] ; [18.6835443 22.3164557],0
p11,1,0.341911,0.903252,[32  6] ; [31 10],[30.30379747  7.69620253] ; [32.69620253  8.30379747],0
p6,1,0.429475,0.624242,[13 24] ; [18 23],[14.70512821 22.29487179] ; [16.29487179 24.70512821],0
p3,1,0.4749,0.510551,[23 15] ; [21 19],[21.43589744 16.56410256] ; [22.56410256 17.43589744],0
b1,1,0.523017,0.407941,[14 24] ; [18 23],[15.39240506 22.60759494] ; [16.60759494 24.39240506],0
p9,1,0.526708,0.400738,[35  3] ; [36  5],[34.15189873  3.84810127] ; [36.84810127  4.15189873],0
p12,1,0.634442,0.226085,[ 5 33] ; [ 4 37],[ 4.32911392 33.67088608] ; [ 4.67088608 36.32911392],0
p1,1,0.707951,0.140332,[ 2 36] ; [ 3 38],[ 2.40506329 35.59493671] ; [ 2.59493671 38.40506329],0
p5,1,0.841522,0.039979,[ 4 31] ; [ 4 36],[ 3.73333333 31.26666667] ; [ 4.26666667 35.73333333],0
