Feature,DoF,P Value,Chi Square,Observed,Expected,Is Significant
p5,1,3e-06,21.558815,[ 11 262] ; [ 6 15],[ 15.78571429 257.21428571] ; [ 1.21428571 19.78571429],1
p12,1,2.4e-05,17.838838,[  9 261] ; [ 5 16],[ 12.98969072 257.01030928] ; [ 1.01030928 19.98969072],1
p4,1,0.001064,10.712375,[ 91 180] ; [14  6],[ 97.78350515 173.21649485] ; [ 7.21649485 12.78350515],0
p1,1,0.008592,6.905811,[  8 263] ; [ 3 18],[ 10.20890411 260.79109589] ; [ 0.79109589 20.20890411],0
p7,1,0.012667,6.215088,[128 139] ; [16  5],[133.5 133.5] ; [10.5 10.5],0
b1,1,0.485371,0.486771,[ 84 189] ; [ 8 13],[ 85.42857143 187.57142857] ; [ 6.57142857 14.42857143],0
p10,1,0.50333,0.447908,[210  60] ; [15  6],[208.7628866  61.2371134] ; [16.2371134  4.7628866],0
p11,1,0.845476,0.037984,[213  60] ; [16  5],[212.64285714  60.35714286] ; [16.35714286  4.64285714],0
p9,1,0.964701,0.001959,[218  50] ; [17  4],[217.92387543  50.07612457] ; [17.07612457  3.92387543],0
