Feature,DoF,P Value,Chi Square,Observed,Expected,Is Significant
p7,1,0.0,34.796718,[34 95] ; [24  4],[47.65605096 81.34394904] ; [10.34394904 17.65605096],1
p4,1,0.0,25.987087,[36 95] ; [22  6],[47.78616352 83.21383648] ; [10.21383648 17.78616352],1
p2,1,0.003336,8.613919,[63 68] ; [22  6],[70.03144654 60.96855346] ; [14.96855346 13.03144654],0
p5,1,0.004978,7.887357,[  3 128] ; [ 4 24],[  5.7672956 125.2327044] ; [ 1.2327044 26.7672956],0
p1,1,0.005072,7.853623,[  7 123] ; [ 6 22],[ 10.69620253 119.30379747] ; [ 2.30379747 25.69620253],0
p3,1,0.010956,6.472364,[ 30 101] ; [13 15],[35.42767296 95.57232704] ; [ 7.57232704 20.42767296],0
p11,1,0.03809,4.301019,[56 75] ; [18 10],[60.96855346 70.03144654] ; [13.03144654 14.96855346],0
p9,1,0.149684,2.075471,[37 91] ; [12 16],[40.20512821 87.79487179] ; [ 8.79487179 19.20512821],0
b1,1,0.357204,0.847699,[67 64] ; [17 11],[69.20754717 61.79245283] ; [14.79245283 13.20754717],0
