Feature,DoF,P Value,Chi Square,Observed,Expected,Is Significant
p4,1,0.002922,8.855776,[14 14] ; [297  96],[20.68408551  7.31591449] ; [290.31591449 102.68408551],0
p2,1,0.009278,6.768542,[22  6] ; [364  29],[25.67220903  2.32779097] ; [360.32779097  32.67220903],0
p11,1,0.010969,6.4704,[21  7] ; [356  38],[25.01421801  2.98578199] ; [351.98578199  42.01421801],0
p5,1,0.104082,2.641856,[ 2 26] ; [ 77 317],[ 5.24170616 22.75829384] ; [ 73.75829384 320.24170616],0
p7,1,0.11065,2.544908,[20  8] ; [324  65],[23.09832134  4.90167866] ; [320.90167866  68.09832134],0
b1,1,0.729992,0.119119,[11 17] ; [142 252],[10.15165877 17.84834123] ; [142.84834123 251.15165877],0
p1,1,0.781656,0.076819,[ 3 25] ; [ 49 343],[ 3.46666667 24.53333333] ; [ 48.53333333 343.46666667],0
