Feature,DoF,P Value,Chi Square,Observed,Expected,Is Significant
p9,1,0.0,36.189578,[324  16] ; [82 26],[308.125  31.875] ; [97.875 10.125],1
p11,1,0.0,27.05504,[310  30] ; [78 31],[293.80846325  46.19153675] ; [94.19153675 14.80846325],1
p5,1,0.00058,11.83902,[ 67 273] ; [  6 101],[ 55.52572707 284.47427293] ; [17.47427293 89.52572707],1
p2,1,0.000886,11.050897,[318  21] ; [91 18],[309.48883929  29.51116071] ; [99.51116071  9.48883929],1
p12,1,0.00436,8.127544,[ 41 298] ; [  3 106],[ 33.29464286 305.70535714] ; [10.70535714 98.29464286],0
p1,1,0.109183,2.566001,[ 40 298] ; [  7 102],[ 35.53914989 302.46085011] ; [11.46085011 97.53914989],0
b1,1,0.913141,0.011898,[133 207] ; [42 67],[132.51670379 207.48329621] ; [42.48329621 66.51670379],0
