Feature,DoF,P Value,Chi Square,Observed,Expected,Is Significant
p8,1,0.0,94.873232,[281  89] ; [16 66],[243.11946903 126.88053097] ; [53.88053097 28.11946903],1
p3,1,0.0,54.573831,[265 106] ; [23 59],[235.86754967 135.13245033] ; [52.13245033 29.86754967],1
p11,1,0.000823,11.189005,[319  52] ; [58 24],[308.75717439  62.24282561] ; [68.24282561 13.75717439],1
p5,1,0.002876,8.884736,[ 70 300] ; [ 4 74],[ 61.11607143 308.88392857] ; [12.88392857 65.11607143],0
p10,1,0.128494,2.31061,[332  37] ; [69 13],[328.09090909  40.90909091] ; [72.90909091  9.09090909],0
p1,1,0.283347,1.150968,[ 42 328] ; [ 6 76],[ 39.2920354 330.7079646] ; [ 8.7079646 73.2920354],0
p12,1,0.744231,0.106442,[ 36 335] ; [ 7 75],[ 35.21633554 335.78366446] ; [ 7.78366446 74.21633554],0
b1,1,0.98904,0.000189,[149 222] ; [33 49],[149.05518764 221.94481236] ; [32.94481236 49.05518764],0
