Feature,DoF,P Value,Chi Square,Observed,Expected,Is Significant
p7,1,0.0,193.662514,[193  14] ; [20 98],[135.66461538  71.33538462] ; [77.33538462 40.66461538],1
p4,1,0.0,176.311028,[186  24] ; [ 18 103],[129.42598187  80.57401813] ; [74.57401813 46.42598187],1
p9,1,0.0,73.133169,[193  17] ; [59 58],[161.83486239  48.16513761] ; [90.16513761 26.83486239],1
p10,1,0.0,72.351684,[187  22] ; [56 64],[154.36778116  54.63221884] ; [88.63221884 31.36778116],1
p11,1,0.0,67.320091,[184  26] ; [57 67],[151.52694611  58.47305389] ; [89.47305389 34.52694611],1
p5,1,0.0,26.672739,[ 54 156] ; [  4 117],[ 36.79758308 173.20241692] ; [21.20241692 99.79758308],1
p12,1,0.002864,8.892425,[ 33 176] ; [  6 117],[ 24.55120482 184.44879518] ; [ 14.44879518 108.55120482],0
p1,1,0.009095,6.804061,[ 34 175] ; [  8 116],[ 26.36036036 182.63963964] ; [ 15.63963964 108.36036036],0
b1,1,0.41699,0.658784,[ 92 118] ; [60 64],[ 95.56886228 114.43113772] ; [56.43113772 67.56886228],0
