Feature,DoF,P Value,Chi Square,Observed,Expected,Is Significant
p9,1,0.0,273.531946,[13 52] ; [408  16],[55.96114519  9.03885481] ; [365.03885481  58.96114519],1
p11,1,0.0,106.161074,[23 45] ; [372  53],[54.48275862 13.51724138] ; [340.51724138  84.48275862],1
p8,1,0.0,90.441804,[ 6 62] ; [293 129],[41.49387755 26.50612245] ; [257.50612245 164.49387755],1
p3,1,0.0,77.48309,[10 57] ; [300 124],[42.30142566 24.69857434] ; [267.69857434 156.30142566],1
p6,1,0.0,45.831379,[ 5 61] ; [221 202],[30.50306748 35.49693252] ; [195.49693252 227.50306748],1
p5,1,0.00037,12.675424,[ 1 67] ; [ 79 345],[11.05691057 56.94308943] ; [ 68.94308943 355.05691057],1
p12,1,0.013274,6.132265,[ 1 67] ; [ 47 378],[ 6.62068966 61.37931034] ; [ 41.37931034 383.62068966],0
b1,1,0.030673,4.67118,[36 32] ; [166 259],[27.86206897 40.13793103] ; [174.13793103 250.86206897],0
p1,1,0.327225,0.959847,[ 5 63] ; [ 48 376],[ 7.32520325 60.67479675] ; [ 45.67479675 378.32520325],0
