Feature,DoF,P Value,Chi Square,Observed,Expected,Is Significant
p9,1,5e-06,20.742418,[28 78] ; [11  1],[35.03389831 70.96610169] ; [3.96610169 8.03389831],1
p3,1,0.008174,6.994966,[19 90] ; [6 6],[22.52066116 86.47933884] ; [2.47933884 9.52066116],0
p8,1,0.009196,6.784324,[14 95] ; [5 7],[17.11570248 91.88429752] ; [ 1.88429752 10.11570248],0
p4,1,0.010913,6.47939,[26 83] ; [7 5],[29.72727273 79.27272727] ; [3.27272727 8.72727273],0
p11,1,0.030336,4.690138,[46 63] ; [9 3],[49.54545455 59.45454545] ; [5.45454545 6.54545455],0
p1,1,0.045112,4.014456,[  8 100] ; [3 9],[ 9.9 98.1] ; [ 1.1 10.9],0
p12,1,0.057233,3.615819,[  1 107] ; [ 1 11],[  1.8 106.2] ; [ 0.2 11.8],0
p5,1,0.169423,1.888044,[  2 107] ; [ 1 11],[  2.70247934 106.29752066] ; [ 0.29752066 11.70247934],0
b1,1,0.313866,1.014338,[53 56] ; [4 8],[51.34710744 57.65289256] ; [5.65289256 6.34710744],0
