Feature,DoF,P Value,Chi Square,Observed,Expected,Is Significant
p3,1,0.0,65.15168,[28 70] ; [261  97],[62.10964912 35.89035088] ; [226.89035088 131.10964912],1
p10,1,1.3e-05,19.082217,[79 18] ; [339  18],[89.30837004  7.69162996] ; [328.69162996  28.30837004],1
p2,1,0.000792,11.260944,[82 15] ; [337  19],[89.7196468  7.2803532] ; [329.2803532  26.7196468],1
p5,1,0.000984,10.857013,[ 6 91] ; [ 73 283],[16.91611479 80.08388521] ; [ 62.08388521 293.91611479],1
p12,1,0.008324,6.96244,[ 2 95] ; [ 38 320],[ 8.52747253 88.47252747] ; [ 31.47252747 326.52747253],0
p11,1,0.017401,5.655484,[77 21] ; [315  43],[84.24561404 13.75438596] ; [307.75438596  50.24561404],0
p1,1,0.151584,2.056234,[ 6 90] ; [ 40 316],[ 9.7699115 86.2300885] ; [ 36.2300885 319.7699115],0
b1,1,0.175715,1.833497,[31 67] ; [140 218],[36.75 61.25] ; [134.25 223.75],0
