Feature,DoF,P Value,Chi Square,Observed,Expected,Is Significant
p8,1,0.0,32.850789,[21 20] ; [ 9 96],[ 8.42465753 32.57534247] ; [21.57534247 83.42465753],1
p6,1,0.0,30.959595,[18 23] ; [ 6 98],[ 6.7862069 34.2137931] ; [17.2137931 86.7862069],1
p4,1,6e-06,20.475,[19 21] ; [13 91],[ 8.88888889 31.11111111] ; [23.11111111 80.88888889],1
p9,1,3e-05,17.390326,[36  5] ; [49 49],[25.07194245 15.92805755] ; [59.92805755 38.07194245],1
p11,1,0.000785,11.276448,[31 10] ; [47 58],[21.90410959 19.09589041] ; [56.09589041 48.90410959],1
p5,1,0.148746,2.085068,[ 4 36] ; [  4 100],[ 2.22222222 37.77777778] ; [ 5.77777778 98.22222222],0
p12,1,0.535517,0.383913,[ 4 37] ; [ 7 97],[ 3.11034483 37.88965517] ; [ 7.88965517 96.11034483],0
b1,1,0.763246,0.090734,[18 23] ; [49 56],[18.81506849 22.18493151] ; [48.18493151 56.81506849],0
p1,1,0.804139,0.061501,[ 3 38] ; [ 9 96],[ 3.36986301 37.63013699] ; [ 8.63013699 96.36986301],0
