Feature,DoF,P Value,Chi Square,Observed,Expected,Is Significant
p1,1,0.039108,4.256158,[ 7 80] ; [ 5 16],[ 9.66666667 77.33333333] ; [ 2.33333333 18.66666667],0
p9,1,0.072045,3.235794,[76 11] ; [15  6],[73.30555556 13.69444444] ; [17.69444444  3.30555556],0
p5,1,0.10556,2.619463,[ 4 83] ; [ 3 18],[ 5.63888889 81.36111111] ; [ 1.36111111 19.63888889],0
p11,1,0.121795,2.394089,[61 26] ; [11 10],[58. 29.] ; [14.  7.],0
p7,1,0.26188,1.258792,[58 27] ; [11  9],[55.85714286 29.14285714] ; [13.14285714  6.85714286],0
p10,1,0.590304,0.28987,[70 16] ; [16  5],[69.12149533 16.87850467] ; [16.87850467  4.12149533],0
p3,1,0.64238,0.215643,[38 49] ; [ 8 13],[37.05555556 49.94444444] ; [ 8.94444444 12.05555556],0
b1,1,0.677694,0.172734,[33 54] ; [ 9 12],[33.83333333 53.16666667] ; [ 8.16666667 12.83333333],0
p12,1,0.774807,0.081849,[ 3 84] ; [ 1 20],[ 3.22222222 83.77777778] ; [ 0.77777778 20.22222222],0
