Feature,DoF,P Value,Chi Square,Observed,Expected,Is Significant
p10,1,0.004175,8.206295,[224  37] ; [43 18],[216.41925466  44.58074534] ; [50.58074534 10.41925466],0
p11,1,0.065616,3.38943,[199  63] ; [40 22],[193.2654321  68.7345679] ; [45.7345679 16.2654321],0
b1,1,0.363112,0.827103,[ 92 170] ; [18 44],[ 88.95061728 173.04938272] ; [21.04938272 40.95061728],0
p5,1,0.408171,0.684121,[ 15 241] ; [ 2 60],[ 13.68553459 242.31446541] ; [ 3.31446541 58.68553459],0
p1,1,0.447706,0.576454,[ 11 251] ; [ 4 58],[ 12.12962963 249.87037037] ; [ 2.87037037 59.12962963],0
p2,1,0.476897,0.50595,[195  66] ; [49 13],[197.16408669  63.83591331] ; [46.83591331 15.16408669],0
p12,1,0.90621,0.013882,[ 18 244] ; [ 4 58],[ 17.79012346 244.20987654] ; [ 4.20987654 57.79012346],0
