Feature,DoF,P Value,Chi Square,Observed,Expected,Is Significant
p11,1,0.0,44.091433,[268  31] ; [16 18],[255.003003  43.996997] ; [28.996997  5.003003],1
p9,1,3e-06,21.591512,[269  30] ; [21 13],[260.39039039  38.60960961] ; [29.60960961  4.39039039],1
p10,1,3e-06,21.591512,[269  30] ; [21 13],[260.39039039  38.60960961] ; [29.60960961  4.39039039],1
p3,1,8e-05,15.547078,[227  72] ; [15 19],[217.29129129  81.70870871] ; [24.70870871  9.29129129],1
p6,1,0.003211,8.683387,[184 115] ; [12 22],[175.98798799 123.01201201] ; [20.01201201 13.98798799],0
p12,1,0.109662,2.559082,[ 36 263] ; [ 1 33],[ 33.22222222 265.77777778] ; [ 3.77777778 30.22222222],0
p1,1,0.259944,1.269058,[ 37 260] ; [ 2 32],[ 34.9939577 262.0060423] ; [ 4.0060423 29.9939577],0
b1,1,0.321178,0.984143,[123 176] ; [17 17],[125.70570571 173.29429429] ; [14.29429429 19.70570571],0
