Feature,DoF,P Value,Chi Square,Observed,Expected,Is Significant
p7,1,0.0,53.745363,[ 63 169] ; [110  63],[ 99.10123457 132.89876543] ; [73.89876543 99.10123457],1
p2,1,0.0,43.646192,[137 101] ; [151  21],[167.1804878  70.8195122] ; [120.8195122  51.1804878],1
p10,1,0.0,26.39877,[143  92] ; [145  27],[166.28992629  68.71007371] ; [121.71007371  50.28992629],1
p5,1,0.0,26.398173,[  3 234] ; [ 24 146],[ 15.72235872 221.27764128] ; [ 11.27764128 158.72235872],1
p9,1,3e-06,21.833732,[153  78] ; [149  23],[173.10669975  57.89330025] ; [128.89330025  43.10669975],1
p11,1,3.7e-05,16.998067,[151  87] ; [142  31],[169.66909976  68.33090024] ; [123.33090024  49.66909976],1
p1,1,0.018983,5.503075,[  7 230] ; [ 14 158],[ 12.16870416 224.83129584] ; [  8.83129584 163.16870416],0
p12,1,0.310894,1.026874,[ 12 224] ; [ 13 160],[ 14.42542787 221.57457213] ; [ 10.57457213 162.42542787],0
b1,1,0.933873,0.006885,[ 89 149] ; [ 64 109],[ 88.59854015 149.40145985] ; [ 64.40145985 108.59854015],0
