Feature,DoF,P Value,Chi Square,Observed,Expected,Is Significant
p7,1,0.0,26.805806,[19 49] ; [71 33],[35.58139535 32.41860465] ; [54.41860465 49.58139535],1
p11,1,0.008617,6.900558,[49 23] ; [93 17],[56.17582418 15.82417582] ; [85.82417582 24.17582418],0
p10,1,0.119217,2.427572,[58 14] ; [96 12],[61.6 10.4] ; [92.4 15.6],0
b1,1,0.152552,2.046549,[29 43] ; [33 77],[24.52747253 47.47252747] ; [37.47252747 72.52747253],0
p12,1,0.179641,1.800595,[ 7 65] ; [  5 103],[ 4.8 67.2] ; [  7.2 100.8],0
p6,1,0.23823,1.391038,[12 59] ; [26 81],[15.15730337 55.84269663] ; [22.84269663 84.15730337],0
p1,1,0.866838,0.028115,[ 8 64] ; [13 96],[ 8.35359116 63.64640884] ; [12.64640884 96.35359116],0
p5,1,0.940919,0.005493,[ 6 64] ; [  9 100],[ 5.86592179 64.13407821] ; [ 9.13407821 99.86592179],0
