Feature,DoF,P Value,Chi Square,Observed,Expected,Is Significant
p5,1,0.003258,8.656979,[ 58 189] ; [ 17 131],[ 46.89873418 200.10126582] ; [ 28.10126582 119.89873418],0
p12,1,0.00974,6.68188,[ 36 210] ; [  9 139],[ 28.0964467 217.9035533] ; [ 16.9035533 131.0964467],0
p10,1,0.024355,5.069177,[235  12] ; [131  16],[229.44670051  17.55329949] ; [136.55329949  10.44670051],0
b1,1,0.147121,2.101849,[105 142] ; [52 96],[ 98.17468354 148.82531646] ; [58.82531646 89.17468354],0
p1,1,0.208067,1.584827,[ 34 212] ; [ 14 133],[ 30.04580153 215.95419847] ; [ 17.95419847 129.04580153],0
p3,1,0.246989,1.340258,[176  70] ; [97 50],[170.88549618  75.11450382] ; [102.11450382  44.88549618],0
p2,1,0.743639,0.106954,[228  19] ; [137  10],[228.81979695  18.18020305] ; [136.18020305  10.81979695],0
p11,1,0.769734,0.085687,[211  36] ; [128  20],[211.98227848  35.01772152] ; [127.01772152  20.98227848],0
