Feature,DoF,P Value,Chi Square,Observed,Expected,Is Significant
p10,1,0.0,34.533522,[51 60] ; [127  31],[73.44981413 37.55018587] ; [104.55018587  53.44981413],1
p9,1,0.0,32.445689,[55 52] ; [134  26],[75.74157303 31.25842697] ; [113.25842697  46.74157303],1
p6,1,0.0,26.891672,[ 10 103] ; [ 58 101],[28.25 84.75] ; [ 39.75 119.25],1
p11,1,2.4e-05,17.853883,[54 60] ; [116  44],[70.72992701 43.27007299] ; [99.27007299 60.72992701],1
b1,1,0.025002,5.023727,[59 55] ; [61 99],[49.9270073 64.0729927] ; [70.0729927 89.9270073],0
p1,1,0.080571,3.053353,[ 10 104] ; [  6 154],[  6.65693431 107.34306569] ; [  9.34306569 150.65693431],0
p12,1,0.222993,1.485007,[  7 106] ; [  5 155],[  4.96703297 108.03296703] ; [  7.03296703 152.96703297],0
p5,1,0.419156,0.65268,[  4 109] ; [  9 150],[  5.40073529 107.59926471] ; [  7.59926471 151.40073529],0
