Feature,DoF,P Value,Chi Square,Observed,Expected,Is Significant
p9,1,0.007031,7.265084,[96  8] ; [36 11],[90.91390728 13.08609272] ; [41.08609272  5.91390728],0
p11,1,0.05832,3.584541,[87 17] ; [33 14],[82.64900662 21.35099338] ; [37.35099338  9.64900662],0
p2,1,0.374584,0.788401,[88 16] ; [37 10],[86.09271523 17.90728477] ; [38.90728477  8.09271523],0
p5,1,0.431655,0.618365,[ 8 96] ; [ 2 45],[ 6.88741722 97.11258278] ; [ 3.11258278 43.88741722],0
p7,1,0.697206,0.151395,[70 29] ; [29 14],[69.02112676 29.97887324] ; [29.97887324 13.02112676],0
p1,1,0.829352,0.046454,[12 92] ; [ 6 41],[12.39735099 91.60264901] ; [ 5.60264901 41.39735099],0
p12,1,0.86238,0.030049,[ 5 97] ; [ 2 45],[ 4.79194631 97.20805369] ; [ 2.20805369 44.79194631],0
b1,1,0.870331,0.026647,[34 70] ; [16 31],[34.43708609 69.56291391] ; [15.56291391 31.43708609],0
