Feature,DoF,P Value,Chi Square,Observed,Expected,Is Significant
p9,1,0.0,46.662511,[13 52] ; [175  87],[37.37003058 27.62996942] ; [150.62996942 111.37003058],1
p11,1,1.6e-05,18.623884,[23 45] ; [169 100],[38.74183976 29.25816024] ; [153.25816024 115.74183976],1
b1,1,0.028329,4.807932,[36 32] ; [103 166],[28.04747774 39.95252226] ; [110.95252226 158.04747774],0
p1,1,0.196531,1.667966,[ 5 63] ; [ 10 258],[ 3.03571429 64.96428571] ; [ 11.96428571 256.03571429],0
p12,1,0.249068,1.328526,[ 1 67] ; [ 12 255],[ 2.63880597 65.36119403] ; [ 10.36119403 256.63880597],0
p4,1,0.735445,0.11417,[13 55] ; [ 56 211],[14.00597015 53.99402985] ; [ 54.99402985 212.00597015],0
p5,1,0.823393,0.049811,[ 1 67] ; [  5 262],[ 1.21791045 66.78208955] ; [  4.78208955 262.21791045],0
