Feature,DoF,P Value,Chi Square,Observed,Expected,Is Significant
p8,1,0.046703,3.956044,[16 10] ; [ 4 10],[13. 13.] ; [7. 7.],0
p4,1,0.086677,2.935035,[13 12] ; [ 3 10],[10.52631579 14.47368421] ; [5.47368421 7.52631579],0
p3,1,0.224058,1.478188,[14 11] ; [5 9],[12.17948718 12.82051282] ; [6.82051282 7.17948718],0
b1,1,0.392041,0.732601,[15 11] ; [10  4],[16.25  9.75] ; [8.75 5.25],0
p1,1,0.802133,0.062794,[ 3 23] ; [ 2 12],[ 3.25 22.75] ; [ 1.75 12.25],0
p11,1,0.973253,0.001124,[15 11] ; [8 6],[14.95 11.05] ; [8.05 5.95],0
