Feature,DoF,P Value,Chi Square,Observed,Expected,Is Significant
p10,1,0.0,41.548315,[158  31] ; [ 5 17],[146.00473934  42.99526066] ; [16.99526066  5.00473934],1
p3,1,0.0037,8.425356,[ 35 153] ; [10 12],[ 40.28571429 147.71428571] ; [ 4.71428571 17.28571429],0
b1,1,0.00618,7.497095,[ 64 125] ; [14  8],[ 69.86729858 119.13270142] ; [ 8.13270142 13.86729858],0
p11,1,0.021137,5.315477,[139  50] ; [11 11],[134.36018957  54.63981043] ; [15.63981043  6.36018957],0
p6,1,0.035457,4.423047,[ 27 161] ; [ 7 15],[ 30.43809524 157.56190476] ; [ 3.56190476 18.43809524],0
p5,1,0.055223,3.675326,[  4 183] ; [ 2 19],[  5.39423077 181.60576923] ; [ 0.60576923 20.39423077],0
