Feature,DoF,P Value,Chi Square,Observed,Expected,Is Significant
p5,1,0.000203,13.806761,[ 55 197] ; [ 4 85],[ 43.60117302 208.39882698] ; [15.39882698 73.60117302],1
p11,1,0.000238,13.503872,[215  37] ; [60 29],[203.22580645  48.77419355] ; [71.77419355 17.22580645],1
p3,1,0.00027,13.264608,[176  76] ; [43 46],[161.84164223  90.15835777] ; [57.15835777 31.84164223],1
p4,1,0.000543,11.961489,[217  35] ; [62 27],[206.18181818  45.81818182] ; [72.81818182 16.18181818],1
p12,1,0.012054,6.30288,[ 32 218] ; [ 3 86],[ 25.81120944 224.18879056] ; [ 9.18879056 79.81120944],0
p1,1,0.35478,0.856285,[ 35 216] ; [ 9 80],[ 32.48235294 218.51764706] ; [11.51764706 77.48235294],0
p10,1,0.428511,0.626856,[224  26] ; [77 12],[221.97640118  28.02359882] ; [79.02359882  9.97640118],0
b1,1,0.513303,0.427327,[112 140] ; [36 53],[109.37243402 142.62756598] ; [38.62756598 50.37243402],0
