Feature,DoF,P Value,Chi Square,Observed,Expected,Is Significant
p5,1,0.044756,4.027805,[ 3 17] ; [ 1 45],[ 1.21212121 18.78787879] ; [ 2.78787879 43.21212121],0
p11,1,0.198878,1.650595,[ 7 13] ; [24 22],[ 9.39393939 10.60606061] ; [21.60606061 24.39393939],0
p9,1,0.338607,0.915698,[ 5 15] ; [16 27],[ 6.66666667 13.33333333] ; [14.33333333 28.66666667],0
b1,1,0.420994,0.64754,[13  7] ; [25 21],[11.51515152  8.48484848] ; [26.48484848 19.51515152],0
p1,1,0.549482,0.358245,[ 1 19] ; [ 1 44],[ 0.61538462 19.38461538] ; [ 1.38461538 43.61538462],0
p6,1,0.943418,0.005037,[ 7 13] ; [15 29],[ 6.875 13.125] ; [15.125 28.875],0
p8,1,0.965516,0.001869,[ 7 13] ; [16 29],[ 7.07692308 12.92307692] ; [15.92307692 29.07692308],0
