Feature,DoF,P Value,Chi Square,Observed,Expected,Is Significant
p9,1,0.0,38.329996,[153  78] ; [208  23],[180.5  50.5] ; [180.5  50.5],1
p7,1,4.1e-05,16.809412,[ 63 169] ; [103 123],[ 84.08733624 147.91266376] ; [ 81.91266376 144.08733624],1
p2,1,4.7e-05,16.554304,[137 101] ; [174  57],[157.82089552  80.17910448] ; [153.17910448  77.82089552],1
p11,1,5.7e-05,16.200157,[151  87] ; [186  46],[170.65106383  67.34893617] ; [166.34893617  65.65106383],1
p5,1,0.070677,3.267238,[  3 234] ; [  9 221],[  6.08993576 230.91006424] ; [  5.91006424 224.08993576],0
b1,1,0.340262,0.909443,[ 89 149] ; [ 77 155],[ 84.05957447 153.94042553] ; [ 81.94042553 150.05957447],0
p1,1,0.431877,0.61777,[  7 230] ; [ 10 222],[  8.59061834 228.40938166] ; [  8.40938166 223.59061834],0
p12,1,0.957049,0.002901,[ 12 224] ; [ 12 219],[ 12.12847966 223.87152034] ; [ 11.87152034 219.12847966],0
