Feature,DoF,P Value,Chi Square,Observed,Expected,Is Significant
p10,1,0.0,122.5603,[137  18] ; [17 77],[95.86345382 59.13654618] ; [58.13654618 35.86345382],1
p2,1,0.0,62.63873,[134  21] ; [36 58],[105.82329317  49.17670683] ; [64.17670683 29.82329317],1
p3,1,2e-06,23.106453,[72 84] ; [15 78],[ 54.5060241 101.4939759] ; [32.4939759 60.5060241],1
p11,1,4e-06,21.043959,[112  44] ; [40 54],[94.848 61.152] ; [57.152 36.848],1
p6,1,1.4e-05,18.857499,[58 96] ; [11 81],[ 43.19512195 110.80487805] ; [25.80487805 66.19512195],1
b1,1,0.019613,5.446012,[61 95] ; [51 43],[69.888 86.112] ; [42.112 51.888],0
p5,1,0.043915,4.059824,[ 10 144] ; [ 1 93],[  6.83064516 147.16935484] ; [ 4.16935484 89.83064516],0
p1,1,0.500259,0.454387,[  7 149] ; [ 6 87],[  8.14457831 147.85542169] ; [ 4.85542169 88.14457831],0
p12,1,0.836902,0.042378,[  4 152] ; [ 2 91],[  3.75903614 152.24096386] ; [ 2.24096386 90.75903614],0
