Feature,DoF,P Value,Chi Square,Observed,Expected,Is Significant
b1,1,0.300497,1.071985,[28 61] ; [42 67],[31.46464646 57.53535354] ; [38.53535354 70.46464646],0
p11,1,0.424532,0.637735,[59 30] ; [78 31],[61.58080808 27.41919192] ; [75.41919192 33.58080808],0
p7,1,0.593689,0.28462,[45 42] ; [60 48],[46.84615385 40.15384615] ; [58.15384615 49.84615385],0
p2,1,0.608676,0.262107,[71 17] ; [91 18],[72.36548223 15.63451777] ; [89.63451777 19.36548223],0
p9,1,0.680968,0.169038,[69 19] ; [82 26],[67.79591837 20.20408163] ; [83.20408163 24.79591837],0
p10,1,0.733242,0.116156,[64 23] ; [81 26],[65.0257732 21.9742268] ; [79.9742268 27.0257732],0
p1,1,0.813534,0.055634,[ 5 84] ; [  7 102],[ 5.39393939 83.60606061] ; [  6.60606061 102.39393939],0
p12,1,0.821707,0.050782,[ 2 87] ; [  3 106],[ 2.24747475 86.75252525] ; [  2.75252525 106.24747475],0
p5,1,0.982136,0.000501,[ 5 83] ; [  6 101],[ 4.96410256 83.03589744] ; [  6.03589744 100.96410256],0
