Feature,DoF,P Value,Chi Square,Observed,Expected,Is Significant
p10,1,0.0,166.770763,[15 35] ; [408  26],[43.69834711  6.30165289] ; [379.30165289  54.69834711],1
p3,1,0.0,50.860605,[10 40] ; [308 128],[32.71604938 17.28395062] ; [285.28395062 150.71604938],1
p8,1,0.0,30.883525,[14 36] ; [294 139],[31.88405797 18.11594203] ; [276.11594203 156.88405797],1
p11,1,1e-06,23.814699,[29 21] ; [373  63],[41.35802469  8.64197531] ; [360.64197531  75.35802469],1
p6,1,2e-06,22.525238,[ 8 41] ; [227 209],[23.74226804 25.25773196] ; [211.25773196 224.74226804],1
p7,1,0.000214,13.707932,[27 23] ; [337  96],[37.68115942 12.31884058] ; [326.31884058 106.68115942],1
p1,1,0.044315,4.044523,[ 1 48] ; [ 49 386],[ 5.06198347 43.93801653] ; [ 44.93801653 390.06198347],0
p12,1,0.04826,3.900925,[ 1 48] ; [ 48 388],[ 4.95051546 44.04948454] ; [ 44.04948454 391.95051546],0
b1,1,0.173052,1.856303,[24 26] ; [166 270],[19.5473251 30.4526749] ; [170.4526749 265.5473251],0
