Feature,DoF,P Value,Chi Square,Observed,Expected,Is Significant
p6,1,0.005738,7.63094,[ 8 14] ; [14 98],[ 3.6119403 18.3880597] ; [18.3880597 93.6119403],0
p8,1,0.036837,4.357937,[ 8 13] ; [20 92],[ 4.42105263 16.57894737] ; [23.57894737 88.42105263],0
b1,1,0.039826,4.225277,[15  7] ; [50 63],[10.59259259 11.40740741] ; [54.40740741 58.59259259],0
p11,1,0.109469,2.561865,[ 7 15] ; [57 56],[10.42962963 11.57037037] ; [53.57037037 59.42962963],0
p9,1,0.356525,0.850098,[ 5 17] ; [35 72],[ 6.82170543 15.17829457] ; [33.17829457 73.82170543],0
p1,1,0.868928,0.027232,[ 1 21] ; [  6 105],[ 1.15789474 20.84210526] ; [  5.84210526 105.15789474],0
