Feature,DoF,P Value,Chi Square,Observed,Expected,Is Significant
p2,1,0.0,28.695873,[137 101] ; [115  21],[160.36363636  77.63636364] ; [91.63636364 44.36363636],1
p9,1,0.0,26.900673,[153  78] ; [123  13],[173.72207084  57.27792916] ; [102.27792916  33.72207084],1
p11,1,0.000737,11.392778,[151  87] ; [109  27],[165.45454545  72.54545455] ; [94.54545455 41.45454545],1
p6,1,0.001803,9.740151,[ 26 211] ; [ 31 103],[ 36.41239892 200.58760108] ; [ 20.58760108 113.41239892],0
p5,1,0.251107,1.317134,[  3 234] ; [  4 132],[  4.44772118 232.55227882] ; [  2.55227882 133.44772118],0
p1,1,0.283361,1.150901,[  7 230] ; [  7 129],[  8.89544236 228.10455764] ; [  5.10455764 130.89544236],0
b1,1,0.90343,0.014721,[ 89 149] ; [50 86],[ 88.45454545 149.54545455] ; [50.54545455 85.45454545],0
p12,1,0.96632,0.001783,[ 12 224] ; [  7 128],[ 12.08625337 223.91374663] ; [  6.91374663 128.08625337],0
