Feature,DoF,P Value,Chi Square,Observed,Expected,Is Significant
p9,1,0.0,69.117608,[189  20] ; [16 28],[169.34782609  39.65217391] ; [35.65217391  8.34782609],1
p11,1,8.4e-05,15.475107,[185  24] ; [30 16],[176.21568627  32.78431373] ; [38.78431373  7.21568627],1
p4,1,9e-05,15.339399,[184  24] ; [30 16],[175.24409449  32.75590551] ; [38.75590551  7.24409449],1
p3,1,0.00027,13.265562,[156  52] ; [22 24],[145.76377953  62.23622047] ; [32.23622047 13.76377953],1
p5,1,0.007499,7.149364,[ 57 152] ; [ 4 42],[ 49.99607843 159.00392157] ; [11.00392157 34.99607843],0
p12,1,0.011618,6.368245,[ 34 174] ; [ 1 45],[ 28.66141732 179.33858268] ; [ 6.33858268 39.66141732],0
p2,1,0.040628,4.191452,[193  16] ; [38  8],[189.32941176  19.67058824] ; [41.67058824  4.32941176],0
p1,1,0.229789,1.442167,[ 33 175] ; [ 4 41],[ 30.41897233 177.58102767] ; [ 6.58102767 38.41897233],0
b1,1,0.460497,0.544686,[ 92 117] ; [23 23],[ 94.25490196 114.74509804] ; [20.74509804 25.25490196],0
