Feature,DoF,P Value,Chi Square,Observed,Expected,Is Significant
p7,1,0.020264,5.389016,[20 14] ; [24  4],[24.12903226  9.87096774] ; [19.87096774  8.12903226],0
p1,1,0.090586,2.863929,[ 3 33] ; [ 7 23],[ 5.45454545 30.54545455] ; [ 4.54545455 25.45454545],0
b1,1,0.138011,2.2,[21 15] ; [12 18],[18. 18.] ; [15. 15.],0
p2,1,0.150035,2.071892,[23 13] ; [24  6],[25.63636364 10.36363636] ; [21.36363636  8.63636364],0
p11,1,0.51183,0.430324,[25 11] ; [23  7],[26.18181818  9.81818182] ; [21.81818182  8.18181818],0
p3,1,0.700284,0.148176,[ 9 26] ; [ 9 21],[ 9.69230769 25.30769231] ; [ 8.30769231 21.69230769],0
