Feature,DoF,P Value,Chi Square,Observed,Expected,Is Significant
p10,1,0.0,99.767718,[11 26] ; [228  17],[31.35815603  5.64184397] ; [207.64184397  37.35815603],1
p3,1,2e-06,23.096608,[14 24] ; [185  61],[26.62676056 11.37323944] ; [172.37323944  73.62676056],1
p11,1,4e-06,21.353508,[21 17] ; [212  34],[31.17605634  6.82394366] ; [201.82394366  44.17605634],1
p2,1,1.1e-05,19.263143,[26 12] ; [227  19],[33.85211268  4.14788732] ; [219.14788732  26.85211268],1
p5,1,0.003056,8.773856,[ 1 37] ; [ 58 188],[ 7.8943662 30.1056338] ; [ 51.1056338 194.8943662],0
p12,1,0.036509,4.373176,[ 1 37] ; [ 37 209],[ 5.08450704 32.91549296] ; [ 32.91549296 213.08450704],0
b1,1,0.040575,4.193673,[22 16] ; [ 99 147],[16.19014085 21.80985915] ; [104.80985915 141.19014085],0
p1,1,0.062343,3.473932,[ 1 37] ; [ 32 213],[ 4.43109541 33.56890459] ; [ 28.56890459 216.43109541],0
