Feature,DoF,P Value,Chi Square,Observed,Expected,Is Significant
p2,1,0.026315,4.935188,[23 13] ; [101  23],[27.9  8.1] ; [96.1 27.9],0
b1,1,0.036355,4.380398,[21 15] ; [48 76],[15.525 20.475] ; [53.475 70.525],0
p3,1,0.081368,3.037364,[ 9 26] ; [52 72],[13.42767296 21.57232704] ; [47.57232704 76.42767296],0
p1,1,0.100126,2.703533,[ 3 33] ; [  3 121],[ 1.35 34.65] ; [  4.65 119.35],0
p4,1,0.36883,0.807604,[12 23] ; [53 71],[14.3081761 20.6918239] ; [50.6918239 73.3081761],0
p11,1,0.934149,0.006827,[25 11] ; [87 37],[25.2 10.8] ; [86.8 37.2],0
