Feature,DoF,P Value,Chi Square,Observed,Expected,Is Significant
p6,1,0.0,36.843492,[211 146] ; [14 57],[187.67523364 169.32476636] ; [37.32476636 33.67523364],1
p3,1,0.0,30.188595,[261  97] ; [28 43],[241.17016317 116.82983683] ; [47.82983683 23.17016317],1
p10,1,8.2e-05,15.517392,[339  18] ; [58 13],[331.14252336  25.85747664] ; [65.85747664  5.14252336],1
p11,1,0.003948,8.307448,[315  43] ; [54 18],[307.21395349  50.78604651] ; [61.78604651 10.21395349],0
p5,1,0.115439,2.478141,[ 73 283] ; [ 9 63],[ 68.20560748 287.79439252] ; [13.79439252 58.20560748],0
b1,1,0.25308,1.306223,[140 218] ; [23 49],[135.70697674 222.29302326] ; [27.29302326 44.70697674],0
p1,1,0.52272,0.408524,[ 40 316] ; [10 62],[ 41.58878505 314.41121495] ; [ 8.41121495 63.58878505],0
p12,1,0.583013,0.301389,[ 38 320] ; [ 6 65],[ 36.71794872 321.28205128] ; [ 7.28205128 63.71794872],0
