Feature,DoF,P Value,Chi Square,Observed,Expected,Is Significant
p8,1,0.000453,12.301405,[34 31] ; [ 65 160],[22.18965517 42.81034483] ; [ 76.81034483 148.18965517],1
b1,1,0.002158,9.410416,[35 32] ; [ 72 155],[24.38435374 42.61564626] ; [ 82.61564626 144.38435374],0
p6,1,0.014091,6.026754,[18 44] ; [ 35 192],[11.37024221 50.62975779] ; [ 41.62975779 185.37024221],0
p12,1,0.165957,1.919093,[ 3 62] ; [ 23 203],[ 5.80756014 59.19243986] ; [ 20.19243986 205.80756014],0
p11,1,0.285612,1.140189,[49 18] ; [180  47],[52.18707483 14.81292517] ; [176.81292517  50.18707483],0
p1,1,0.455584,0.556723,[ 4 63] ; [ 20 207],[ 5.46938776 61.53061224] ; [ 18.53061224 208.46938776],0
p5,1,0.574713,0.314861,[ 4 63] ; [ 18 206],[ 5.0652921 61.9347079] ; [ 16.9347079 207.0652921],0
p2,1,0.755883,0.096653,[52 15] ; [172  55],[51.04761905 15.95238095] ; [172.95238095  54.04761905],0
