Feature,DoF,P Value,Chi Square,Observed,Expected,Is Significant
p4,1,0.0,32.871182,[22 26] ; [228  46],[37.26708075 10.73291925] ; [212.73291925  61.26708075],1
p2,1,0.000948,10.927297,[36 12] ; [251  24],[42.6501548  5.3498452] ; [244.3498452  30.6501548],1
p5,1,0.001455,10.135159,[ 1 46] ; [ 60 215],[ 8.90372671 38.09627329] ; [ 52.09627329 222.90372671],0
p8,1,0.001737,9.808785,[23 24] ; [197  77],[32.21183801 14.78816199] ; [187.78816199  86.21183801],0
p11,1,0.003412,8.572714,[32 16] ; [232  43],[39.23219814  8.76780186] ; [224.76780186  50.23219814],0
p12,1,0.014516,5.974252,[ 1 47] ; [ 41 233],[ 6.26086957 41.73913043] ; [ 35.73913043 238.26086957],0
b1,1,0.015585,5.849051,[28 20] ; [109 166],[20.35913313 27.64086687] ; [116.64086687 158.35913313],0
p1,1,0.053597,3.725202,[ 2 46] ; [ 39 235],[ 6.11180124 41.88819876] ; [ 34.88819876 239.11180124],0
