Feature,DoF,P Value,Chi Square,Observed,Expected,Is Significant
p11,1,0.133064,2.256391,[33 19] ; [16 18],[29.62790698 22.37209302] ; [19.37209302 14.62790698],0
b1,1,0.202758,1.622399,[24 28] ; [11 23],[21.1627907 30.8372093] ; [13.8372093 20.1627907],0
p5,1,0.675796,0.174897,[ 2 49] ; [ 2 32],[ 2.4 48.6] ; [ 1.6 32.4],0
p4,1,0.721654,0.126913,[22 29] ; [16 18],[22.8 28.2] ; [15.2 18.8],0
p9,1,0.763102,0.090848,[22 28] ; [13 19],[21.34146341 28.65853659] ; [13.65853659 18.34146341],0
p12,1,0.823046,0.05001,[ 2 50] ; [ 1 33],[ 1.81395349 50.18604651] ; [ 1.18604651 32.81395349],0
p1,1,0.829788,0.046214,[ 2 49] ; [ 1 32],[ 1.82142857 49.17857143] ; [ 1.17857143 31.82142857],0
p2,1,0.961267,0.002358,[40 12] ; [26  8],[39.90697674 12.09302326] ; [26.09302326  7.90697674],0
