Feature,DoF,P Value,Chi Square,Observed,Expected,Is Significant
p9,1,0.001987,9.561508,[15 38] ; [21 13],[21.93103448 31.06896552] ; [14.06896552 19.93103448],0
p3,1,0.534162,0.386467,[27 26] ; [15 19],[25.5862069 27.4137931] ; [16.4137931 17.5862069],0
p11,1,0.610609,0.259289,[22 31] ; [16 18],[23.14942529 29.85057471] ; [14.85057471 19.14942529],0
p1,1,0.646777,0.209988,[ 2 51] ; [ 2 32],[ 2.43678161 50.56321839] ; [ 1.56321839 32.43678161],0
b1,1,0.667151,0.184953,[24 29] ; [17 17],[24.97701149 28.02298851] ; [16.02298851 17.97701149],0
p12,1,0.748822,0.102523,[ 1 52] ; [ 1 33],[ 1.2183908 51.7816092] ; [ 0.7816092 33.2183908],0
p8,1,0.877039,0.02394,[16 36] ; [11 23],[16.3255814 35.6744186] ; [10.6744186 23.3255814],0
