Feature,DoF,P Value,Chi Square,Observed,Expected,Is Significant
p9,1,0.000382,12.619347,[37 91] ; [21 13],[45.82716049 82.17283951] ; [12.17283951 21.82716049],1
p3,1,0.013318,6.126375,[ 30 101] ; [15 19],[35.72727273 95.27272727] ; [ 9.27272727 24.72727273],0
p12,1,0.586846,0.295296,[  2 128] ; [ 1 33],[  2.37804878 127.62195122] ; [ 0.62195122 33.37804878],0
p11,1,0.651552,0.203949,[56 75] ; [16 18],[57.16363636 73.83636364] ; [14.83636364 19.16363636],0
b1,1,0.905274,0.014162,[67 64] ; [17 17],[66.69090909 64.30909091] ; [17.30909091 16.69090909],0
p1,1,0.909665,0.012873,[  7 123] ; [ 2 32],[  7.13414634 122.86585366] ; [ 1.86585366 32.13414634],0
