Feature,DoF,P Value,Chi Square,Observed,Expected,Is Significant
p9,1,0.004136,8.223282,[22 15] ; [44  7],[27.75  9.25] ; [38.25 12.75],0
b1,1,0.03529,4.431111,[18 19] ; [14 38],[13.30337079 23.69662921] ; [18.69662921 33.30337079],0
p10,1,0.146437,2.108984,[23 14] ; [39 12],[26.06818182 10.93181818] ; [35.93181818 15.06818182],0
p1,1,0.199903,1.643081,[ 1 36] ; [ 5 47],[ 2.49438202 34.50561798] ; [ 3.50561798 48.49438202],0
p5,1,0.511839,0.430305,[ 2 33] ; [ 5 47],[ 2.81609195 32.18390805] ; [ 4.18390805 47.81609195],0
p11,1,0.615563,0.252154,[23 14] ; [35 17],[24.11235955 12.88764045] ; [33.88764045 18.11235955],0
p4,1,0.701744,0.146664,[15 22] ; [19 33],[14.13483146 22.86516854] ; [19.86516854 32.13483146],0
