Feature,DoF,P Value,Chi Square,Observed,Expected,Is Significant
p11,1,0.657668,0.196368,[247  59] ; [239  52],[249.10552764  56.89447236] ; [236.89447236  54.10552764],0
p7,1,0.699958,0.148516,[167 129] ; [163 118],[169.28942808 126.71057192] ; [160.71057192 120.28942808],0
b1,1,0.700758,0.147684,[ 84 222] ; [ 84 207],[ 86.11055276 219.88944724] ; [ 81.88944724 209.11055276],0
p12,1,0.771235,0.084541,[ 13 292] ; [ 11 279],[ 12.30252101 292.69747899] ; [ 11.69747899 278.30252101],0
p8,1,0.781674,0.076806,[133 165] ; [130 154],[134.66323024 163.33676976] ; [128.33676976 155.66323024],0
p6,1,0.792095,0.06948,[ 85 218] ; [ 78 210],[ 83.56852792 219.43147208] ; [ 79.43147208 208.56852792],0
p4,1,0.872052,0.025938,[128 176] ; [124 166],[128.96969697 175.03030303] ; [123.03030303 166.96969697],0
p5,1,0.883805,0.021359,[ 16 290] ; [ 16 275],[ 16.40201005 289.59798995] ; [ 15.59798995 275.40201005],0
p1,1,0.916397,0.011019,[ 11 295] ; [ 10 281],[ 10.7638191 295.2361809] ; [ 10.2361809 280.7638191],0
