Feature,DoF,P Value,Chi Square,Observed,Expected,Is Significant
p7,1,0.000602,11.769703,[28 83] ; [22 18],[36.75496689 74.24503311] ; [13.24503311 26.75496689],1
p2,1,0.001535,10.036186,[49 64] ; [29 11],[57.60784314 55.39215686] ; [20.39215686 19.60784314],0
p11,1,0.368444,0.808907,[50 63] ; [21 19],[52.4379085 60.5620915] ; [18.5620915 21.4379085],0
p12,1,0.443859,0.586286,[  1 111] ; [ 1 39],[  1.47368421 110.52631579] ; [ 0.52631579 39.47368421],0
p5,1,0.455258,0.557527,[  3 110] ; [ 2 37],[  3.71710526 109.28289474] ; [ 1.28289474 37.71710526],0
b1,1,0.480559,0.497594,[61 52] ; [19 21],[59.08496732 53.91503268] ; [20.91503268 19.08496732],0
p1,1,0.638887,0.220201,[  8 104] ; [ 2 38],[  7.36842105 104.63157895] ; [ 2.63157895 37.36842105],0
