Feature,DoF,P Value,Chi Square,Observed,Expected,Is Significant
p10,1,0.0,34.893399,[ 7 22] ; [56  9],[19.43617021  9.56382979] ; [43.56382979 21.43617021],1
b1,1,0.012237,6.276209,[21  9] ; [28 38],[15.3125 14.6875] ; [33.6875 32.3125],0
p2,1,0.058712,3.57341,[23  7] ; [60  6],[25.9375  4.0625] ; [57.0625  8.9375],0
p11,1,0.212393,1.555041,[18 12] ; [48 18],[20.625  9.375] ; [45.375 20.625],0
p3,1,0.308387,1.037572,[13 17] ; [36 30],[15.3125 14.6875] ; [33.6875 32.3125],0
p5,1,0.66461,0.187972,[ 2 28] ; [ 3 63],[ 1.5625 28.4375] ; [ 3.4375 62.5625],0
p1,1,0.697381,0.151211,[ 4 26] ; [ 7 59],[ 3.4375 26.5625] ; [ 7.5625 58.4375],0
