Feature,DoF,P Value,Chi Square,Observed,Expected,Is Significant
p9,1,0.000106,15.031187,[103   4] ; [15  6],[98.640625  8.359375] ; [19.359375  1.640625],1
p11,1,0.003874,8.342152,[88 20] ; [11 10],[82.88372093 25.11627907] ; [16.11627907  4.88372093],0
p3,1,0.066614,3.364542,[64 43] ; [ 8 13],[60.1875 46.8125] ; [11.8125  9.1875],0
p1,1,0.083072,3.00376,[11 97] ; [ 5 16],[13.39534884 94.60465116] ; [ 2.60465116 18.39534884],0
p12,1,0.245629,1.347997,[15 93] ; [ 1 20],[13.39534884 94.60465116] ; [ 2.60465116 18.39534884],0
p6,1,0.478793,0.501612,[23 84] ; [ 6 15],[24.2421875 82.7578125] ; [ 4.7578125 16.2421875],0
b1,1,0.503849,0.446821,[38 70] ; [ 9 12],[39.34883721 68.65116279] ; [ 7.65116279 13.34883721],0
p5,1,0.700521,0.14793,[12 94] ; [ 3 18],[12.51968504 93.48031496] ; [ 2.48031496 18.51968504],0
