Feature,DoF,P Value,Chi Square,Observed,Expected,Is Significant
p11,1,0.0,75.226619,[20 25] ; [313  28],[38.82124352  6.17875648] ; [294.17875648  46.82124352],1
p2,1,2e-06,22.526766,[33 12] ; [320  20],[41.25974026  3.74025974] ; [311.74025974  28.25974026],1
p6,1,6e-06,20.516111,[ 9 36] ; [189 149],[23.26370757 21.73629243] ; [174.73629243 163.26370757],1
p3,1,0.003349,8.606748,[22 23] ; [240 100],[30.62337662 14.37662338] ; [231.37662338 108.62337662],0
p5,1,0.010179,6.603259,[ 2 43] ; [ 69 272],[ 8.27720207 36.72279793] ; [ 62.72279793 278.27720207],0
b1,1,0.079467,3.075772,[23 22] ; [128 213],[17.60362694 27.39637306] ; [133.39637306 207.60362694],0
p1,1,0.126254,2.337964,[ 2 43] ; [ 41 298],[ 5.0390625 39.9609375] ; [ 37.9609375 301.0390625],0
