Feature,DoF,P Value,Chi Square,Observed,Expected,Is Significant
p4,1,1e-05,19.594176,[94 32] ; [139 133],[73.7638191 52.2361809] ; [159.2361809 112.7638191],1
b1,1,0.004281,8.160601,[61 65] ; [ 91 181],[48.12060302 77.87939698] ; [103.87939698 168.12060302],0
p10,1,0.020356,5.381072,[98 27] ; [237  34],[105.74494949  19.25505051] ; [229.25505051  41.74494949],0
p1,1,0.123536,2.371909,[ 11 115] ; [ 13 259],[  7.59798995 118.40201005] ; [ 16.40201005 255.59798995],0
p7,1,0.185531,1.752752,[72 54] ; [134 134],[65.87817259 60.12182741] ; [140.12182741 127.87817259],0
p11,1,0.245138,1.3508,[89 37] ; [207  65],[93.70854271 32.29145729] ; [202.29145729  69.70854271],0
p5,1,0.361897,0.8313,[ 11 114] ; [ 17 254],[  8.83838384 116.16161616] ; [ 19.16161616 251.83838384],0
p12,1,0.625435,0.238302,[  8 118] ; [ 14 258],[  6.96482412 119.03517588] ; [ 15.03517588 256.96482412],0
p6,1,0.630368,0.231562,[38 87] ; [ 76 195],[35.98484848 89.01515152] ; [ 78.01515152 192.98484848],0
