Feature,DoF,P Value,Chi Square,Observed,Expected,Is Significant
p4,1,0.108175,2.580688,[12 26] ; [27 29],[15.76595745 22.23404255] ; [23.23404255 32.76595745],0
b1,1,0.275114,1.191069,[22 16] ; [26 30],[19.40425532 18.59574468] ; [28.59574468 27.40425532],0
p5,1,0.329327,0.951541,[ 1 37] ; [ 4 51],[ 2.04301075 35.95698925] ; [ 2.95698925 52.04301075],0
p11,1,0.400519,0.706767,[21 17] ; [26 30],[19. 19.] ; [28. 28.],0
p3,1,0.451265,0.567473,[14 24] ; [25 31],[15.76595745 22.23404255] ; [23.23404255 32.76595745],0
p2,1,0.484061,0.4897,[26 12] ; [42 14],[27.4893617 10.5106383] ; [40.5106383 15.4893617],0
p12,1,0.799182,0.064722,[ 1 37] ; [ 2 54],[ 1.21276596 36.78723404] ; [ 1.78723404 54.21276596],0
