Feature,DoF,P Value,Chi Square,Observed,Expected,Is Significant
p11,1,0.016298,5.770414,[42 31] ; [32  8],[47.80530973 25.19469027] ; [26.19469027 13.80530973],0
p12,1,0.034481,4.470696,[ 1 71] ; [ 4 36],[ 3.21428571 68.78571429] ; [ 1.78571429 38.21428571],0
p1,1,0.100834,2.692308,[ 3 69] ; [ 5 35],[ 5.14285714 66.85714286] ; [ 2.85714286 37.14285714],0
p4,1,0.164616,1.931304,[32 41] ; [23 17],[35.53097345 37.46902655] ; [19.46902655 20.53097345],0
p8,1,0.308958,1.035123,[24 49] ; [17 23],[26.48672566 46.51327434] ; [14.51327434 25.48672566],0
b1,1,0.677185,0.173312,[34 39] ; [17 23],[32.94690265 40.05309735] ; [18.05309735 21.94690265],0
p7,1,0.853544,0.034077,[37 36] ; [21 19],[37.46902655 35.53097345] ; [20.53097345 19.46902655],0
