Feature,DoF,P Value,Chi Square,Observed,Expected,Is Significant
p9,1,0.0,79.587026,[107  18] ; [14 54],[78.36787565 46.63212435] ; [42.63212435 25.36787565],1
p4,1,0.0,63.744556,[94 32] ; [11 60],[67.15736041 58.84263959] ; [37.84263959 33.15736041],1
p7,1,0.0,28.731624,[72 54] ; [12 57],[54.27692308 71.72307692] ; [29.72307692 39.27692308],1
p11,1,1e-06,25.187812,[89 37] ; [24 47],[72.27411168 53.72588832] ; [40.72588832 30.27411168],1
p6,1,0.000469,12.236682,[38 87] ; [ 6 64],[28.20512821 96.79487179] ; [15.79487179 54.20512821],1
p5,1,0.039904,4.221956,[ 11 114] ; [ 1 69],[  7.69230769 117.30769231] ; [ 4.30769231 65.69230769],0
p12,1,0.110811,2.54262,[  8 118] ; [ 1 70],[  5.75634518 120.24365482] ; [ 3.24365482 67.75634518],0
b1,1,0.379717,0.771619,[61 65] ; [39 32],[63.95939086 62.04060914] ; [36.04060914 34.95939086],0
p1,1,0.431449,0.61892,[ 11 115] ; [ 4 67],[  9.59390863 116.40609137] ; [ 5.40609137 65.59390863],0
