Feature,DoF,P Value,Chi Square,Observed,Expected,Is Significant
p10,1,0.0,25.821946,[158  31] ; [15 19],[146.62331839  42.37668161] ; [26.37668161  7.62331839],1
p7,1,0.000449,12.318244,[ 68 116] ; [23 10],[ 77.16129032 106.83870968] ; [13.83870968 19.16129032],1
p3,1,0.007591,7.127529,[ 35 153] ; [13 20],[ 40.83257919 147.16742081] ; [ 7.16742081 25.83257919],0
p11,1,0.015394,5.87079,[139  50] ; [18 16],[133.06278027  55.93721973] ; [23.93721973 10.06278027],0
b1,1,0.249735,1.324785,[ 64 125] ; [15 19],[ 66.95515695 122.04484305] ; [12.04484305 21.95515695],0
p1,1,0.724601,0.124126,[  8 181] ; [ 1 33],[  7.62780269 181.37219731] ; [ 1.37219731 32.62780269],0
p5,1,0.772328,0.083712,[  4 183] ; [ 1 33],[  4.23076923 182.76923077] ; [ 0.76923077 33.23076923],0
p2,1,0.985281,0.00034,[133  55] ; [24 10],[132.95495495  55.04504505] ; [24.04504505  9.95495495],0
