Feature,DoF,P Value,Chi Square,Observed,Expected,Is Significant
p9,1,0.228305,1.451391,[86 26] ; [72 14],[89.37373737 22.62626263] ; [68.62626263 17.37373737],0
p2,1,0.240591,1.377129,[87 26] ; [72 14],[90.28643216 22.71356784] ; [68.71356784 17.28643216],0
p10,1,0.340596,0.908185,[82 30] ; [68 18],[84.84848485 27.15151515] ; [65.15151515 20.84848485],0
b1,1,0.357337,0.847229,[53 60] ; [46 40],[56.2160804 56.7839196] ; [42.7839196 43.2160804],0
p12,1,0.38666,0.749421,[  7 106] ; [ 3 83],[  5.67839196 107.32160804] ; [ 4.32160804 81.67839196],0
p5,1,0.413498,0.66872,[13 97] ; [ 7 78],[11.28205128 98.71794872] ; [ 8.71794872 76.28205128],0
p1,1,0.556753,0.345358,[  9 104] ; [ 5 81],[  7.94974874 105.05025126] ; [ 6.05025126 79.94974874],0
p4,1,0.626478,0.236868,[76 37] ; [55 31],[74.38693467 38.61306533] ; [56.61306533 29.38693467],0
p11,1,0.637797,0.221635,[81 32] ; [59 27],[79.49748744 33.50251256] ; [60.50251256 25.49748744],0
