Feature,DoF,P Value,Chi Square,Observed,Expected,Is Significant
p8,1,0.0,119.851111,[156  33] ; [ 29 106],[107.91666667  81.08333333] ; [77.08333333 57.91666667],1
p2,1,0.0,35.373863,[176  14] ; [91 45],[155.61349693  34.38650307] ; [111.38650307  24.61349693],1
p5,1,0.0,28.288596,[ 52 138] ; [  6 129],[ 33.90769231 156.09230769] ; [ 24.09230769 110.90769231],1
b1,1,0.001754,9.790407,[93 97] ; [43 93],[ 79.26380368 110.73619632] ; [56.73619632 79.26380368],0
p12,1,0.004055,8.258888,[ 31 157] ; [  8 127],[ 22.6996904 165.3003096] ; [ 16.3003096 118.6996904],0
p1,1,0.061639,3.492716,[ 30 159] ; [ 12 124],[ 24.42461538 164.57538462] ; [ 17.57538462 118.42461538],0
p11,1,0.098129,2.7357,[158  32] ; [103  33],[152.11656442  37.88343558] ; [108.88343558  27.11656442],0
p9,1,0.66699,0.185143,[176  13] ; [124  11],[175.  14.] ; [125.  10.],0
