Feature,DoF,P Value,Chi Square,Observed,Expected,Is Significant
p7,1,1.8e-05,18.427921,[14 61] ; [12  5],[21.19565217 53.80434783] ; [ 4.80434783 12.19565217],1
p9,1,0.000416,12.458298,[13 61] ; [10  7],[18.7032967 55.2967033] ; [ 4.2967033 12.7032967],1
p1,1,0.002131,9.432901,[ 4 73] ; [ 5 12],[ 7.37234043 69.62765957] ; [ 1.62765957 15.37234043],0
p8,1,0.009835,6.664465,[ 8 68] ; [ 6 11],[11.44086022 64.55913978] ; [ 2.55913978 14.44086022],0
p3,1,0.026754,4.906601,[13 64] ; [ 7 10],[16.38297872 60.61702128] ; [ 3.61702128 13.38297872],0
p11,1,0.56235,0.335651,[26 51] ; [ 7 10],[27.03191489 49.96808511] ; [ 5.96808511 11.03191489],0
p5,1,0.722224,0.126372,[ 3 73] ; [ 1 16],[ 3.2688172 72.7311828] ; [ 0.7311828 16.2688172],0
b1,1,0.748126,0.103113,[42 35] ; [10  7],[42.59574468 34.40425532] ; [9.40425532 7.59574468],0
