Feature,DoF,P Value,Chi Square,Observed,Expected,Is Significant
p10,1,0.0,124.507759,[121  87] ; [408  26],[171.3894081  36.6105919] ; [357.6105919  76.3894081],1
p6,1,0.0,111.228323,[ 19 191] ; [227 209],[ 79.96904025 130.03095975] ; [166.03095975 269.96904025],1
p11,1,0.0,48.212271,[130  82] ; [373  63],[164.5617284  47.4382716] ; [338.4382716  97.5617284],1
p5,1,0.0,34.781825,[  4 207] ; [ 81 354],[ 27.76315789 183.23684211] ; [ 57.23684211 377.76315789],1
p1,1,0.006937,7.289191,[ 10 201] ; [ 49 386],[ 19.27089783 191.72910217] ; [ 39.72910217 395.27089783],0
p12,1,0.029878,4.716318,[ 12 198] ; [ 48 388],[ 19.50464396 190.49535604] ; [ 40.49535604 395.50464396],0
b1,1,0.842015,0.039727,[ 79 133] ; [166 270],[ 80.15432099 131.84567901] ; [164.84567901 271.15432099],0
