Feature,DoF,P Value,Chi Square,Observed,Expected,Is Significant
p4,1,0.0,25.307078,[ 91 180] ; [61 36],[111.93478261 159.06521739] ; [40.06521739 56.93478261],1
p7,1,5e-06,20.814012,[128 139] ; [70 23],[146.85 120.15] ; [51.15 41.85],1
p1,1,0.02819,4.816401,[  8 263] ; [ 8 89],[ 11.7826087 259.2173913] ; [ 4.2173913 92.7826087],0
p8,1,0.045775,3.989859,[109 158] ; [51 46],[117.36263736 149.63736264] ; [42.63736264 54.36263736],0
p10,1,0.061963,3.48405,[210  60] ; [84 13],[216.29427793  53.70572207] ; [77.70572207 19.29427793],0
p5,1,0.105921,2.614044,[ 11 262] ; [ 8 89],[ 14.01891892 258.98108108] ; [ 4.98108108 92.01891892],0
p12,1,0.223627,1.480941,[  9 261] ; [ 6 91],[ 11.03542234 258.96457766] ; [ 3.96457766 93.03542234],0
b1,1,0.725989,0.122826,[ 84 189] ; [28 69],[ 82.63783784 190.36216216] ; [29.36216216 67.63783784],0
p11,1,0.779955,0.078052,[213  60] ; [77 20],[213.97297297  59.02702703] ; [76.02702703 20.97297297],0
