Feature,DoF,P Value,Chi Square,Observed,Expected,Is Significant
p8,1,0.012931,6.178548,[23 22] ; [26 63],[16.45522388 28.54477612] ; [32.54477612 56.45522388],0
p5,1,0.026729,4.908202,[ 6 39] ; [ 3 88],[ 2.97794118 42.02205882] ; [ 6.02205882 84.97794118],0
p1,1,0.065939,3.381327,[ 6 39] ; [ 4 85],[ 3.35820896 41.64179104] ; [ 6.64179104 82.35820896],0
b1,1,0.128937,2.305252,[25 20] ; [38 53],[20.84558824 24.15441176] ; [42.15441176 48.84558824],0
p11,1,0.362191,0.830281,[20 25] ; [48 43],[22.5 22.5] ; [45.5 45.5],0
p7,1,0.465099,0.533597,[24 21] ; [42 48],[22. 23.] ; [44. 46.],0
p9,1,0.598716,0.276936,[17 28] ; [37 50],[18.40909091 26.59090909] ; [35.59090909 51.40909091],0
