Feature,DoF,P Value,Chi Square,Observed,Expected,Is Significant
p8,1,0.079913,3.066667,[1 5] ; [22 18],[3. 3.] ; [20. 20.],0
p4,1,0.246137,1.345097,[2 4] ; [24 17],[3.31914894 2.68085106] ; [22.68085106 18.31914894],0
p1,1,0.443344,0.587611,[1 5] ; [ 3 38],[0.5106383 5.4893617] ; [ 3.4893617 37.5106383],0
p2,1,0.676432,0.174171,[5 1] ; [31 10],[4.59574468 1.40425532] ; [31.40425532  9.59574468],0
b1,1,0.692838,0.15603,[3 3] ; [24 17],[3.44680851 2.55319149] ; [23.55319149 17.44680851],0
p11,1,0.779023,0.078732,[3 3] ; [18 23],[2.68085106 3.31914894] ; [18.31914894 22.68085106],0
