Feature,DoF,P Value,Chi Square,Observed,Expected,Is Significant
p8,1,0.0,105.600642,[12 77] ; [318 127],[55. 34.] ; [275. 170.],1
p11,1,0.0,105.483357,[35 54] ; [391  56],[70.73507463 18.26492537] ; [355.26492537  91.73507463],1
p3,1,0.0,61.399406,[16 72] ; [284 163],[49.34579439 38.65420561] ; [250.65420561 196.34579439],1
p6,1,0.0,36.178931,[13 73] ; [224 221],[38.38418079 47.61581921] ; [198.61581921 246.38418079],1
p5,1,0.000188,13.945543,[ 1 88] ; [ 71 375],[11.97757009 77.02242991] ; [ 60.02242991 385.97757009],1
b1,1,0.01349,6.103695,[47 42] ; [173 274],[36.52985075 52.47014925] ; [183.47014925 263.52985075],0
p12,1,0.029235,4.753717,[ 2 86] ; [ 41 405],[ 7.08614232 80.91385768] ; [ 35.91385768 410.08614232],0
p1,1,0.23531,1.408472,[ 5 83] ; [ 43 403],[ 7.91011236 80.08988764] ; [ 40.08988764 405.91011236],0
