Feature,DoF,P Value,Chi Square,Observed,Expected,Is Significant
p11,1,0.0,41.788185,[49 59] ; [211  55],[75.0802139 32.9197861] ; [184.9197861  81.0802139],1
p2,1,0.0,38.645033,[50 58] ; [210  56],[75.0802139 32.9197861] ; [184.9197861  81.0802139],1
p8,1,0.000432,12.386917,[20 87] ; [ 98 163],[34.30978261 72.69021739] ; [ 83.69021739 177.30978261],1
b1,1,0.000591,11.803623,[55 53] ; [ 85 181],[40.42780749 67.57219251] ; [ 99.57219251 166.42780749],1
p7,1,0.006593,7.38065,[31 74] ; [116 142],[42.52066116 62.47933884] ; [104.47933884 153.52066116],0
p5,1,0.052959,3.745202,[  1 106] ; [ 14 250],[  4.32614555 102.67385445] ; [ 10.67385445 253.32614555],0
p12,1,0.087546,2.918931,[  1 106] ; [ 12 253],[  3.73924731 103.26075269] ; [  9.26075269 255.73924731],0
p4,1,0.22971,1.442655,[26 80] ; [ 81 182],[30.73712737 75.26287263] ; [ 76.26287263 186.73712737],0
p1,1,0.684618,0.164974,[  5 102] ; [ 10 256],[  4.30294906 102.69705094] ; [ 10.69705094 255.30294906],0
