Feature,DoF,P Value,Chi Square,Observed,Expected,Is Significant
p10,1,0.0,29.410386,[210  60] ; [ 5 16],[199.48453608  70.51546392] ; [15.51546392  5.48453608],1
p4,1,1.5e-05,18.766897,[ 91 180] ; [17  4],[100.23287671 170.76712329] ; [ 7.76712329 13.23287671],1
b1,1,2.3e-05,17.924441,[ 84 189] ; [16  5],[ 92.85714286 180.14285714] ; [ 7.14285714 13.85714286],1
p7,1,3e-05,17.43489,[128 139] ; [20  1],[137.20833333 129.79166667] ; [10.79166667 10.20833333],1
p1,1,0.000344,12.812856,[  8 263] ; [ 4 17],[ 11.1369863 259.8630137] ; [ 0.8630137 20.1369863],1
p11,1,0.029592,4.732843,[213  60] ; [12  9],[208.92857143  64.07142857] ; [16.07142857  4.92857143],0
p5,1,0.237907,1.392954,[ 11 262] ; [ 2 19],[ 12.07142857 260.92857143] ; [ 0.92857143 20.07142857],0
