Feature,DoF,P Value,Chi Square,Observed,Expected,Is Significant
p10,1,0.0,27.452509,[339  18] ; [13  7],[333.32625995  23.67374005] ; [18.67374005  1.32625995],1
p11,1,0.292014,1.110312,[315  43] ; [16  4],[313.48677249  44.51322751] ; [17.51322751  2.48677249],0
p1,1,0.383968,0.757958,[ 40 316] ; [ 1 19],[ 38.81914894 317.18085106] ; [ 2.18085106 17.81914894],0
p3,1,0.441065,0.59351,[261  97] ; [13  7],[259.5026455  98.4973545] ; [14.4973545  5.5026455],0
p12,1,0.539361,0.376725,[ 38 320] ; [ 3 17],[ 38.83068783 319.16931217] ; [ 2.16931217 17.83068783],0
p8,1,0.590453,0.289638,[269  88] ; [14  6],[267.9867374  89.0132626] ; [15.0132626  4.9867374],0
b1,1,0.599641,0.275538,[140 218] ; [ 9 11],[141.11640212 216.88359788] ; [ 7.88359788 12.11640212],0
p5,1,0.956519,0.002973,[ 73 283] ; [ 4 16],[ 72.90425532 283.09574468] ; [ 4.09574468 15.90425532],0
