Feature,DoF,P Value,Chi Square,Observed,Expected,Is Significant
p11,1,0.000869,11.087799,[70 19] ; [4 8],[65.20792079 23.79207921] ; [8.79207921 3.20792079],1
p2,1,0.055122,3.678379,[78 11] ; [8 4],[75.78217822 13.21782178] ; [10.21782178  1.78217822],0
b1,1,0.172796,1.858514,[27 62] ; [6 6],[29.07920792 59.92079208] ; [3.92079208 8.07920792],0
p1,1,0.315096,1.009196,[ 7 82] ; [ 2 10],[ 7.93069307 81.06930693] ; [ 1.06930693 10.93069307],0
p4,1,0.388121,0.744821,[56 33] ; [6 6],[54.63366337 34.36633663] ; [7.36633663 4.63366337],0
