Feature,DoF,P Value,Chi Square,Observed,Expected,Is Significant
p6,1,5e-06,20.849424,[ 14 136] ; [10 12],[ 20.93023256 129.06976744] ; [ 3.06976744 18.93023256],1
p5,1,0.000846,11.137698,[  6 143] ; [ 5 17],[  9.58479532 139.41520468] ; [ 1.41520468 20.58479532],1
p11,1,0.091964,2.839662,[114  36] ; [13  9],[110.75581395  39.24418605] ; [16.24418605  5.75581395],0
p10,1,0.107119,2.59622,[124  26] ; [15  7],[121.22093023  28.77906977] ; [17.77906977  4.22093023],0
b1,1,0.146654,2.106718,[ 45 105] ; [10 12],[ 47.96511628 102.03488372] ; [ 7.03488372 14.96511628],0
p1,1,0.162559,1.950263,[ 13 137] ; [ 4 18],[ 14.8255814 135.1744186] ; [ 2.1744186 19.8255814],0
p12,1,0.780308,0.077795,[  9 140] ; [ 1 21],[  8.71345029 140.28654971] ; [ 1.28654971 20.71345029],0
