Feature,DoF,P Value,Chi Square,Observed,Expected,Is Significant
p9,1,1e-06,24.031985,[58  9] ; [59 58],[42.60326087 24.39673913] ; [74.39673913 42.60326087],1
p11,1,0.003964,8.300338,[46 22] ; [57 67],[36.47916667 31.52083333] ; [66.52083333 57.47916667],0
p8,1,0.01945,5.460627,[15 53] ; [ 12 111],[ 9.61256545 58.38743455] ; [ 17.38743455 105.61256545],0
p7,1,0.039491,4.239611,[19 44] ; [20 98],[13.57458564 49.42541436] ; [25.42541436 92.57458564],0
p12,1,0.154716,2.025128,[ 7 61] ; [  6 117],[ 4.62827225 63.37172775] ; [  8.37172775 114.62827225],0
p4,1,0.178341,1.811393,[15 51] ; [ 18 103],[11.64705882 54.35294118] ; [21.35294118 99.64705882],0
p5,1,0.192334,1.699646,[ 5 61] ; [  4 117],[ 3.17647059 62.82352941] ; [  5.82352941 115.17647059],0
p1,1,0.342696,0.900318,[ 7 61] ; [  8 116],[ 5.3125 62.6875] ; [  9.6875 114.3125],0
b1,1,0.445576,0.581881,[29 39] ; [60 64],[31.52083333 36.47916667] ; [57.47916667 66.52083333],0
