Feature,DoF,P Value,Chi Square,Observed,Expected,Is Significant
p9,1,1e-06,25.175513,[69 19] ; [13 27],[56.375 31.625] ; [25.625 14.375],1
b1,1,0.00341,8.574039,[28 61] ; [24 17],[35.6 53.4] ; [16.4 24.6],0
p11,1,0.015782,5.827027,[59 30] ; [18 23],[52.71538462 36.28461538] ; [24.28461538 16.71538462],0
p5,1,0.197705,1.65925,[ 5 83] ; [ 5 36],[ 6.82170543 81.17829457] ; [ 3.17829457 37.82170543],0
p2,1,0.509657,0.434772,[71 17] ; [31 10],[69.58139535 18.41860465] ; [32.41860465  8.58139535],0
p1,1,0.707968,0.140315,[ 5 84] ; [ 3 38],[ 5.47692308 83.52307692] ; [ 2.52307692 38.47692308],0
p6,1,0.912451,0.012088,[30 56] ; [14 25],[30.272 55.728] ; [13.728 25.272],0
