Feature,DoF,P Value,Chi Square,Observed,Expected,Is Significant
p2,1,0.205659,1.601727,[10 11] ; [19 10],[12.18  8.82] ; [16.82 12.18],0
b1,1,0.290733,1.116222,[16  5] ; [18 11],[14.28  6.72] ; [19.72  9.28],0
p1,1,0.293431,1.103813,[ 1 20] ; [ 4 25],[ 2.1 18.9] ; [ 2.9 26.1],0
p6,1,0.350656,0.871083,[ 4 16] ; [ 9 19],[ 5.41666667 14.58333333] ; [ 7.58333333 20.41666667],0
p5,1,0.472633,0.515814,[ 1 20] ; [ 3 26],[ 1.68 19.32] ; [ 2.32 26.68],0
p8,1,0.724276,0.124433,[ 6 15] ; [ 7 22],[ 5.46 15.54] ; [ 7.54 21.46],0
p11,1,0.738161,0.11175,[ 7 14] ; [11 18],[ 7.56 13.44] ; [10.44 18.56],0
