Feature,DoF,P Value,Chi Square,Observed,Expected,Is Significant
p9,1,0.062056,3.481579,[18 20] ; [12  4],[21.11111111 16.88888889] ; [8.88888889 7.11111111],0
p11,1,0.089484,2.88363,[26 12] ; [7 9],[23.22222222 14.77777778] ; [9.77777778 6.22222222],0
p4,1,0.187842,1.734462,[24 14] ; [7 9],[21.81481481 16.18518519] ; [9.18518519 6.81481481],0
b1,1,0.205461,1.603125,[19 19] ; [ 5 11],[16.88888889 21.11111111] ; [7.11111111 8.88888889],0
p5,1,0.593955,0.284211,[ 3 35] ; [ 2 14],[ 3.51851852 34.48148148] ; [ 1.48148148 14.51851852],0
p1,1,0.78981,0.071053,[ 6 32] ; [ 3 13],[ 6.33333333 31.66666667] ; [ 2.66666667 13.33333333],0
p3,1,0.911133,0.012457,[16 22] ; [7 9],[16.18518519 21.81481481] ; [6.81481481 9.18518519],0
