Feature,DoF,P Value,Chi Square,Observed,Expected,Is Significant
p11,1,1.5e-05,18.792496,[199  63] ; [11 18],[189.07216495  72.92783505] ; [20.92783505  8.07216495],1
p4,1,0.000411,12.481404,[100 161] ; [21  8],[108.9 152.1] ; [12.1 16.9],1
b1,1,0.004505,8.068306,[ 92 170] ; [18 11],[ 99.03780069 162.96219931] ; [10.96219931 18.03780069],0
p1,1,0.026603,4.916414,[ 11 251] ; [ 4 25],[ 13.50515464 248.49484536] ; [ 1.49484536 27.50515464],0
p2,1,0.285405,1.141171,[195  66] ; [19 10],[192.6  68.4] ; [21.4  7.6],0
p5,1,0.346631,0.885751,[ 15 241] ; [ 3 26],[ 16.16842105 239.83157895] ; [ 1.83157895 27.16842105],0
