Feature,DoF,P Value,Chi Square,Observed,Expected,Is Significant
p10,1,0.0,87.320827,[17 77] ; [98 21],[50.75117371 43.24882629] ; [64.24882629 54.75117371],1
p2,1,0.0,64.608519,[36 58] ; [109  12],[63.39534884 30.60465116] ; [81.60465116 39.39534884],1
p11,1,0.0,29.728751,[40 54] ; [96 26],[59.18518519 34.81481481] ; [76.81481481 45.18518519],1
p7,1,1e-06,24.067059,[26 66] ; [73 44],[43.57894737 48.42105263] ; [55.42105263 61.57894737],1
b1,1,0.001535,10.036696,[51 43] ; [40 82],[39.60185185 54.39814815] ; [51.39814815 70.60185185],0
p5,1,0.017453,5.650283,[ 1 93] ; [ 10 111],[ 4.80930233 89.19069767] ; [  6.19069767 114.80930233],0
p1,1,0.648602,0.207667,[ 6 87] ; [  6 114],[ 5.23943662 87.76056338] ; [  6.76056338 113.23943662],0
p12,1,0.867313,0.027913,[ 2 91] ; [  3 117],[ 2.18309859 90.81690141] ; [  2.81690141 117.18309859],0
