Feature,DoF,P Value,Chi Square,Observed,Expected,Is Significant
p9,1,0.0,83.954734,[298   8] ; [23 17],[283.89017341  22.10982659] ; [37.10982659  2.89017341],1
p8,1,0.0,32.716404,[238  68] ; [14 26],[222.86705202  83.13294798] ; [29.13294798 10.86705202],1
p4,1,2e-06,22.930186,[258  48] ; [21 19],[246.74566474  59.25433526] ; [32.25433526  7.74566474],1
p11,1,0.000679,11.544903,[273  33] ; [28 12],[266.20231214  39.79768786] ; [34.79768786  5.20231214],1
p12,1,0.061441,3.498048,[ 38 267] ; [ 1 39],[ 34.47826087 270.52173913] ; [ 4.52173913 35.47826087],0
p5,1,0.137494,2.205784,[ 63 242] ; [ 4 34],[ 59.57725948 245.42274052] ; [ 7.42274052 30.57725948],0
b1,1,0.326019,0.964646,[128 178] ; [20 20],[130.89017341 175.10982659] ; [17.10982659 22.89017341],0
p1,1,0.690346,0.158711,[ 37 267] ; [ 4 36],[ 36.23255814 267.76744186] ; [ 4.76744186 35.23255814],0
