Feature,DoF,P Value,Chi Square,Observed,Expected,Is Significant
p4,1,0.0,43.445916,[227  34] ; [12 19],[213.62671233  47.37328767] ; [25.37328767  5.62671233],1
p9,1,0.0,25.99085,[240  21] ; [19 12],[231.50342466  29.49657534] ; [27.49657534  3.50342466],1
p10,1,1e-06,24.559149,[238  22] ; [19 12],[229.62199313  30.37800687] ; [27.37800687  3.62199313],1
p11,1,4e-06,21.378846,[232  29] ; [18 13],[223.45890411  37.54109589] ; [26.54109589  4.45890411],1
p6,1,0.007208,7.220308,[156 101] ; [11 20],[149.02430556 107.97569444] ; [17.97569444 13.02430556],0
p5,1,0.041241,4.166065,[ 61 200] ; [ 2 27],[ 56.7 204.3] ; [ 6.3 22.7],0
b1,1,0.057257,3.61511,[105 156] ; [18 13],[109.94178082 151.05821918] ; [13.05821918 17.94178082],0
p12,1,0.101817,2.676845,[ 35 225] ; [ 1 30],[ 32.16494845 227.83505155] ; [ 3.83505155 27.16494845],0
p1,1,0.549724,0.357811,[ 35 224] ; [ 3 28],[ 33.93793103 225.06206897] ; [ 4.06206897 26.93793103],0
