Feature,DoF,P Value,Chi Square,Observed,Expected,Is Significant
p10,1,0.12708,2.327819,[70 20] ; [77 12],[73.91061453 16.08938547] ; [73.08938547 15.91061453],0
p11,1,0.210692,1.566662,[69 22] ; [60 29],[65.21666667 25.78333333] ; [63.78333333 25.21666667],0
b1,1,0.230764,1.436149,[29 62] ; [36 53],[32.86111111 58.13888889] ; [32.13888889 56.86111111],0
p5,1,0.36042,0.836431,[ 7 83] ; [ 4 85],[ 5.53072626 84.46927374] ; [ 5.46927374 83.53072626],0
p7,1,0.489545,0.477525,[53 33] ; [58 29],[55.17919075 30.82080925] ; [55.82080925 31.17919075],0
p1,1,0.600202,0.274691,[ 7 82] ; [ 9 80],[ 8. 81.] ; [ 8. 81.],0
p2,1,0.975419,0.000949,[77 13] ; [76 13],[76.9273743 13.0726257] ; [76.0726257 12.9273743],0
p12,1,0.988894,0.000194,[ 3 87] ; [ 3 86],[ 3.01675978 86.98324022] ; [ 2.98324022 86.01675978],0
