Feature,DoF,P Value,Chi Square,Observed,Expected,Is Significant
p7,1,0.0,113.269759,[243  28] ; [103 123],[188.6639839  82.3360161] ; [157.3360161  68.6639839],1
p5,1,0.0,39.170533,[ 65 209] ; [  9 221],[ 40.23015873 233.76984127] ; [ 33.76984127 196.23015873],1
p1,1,6.9e-05,15.839092,[ 41 232] ; [ 10 222],[ 27.57029703 245.42970297] ; [ 23.42970297 208.57029703],1
p12,1,0.0016,9.95943,[ 37 236] ; [ 12 219],[ 26.54166667 246.45833333] ; [ 22.45833333 208.54166667],0
p11,1,0.007891,7.057965,[243  31] ; [186  46],[232.30434783  41.69565217] ; [196.69565217  35.30434783],0
b1,1,0.074923,3.171742,[112 162] ; [ 77 155],[102.34387352 171.65612648] ; [ 86.65612648 145.34387352],0
p9,1,0.220439,1.501511,[255  19] ; [208  23],[251.21188119  22.78811881] ; [211.78811881  19.21188119],0
