Feature,DoF,P Value,Chi Square,Observed,Expected,Is Significant
p11,1,7e-06,20.206108,[22 15] ; [187  24],[31.18145161  5.81854839] ; [177.81854839  33.18145161],1
b1,1,0.000398,12.539354,[24 13] ; [ 72 139],[14.32258065 22.67741935] ; [ 81.67741935 129.32258065],1
p2,1,0.054331,3.7025,[30  7] ; [192  18],[33.25506073  3.74493927] ; [188.74493927  21.25506073],0
p7,1,0.248391,1.332331,[30  6] ; [154  53],[27.25925926  8.74074074] ; [156.74074074  50.25925926],0
p1,1,0.397728,0.715186,[ 5 32] ; [ 19 191],[ 3.5951417 33.4048583] ; [ 20.4048583 189.5951417],0
p3,1,0.804873,0.061031,[20 16] ; [112  98],[19.31707317 16.68292683] ; [112.68292683  97.31707317],0
p5,1,0.872934,0.025578,[ 4 33] ; [ 21 190],[ 3.72983871 33.27016129] ; [ 21.27016129 189.72983871],0
