Feature,DoF,P Value,Chi Square,Observed,Expected,Is Significant
p4,1,4e-06,21.437336,[ 42 169] ; [33 35],[ 56.72043011 154.27956989] ; [18.27956989 49.72043011],1
p2,1,1.7e-05,18.473719,[116  96] ; [57 11],[130.98571429  81.01428571] ; [42.01428571 25.98571429],1
p5,1,0.000486,12.168774,[  4 207] ; [ 8 60],[  9.07526882 201.92473118] ; [ 2.92473118 65.07526882],1
p9,1,0.001639,9.915786,[132  72] ; [57 10],[142.27306273  61.72693727] ; [46.72693727 20.27306273],0
p10,1,0.001995,9.554254,[121  87] ; [53 14],[131.60727273  76.39272727] ; [42.39272727 24.60727273],0
p1,1,0.015585,5.849157,[ 10 201] ; [ 9 59],[ 14.36917563 196.63082437] ; [ 4.63082437 63.36917563],0
p11,1,0.108603,2.574428,[130  82] ; [49 19],[135.52857143  76.47142857] ; [43.47142857 24.52857143],0
b1,1,0.160762,1.967045,[ 79 133] ; [19 49],[ 74.2 137.8] ; [23.8 44.2],0
p12,1,0.696947,0.151667,[ 12 198] ; [ 3 64],[ 11.37184116 198.62815884] ; [ 3.62815884 63.37184116],0
