Feature,DoF,P Value,Chi Square,Observed,Expected,Is Significant
p9,1,0.024304,5.072838,[19  9] ; [139  24],[23.16230366  4.83769634] ; [134.83769634  28.16230366],0
p5,1,0.0248,5.037799,[ 6 20] ; [ 14 150],[ 2.73684211 23.26315789] ; [ 17.26315789 146.73684211],0
b1,1,0.068314,3.323063,[16 12] ; [ 64 101],[11.60621762 16.39378238] ; [68.39378238 96.60621762],0
p10,1,0.165686,1.921552,[19  9] ; [129  33],[21.81052632  6.18947368] ; [126.18947368  35.81052632],0
p6,1,0.321374,0.983346,[13 15] ; [ 60 104],[10.64583333 17.35416667] ; [ 62.35416667 101.64583333],0
p12,1,0.61254,0.256493,[ 2 26] ; [  8 157],[ 1.4507772 26.5492228] ; [  8.5492228 156.4507772],0
p11,1,0.752322,0.09959,[21  7] ; [119  46],[20.31088083  7.68911917] ; [119.68911917  45.31088083],0
p1,1,0.980456,0.0006,[ 2 26] ; [ 12 153],[ 2.03108808 25.96891192] ; [ 11.96891192 153.03108808],0
p3,1,0.986347,0.000293,[16 12] ; [94 71],[15.95854922 12.04145078] ; [94.04145078 70.95854922],0
