Feature,DoF,P Value,Chi Square,Observed,Expected,Is Significant
p3,1,3.4e-05,17.196849,[23 57] ; [94 71],[38.20408163 41.79591837] ; [78.79591837 86.20408163],1
p7,1,8.7e-05,15.3912,[21 56] ; [89 75],[35.14522822 41.85477178] ; [74.85477178 89.14522822],1
p6,1,0.001345,10.279659,[13 66] ; [ 60 104],[23.73251029 55.26748971] ; [ 49.26748971 114.73251029],0
p5,1,0.088014,2.910325,[ 2 74] ; [ 14 150],[ 5.06666667 70.93333333] ; [ 10.93333333 153.06666667],0
p12,1,0.232274,1.42688,[ 7 73] ; [  8 157],[ 4.89795918 75.10204082] ; [ 10.10204082 154.89795918],0
b1,1,0.353543,0.8607,[36 44] ; [ 64 101],[32.65306122 47.34693878] ; [67.34693878 97.65306122],0
p11,1,0.456499,0.554464,[54 26] ; [119  46],[56.48979592 23.51020408] ; [116.51020408  48.48979592],0
p1,1,0.685173,0.164361,[ 7 73] ; [ 12 153],[ 6.20408163 73.79591837] ; [ 12.79591837 152.20408163],0
p10,1,0.766181,0.088431,[65 15] ; [129  33],[64.1322314 15.8677686] ; [129.8677686  32.1322314],0
