Feature,DoF,P Value,Chi Square,Observed,Expected,Is Significant
p6,1,0.102602,2.664622,[ 5 83] ; [14 98],[ 8.36 79.64] ; [ 10.64 101.36],0
p8,1,0.180221,1.795804,[10 80] ; [20 92],[13.36633663 76.63366337] ; [16.63366337 95.36633663],0
p2,1,0.252374,1.310116,[35 55] ; [53 60],[39.01477833 50.98522167] ; [48.98522167 64.01477833],0
p11,1,0.395369,0.722366,[40 50] ; [57 56],[43.00492611 46.99507389] ; [53.99507389 59.00492611],0
p1,1,0.483148,0.49175,[ 7 82] ; [  6 105],[ 5.785 83.215] ; [  7.215 103.785],0
p9,1,0.673378,0.177676,[26 61] ; [35 72],[27.3556701 59.6443299] ; [33.6443299 73.3556701],0
p12,1,0.845353,0.038045,[ 2 87] ; [  3 109],[ 2.21393035 86.78606965] ; [  2.78606965 109.21393035],0
b1,1,0.852345,0.034643,[41 49] ; [50 63],[40.34482759 49.65517241] ; [50.65517241 62.34482759],0
