Feature,DoF,P Value,Chi Square,Observed,Expected,Is Significant
p10,1,6e-06,20.353732,[121  20] ; [32 25],[108.95454545  32.04545455] ; [44.04545455 12.95454545],1
b1,1,0.006587,7.382357,[50 92] ; [33 26],[58.63681592 83.36318408] ; [24.36318408 34.63681592],0
p9,1,0.0175,5.645543,[122  19] ; [42 16],[116.20100503  24.79899497] ; [47.79899497 10.20100503],0
p12,1,0.167996,1.900735,[  9 133] ; [ 1 58],[  7.06467662 134.93532338] ; [ 2.93532338 56.06467662],0
p3,1,0.226839,1.460571,[83 59] ; [29 30],[79.12437811 62.87562189] ; [32.87562189 26.12437811],0
p2,1,0.275016,1.191556,[119  22] ; [46 13],[116.325  24.675] ; [48.675 10.325],0
p1,1,0.346548,0.886057,[  9 133] ; [ 6 53],[ 10.59701493 131.40298507] ; [ 4.40298507 54.59701493],0
p7,1,0.411015,0.675864,[73 67] ; [27 32],[70.35175879 69.64824121] ; [29.64824121 29.35175879],0
p5,1,0.545466,0.365503,[ 13 125] ; [ 4 55],[ 11.90862944 126.09137056] ; [ 5.09137056 53.90862944],0
p6,1,0.582761,0.301792,[48 91] ; [18 41],[46.33333333 92.66666667] ; [19.66666667 39.33333333],0
