Feature,DoF,P Value,Chi Square,Observed,Expected,Is Significant
p10,1,0.0,35.865404,[235  12] ; [82 30],[218.10306407  28.89693593] ; [98.89693593 13.10306407],1
p2,1,4.5e-05,16.629388,[228  19] ; [87 26],[216.125  30.875] ; [98.875 14.125],1
p4,1,4.7e-05,16.55674,[211  35] ; [76 37],[196.66295265  49.33704735] ; [90.33704735 22.66295265],1
p11,1,0.00199,9.558561,[211  36] ; [81 32],[200.34444444  46.65555556] ; [91.65555556 21.34444444],0
p5,1,0.010798,6.498284,[ 58 189] ; [13 97],[ 49.1232493 197.8767507] ; [21.8767507 88.1232493],0
p12,1,0.022188,5.23096,[ 36 210] ; [  7 106],[ 29.46518106 216.53481894] ; [13.53481894 99.46518106],0
p1,1,0.112479,2.519035,[ 34 212] ; [  9 104],[ 29.46518106 216.53481894] ; [13.53481894 99.46518106],0
b1,1,0.435755,0.607435,[105 142] ; [53 60],[108.40555556 138.59444444] ; [49.59444444 63.40555556],0
