Feature,DoF,P Value,Chi Square,Observed,Expected,Is Significant
p3,1,2e-06,22.377047,[22 23] ; [ 7 64],[11.25 33.75] ; [17.75 53.25],1
p2,1,1.3e-05,19.009931,[33 12] ; [23 49],[21.53846154 23.46153846] ; [34.46153846 37.53846154],1
p6,1,0.018215,5.575307,[ 9 36] ; [ 4 66],[ 5.08695652 39.91304348] ; [ 7.91304348 62.08695652],0
p5,1,0.309018,1.034868,[ 2 43] ; [ 1 71],[ 1.15384615 43.84615385] ; [ 1.84615385 70.15384615],0
p1,1,0.406681,0.688483,[ 2 43] ; [ 6 65],[ 3.10344828 41.89655172] ; [ 4.89655172 66.10344828],0
p11,1,0.552273,0.353261,[20 25] ; [28 44],[18.46153846 26.53846154] ; [29.53846154 42.46153846],0
b1,1,0.906903,0.013676,[23 22] ; [36 36],[22.69230769 22.30769231] ; [36.30769231 35.69230769],0
