Feature,DoF,P Value,Chi Square,Observed,Expected,Is Significant
p6,1,1.7e-05,18.5423,[13 15] ; [11 91],[ 5.16923077 22.83076923] ; [18.83076923 83.16923077],1
p5,1,6e-05,16.116803,[ 6 20] ; [  2 102],[ 1.6 24.4] ; [ 6.4 97.6],1
p3,1,0.000565,11.887056,[16 12] ; [24 79],[ 8.54961832 19.45038168] ; [31.45038168 71.54961832],1
p11,1,0.000814,11.210174,[21  7] ; [41 63],[13.15151515 14.84848485] ; [48.84848485 55.15151515],1
p12,1,0.156075,2.011847,[ 2 26] ; [  2 101],[ 0.85496183 27.14503817] ; [ 3.14503817 99.85496183],0
b1,1,0.62326,0.241313,[16 12] ; [54 50],[14.84848485 13.15151515] ; [55.15151515 48.84848485],0
p1,1,0.796267,0.066657,[ 2 26] ; [ 6 97],[ 1.70992366 26.29007634] ; [ 6.29007634 96.70992366],0
