Feature,DoF,P Value,Chi Square,Observed,Expected,Is Significant
p10,1,0.0,32.483787,[123  16] ; [143  92],[98.86096257 40.13903743] ; [167.13903743  67.86096257],1
p2,1,0.0,30.357741,[119  21] ; [137 101],[94.81481481 45.18518519] ; [161.18518519  76.81481481],1
p6,1,0.000206,13.771098,[ 35 101] ; [ 26 211],[ 22.24128686 113.75871314] ; [ 38.75871314 198.24128686],1
p11,1,0.001261,10.398395,[111  29] ; [151  87],[97.03703704 42.96296296] ; [164.96296296  73.03703704],0
p5,1,0.133396,2.252535,[  5 135] ; [  3 234],[  2.97082228 137.02917772] ; [  5.02917772 231.97082228],0
p1,1,0.185159,1.755723,[  8 132] ; [  7 230],[  5.57029178 134.42970822] ; [  9.42970822 227.57029178],0
b1,1,0.640474,0.218123,[49 91] ; [ 89 149],[51.11111111 88.88888889] ; [ 86.88888889 151.11111111],0
p12,1,0.983405,0.000433,[  7 132] ; [ 12 224],[  7.04266667 131.95733333] ; [ 11.95733333 224.04266667],0
