Feature,DoF,P Value,Chi Square,Observed,Expected,Is Significant
p7,1,0.0,25.378391,[31 74] ; [23  5],[42.63157895 62.36842105] ; [11.36842105 16.63157895],1
p4,1,3e-06,21.611199,[26 80] ; [20  8],[36.3880597 69.6119403] ; [ 9.6119403 18.3880597],1
p8,1,9e-06,19.697705,[20 87] ; [17 11],[29.32592593 77.67407407] ; [ 7.67407407 20.32592593],1
p1,1,0.017712,5.624399,[  5 102] ; [ 5 23],[ 7.92592593 99.07407407] ; [ 2.07407407 25.92592593],0
p5,1,0.047246,3.936612,[  1 106] ; [ 2 26],[  2.37777778 104.62222222] ; [ 0.62222222 27.37777778],0
p11,1,0.074412,3.182917,[49 59] ; [18 10],[53.20588235 54.79411765] ; [13.79411765 14.20588235],0
b1,1,0.108932,2.569648,[55 53] ; [19  9],[58.76470588 49.23529412] ; [15.23529412 12.76470588],0
p10,1,0.86082,0.030741,[26 81] ; [ 7 20],[26.35074627 80.64925373] ; [ 6.64925373 20.35074627],0
