Feature,DoF,P Value,Chi Square,Observed,Expected,Is Significant
p4,1,1.1e-05,19.392862,[184  24] ; [20 14],[175.33884298  32.66115702] ; [28.66115702  5.33884298],1
p10,1,5.7e-05,16.213484,[185  24] ; [21 13],[177.17695473  31.82304527] ; [28.82304527  5.17695473],1
p3,1,0.000246,13.443858,[156  52] ; [15 19],[146.97520661  61.02479339] ; [24.02479339  9.97520661],1
p11,1,0.005194,7.810786,[185  24] ; [24 10],[179.75720165  29.24279835] ; [29.24279835  4.75720165],0
p2,1,0.016891,5.707706,[193  16] ; [27  7],[189.218107  19.781893] ; [30.781893  3.218107],0
p12,1,0.039372,4.244743,[ 34 174] ; [ 1 33],[ 30.08264463 177.91735537] ; [ 4.91735537 29.08264463],0
b1,1,0.109469,2.561866,[ 92 117] ; [10 24],[ 87.72839506 121.27160494] ; [14.27160494 19.72839506],0
p9,1,0.360563,0.835931,[189  20] ; [29  5],[187.49794239  21.50205761] ; [30.50205761  3.49794239],0
p1,1,0.863215,0.029682,[ 33 175] ; [ 5 29],[ 32.66115702 175.33884298] ; [ 5.33884298 28.66115702],0
