Feature,DoF,P Value,Chi Square,Observed,Expected,Is Significant
p4,1,0.000133,14.598966,[12  5] ; [16 55],[ 5.40909091 11.59090909] ; [22.59090909 48.40909091],1
p11,1,0.104664,2.632995,[8 9] ; [49 23],[10.88764045  6.11235955] ; [46.11235955 25.88764045],0
p5,1,0.714641,0.133685,[ 1 16] ; [ 6 64],[ 1.36781609 15.63218391] ; [ 5.63218391 64.36781609],0
p8,1,0.80723,0.059537,[ 4 13] ; [15 57],[ 3.62921348 13.37078652] ; [15.37078652 56.62921348],0
p1,1,0.938822,0.005891,[ 2 15] ; [ 8 64],[ 1.91011236 15.08988764] ; [ 8.08988764 63.91011236],0
b1,1,0.945861,0.004611,[ 7 10] ; [29 43],[ 6.87640449 10.12359551] ; [29.12359551 42.87640449],0
