Feature,DoF,P Value,Chi Square,Observed,Expected,Is Significant
p10,1,0.0,27.213003,[166  53] ; [20 32],[150.3099631  68.6900369] ; [35.6900369 16.3099631],1
b1,1,0.000281,13.195379,[ 61 160] ; [28 24],[ 72.04761905 148.95238095] ; [16.95238095 35.04761905],1
p11,1,0.002018,9.533495,[170  51] ; [29 23],[161.0952381  59.9047619] ; [37.9047619 14.0952381],0
p8,1,0.227427,1.456881,[ 77 137] ; [23 28],[ 80.75471698 133.24528302] ; [19.24528302 31.75471698],0
p12,1,0.528376,0.397513,[  8 210] ; [ 1 51],[  7.26666667 210.73333333] ; [ 1.73333333 50.26666667],0
p5,1,0.649818,0.20613,[  6 214] ; [ 2 49],[  6.49446494 213.50553506] ; [ 1.50553506 49.49446494],0
