Feature,DoF,P Value,Chi Square,Observed,Expected,Is Significant
p9,1,0.000404,12.513542,[17  3] ; [12 22],[10.74074074  9.25925926] ; [18.25925926 15.74074074],1
p8,1,0.1303,2.288927,[10 10] ; [24 10],[12.59259259  7.40740741] ; [21.40740741 12.59259259],0
p11,1,0.3527,0.86372,[11  9] ; [23 11],[12.59259259  7.40740741] ; [21.40740741 12.59259259],0
b1,1,0.398512,0.712812,[10 10] ; [21 13],[11.48148148  8.51851852] ; [19.51851852 14.48148148],0
p4,1,0.510225,0.433606,[13  7] ; [19 15],[11.85185185  8.14814815] ; [20.14814815 13.85185185],0
p1,1,0.619078,0.247166,[ 2 18] ; [ 5 29],[ 2.59259259 17.40740741] ; [ 4.40740741 29.59259259],0
p5,1,0.885478,0.020744,[ 2 18] ; [ 3 31],[ 1.85185185 18.14814815] ; [ 3.14814815 30.85185185],0
