Feature,DoF,P Value,Chi Square,Observed,Expected,Is Significant
p8,1,0.0,34.963719,[ 11 110] ; [12  7],[ 19.87857143 101.12142857] ; [ 3.12142857 15.87857143],1
p11,1,0.00323,8.672524,[58 63] ; [16  3],[63.95714286 57.04285714] ; [10.04285714  8.95714286],0
p3,1,0.015573,5.850473,[23 98] ; [ 8 10],[26.98561151 94.01438849] ; [ 4.01438849 13.98561151],0
b1,1,0.043191,4.087904,[59 62] ; [14  5],[63.09285714 57.90714286] ; [9.90714286 9.09285714],0
p5,1,0.839295,0.041126,[  5 113] ; [ 1 18],[  5.16788321 112.83211679] ; [ 0.83211679 18.16788321],0
p1,1,0.841154,0.040167,[ 11 110] ; [ 2 17],[ 11.23571429 109.76428571] ; [ 1.76428571 17.23571429],0
