Feature,DoF,P Value,Chi Square,Observed,Expected,Is Significant
p9,1,0.001321,10.313254,[3 2] ; [40  1],[4.67391304 0.32608696] ; [38.32608696  2.67391304],0
p11,1,0.003431,8.562612,[3 3] ; [38  3],[5.23404255 0.76595745] ; [35.76595745  5.23404255],0
p2,1,0.003945,8.30875,[3 3] ; [37  3],[5.2173913 0.7826087] ; [34.7826087  5.2173913],0
p6,1,0.039473,4.240385,[1 5] ; [24 15],[3.33333333 2.66666667] ; [21.66666667 17.33333333],0
p8,1,0.045094,4.015128,[2 3] ; [33  8],[3.80434783 1.19565217] ; [31.19565217  9.80434783],0
p4,1,0.106014,2.612664,[4 2] ; [37  4],[5.23404255 0.76595745] ; [35.76595745  5.23404255],0
p7,1,0.481924,0.494505,[4 2] ; [31  8],[4.66666667 1.33333333] ; [30.33333333  8.66666667],0
p3,1,0.59389,0.284311,[5 1] ; [30 11],[4.46808511 1.53191489] ; [30.53191489 10.46808511],0
p1,1,0.767681,0.087267,[1 5] ; [ 9 32],[1.27659574 4.72340426] ; [ 8.72340426 32.27659574],0
