Feature,DoF,P Value,Chi Square,Observed,Expected,Is Significant
p11,1,4.2e-05,16.790151,[117  23] ; [21 19],[107.33333333  32.66666667] ; [30.66666667  9.33333333],1
p2,1,0.000866,11.093224,[124  15] ; [27 13],[117.25698324  21.74301676] ; [33.74301676  6.25698324],1
b1,1,0.001899,9.644527,[46 94] ; [24 16],[54.44444444 85.55555556] ; [15.55555556 24.44444444],0
p8,1,0.038052,4.302709,[74 64] ; [14 26],[68.2247191 69.7752809] ; [19.7752809 20.2247191],0
p6,1,0.150488,2.0673,[56 81] ; [11 28],[52.15340909 84.84659091] ; [14.84659091 24.15340909],0
p12,1,0.606418,0.265424,[  6 134] ; [ 1 39],[  5.44444444 134.55555556] ; [ 1.55555556 38.44444444],0
