Feature,DoF,P Value,Chi Square,Observed,Expected,Is Significant
p8,1,1e-06,24.657698,[15 53] ; [129 100],[32.96969697 35.03030303] ; [111.03030303 117.96969697],1
p7,1,2e-06,22.317207,[19 44] ; [146  84],[35.4778157 27.5221843] ; [129.5221843 100.4778157],1
p11,1,0.004002,8.282969,[46 22] ; [193  38],[54.35451505 13.64548495] ; [184.64548495  46.35451505],0
p5,1,0.281725,1.15875,[ 5 61] ; [ 28 199],[ 7.4334471 58.5665529] ; [ 25.5665529 201.4334471],0
b1,1,0.314527,1.011569,[29 39] ; [ 83 148],[25.47157191 42.52842809] ; [ 86.52842809 144.47157191],0
p12,1,0.359648,0.839121,[ 7 61] ; [ 16 215],[ 5.23076923 62.76923077] ; [ 17.76923077 213.23076923],0
p1,1,0.601691,0.272453,[ 7 61] ; [ 19 211],[ 5.93288591 62.06711409] ; [ 20.06711409 209.93288591],0
