Feature,DoF,P Value,Chi Square,Observed,Expected,Is Significant
p4,1,0.0,65.615495,[172  18] ; [83 77],[138.42857143  51.57142857] ; [116.57142857  43.42857143],1
p5,1,1e-06,24.95689,[ 52 138] ; [ 11 150],[ 34.1025641 155.8974359] ; [ 28.8974359 132.1025641],1
p12,1,0.000328,12.905307,[ 31 157] ; [  7 152],[ 20.58789625 167.41210375] ; [ 17.41210375 141.58789625],1
p10,1,0.002224,9.35522,[175  14] ; [130  29],[165.64655172  23.35344828] ; [139.35344828  19.64655172],0
p1,1,0.004924,7.906989,[ 30 159] ; [ 10 150],[ 21.66189112 167.33810888] ; [ 18.33810888 141.66189112],0
b1,1,0.007465,7.157599,[93 97] ; [ 56 105],[ 80.65527066 109.34472934] ; [68.34472934 92.65527066],0
p9,1,0.011746,6.348857,[176  13] ; [133  24],[168.78901734  20.21098266] ; [140.21098266  16.78901734],0
p11,1,0.861707,0.030346,[158  32] ; [135  26],[158.6039886  31.3960114] ; [134.3960114  26.6039886],0
