Feature,DoF,P Value,Chi Square,Observed,Expected,Is Significant
p11,1,0.0,26.918945,[152  22] ; [27 23],[139.04464286  34.95535714] ; [39.95535714 10.04464286],1
p4,1,5e-06,20.773844,[115  59] ; [15 35],[100.98214286  73.01785714] ; [29.01785714 20.98214286],1
p3,1,6.5e-05,15.959408,[101  73] ; [13 37],[88.55357143 85.44642857] ; [25.44642857 24.55357143],1
p2,1,0.000334,12.869039,[160  13] ; [37 13],[152.82959641  20.17040359] ; [44.17040359  5.82959641],1
p5,1,0.327544,0.958585,[ 14 160] ; [ 2 48],[ 12.42857143 161.57142857] ; [ 3.57142857 46.42857143],0
b1,1,0.455821,0.556138,[ 63 111] ; [21 29],[ 65.25 108.75] ; [18.75 31.25],0
p12,1,0.856863,0.032533,[  8 166] ; [ 2 48],[  7.76785714 166.23214286] ; [ 2.23214286 47.76785714],0
p1,1,0.919368,0.010248,[ 11 161] ; [ 3 47],[ 10.84684685 161.15315315] ; [ 3.15315315 46.84684685],0
