Feature,DoF,P Value,Chi Square,Observed,Expected,Is Significant
p1,1,0.11296,2.512314,[  4 112] ; [ 7 73],[  6.51020408 109.48979592] ; [ 4.48979592 75.51020408],0
b1,1,0.159542,1.978565,[41 76] ; [36 44],[45.73096447 71.26903553] ; [31.26903553 48.73096447],0
p6,1,0.163255,1.943813,[29 88] ; [13 66],[25.07142857 91.92857143] ; [16.92857143 62.07142857],0
p12,1,0.197006,1.66443,[  5 112] ; [ 7 73],[  7.12690355 109.87309645] ; [ 4.87309645 75.12690355],0
p10,1,0.317788,0.998029,[88 29] ; [65 15],[90.8680203 26.1319797] ; [62.1319797 17.8680203],0
p11,1,0.361398,0.833029,[86 31] ; [54 26],[83.14720812 33.85279188] ; [56.85279188 23.14720812],0
p5,1,0.660392,0.193047,[  2 115] ; [ 2 74],[  2.42487047 114.57512953] ; [ 1.57512953 74.42487047],0
