Feature,DoF,P Value,Chi Square,Observed,Expected,Is Significant
p7,1,0.267672,1.228638,[110  63] ; [136  61],[115.02162162  57.97837838] ; [130.97837838  66.02162162],0
p5,1,0.485027,0.487539,[ 24 146] ; [ 23 174],[ 21.77111717 148.22888283] ; [ 25.22888283 171.77111717],0
p9,1,0.53038,0.393664,[149  23] ; [174  22],[150.9673913  21.0326087] ; [172.0326087  23.9673913],0
p1,1,0.745389,0.105446,[ 14 158] ; [ 18 180],[ 14.87567568 157.12432432] ; [ 17.12432432 180.87567568],0
b1,1,0.782958,0.075882,[ 64 109] ; [ 76 122],[ 65.28301887 107.71698113] ; [ 74.71698113 123.28301887],0
p12,1,0.869621,0.026942,[ 13 160] ; [ 14 184],[ 12.5902965 160.4097035] ; [ 14.4097035 183.5902965],0
p11,1,0.947673,0.004307,[142  31] ; [162  36],[141.7574124  31.2425876] ; [162.2425876  35.7574124],0
p8,1,0.964257,0.002008,[97 76] ; [110  87],[96.78648649 76.21351351] ; [110.21351351  86.78648649],0
p10,1,0.991941,0.000102,[145  27] ; [166  31],[144.96476965  27.03523035] ; [166.03523035  30.96476965],0
