Feature,DoF,P Value,Chi Square,Observed,Expected,Is Significant
p10,1,0.0,66.680153,[ 5 16] ; [178  17],[17.79166667  3.20833333] ; [165.20833333  29.79166667],1
p2,1,0.0,40.356775,[10 11] ; [183  13],[18.67741935  2.32258065] ; [174.32258065  21.67741935],1
p11,1,0.0,30.952487,[ 7 14] ; [166  30],[16.74193548  4.25806452] ; [156.25806452  39.74193548],1
p8,1,0.0,29.489325,[ 6 15] ; [159  36],[16.04166667  4.95833333] ; [148.95833333  46.04166667],1
p7,1,0.005069,7.854572,[14  7] ; [172  22],[18.16744186  2.83255814] ; [167.83255814  26.16744186],0
b1,1,0.012296,6.267634,[16  5] ; [ 93 103],[10.5483871 10.4516129] ; [98.4516129 97.5483871],0
p5,1,0.024816,5.036649,[ 1 20] ; [ 53 143],[ 5.22580645 15.77419355] ; [ 48.77419355 147.22580645],0
p1,1,0.15862,1.987337,[ 1 20] ; [ 32 163],[ 3.20833333 17.79166667] ; [ 29.79166667 165.20833333],0
