Feature,DoF,P Value,Chi Square,Observed,Expected,Is Significant
p9,1,0.013698,6.07661,[26 37] ; [17  7],[31.13793103 31.86206897] ; [11.86206897 12.13793103],0
p12,1,0.029841,4.718427,[ 1 62] ; [ 3 21],[ 2.89655172 60.10344828] ; [ 1.10344828 22.89655172],0
b1,1,0.092111,2.83709,[31 32] ; [ 7 17],[27.51724138 35.48275862] ; [10.48275862 13.51724138],0
p11,1,0.229854,1.441768,[33 30] ; [16  8],[35.48275862 27.51724138] ; [13.51724138 10.48275862],0
p7,1,0.298398,1.081339,[37 26] ; [17  7],[39.10344828 23.89655172] ; [14.89655172  9.10344828],0
p1,1,0.316403,1.003758,[ 7 56] ; [ 1 23],[ 5.79310345 57.20689655] ; [ 2.20689655 21.79310345],0
p5,1,0.510296,0.43346,[ 5 58] ; [ 3 21],[ 5.79310345 57.20689655] ; [ 2.20689655 21.79310345],0
p6,1,0.801373,0.063288,[24 38] ; [10 14],[24.51162791 37.48837209] ; [ 9.48837209 14.51162791],0
