Feature,DoF,P Value,Chi Square,Observed,Expected,Is Significant
p10,1,0.0,30.181087,[15 35] ; [56 14],[29.58333333 20.41666667] ; [41.41666667 28.58333333],1
p7,1,0.001035,10.76323,[27 23] ; [58 13],[35.12396694 14.87603306] ; [49.87603306 21.12396694],0
p8,1,0.001213,10.470761,[14 36] ; [41 30],[22.72727273 27.27272727] ; [32.27272727 38.72727273],0
p11,1,0.002269,9.317852,[29 21] ; [59 12],[36.36363636 13.63636364] ; [51.63636364 19.36363636],0
b1,1,0.082865,3.007786,[24 26] ; [23 48],[19.4214876 30.5785124] ; [27.5785124 43.4214876],0
p1,1,0.2166,1.526755,[ 1 48] ; [ 5 66],[ 2.45 46.55] ; [ 3.55 67.45],0
p12,1,0.332973,0.937301,[ 1 48] ; [ 4 67],[ 2.04166667 46.95833333] ; [ 2.95833333 68.04166667],0
