Feature,DoF,P Value,Chi Square,Observed,Expected,Is Significant
p9,1,0.0,69.878224,[76 11] ; [14 54],[50.51612903 36.48387097] ; [39.48387097 28.51612903],1
p4,1,0.0,45.177171,[60 27] ; [11 60],[39.09493671 47.90506329] ; [31.90506329 39.09493671],1
p7,1,0.0,39.709156,[58 27] ; [12 57],[38.63636364 46.36363636] ; [31.36363636 37.63636364],1
p11,1,5e-06,20.739403,[61 26] ; [24 47],[46.80379747 40.19620253] ; [38.19620253 32.80379747],1
b1,1,0.032835,4.554358,[33 54] ; [39 32],[39.64556962 47.35443038] ; [32.35443038 38.64556962],0
p5,1,0.260985,1.263524,[ 4 83] ; [ 1 69],[ 2.77070064 84.22929936] ; [ 2.22929936 67.77070064],0
p12,1,0.41683,0.659234,[ 3 84] ; [ 1 70],[ 2.20253165 84.79746835] ; [ 1.79746835 69.20253165],0
p1,1,0.55344,0.35119,[ 7 80] ; [ 4 67],[ 6.05696203 80.94303797] ; [ 4.94303797 66.05696203],0
