Feature,DoF,P Value,Chi Square,Observed,Expected,Is Significant
p4,1,0.041201,4.16771,[15 51] ; [35 57],[20.88607595 45.11392405] ; [29.11392405 62.88607595],0
p6,1,0.156408,2.008611,[11 56] ; [24 69],[14.65625 52.34375] ; [20.34375 72.65625],0
p8,1,0.214356,1.541758,[15 53] ; [29 65],[18.4691358 49.5308642] ; [25.5308642 68.4691358],0
p7,1,0.231237,1.433238,[19 44] ; [36 55],[22.5 40.5] ; [32.5 58.5],0
p11,1,0.26882,1.222759,[46 22] ; [71 23],[49.11111111 18.88888889] ; [67.88888889 26.11111111],0
b1,1,0.486727,0.483754,[29 39] ; [35 59],[26.86419753 41.13580247] ; [37.13580247 56.86419753],0
p5,1,0.600705,0.273935,[ 5 61] ; [ 9 81],[ 5.92307692 60.07692308] ; [ 8.07692308 81.92307692],0
p12,1,0.629408,0.232864,[ 7 61] ; [12 82],[ 7.97530864 60.02469136] ; [11.02469136 82.97530864],0
p1,1,0.943762,0.004976,[ 7 61] ; [10 84],[ 7.13580247 60.86419753] ; [ 9.86419753 84.13580247],0
