Feature,DoF,P Value,Chi Square,Observed,Expected,Is Significant
p4,1,0.0,25.96447,[15 62] ; [30 16],[28.17073171 48.82926829] ; [16.82926829 29.17073171],1
p3,1,0.000233,13.543376,[13 64] ; [22 24],[21.91056911 55.08943089] ; [13.08943089 32.91056911],1
p11,1,0.000701,11.485876,[26 51] ; [30 16],[35.05691057 41.94308943] ; [20.94308943 25.05691057],1
p9,1,0.021832,5.259112,[13 61] ; [16 28],[18.18644068 55.81355932] ; [10.81355932 33.18644068],0
p5,1,0.274411,1.194562,[ 3 73] ; [ 4 42],[ 4.36065574 71.63934426] ; [ 2.63934426 43.36065574],0
p1,1,0.426429,0.632531,[ 4 73] ; [ 4 41],[ 5.04918033 71.95081967] ; [ 2.95081967 42.04918033],0
b1,1,0.625101,0.238763,[42 35] ; [23 23],[40.69105691 36.30894309] ; [24.30894309 21.69105691],0
