Feature,DoF,P Value,Chi Square,Observed,Expected,Is Significant
p9,1,0.0,144.481087,[192  14] ; [14 54],[154.87591241  51.12408759] ; [51.12408759 16.87591241],1
p11,1,0.0,47.192566,[162  45] ; [24 47],[138.49640288  68.50359712] ; [47.50359712 23.49640288],1
p4,1,0.00012,14.790664,[ 84 123] ; [11 60],[ 70.73741007 136.26258993] ; [24.26258993 46.73741007],1
b1,1,0.001664,9.887044,[ 70 137] ; [39 32],[ 81.1618705 125.8381295] ; [27.8381295 43.1618705],0
p8,1,0.005557,7.688717,[ 53 152] ; [ 7 63],[ 44.72727273 160.27272727] ; [15.27272727 54.72727273],0
p12,1,0.035109,4.439872,[ 18 188] ; [ 1 70],[ 14.1299639 191.8700361] ; [ 4.8700361 66.1299639],0
p5,1,0.054906,3.684947,[ 16 188] ; [ 1 69],[ 12.65693431 191.34306569] ; [ 4.34306569 65.65693431],0
p1,1,0.555389,0.347751,[ 16 191] ; [ 4 67],[ 14.89208633 192.10791367] ; [ 5.10791367 65.89208633],0
