Feature,DoF,P Value,Chi Square,Observed,Expected,Is Significant
p4,1,0.0,74.77408,[ 74 116] ; [294  94],[120.96885813  69.03114187] ; [247.03114187 140.96885813],1
p6,1,0.0,65.249395,[ 29 161] ; [193 192],[ 73.35652174 116.64347826] ; [148.64347826 236.35652174],1
p3,1,0.0,63.634572,[ 58 132] ; [255 133],[102.88927336  87.11072664] ; [210.11072664 177.88927336],1
p5,1,7e-06,20.231853,[  9 178] ; [ 73 315],[ 26.66782609 160.33217391] ; [ 55.33217391 332.66782609],1
p11,1,1e-05,19.460643,[144  46] ; [348  40],[161.73010381  28.26989619] ; [330.26989619  57.73010381],1
p10,1,7.1e-05,15.783757,[160  30] ; [364  22],[172.84722222  17.15277778] ; [351.15277778  34.84722222],1
p1,1,0.049874,3.845705,[ 13 177] ; [ 47 340],[ 19.75736568 170.24263432] ; [ 40.24263432 346.75736568],0
p12,1,0.36865,0.808209,[ 17 173] ; [ 44 342],[ 20.12152778 169.87847222] ; [ 40.87847222 345.12152778],0
b1,1,0.751012,0.100683,[ 66 124] ; [140 248],[ 67.71626298 122.28373702] ; [138.28373702 249.71626298],0
