Feature,DoF,P Value,Chi Square,Observed,Expected,Is Significant
p10,1,0.0,90.499509,[196  13] ; [57 62],[161.21036585  47.78963415] ; [91.78963415 27.21036585],1
p7,1,0.0,86.761942,[149  57] ; [22 96],[108.72222222  97.27777778] ; [62.27777778 55.72222222],1
p11,1,0.0,58.347874,[185  25] ; [61 61],[155.60240964  54.39759036] ; [90.39759036 31.60240964],1
p3,1,0.0,46.057862,[112  98] ; [ 19 103],[ 82.86144578 127.13855422] ; [48.13855422 73.86144578],1
b1,1,0.001091,10.666101,[ 67 143] ; [61 61],[ 80.96385542 129.03614458] ; [47.03614458 74.96385542],0
p5,1,0.018965,5.504741,[ 22 187] ; [  4 117],[ 16.46666667 192.53333333] ; [  9.53333333 111.46666667],0
p1,1,0.5802,0.305911,[ 19 189] ; [  9 113],[ 17.64848485 190.35151515] ; [ 10.35151515 111.64848485],0
p12,1,0.644851,0.212454,[ 11 198] ; [  5 116],[ 10.13333333 198.86666667] ; [  5.86666667 115.13333333],0
