Feature,DoF,P Value,Chi Square,Observed,Expected,Is Significant
p10,1,0.0,60.990856,[ 8 29] ; [145  27],[27.0861244  9.9138756] ; [125.9138756  46.0861244],1
p11,1,3e-06,21.644892,[17 20] ; [142  31],[28.01428571  8.98571429] ; [130.98571429  42.01428571],1
b1,1,0.000636,11.667498,[25 12] ; [ 64 109],[15.68095238 21.31904762] ; [73.31904762 99.68095238],1
p5,1,0.147295,2.100046,[ 2 35] ; [ 24 146],[ 4.647343 32.352657] ; [ 21.352657 148.647343],0
p7,1,0.503512,0.447526,[25 11] ; [110  63],[23.25358852 12.74641148] ; [111.74641148  61.25358852],0
p8,1,0.600389,0.27441,[19 18] ; [97 76],[20.43809524 16.56190476] ; [95.56190476 77.43809524],0
p1,1,0.994938,4e-05,[ 3 34] ; [ 14 158],[ 3.00956938 33.99043062] ; [ 13.99043062 158.00956938],0
