Feature,DoF,P Value,Chi Square,Observed,Expected,Is Significant
p11,1,0.0,44.604808,[87 17] ; [21 43],[66.85714286 37.14285714] ; [41.14285714 22.85714286],1
p7,1,0.0,37.764167,[70 29] ; [13 49],[51.03726708 47.96273292] ; [31.96273292 30.03726708],1
b1,1,0.00137,10.245624,[34 70] ; [37 27],[43.95238095 60.04761905] ; [27.04761905 36.95238095],0
p3,1,0.031525,4.624144,[34 70] ; [11 52],[28.0239521 75.9760479] ; [16.9760479 46.0239521],0
p6,1,0.055762,3.659142,[24 79] ; [ 7 55],[19.35151515 83.64848485] ; [11.64848485 50.35151515],0
p5,1,0.086618,2.936139,[ 8 96] ; [ 1 63],[ 5.57142857 98.42857143] ; [ 3.42857143 60.57142857],0
p12,1,0.261871,1.258838,[ 5 97] ; [ 1 63],[ 3.68674699 98.31325301] ; [ 2.31325301 61.68674699],0
p1,1,0.436773,0.604747,[12 92] ; [ 5 59],[10.52380952 93.47619048] ; [ 6.47619048 57.52380952],0
