Feature,DoF,P Value,Chi Square,Observed,Expected,Is Significant
p10,1,0.0,26.485629,[82 30] ; [ 7 24],[69.70629371 42.29370629] ; [19.29370629 11.70629371],1
p11,1,0.002059,9.49642,[81 32] ; [13 18],[73.76388889 39.23611111] ; [20.23611111 10.76388889],0
b1,1,0.017505,5.645042,[53 60] ; [22  9],[58.85416667 54.14583333] ; [16.14583333 14.85416667],0
p2,1,0.035674,4.41261,[87 26] ; [18 13],[82.39583333 30.60416667] ; [22.60416667  8.39583333],0
p4,1,0.108192,2.580431,[76 37] ; [16 15],[72.19444444 40.80555556] ; [19.80555556 11.19444444],0
p5,1,0.392021,0.732664,[13 97] ; [ 2 29],[11.70212766 98.29787234] ; [ 3.29787234 27.70212766],0
p1,1,0.759866,0.093426,[  9 104] ; [ 3 28],[  9.41666667 103.58333333] ; [ 2.58333333 28.41666667],0
p7,1,0.932441,0.007187,[52 61] ; [14 17],[51.79166667 61.20833333] ; [14.20833333 16.79166667],0
