Feature,DoF,P Value,Chi Square,Observed,Expected,Is Significant
p11,1,0.018239,5.573068,[8 7] ; [200  52],[11.68539326  3.31460674] ; [196.31460674  55.68539326],0
p7,1,0.095685,2.776025,[11  4] ; [127 121],[7.87072243 7.12927757] ; [130.12927757 117.87072243],0
b1,1,0.305718,1.049087,[7 8] ; [ 85 167],[5.16853933 9.83146067] ; [ 86.83146067 165.16853933],0
p3,1,0.343906,0.895817,[ 4 11] ; [ 98 154],[5.73033708 9.26966292] ; [ 96.26966292 155.73033708],0
