Feature,DoF,P Value,Chi Square,Observed,Expected,Is Significant
p10,1,0.0,33.903883,[143  92] ; [221  42],[171.76706827  63.23293173] ; [192.23293173  70.76706827],1
p9,1,0.0,26.2571,[153  78] ; [224  37],[177.00609756  53.99390244] ; [199.99390244  61.00609756],1
p11,1,1e-06,23.520891,[151  87] ; [218  46],[174.94422311  63.05577689] ; [194.05577689  69.94422311],1
p5,1,0.000729,11.413892,[  3 234] ; [ 20 243],[ 10.902 226.098] ; [ 12.098 250.902],1
p1,1,0.257007,1.284807,[  7 230] ; [ 13 250],[  9.48 227.52] ; [ 10.52 252.48],0
p12,1,0.624689,0.239332,[ 12 224] ; [ 11 253],[ 10.856 225.144] ; [ 12.144 251.856],0
b1,1,0.743369,0.107188,[ 89 149] ; [ 95 169],[ 87.23505976 150.76494024] ; [ 96.76494024 167.23505976],0
