Feature,DoF,P Value,Chi Square,Observed,Expected,Is Significant
p11,1,0.000853,11.121817,[ 7 13] ; [56 19],[13.26315789  6.73684211] ; [49.73684211 25.26315789],1
b1,1,0.003303,8.632183,[13  7] ; [22 53],[ 7.36842105 12.63157895] ; [27.63157895 47.36842105],0
p1,1,0.247576,1.336931,[ 1 19] ; [11 64],[ 2.52631579 17.47368421] ; [ 9.47368421 65.52631579],0
p6,1,0.320897,0.985286,[ 7 13] ; [18 57],[ 5.26315789 14.73684211] ; [19.73684211 55.26315789],0
p4,1,0.936229,0.006402,[11  9] ; [42 33],[11.15789474  8.84210526] ; [41.84210526 33.15789474],0
p5,1,0.970193,0.001396,[ 3 17] ; [11 64],[ 2.94736842 17.05263158] ; [11.05263158 63.94736842],0
