Feature,DoF,P Value,Chi Square,Observed,Expected,Is Significant
p9,1,0.0,47.07197,[149  23] ; [16 27],[132.  40.] ; [33. 10.],1
p11,1,2.6e-05,17.717814,[142  31] ; [24 22],[131.13242009  41.86757991] ; [34.86757991 11.13242009],1
p2,1,0.007693,7.10364,[151  21] ; [33 13],[145.17431193  26.82568807] ; [38.82568807  7.17431193],0
p8,1,0.014151,6.019217,[97 76] ; [16 29],[89.67431193 83.32568807] ; [23.32568807 21.67431193],0
p5,1,0.02468,5.046234,[ 24 146] ; [ 1 45],[ 19.67592593 150.32407407] ; [ 5.32407407 40.67592593],0
b1,1,0.033185,4.536221,[ 64 109] ; [25 21],[ 70.30593607 102.69406393] ; [18.69406393 27.30593607],0
p1,1,0.163569,1.940918,[ 14 158] ; [ 1 44],[ 11.88940092 160.11059908] ; [ 3.11059908 41.88940092],0
p12,1,0.188162,1.731953,[ 13 160] ; [ 1 45],[ 11.05936073 161.94063927] ; [ 2.94063927 43.05936073],0
