Feature,DoF,P Value,Chi Square,Observed,Expected,Is Significant
p4,1,8e-06,19.983795,[18 45] ; [46 22],[30.77862595 32.22137405] ; [33.22137405 34.77862595],1
p3,1,0.031778,4.610424,[19 44] ; [33 35],[25.00763359 37.99236641] ; [26.99236641 41.00763359],0
p12,1,0.035612,4.415593,[ 8 55] ; [ 2 66],[ 4.80916031 58.19083969] ; [ 5.19083969 62.80916031],0
p1,1,0.199405,1.646724,[ 9 54] ; [ 5 63],[ 6.73282443 56.26717557] ; [ 7.26717557 60.73282443],0
b1,1,0.316332,1.00405,[26 37] ; [34 34],[28.85496183 34.14503817] ; [31.14503817 36.85496183],0
p11,1,0.531708,0.391125,[44 19] ; [44 24],[42.32061069 20.67938931] ; [45.67938931 22.32061069],0
p9,1,0.563989,0.332844,[55  7] ; [58 10],[53.89230769  8.10769231] ; [59.10769231  8.89230769],0
p5,1,0.575538,0.313503,[ 4 56] ; [ 3 65],[ 3.28125 56.71875] ; [ 3.71875 64.28125],0
