Feature,DoF,P Value,Chi Square,Observed,Expected,Is Significant
p7,1,0.63809,0.221249,[ 89 132] ; [ 88 119],[ 91.39485981 129.60514019] ; [ 85.60514019 121.39485981],0
b1,1,0.713769,0.134541,[ 69 163] ; [ 68 149],[ 70.78841871 161.21158129] ; [ 66.21158129 150.78841871],0
p1,1,0.729335,0.119723,[ 10 221] ; [  8 209],[  9.28125 221.71875] ; [  8.71875 208.28125],0
p5,1,0.88573,0.020652,[ 10 220] ; [ 10 206],[ 10.31390135 219.68609865] ; [  9.68609865 206.31390135],0
p6,1,0.929604,0.007804,[ 36 194] ; [ 33 182],[ 35.66292135 194.33707865] ; [ 33.33707865 181.66292135],0
p2,1,0.93905,0.005847,[176  55] ; [166  51],[176.34375  54.65625] ; [165.65625  51.34375],0
p11,1,0.960501,0.002453,[179  53] ; [167  50],[178.77951002  53.22048998] ; [167.22048998  49.77951002],0
p12,1,0.973536,0.001101,[ 13 218] ; [ 12 204],[ 12.91946309 218.08053691] ; [ 12.08053691 203.91946309],0
p8,1,0.994495,4.8e-05,[ 75 153] ; [ 70 143],[ 74.96598639 153.03401361] ; [ 70.03401361 142.96598639],0
