Feature,DoF,P Value,Chi Square,Observed,Expected,Is Significant
p8,1,0.00203,9.522,[ 6 19] ; [14  6],[11.11111111 13.88888889] ; [ 8.88888889 11.11111111],0
p1,1,0.024449,5.0625,[ 8 17] ; [ 1 19],[ 5. 20.] ; [ 4. 16.],0
p9,1,0.044934,4.021115,[18  7] ; [19  1],[20.55555556  4.44444444] ; [16.44444444  3.55555556],0
p5,1,0.089686,2.88,[ 1 24] ; [ 4 16],[ 2.77777778 22.22222222] ; [ 2.22222222 17.77777778],0
p11,1,0.239317,1.384615,[16  9] ; [16  4],[17.77777778  7.22222222] ; [14.22222222  5.77777778],0
p10,1,0.832004,0.045,[17  8] ; [13  7],[16.66666667  8.33333333] ; [13.33333333  6.66666667],0
b1,1,0.946516,0.0045,[11 14] ; [ 9 11],[11.11111111 13.88888889] ; [ 8.88888889 11.11111111],0
