Feature,DoF,P Value,Chi Square,Observed,Expected,Is Significant
p10,1,0.0,64.329215,[123  16] ; [22 43],[98.79901961 40.20098039] ; [46.20098039 18.79901961],1
p8,1,0.048368,3.897143,[71 68] ; [24 42],[64.41463415 74.58536585] ; [30.58536585 35.41463415],0
p11,1,0.050213,3.834339,[111  29] ; [44 22],[105.33980583  34.66019417] ; [49.66019417 16.33980583],0
b1,1,0.14987,2.07357,[49 91] ; [30 36],[53.68932039 86.31067961] ; [25.31067961 40.68932039],0
p12,1,0.230479,1.437905,[  7 132] ; [ 1 64],[  5.45098039 133.54901961] ; [ 2.54901961 62.45098039],0
p5,1,0.412811,0.670689,[  5 135] ; [ 1 65],[  4.0776699 135.9223301] ; [ 1.9223301 64.0776699],0
p6,1,0.818816,0.052472,[ 35 101] ; [16 50],[ 34.33663366 101.66336634] ; [16.66336634 49.33663366],0
p1,1,0.90072,0.015563,[  8 132] ; [ 4 61],[  8.19512195 131.80487805] ; [ 3.80487805 61.19512195],0
