Feature,DoF,P Value,Chi Square,Observed,Expected,Is Significant
p8,1,0.003132,8.728853,[23 24] ; [ 8 34],[16.37078652 30.62921348] ; [14.62921348 27.37078652],0
p6,1,0.011363,6.407665,[17 31] ; [ 5 36],[11.86516854 36.13483146] ; [10.13483146 30.86516854],0
p10,1,0.02852,4.796366,[19 28] ; [ 8 34],[14.25842697 32.74157303] ; [12.74157303 29.25842697],0
b1,1,0.214685,1.539549,[28 20] ; [19 23],[25.06666667 22.93333333] ; [21.93333333 20.06666667],0
p1,1,0.294528,1.098806,[ 2 46] ; [ 4 37],[ 3.23595506 44.76404494] ; [ 2.76404494 38.23595506],0
p11,1,0.352525,0.864346,[32 16] ; [24 18],[29.86666667 18.13333333] ; [26.13333333 15.86666667],0
p4,1,0.95489,0.0032,[22 26] ; [19 23],[21.86666667 26.13333333] ; [19.13333333 22.86666667],0
