Feature,DoF,P Value,Chi Square,Observed,Expected,Is Significant
p4,1,0.0,94.981584,[75 95] ; [308  55],[122.1575985  47.8424015] ; [260.8424015 102.1575985],1
p6,1,0.0,60.451997,[ 27 142] ; [185 174],[ 67.85606061 101.14393939] ; [144.14393939 214.85606061],1
p10,1,0.0,53.796615,[121  48] ; [341  20],[147.31698113  21.68301887] ; [314.68301887  46.31698113],1
p5,1,1e-06,23.882453,[  7 163] ; [ 74 288],[ 25.88345865 144.11654135] ; [ 55.11654135 306.88345865],1
p11,1,3.3e-05,17.222239,[123  47] ; [316  47],[140.01876173  29.98123827] ; [298.98123827  64.01876173],1
p1,1,0.009264,6.771166,[ 10 159] ; [ 49 313],[ 18.77777778 150.22222222] ; [ 40.22222222 321.77777778],0
p12,1,0.02176,5.264853,[ 10 159] ; [ 45 317],[ 17.5047081 151.4952919] ; [ 37.4952919 324.5047081],0
b1,1,0.141488,2.161696,[ 58 112] ; [148 215],[ 65.70356473 104.29643527] ; [140.29643527 222.70356473],0
