Feature,DoF,P Value,Chi Square,Observed,Expected,Is Significant
p11,1,0.0,34.887332,[33 30] ; [212  34],[49.95145631 13.04854369] ; [195.04854369  50.95145631],1
p7,1,1e-06,24.828037,[37 26] ; [211  33],[50.89250814 12.10749186] ; [197.10749186  46.89250814],1
p8,1,3.3e-05,17.222081,[30 33] ; [183  62],[43.56818182 19.43181818] ; [169.43181818  75.56818182],1
p3,1,0.000933,10.955998,[34 29] ; [185  61],[44.65048544 18.34951456] ; [174.34951456  71.65048544],1
p12,1,0.003718,8.416704,[ 1 62] ; [ 37 209],[ 7.74757282 55.25242718] ; [ 30.25242718 215.74757282],0
p5,1,0.005971,7.55914,[ 5 58] ; [ 58 188],[12.84466019 50.15533981] ; [ 50.15533981 195.84466019],0
b1,1,0.198542,1.653069,[31 32] ; [ 99 147],[26.50485437 36.49514563] ; [103.49514563 142.50485437],0
p1,1,0.67805,0.17233,[ 7 56] ; [ 32 213],[ 7.97727273 55.02272727] ; [ 31.02272727 213.97727273],0
