Feature,DoF,P Value,Chi Square,Observed,Expected,Is Significant
p9,1,0.0,35.796124,[ 6 16] ; [107  18],[16.91156463  5.08843537] ; [96.08843537 28.91156463],1
p11,1,0.001803,9.740333,[ 8 14] ; [89 37],[14.41891892  7.58108108] ; [82.58108108 43.41891892],0
p7,1,0.158111,1.992203,[ 9 13] ; [72 54],[12.04054054  9.95945946] ; [68.95945946 57.04054054],0
b1,1,0.355351,0.854257,[13  9] ; [61 65],[11. 11.] ; [63. 63.],0
p5,1,0.429532,0.624089,[ 3 18] ; [ 11 114],[ 2.01369863 18.98630137] ; [ 11.98630137 113.01369863],0
p1,1,0.507019,0.440214,[ 1 21] ; [ 11 115],[ 1.78378378 20.21621622] ; [ 10.21621622 115.78378378],0
p6,1,0.894121,0.017713,[ 7 15] ; [38 87],[ 6.73469388 15.26530612] ; [38.26530612 86.73469388],0
