Feature,DoF,P Value,Chi Square,Observed,Expected,Is Significant
p11,1,0.0,32.426471,[310  30] ; [10 10],[302.22222222  37.77777778] ; [17.77777778  2.22222222],1
p2,1,8.8e-05,15.387567,[318  21] ; [14  6],[313.50417827  25.49582173] ; [18.49582173  1.50417827],1
p3,1,0.000181,14.022608,[238 101] ; [ 6 14],[230.40668524 108.59331476] ; [13.59331476  6.40668524],1
p6,1,0.004399,8.111226,[185 154] ; [ 4 15],[178.96927374 160.03072626] ; [10.03072626  8.96927374],0
b1,1,0.333762,0.934246,[133 207] ; [10 10],[135.05555556 204.94444444] ; [ 7.94444444 12.05555556],0
