Feature,DoF,P Value,Chi Square,Observed,Expected,Is Significant
p10,1,0.0,167.191234,[425  30] ; [22 43],[391.125  63.875] ; [55.875  9.125],1
p4,1,0.0,32.415641,[337 119] ; [26 40],[317.10344828 138.89655172] ; [45.89655172 20.10344828],1
p8,1,0.0,29.96223,[320 134] ; [24 42],[300.33846154 153.66153846] ; [43.66153846 22.33846154],1
p11,1,1.8e-05,18.377892,[398  59] ; [44 22],[386.22179732  70.77820268] ; [55.77820268 10.22179732],1
p6,1,6.8e-05,15.866316,[228 224] ; [16 50],[212.91119691 239.08880309] ; [31.08880309 34.91119691],1
p5,1,0.001604,9.954589,[ 73 383] ; [ 1 65],[ 64.64367816 391.35632184] ; [ 9.35632184 56.64367816],0
p12,1,0.035473,4.422258,[ 42 414] ; [ 1 64],[ 37.6353167 418.3646833] ; [ 5.3646833 59.6353167],0
b1,1,0.185002,1.756973,[169 288] ; [30 36],[173.88718929 283.11281071] ; [25.11281071 40.88718929],0
p1,1,0.361997,0.830953,[ 44 412] ; [ 4 61],[ 42.01151631 413.98848369] ; [ 5.98848369 59.01151631],0
