Feature,DoF,P Value,Chi Square,Observed,Expected,Is Significant
b1,1,0.053602,3.725066,[16  5] ; [11 12],[12.88636364  8.11363636] ; [14.11363636  8.88636364],0
p7,1,0.122844,2.380676,[14  7] ; [10 13],[11.45454545  9.54545455] ; [12.54545455 10.45454545],0
p11,1,0.122844,2.380676,[ 7 14] ; [13 10],[ 9.54545455 11.45454545] ; [10.45454545 12.54545455],0
p2,1,0.13917,2.187114,[10 11] ; [16  7],[12.40909091  8.59090909] ; [13.59090909  9.40909091],0
p1,1,0.947487,0.004338,[ 1 20] ; [ 1 22],[ 0.95454545 20.04545455] ; [ 1.04545455 21.95454545],0
