Feature,DoF,P Value,Chi Square,Observed,Expected,Is Significant
p9,1,0.029565,4.734409,[68 26] ; [134  26],[74.75590551 19.24409449] ; [127.24409449  32.75590551],0
p6,1,0.034855,4.452241,[22 71] ; [ 58 101],[29.52380952 63.47619048] ; [ 50.47619048 108.52380952],0
p10,1,0.042938,4.097842,[65 29] ; [127  31],[71.61904762 22.38095238] ; [120.38095238  37.61904762],0
p3,1,0.059563,3.549511,[31 63] ; [72 88],[38.11811024 55.88188976] ; [64.88188976 95.11811024],0
p5,1,0.069797,3.28778,[ 1 93] ; [  9 150],[ 3.71541502 90.28458498] ; [  6.28458498 152.71541502],0
p11,1,0.148085,2.091866,[60 34] ; [116  44],[65.13385827 28.86614173] ; [110.86614173  49.13385827],0
p1,1,0.206721,1.59424,[ 1 93] ; [  6 154],[ 2.59055118 91.40944882] ; [  4.40944882 155.59055118],0
b1,1,0.38864,0.743194,[41 53] ; [61 99],[37.7480315 56.2519685] ; [64.2519685 95.7480315],0
p12,1,0.97663,0.000858,[ 3 91] ; [  5 155],[ 2.96062992 91.03937008] ; [  5.03937008 154.96062992],0
