Feature,DoF,P Value,Chi Square,Observed,Expected,Is Significant
p3,1,3.2e-05,17.298764,[34 70] ; [71 46],[49.41176471 54.58823529] ; [55.58823529 61.41176471],1
p12,1,0.042441,4.117548,[ 5 97] ; [ 15 102],[ 9.31506849 92.68493151] ; [ 10.68493151 106.31506849],0
p11,1,0.122923,2.379677,[87 17] ; [88 29],[82.35294118 21.64705882] ; [92.64705882 24.35294118],0
p5,1,0.270577,1.213818,[ 8 96] ; [ 14 101],[10.44748858 93.55251142] ; [ 11.55251142 103.44748858],0
p6,1,0.407427,0.686297,[24 79] ; [33 84],[26.68636364 76.31363636] ; [30.31363636 86.68636364],0
b1,1,0.527225,0.399736,[34 70] ; [43 74],[36.23529412 67.76470588] ; [40.76470588 76.23529412],0
p1,1,0.603597,0.269604,[12 92] ; [ 11 106],[10.82352941 93.17647059] ; [ 12.17647059 104.82352941],0
p2,1,0.61033,0.259694,[88 16] ; [96 21],[86.58823529 17.41176471] ; [97.41176471 19.58823529],0
