Feature,DoF,P Value,Chi Square,Observed,Expected,Is Significant
p4,1,1.6e-05,18.566717,[23 16] ; [10 49],[13.13265306 25.86734694] ; [19.86734694 39.13265306],1
p8,1,0.000587,11.817504,[13 26] ; [ 4 56],[ 6.6969697 32.3030303] ; [10.3030303 49.6969697],1
p11,1,0.069945,3.284305,[18 21] ; [17 43],[13.78787879 25.21212121] ; [21.21212121 38.78787879],0
p10,1,0.141571,2.160802,[ 9 30] ; [ 7 52],[ 6.36734694 32.63265306] ; [ 9.63265306 49.36734694],0
p5,1,0.333172,0.93653,[ 3 36] ; [ 2 58],[ 1.96969697 37.03030303] ; [ 3.03030303 56.96969697],0
p1,1,0.521389,0.411145,[ 3 36] ; [ 7 53],[ 3.93939394 35.06060606] ; [ 6.06060606 53.93939394],0
b1,1,0.782579,0.076154,[21 18] ; [34 26],[21.66666667 17.33333333] ; [33.33333333 26.66666667],0
