Feature,DoF,P Value,Chi Square,Observed,Expected,Is Significant
b1,1,0.182422,1.777778,[7 8] ; [17  8],[9. 6.] ; [15. 10.],0
p11,1,0.283006,1.1526,[8 7] ; [ 9 16],[6.375 8.625] ; [10.625 14.375],0
p2,1,0.504985,0.444444,[8 7] ; [16  9],[9. 6.] ; [15. 10.],0
p7,1,0.72158,0.126984,[11  4] ; [17  8],[10.5  4.5] ; [17.5  7.5],0
p8,1,0.907679,0.013448,[ 4 11] ; [ 6 18],[ 3.84615385 11.15384615] ; [ 6.15384615 17.84615385],0
