Feature,DoF,P Value,Chi Square,Observed,Expected,Is Significant
p10,1,0.0,28.949654,[29  4] ; [ 8 27],[17.95588235 15.04411765] ; [19.04411765 15.95588235],1
p11,1,0.005033,7.867396,[26  7] ; [16 19],[20.38235294 12.61764706] ; [21.61764706 13.38235294],0
b1,1,0.014908,5.927256,[11 22] ; [22 13],[16.01470588 16.98529412] ; [16.98529412 18.01470588],0
p5,1,0.079445,3.076214,[ 8 25] ; [ 3 32],[ 5.33823529 27.66176471] ; [ 5.66176471 29.33823529],0
p1,1,0.20058,1.638144,[ 5 28] ; [ 2 33],[ 3.39705882 29.60294118] ; [ 3.60294118 31.39705882],0
p6,1,0.274454,1.19435,[17 16] ; [13 21],[14.7761194 18.2238806] ; [15.2238806 18.7761194],0
p4,1,0.570497,0.321852,[17 15] ; [21 14],[18.14925373 13.85074627] ; [19.85074627 15.14925373],0
