Feature,DoF,P Value,Chi Square,Observed,Expected,Is Significant
p9,1,0.0,40.793175,[153  78] ; [160  12],[179.41191067  51.58808933] ; [133.58808933  38.41191067],1
p11,1,0.002091,9.467527,[151  87] ; [135  39],[165.21359223  72.78640777] ; [120.78640777  53.21359223],0
p2,1,0.013066,6.160188,[137 101] ; [121  53],[149.03883495  88.96116505] ; [108.96116505  65.03883495],0
p5,1,0.018376,5.55993,[  3 234] ; [  9 162],[  6.97058824 230.02941176] ; [  5.02941176 165.97058824],0
p1,1,0.035448,4.423471,[  7 230] ; [ 13 161],[ 11.53284672 225.46715328] ; [  8.46715328 165.53284672],0
p12,1,0.102915,2.659782,[ 12 224] ; [ 16 158],[ 16.11707317 219.88292683] ; [ 11.88292683 162.11707317],0
b1,1,0.543412,0.369253,[ 89 149] ; [ 60 114],[ 86.07281553 151.92718447] ; [ 62.92718447 111.07281553],0
p6,1,0.713832,0.134479,[ 26 211] ; [ 21 152],[ 27.16829268 209.83170732] ; [ 19.83170732 153.16829268],0
