Feature,DoF,P Value,Chi Square,Observed,Expected,Is Significant
p10,1,0.0,88.5774,[250  22] ; [ 7 20],[233.79264214  38.20735786] ; [23.20735786  3.79264214],1
p11,1,0.00033,12.890972,[243  31] ; [18 10],[236.8013245  37.1986755] ; [24.1986755  3.8013245],1
b1,1,0.006069,7.529595,[112 162] ; [19  9],[118.85430464 155.14569536] ; [12.14569536 15.85430464],0
p4,1,0.015017,5.914424,[241  33] ; [20  8],[236.8013245  37.1986755] ; [24.1986755  3.8013245],0
p5,1,0.0443,4.045106,[ 65 209] ; [ 2 26],[ 60.78807947 213.21192053] ; [ 6.21192053 21.78807947],0
p7,1,0.226359,1.463594,[243  28] ; [23  5],[241.090301  29.909699] ; [24.909699  3.090301],0
p1,1,0.690934,0.158076,[ 41 232] ; [ 5 23],[ 41.72093023 231.27906977] ; [ 4.27906977 23.72093023],0
