Feature,DoF,P Value,Chi Square,Observed,Expected,Is Significant
p10,1,0.0,191.567848,[23 50] ; [408  26],[62.05719921 10.94280079] ; [368.94280079  65.05719921],1
p3,1,0.0,43.626282,[22 50] ; [308 128],[46.77165354 25.22834646] ; [283.22834646 152.77165354],1
p8,1,0.0,32.813309,[24 49] ; [294 139],[45.87747036 27.12252964] ; [272.12252964 160.87747036],1
p11,1,0.0,32.596428,[42 31] ; [373  63],[59.51866405 13.48133595] ; [355.48133595  80.51866405],1
p7,1,1e-06,23.870901,[37 36] ; [337  96],[53.95652174 19.04347826] ; [320.04347826 112.95652174],1
p12,1,0.010417,6.562206,[ 1 71] ; [ 48 388],[ 6.94488189 65.05511811] ; [ 42.05511811 393.94488189],0
p1,1,0.06595,3.381041,[ 3 69] ; [ 49 386],[ 7.38461538 64.61538462] ; [ 44.61538462 390.38461538],0
b1,1,0.168656,1.894853,[34 39] ; [166 270],[28.68369352 44.31630648] ; [171.31630648 264.68369352],0
