Feature,DoF,P Value,Chi Square,Observed,Expected,Is Significant
p9,1,0.000107,15.006736,[189  17] ; [82 26],[177.78980892  28.21019108] ; [93.21019108 14.78980892],1
p7,1,0.007985,7.036815,[ 80 121] ; [60 48],[ 91.06796117 109.93203883] ; [48.93203883 59.06796117],0
p2,1,0.065718,3.386859,[154  53] ; [91 18],[160.49050633  46.50949367] ; [84.50949367 24.49050633],0
p1,1,0.131422,2.275628,[  6 202] ; [  7 102],[  8.52996845 199.47003155] ; [  4.47003155 104.52996845],0
b1,1,0.138537,2.194133,[ 63 145] ; [42 67],[ 68.89589905 139.10410095] ; [36.10410095 72.89589905],0
p12,1,0.296522,1.089769,[ 11 197] ; [  3 106],[  9.18611987 198.81388013] ; [  4.81388013 104.18611987],0
p5,1,0.483995,0.489848,[  8 198] ; [  6 101],[  9.21405751 196.78594249] ; [  4.78594249 102.21405751],0
p11,1,0.57062,0.321647,[155  53] ; [78 31],[152.88328076  55.11671924] ; [80.11671924 28.88328076],0
