Feature,DoF,P Value,Chi Square,Observed,Expected,Is Significant
p9,1,0.004487,8.075575,[49 16] ; [123  13],[55.62189055  9.37810945] ; [116.37810945  19.62189055],0
p2,1,0.025578,4.984334,[47 19] ; [115  21],[52.93069307 13.06930693] ; [109.06930693  26.93069307],0
p1,1,0.076206,3.144013,[ 8 58] ; [  7 129],[ 4.9009901 61.0990099] ; [ 10.0990099 125.9009901],0
b1,1,0.111624,2.531074,[32 34] ; [50 86],[26.79207921 39.20792079] ; [55.20792079 80.79207921],0
p8,1,0.24495,1.35188,[28 37] ; [70 65],[31.85 33.15] ; [66.15 68.85],0
p11,1,0.340298,0.909307,[49 17] ; [109  27],[51.62376238 14.37623762] ; [106.37623762  29.62376238],0
p12,1,0.487853,0.481257,[ 2 64] ; [  7 128],[ 2.95522388 63.04477612] ; [  6.04477612 128.95522388],0
p5,1,0.558752,0.34187,[ 3 63] ; [  4 132],[ 2.28712871 63.71287129] ; [  4.71287129 131.28712871],0
