Feature,DoF,P Value,Chi Square,Observed,Expected,Is Significant
p8,1,0.019703,5.437992,[14 95] ; [ 8 17],[17.89552239 91.10447761] ; [ 4.10447761 20.89552239],0
p11,1,0.107027,2.597581,[46 63] ; [15 10],[49.61940299 59.38059701] ; [11.38059701 13.61940299],0
p2,1,0.149215,2.080261,[48 61] ; [15 10],[51.24626866 57.75373134] ; [11.75373134 13.24626866],0
b1,1,0.505885,0.442569,[53 56] ; [14 11],[54.5 54.5] ; [12.5 12.5],0
p1,1,0.541052,0.373594,[  8 100] ; [ 1 24],[  7.30827068 100.69172932] ; [ 1.69172932 23.30827068],0
p3,1,0.762568,0.091271,[19 90] ; [ 5 20],[19.52238806 89.47761194] ; [ 4.47761194 20.52238806],0
