Feature,DoF,P Value,Chi Square,Observed,Expected,Is Significant
p6,1,0.0,68.950352,[ 36 163] ; [185 154],[ 81.74535316 117.25464684] ; [139.25464684 199.74535316],1
p3,1,0.0,62.871222,[ 70 129] ; [238 101],[113.92565056  85.07434944] ; [194.07434944 144.92565056],1
p4,1,0.0,55.62772,[ 96 103] ; [269  70],[135.00929368  63.99070632] ; [229.99070632 109.00929368],1
p11,1,4e-06,21.169721,[153  46] ; [310  30],[170.9406308  28.0593692] ; [292.0593692  47.9406308],1
p5,1,0.000293,13.112879,[ 16 183] ; [ 67 273],[ 30.64378479 168.35621521] ; [ 52.35621521 287.64378479],1
b1,1,0.063392,3.446336,[ 62 137] ; [133 207],[ 71.99443414 127.00556586] ; [123.00556586 216.99443414],0
p12,1,0.145177,2.122211,[ 16 182] ; [ 41 298],[ 21.01675978 176.98324022] ; [ 35.98324022 303.01675978],0
p1,1,0.164722,1.930335,[ 16 183] ; [ 40 298],[ 20.75232775 178.24767225] ; [ 35.24767225 302.75232775],0
