Feature,DoF,P Value,Chi Square,Observed,Expected,Is Significant
p10,1,0.0,106.716373,[13 61] ; [166  31],[48.87822878 25.12177122] ; [130.12177122  66.87822878],1
p4,1,0.0,60.513961,[18 55] ; [151  47],[45.52398524 27.47601476] ; [123.47601476  74.52398524],1
p11,1,0.0,56.403185,[26 49] ; [162  36],[51.64835165 23.35164835] ; [136.35164835  61.64835165],1
p7,1,0.0,49.753743,[15 57] ; [136  61],[40.41635688 31.58364312] ; [110.58364312  86.41635688],1
p8,1,0.0,39.055615,[10 64] ; [110  87],[32.76752768 41.23247232] ; [ 87.23247232 109.76752768],1
b1,1,0.004826,7.943588,[43 32] ; [ 76 122],[32.69230769 42.30769231] ; [ 86.30769231 111.69230769],0
p5,1,0.1247,2.357274,[ 4 70] ; [ 23 174],[ 7.37269373 66.62730627] ; [ 19.62730627 177.37269373],0
p1,1,0.776305,0.080734,[ 6 69] ; [ 18 180],[ 6.59340659 68.40659341] ; [ 17.40659341 180.59340659],0
