Feature,DoF,P Value,Chi Square,Observed,Expected,Is Significant
p11,1,0.0,41.662477,[33 30] ; [291  44],[51.28643216 11.71356784] ; [272.71356784  62.28643216],1
p8,1,0.000206,13.778446,[30 33] ; [238  95],[42.63636364 20.36363636] ; [225.36363636 107.63636364],1
p7,1,0.000775,11.300777,[37 26] ; [261  71],[47.52911392 15.47088608] ; [250.47088608  81.52911392],1
p12,1,0.006034,7.54004,[ 1 62] ; [ 46 288],[ 7.45843829 55.54156171] ; [ 39.54156171 294.45843829],0
p5,1,0.009027,6.817508,[ 5 58] ; [ 74 258],[12.6 50.4] ; [ 66.4 265.6],0
p6,1,0.01569,5.837324,[24 38] ; [185 149],[32.72222222 29.27777778] ; [176.27777778 157.72222222],0
b1,1,0.256139,1.289504,[31 32] ; [139 196],[26.90954774 36.09045226] ; [143.09045226 191.90954774],0
p1,1,0.733974,0.115494,[ 7 56] ; [ 42 290],[ 7.81518987 55.18481013] ; [ 41.18481013 290.81518987],0
