Feature,DoF,P Value,Chi Square,Observed,Expected,Is Significant
p3,1,2e-06,22.488686,[261  97] ; [112  98],[235.09507042 122.90492958] ; [137.90492958  72.09507042],1
p5,1,0.00109,10.66791,[ 73 283] ; [ 21 190],[ 59.01940035 296.98059965] ; [ 34.98059965 176.01940035],0
p12,1,0.015488,5.860124,[ 38 320] ; [ 10 200],[ 30.25352113 327.74647887] ; [ 17.74647887 192.25352113],0
p2,1,0.132623,2.26153,[337  19] ; [192  18],[332.72791519  23.27208481] ; [196.27208481  13.72791519],0
b1,1,0.235044,1.410074,[140 218] ; [ 72 139],[133.38488576 224.61511424] ; [ 78.61511424 132.38488576],0
p1,1,0.410479,0.677413,[ 40 316] ; [ 19 191],[ 37.10954064 318.89045936] ; [ 21.89045936 188.10954064],0
p11,1,0.819934,0.051815,[315  43] ; [187  24],[315.84534271  42.15465729] ; [186.15465729  24.84534271],0
