Feature,DoF,P Value,Chi Square,Observed,Expected,Is Significant
p4,1,0.000341,12.829411,[13 11] ; [265  52],[19.5659824  4.4340176] ; [258.4340176  58.5659824],1
p8,1,0.053787,3.71931,[15 10] ; [243  72],[18.97058824  6.02941176] ; [239.02941176  75.97058824],0
p11,1,0.167947,1.901178,[19  6] ; [273  44],[21.34502924  3.65497076] ; [270.65497076  46.34502924],0
p12,1,0.205245,1.604652,[ 5 20] ; [ 36 279],[ 3.01470588 21.98529412] ; [ 37.98529412 277.01470588],0
p1,1,0.271529,1.209007,[ 5 20] ; [ 39 277],[ 3.22580645 21.77419355] ; [ 40.77419355 275.22580645],0
p9,1,0.475912,0.508216,[24  1] ; [290  25],[23.08823529  1.91176471] ; [290.91176471  24.08823529],0
b1,1,0.731393,0.117836,[10 15] ; [138 179],[10.81871345 14.18128655] ; [137.18128655 179.81871345],0
p5,1,0.945881,0.004608,[ 5 20] ; [ 65 251],[ 5.13196481 19.86803519] ; [ 64.86803519 251.13196481],0
