Feature,DoF,P Value,Chi Square,Observed,Expected,Is Significant
p2,1,1.5e-05,18.750385,[134  56] ; [133  15],[150.0887574  39.9112426] ; [116.9112426  31.0887574],1
p6,1,4.5e-05,16.659305,[ 29 161] ; [51 98],[ 44.83775811 145.16224189] ; [ 35.16224189 113.83775811],1
p11,1,0.020256,5.38967,[144  46] ; [128  21],[152.44837758  37.55162242] ; [119.55162242  29.44837758],0
p4,1,0.048304,3.899383,[ 74 116] ; [74 75],[ 82.94985251 107.05014749] ; [65.05014749 83.94985251],0
p5,1,0.060682,3.518644,[  9 178] ; [ 15 133],[ 13.39701493 173.60298507] ; [ 10.60298507 137.39701493],0
p12,1,0.217041,1.523827,[ 17 173] ; [  8 140],[ 14.05325444 175.94674556] ; [ 10.94674556 137.05325444],0
p10,1,0.256655,1.286712,[160  30] ; [131  17],[163.57988166  26.42011834] ; [127.42011834  20.57988166],0
b1,1,0.535903,0.383186,[ 66 124] ; [ 47 102],[ 63.33333333 126.66666667] ; [49.66666667 99.33333333],0
p1,1,0.659051,0.194678,[ 13 177] ; [ 12 136],[ 14.05325444 175.94674556] ; [ 10.94674556 137.05325444],0
