Feature,DoF,P Value,Chi Square,Observed,Expected,Is Significant
p12,1,0.001028,10.776394,[ 5 20] ; [  3 106],[ 1.49253731 23.50746269] ; [  6.50746269 102.49253731],0
p5,1,0.019067,5.495327,[ 5 20] ; [  6 101],[ 2.08333333 22.91666667] ; [ 8.91666667 98.08333333],0
p9,1,0.024539,5.056114,[24  1] ; [82 26],[19.92481203  5.07518797] ; [86.07518797 21.92481203],0
p1,1,0.032003,4.598336,[ 5 20] ; [  7 102],[ 2.23880597 22.76119403] ; [ 9.76119403 99.23880597],0
p7,1,0.132447,2.263584,[18  7] ; [60 48],[14.66165414 10.33834586] ; [63.33834586 44.66165414],0
p8,1,0.248438,1.332067,[15 10] ; [50 56],[12.40458015 12.59541985] ; [52.59541985 53.40458015],0
p11,1,0.654235,0.200602,[19  6] ; [78 31],[18.09701493  6.90298507] ; [78.90298507 30.09701493],0
b1,1,0.89195,0.018452,[10 15] ; [42 67],[ 9.70149254 15.29850746] ; [42.29850746 66.70149254],0
