Feature,DoF,P Value,Chi Square,Observed,Expected,Is Significant
p7,1,0.0,83.545758,[149  57] ; [ 71 173],[100.71111111 105.28888889] ; [119.28888889 124.71111111],1
p3,1,0.0,76.448731,[112  98] ; [ 37 211],[ 68.31877729 141.68122271] ; [ 80.68122271 167.31877729],1
p2,1,0.0,72.182664,[192  16] ; [141 107],[151.89473684  56.10526316] ; [181.10526316  66.89473684],1
p10,1,0.0,65.519465,[196  13] ; [151  95],[159.39120879  49.60879121] ; [187.60879121  58.39120879],1
p11,1,0.0,36.627795,[185  25] ; [158  91],[156.92810458  53.07189542] ; [186.07189542  62.92810458],1
p5,1,4.4e-05,16.703894,[ 22 187] ; [  4 243],[ 11.91666667 197.08333333] ; [ 14.08333333 232.91666667],1
p1,1,0.026161,4.945335,[ 19 189] ; [ 10 238],[ 13.22807018 194.77192982] ; [ 15.77192982 232.22807018],0
b1,1,0.044991,4.018982,[ 67 143] ; [102 147],[ 77.32026144 132.67973856] ; [ 91.67973856 157.32026144],0
p12,1,0.843958,0.038743,[ 11 198] ; [ 12 235],[ 10.54166667 198.45833333] ; [ 12.45833333 234.54166667],0
