Feature,DoF,P Value,Chi Square,Observed,Expected,Is Significant
p11,1,0.0,46.8394,[ 7 15] ; [316  47],[18.45714286  3.54285714] ; [304.54285714  58.45714286],1
p4,1,0.0,27.537847,[ 9 13] ; [308  55],[18.11428571  3.88571429] ; [298.88571429  64.11428571],1
p8,1,0.001891,9.652748,[ 8 13] ; [255 107],[14.42036554  6.57963446] ; [248.57963446 113.42036554],0
b1,1,0.011516,6.383846,[15  7] ; [148 215],[ 9.31428571 12.68571429] ; [153.68571429 209.31428571],0
p6,1,0.167172,1.908123,[ 8 14] ; [185 174],[11.14435696 10.85564304] ; [181.85564304 177.14435696],0
p1,1,0.223749,1.480163,[ 1 21] ; [ 49 313],[ 2.86458333 19.13541667] ; [ 47.13541667 314.86458333],0
p5,1,0.493757,0.468328,[ 3 18] ; [ 74 288],[ 4.22193211 16.77806789] ; [ 72.77806789 289.22193211],0
