Feature,DoF,P Value,Chi Square,Observed,Expected,Is Significant
p3,1,8e-06,19.853869,[24 23] ; [ 9 60],[13.37068966 33.62931034] ; [19.62931034 49.37068966],1
p8,1,3.2e-05,17.281523,[18 29] ; [ 5 65],[ 9.23931624 37.76068376] ; [13.76068376 56.23931624],1
p11,1,7.3e-05,15.724465,[33 14] ; [23 47],[22.4957265 24.5042735] ; [33.5042735 36.4957265],1
b1,1,0.011355,6.408836,[15 32] ; [39 31],[21.69230769 25.30769231] ; [32.30769231 37.69230769],0
p12,1,0.026821,4.902312,[ 5 42] ; [ 1 69],[ 2.41025641 44.58974359] ; [ 3.58974359 66.41025641],0
p1,1,0.095549,2.778305,[ 8 39] ; [ 5 65],[ 5.22222222 41.77777778] ; [ 7.77777778 62.22222222],0
p5,1,0.148228,2.090387,[ 3 44] ; [ 1 69],[ 1.60683761 45.39316239] ; [ 2.39316239 67.60683761],0
