Feature,DoF,P Value,Chi Square,Observed,Expected,Is Significant
p4,1,0.0,25.791994,[ 91 180] ; [202 174],[122.72488408 148.27511592] ; [170.27511592 205.72488408],1
p9,1,1e-06,24.604475,[218  50] ; [354  23],[237.66821705  30.33178295] ; [334.33178295  42.66821705],1
p7,1,0.00408,8.247967,[128 139] ; [221 151],[145.82629108 121.17370892] ; [203.17370892 168.82629108],0
p11,1,0.004718,7.984295,[213  60] ; [326  51],[226.38  46.62] ; [312.62  64.38],0
p8,1,0.007045,7.261542,[109 158] ; [192 180],[125.76995305 141.23004695] ; [175.23004695 196.76995305],0
p5,1,0.031174,4.643335,[ 11 262] ; [ 31 345],[ 17.66718028 255.33281972] ; [ 24.33281972 351.66718028],0
p1,1,0.063953,3.431782,[  8 263] ; [ 23 354],[ 12.96450617 258.03549383] ; [ 18.03549383 358.96450617],0
p12,1,0.229272,1.445369,[  9 261] ; [ 20 356],[ 12.12074303 257.87925697] ; [ 16.87925697 359.12074303],0
b1,1,0.616013,0.251511,[ 84 189] ; [123 254],[ 86.94 186.06] ; [120.06 256.94],0
