Feature,DoF,P Value,Chi Square,Observed,Expected,Is Significant
p3,1,0.0,64.65945,[89 64] ; [ 17 119],[56.11764706 96.88235294] ; [49.88235294 86.11764706],1
p6,1,0.0,30.059391,[56 94] ; [ 13 123],[ 36.18881119 113.81118881] ; [ 32.81118881 103.18881119],1
p2,1,0.000341,12.831999,[129  23] ; [91 45],[116.11111111  35.88888889] ; [103.88888889  32.11111111],1
p5,1,0.070557,3.270005,[ 15 134] ; [  6 129],[ 11.01760563 137.98239437] ; [  9.98239437 125.01760563],0
p9,1,0.216611,1.526682,[145   7] ; [124  11],[142.46689895   9.53310105] ; [126.53310105   8.46689895],0
b1,1,0.217557,1.520412,[59 94] ; [43 93],[54. 99.] ; [48. 88.],0
p11,1,0.496031,0.463417,[121  32] ; [103  33],[118.58823529  34.41176471] ; [105.41176471  30.58823529],0
p1,1,0.763061,0.090881,[ 12 141] ; [ 12 124],[ 12.70588235 140.29411765] ; [ 11.29411765 124.70588235],0
p12,1,0.830999,0.045548,[ 10 143] ; [  8 127],[  9.5625 143.4375] ; [  8.4375 126.5625],0
