Feature,DoF,P Value,Chi Square,Observed,Expected,Is Significant
p6,1,0.027541,4.856547,[18 23] ; [15 49],[12.88571429 28.11428571] ; [20.11428571 43.88571429],0
p5,1,0.132274,2.265616,[ 4 36] ; [ 2 64],[ 2.26415094 37.73584906] ; [ 3.73584906 62.26415094],0
p1,1,0.16324,1.943954,[ 3 38] ; [11 55],[ 5.36448598 35.63551402] ; [ 8.63551402 57.36448598],0
p12,1,0.299314,1.07725,[ 4 37] ; [ 3 62],[ 2.70754717 38.29245283] ; [ 4.29245283 60.70754717],0
p11,1,0.3281,0.956381,[31 10] ; [55 11],[32.95327103  8.04672897] ; [53.04672897 12.95327103],0
p9,1,0.424818,0.636948,[36  5] ; [61  5],[37.1682243  3.8317757] ; [59.8317757  6.1682243],0
b1,1,0.880641,0.022547,[18 23] ; [28 38],[17.62616822 23.37383178] ; [28.37383178 37.62616822],0
p8,1,0.976269,0.000885,[21 20] ; [34 32],[21.07476636 19.92523364] ; [33.92523364 32.07476636],0
