Feature,DoF,P Value,Chi Square,Observed,Expected,Is Significant
p9,1,0.0,47.656197,[153  78] ; [192  14],[182.36842105  48.63157895] ; [162.63157895  43.36842105],1
p11,1,0.000643,11.64719,[151  87] ; [162  45],[167.40224719  70.59775281] ; [145.59775281  61.40224719],1
p5,1,0.000694,11.503984,[  3 234] ; [ 16 188],[ 10.21088435 226.78911565] ; [  8.78911565 195.21088435],1
p2,1,0.000705,11.47478,[137 101] ; [151  56],[154.03146067  83.96853933] ; [133.96853933  73.03146067],1
p1,1,0.023503,5.130963,[  7 230] ; [ 16 191],[ 12.27702703 224.72297297] ; [ 10.72297297 196.27702703],0
p12,1,0.12771,2.32012,[ 12 224] ; [ 18 188],[ 16.01809955 219.98190045] ; [ 13.98190045 192.01809955],0
b1,1,0.432022,0.617382,[ 89 149] ; [ 70 137],[ 85.03820225 152.96179775] ; [ 73.96179775 133.03820225],0
