Feature,DoF,P Value,Chi Square,Observed,Expected,Is Significant
p4,1,0.00014,14.508236,[186  24] ; [297  96],[168.20895522  41.79104478] ; [314.79104478  78.20895522],1
p7,1,0.000651,11.624259,[193  14] ; [324  65],[179.56208054  27.43791946] ; [337.43791946  51.56208054],1
p3,1,0.029179,4.757022,[158  52] ; [262 131],[146.26865672  63.73134328] ; [273.73134328 119.26865672],0
b1,1,0.061972,3.483819,[ 92 118] ; [142 252],[ 81.35761589 128.64238411] ; [152.64238411 241.35761589],0
p5,1,0.079676,3.071501,[ 54 156] ; [ 77 317],[ 45.54635762 164.45364238] ; [ 85.45364238 308.54635762],0
p1,1,0.202264,1.625951,[ 34 175] ; [ 49 343],[ 28.86356073 180.13643927] ; [ 54.13643927 337.86356073],0
p12,1,0.225543,1.468747,[ 33 176] ; [ 48 344],[ 28.16805324 180.83194676] ; [ 52.83194676 339.16805324],0
p11,1,0.298099,1.082681,[184  26] ; [356  38],[187.74834437  22.25165563] ; [352.25165563  41.74834437],0
