Feature,DoF,P Value,Chi Square,Observed,Expected,Is Significant
p12,1,0.516067,0.421746,[ 1 94] ; [ 2 86],[ 1.55737705 93.44262295] ; [ 1.44262295 86.55737705],0
p2,1,0.640334,0.218306,[41 55] ; [35 54],[39.43783784 56.56216216] ; [36.56216216 52.43783784],0
p11,1,0.640334,0.218306,[41 55] ; [35 54],[39.43783784 56.56216216] ; [36.56216216 52.43783784],0
p8,1,0.680132,0.169978,[15 81] ; [12 77],[14.01081081 81.98918919] ; [12.98918919 76.01081081],0
p3,1,0.786499,0.073365,[16 80] ; [16 72],[16.69565217 79.30434783] ; [15.30434783 72.69565217],0
b1,1,0.853237,0.034221,[52 44] ; [47 42],[51.37297297 44.62702703] ; [47.62702703 41.37297297],0
p7,1,0.895511,0.017249,[28 66] ; [27 61],[28.40659341 65.59340659] ; [26.59340659 61.40659341],0
p1,1,0.90092,0.0155,[ 5 90] ; [ 5 83],[ 5.19125683 89.80874317] ; [ 4.80874317 83.19125683],0
p5,1,0.957062,0.002899,[ 1 95] ; [ 1 88],[ 1.03783784 94.96216216] ; [ 0.96216216 88.03783784],0
