Feature,DoF,P Value,Chi Square,Observed,Expected,Is Significant
p3,1,0.0,27.384274,[22 23] ; [ 8 81],[10.07462687 34.92537313] ; [19.92537313 69.07462687],1
p2,1,0.000161,14.237818,[33 12] ; [35 55],[22.66666667 22.33333333] ; [45.33333333 44.66666667],1
p6,1,0.010903,6.481083,[ 9 36] ; [ 5 83],[ 4.73684211 40.26315789] ; [ 9.26315789 78.73684211],0
p5,1,0.2155,1.534091,[ 2 43] ; [ 1 89],[ 1. 44.] ; [ 2. 88.],0
p9,1,0.242584,1.365517,[18 27] ; [26 61],[15. 30.] ; [29. 58.],0
p1,1,0.454986,0.558201,[ 2 43] ; [ 7 82],[ 3.02238806 41.97761194] ; [ 5.97761194 83.02238806],0
b1,1,0.542259,0.371369,[23 22] ; [41 49],[21.33333333 23.66666667] ; [42.66666667 47.33333333],0
p11,1,1.0,0.0,[20 25] ; [40 50],[20. 25.] ; [40. 50.],0
