Feature,DoF,P Value,Chi Square,Observed,Expected,Is Significant
p3,1,0.0,27.252606,[19 90] ; [25 16],[31.97333333 77.02666667] ; [12.02666667 28.97333333],1
p11,1,9e-05,15.338357,[46 63] ; [32  9],[56.68 52.32] ; [21.32 19.68],1
p8,1,0.000114,14.883783,[14 95] ; [17 24],[22.52666667 86.47333333] ; [ 8.47333333 32.52666667],1
p12,1,0.001778,9.765454,[  1 107] ; [ 5 36],[  4.34899329 103.65100671] ; [ 1.65100671 39.34899329],0
p5,1,0.004767,7.965753,[  2 107] ; [ 5 33],[  5.19047619 103.80952381] ; [ 1.80952381 36.19047619],0
b1,1,0.293116,1.105252,[53 56] ; [16 25],[50.14 58.86] ; [18.86 22.14],0
p1,1,0.581592,0.303669,[  8 100] ; [ 2 39],[  7.24832215 100.75167785] ; [ 2.75167785 38.24832215],0
