Feature,DoF,P Value,Chi Square,Observed,Expected,Is Significant
p4,1,0.0,59.59779,[ 18 103] ; [29  6],[36.45512821 84.54487179] ; [10.54487179 24.45512821],1
p9,1,5.6e-05,16.229963,[59 58] ; [31  4],[69.27631579 47.72368421] ; [20.72368421 14.27631579],1
p10,1,0.000497,12.128326,[56 64] ; [28  7],[65.03225806 54.96774194] ; [18.96774194 16.03225806],1
p5,1,0.003246,8.663903,[  4 117] ; [ 6 29],[  7.75641026 113.24358974] ; [ 2.24358974 32.75641026],0
p11,1,0.007774,7.084796,[57 67] ; [25 10],[63.94968553 60.05031447] ; [18.05031447 16.94968553],0
p1,1,0.015452,5.864194,[  8 116] ; [ 7 28],[ 11.69811321 112.30188679] ; [ 3.30188679 31.69811321],0
p12,1,0.05367,3.722922,[  6 117] ; [ 5 30],[  8.56329114 114.43670886] ; [ 2.43670886 32.56329114],0
b1,1,0.238453,1.389715,[60 64] ; [13 22],[56.93081761 67.06918239] ; [16.06918239 18.93081761],0
