Feature,DoF,P Value,Chi Square,Observed,Expected,Is Significant
p6,1,0.001777,9.767026,[15 18] ; [ 4 31],[ 9.22058824 23.77941176] ; [ 9.77941176 25.22058824],0
p7,1,0.006668,7.360369,[21 10] ; [12 23],[15.5 15.5] ; [17.5 17.5],0
p11,1,0.015288,5.883024,[27  6] ; [19 16],[22.32352941 10.67647059] ; [23.67647059 11.32352941],0
p5,1,0.01888,5.512612,[ 7 26] ; [ 1 34],[ 3.88235294 29.11764706] ; [ 4.11764706 30.88235294],0
b1,1,0.211142,1.563582,[12 21] ; [18 17],[14.55882353 18.44117647] ; [15.44117647 19.55882353],0
p1,1,0.399957,0.708456,[ 5 28] ; [ 3 32],[ 3.88235294 29.11764706] ; [ 4.11764706 30.88235294],0
p3,1,0.54448,0.367299,[17 15] ; [16 19],[15.76119403 16.23880597] ; [17.23880597 17.76119403],0
