Feature,DoF,P Value,Chi Square,Observed,Expected,Is Significant
p2,1,0.0,34.603102,[318  21] ; [54 22],[303.8746988  35.1253012] ; [68.1253012  7.8746988],1
p6,1,0.0,30.174165,[185 154] ; [15 61],[163.37349398 175.62650602] ; [36.62650602 39.37349398],1
p9,1,0.0,27.080805,[324  16] ; [58 17],[312.96385542  27.03614458] ; [69.03614458  5.96385542],1
p11,1,0.0,25.682533,[310  30] ; [53 23],[296.68269231  43.31730769] ; [66.31730769  9.68269231],1
p5,1,0.037084,4.346552,[ 67 273] ; [ 7 67],[ 60.77294686 279.22705314] ; [13.22705314 60.77294686],0
b1,1,0.081308,3.03857,[133 207] ; [38 38],[139.75961538 200.24038462] ; [31.24038462 44.75961538],0
p12,1,0.296406,1.090294,[ 41 298] ; [ 6 70],[ 38.39277108 300.60722892] ; [ 8.60722892 67.39277108],0
p4,1,0.403574,0.697651,[269  70] ; [57 19],[266.29879518  72.70120482] ; [59.70120482 16.29879518],0
p1,1,0.526998,0.400177,[ 40 298] ; [11 65],[ 41.63768116 296.36231884] ; [ 9.36231884 66.63768116],0
