Feature,DoF,P Value,Chi Square,Observed,Expected,Is Significant
p11,1,0.000322,12.936898,[ 7 14] ; [27  6],[13.22222222  7.77777778] ; [20.77777778 12.22222222],1
b1,1,0.004298,8.153561,[16  5] ; [12 21],[10.88888889 10.11111111] ; [17.11111111 15.88888889],0
p6,1,0.061056,3.508472,[ 4 16] ; [15 18],[ 7.16981132 12.83018868] ; [11.83018868 21.16981132],0
p5,1,0.097143,2.751835,[ 1 20] ; [ 7 26],[ 3.11111111 17.88888889] ; [ 4.88888889 28.11111111],0
p1,1,0.236289,1.402597,[ 1 20] ; [ 5 28],[ 2.33333333 18.66666667] ; [ 3.66666667 29.33333333],0
p7,1,0.935358,0.006578,[14  7] ; [21 10],[14.13461538  6.86538462] ; [20.86538462 10.13461538],0
