Feature,DoF,P Value,Chi Square,Observed,Expected,Is Significant
p3,1,0.0,58.337161,[16 53] ; [308 128],[44.26930693 24.73069307] ; [279.73069307 156.26930693],1
p8,1,0.0,33.261848,[21 46] ; [294 139],[42.21 24.79] ; [272.79 160.21],1
p7,1,0.0,26.126877,[33 35] ; [337  96],[50.21956088 17.78043912] ; [319.78043912 113.21956088],1
p6,1,2e-06,22.607277,[14 53] ; [227 209],[32.10139165 34.89860835] ; [208.89860835 227.10139165],1
p11,1,3e-06,22.14637,[43 26] ; [373  63],[56.83960396 12.16039604] ; [359.16039604  76.83960396],1
p5,1,0.00033,12.890053,[ 1 68] ; [ 81 354],[11.22619048 57.77380952] ; [ 70.77380952 364.22619048],1
p12,1,0.038454,4.284811,[ 2 66] ; [ 48 388],[ 6.74603175 61.25396825] ; [ 43.25396825 392.74603175],0
p1,1,0.089692,2.879893,[ 3 64] ; [ 49 386],[ 6.94023904 60.05976096] ; [ 45.05976096 389.94023904],0
b1,1,0.690843,0.158174,[28 41] ; [166 270],[26.50693069 42.49306931] ; [167.49306931 268.50693069],0
