Feature,DoF,P Value,Chi Square,Observed,Expected,Is Significant
p6,1,4.3e-05,16.743429,[17 18] ; [ 46 208],[ 7.62975779 27.37024221] ; [ 55.37024221 198.62975779],1
p3,1,6.4e-05,15.984046,[20 16] ; [ 61 196],[ 9.95221843 26.04778157] ; [ 71.04778157 185.95221843],1
b1,1,8.8e-05,15.383571,[24 13] ; [ 82 176],[13.29491525 23.70508475] ; [ 92.70508475 165.29491525],1
p7,1,0.000162,14.228774,[30  6] ; [123 124],[19.46289753 16.53710247] ; [133.53710247 113.46289753],1
p11,1,0.004575,8.040195,[22 15] ; [207  51],[28.7220339  8.2779661] ; [200.2779661  57.7220339],0
p5,1,0.125451,2.347914,[ 4 33] ; [ 12 244],[ 2.02047782 34.97952218] ; [ 13.97952218 242.02047782],0
p1,1,0.165481,1.923415,[ 5 32] ; [ 18 240],[ 2.88474576 34.11525424] ; [ 20.11525424 237.88474576],0
p2,1,0.653232,0.20185,[30  7] ; [200  57],[28.94557823  8.05442177] ; [201.05442177  55.94557823],0
