Feature,DoF,P Value,Chi Square,Observed,Expected,Is Significant
p1,1,0.000192,13.90513,[ 10 281] ; [11 64],[ 16.69672131 274.30327869] ; [ 4.30327869 70.69672131],1
p5,1,0.006759,7.33597,[ 16 275] ; [11 64],[ 21.46721311 269.53278689] ; [ 5.53278689 69.46721311],0
p4,1,0.0401,4.21364,[124 166] ; [42 33],[131.89041096 158.10958904] ; [34.10958904 40.89041096],0
p12,1,0.044775,4.02708,[ 11 279] ; [ 7 67],[ 14.34065934 275.65934066] ; [ 3.65934066 70.34065934],0
p11,1,0.144945,2.124656,[239  52] ; [56 19],[234.54918033  56.45081967] ; [60.45081967 14.54918033],0
p6,1,0.589698,0.290816,[ 78 210] ; [18 57],[ 76.16528926 211.83471074] ; [19.83471074 55.16528926],0
b1,1,0.936583,0.006331,[ 84 207] ; [22 53],[ 84.27868852 206.72131148] ; [21.72131148 53.27868852],0
