Feature,DoF,P Value,Chi Square,Observed,Expected,Is Significant
p7,1,0.0,50.238188,[ 89 132] ; [115  33],[122.17886179  98.82113821] ; [81.82113821 66.17886179],1
p2,1,1.9e-05,18.247727,[176  55] ; [137  10],[191.27777778  39.72222222] ; [121.72222222  25.27777778],1
p5,1,0.008528,6.919009,[ 10 220] ; [ 17 131],[ 16.42857143 213.57142857] ; [ 10.57142857 137.42857143],0
p11,1,0.024352,5.069413,[179  53] ; [128  20],[187.43157895  44.56842105] ; [119.56842105  28.43157895],0
p1,1,0.04347,4.077042,[ 10 221] ; [ 14 133],[ 14.66666667 216.33333333] ; [  9.33333333 137.66666667],0
p10,1,0.236479,1.401462,[196  35] ; [131  16],[199.83333333  31.16666667] ; [127.16666667  19.83333333],0
b1,1,0.271086,1.211241,[ 69 163] ; [52 96],[ 73.87368421 158.12631579] ; [ 47.12631579 100.87368421],0
p12,1,0.853897,0.033911,[ 13 218] ; [  9 139],[ 13.40897098 217.59102902] ; [  8.59102902 139.40897098],0
