Feature,DoF,P Value,Chi Square,Observed,Expected,Is Significant
p5,1,5e-05,16.439336,[ 24 146] ; [  7 220],[ 13.27455919 156.72544081] ; [ 17.72544081 209.27455919],1
p8,1,0.00013,14.647411,[97 76] ; [ 82 141],[78.19949495 94.80050505] ; [100.80050505 122.19949495],1
p7,1,0.004628,8.019259,[110  63] ; [110 113],[96.11111111 76.88888889] ; [123.88888889  99.11111111],0
p1,1,0.026549,4.91992,[ 14 158] ; [  7 218],[  9.09823678 162.90176322] ; [ 11.90176322 213.09823678],0
p10,1,0.058733,3.572797,[145  27] ; [174  53],[137.51378446  34.48621554] ; [181.48621554  45.51378446],0
p12,1,0.128278,2.313216,[ 13 160] ; [  9 216],[  9.56281407 163.43718593] ; [ 12.43718593 212.56281407],0
p9,1,0.179992,1.797688,[149  23] ; [182  41],[144.13164557  27.86835443] ; [186.86835443  36.13164557],0
b1,1,0.269766,1.217937,[ 64 109] ; [ 72 155],[ 58.82 114.18] ; [ 77.18 149.82],0
p11,1,0.311193,1.025607,[142  31] ; [177  50],[137.9675  35.0325] ; [181.0325  45.9675],0
