Feature,DoF,P Value,Chi Square,Observed,Expected,Is Significant
b1,1,0.000167,14.168946,[ 76 168] ; [14  5],[ 83.49809886 160.50190114] ; [ 6.50190114 12.49809886],1
p7,1,0.003849,8.353644,[101 136] ; [14  4],[106.88235294 130.11764706] ; [8.11764706 9.88235294],0
p8,1,0.009274,6.769313,[ 81 161] ; [12  7],[ 86.22988506 155.77011494] ; [ 6.77011494 12.22988506],0
p3,1,0.016139,5.787696,[ 49 194] ; [ 8 10],[ 53.06896552 189.93103448] ; [ 3.93103448 14.06896552],0
p1,1,0.246135,1.345111,[ 11 232] ; [ 2 17],[ 12.05725191 230.94274809] ; [ 0.94274809 18.05725191],0
p2,1,0.377157,0.779949,[182  60] ; [16  3],[183.5862069  58.4137931] ; [14.4137931  4.5862069],0
p11,1,0.622599,0.242231,[194  50] ; [16  3],[194.82889734  49.17110266] ; [15.17110266  3.82889734],0
p5,1,0.738679,0.111291,[  9 232] ; [ 1 18],[  9.26923077 231.73076923] ; [ 0.73076923 18.26923077],0
