Feature,DoF,P Value,Chi Square,Observed,Expected,Is Significant
p2,1,0.0,35.556036,[14 11] ; [425  36],[22.58230453  2.41769547] ; [416.41769547  44.58230453],1
p8,1,1e-06,23.305736,[ 6 19] ; [324 137],[16.97530864  8.02469136] ; [313.02469136 147.97530864],1
p6,1,0.000632,11.678793,[ 4 21] ; [235 225],[12.31958763 12.68041237] ; [226.68041237 233.31958763],1
p1,1,0.000644,11.64397,[ 8 17] ; [ 46 415],[ 2.77777778 22.22222222] ; [ 51.22222222 409.77777778],1
p11,1,0.000895,11.033701,[16  9] ; [405  58],[21.56762295  3.43237705] ; [399.43237705  63.56762295],1
p5,1,0.095884,2.7727,[ 1 24] ; [ 76 385],[ 3.96090535 21.03909465] ; [ 73.03909465 387.96090535],0
b1,1,0.51934,0.415205,[11 14] ; [174 289],[ 9.47745902 15.52254098] ; [175.52254098 287.47745902],0
