Feature,DoF,P Value,Chi Square,Observed,Expected,Is Significant
p7,1,0.003316,8.625,[26 66] ; [14  9],[32. 60.] ; [ 8. 15.],0
p2,1,0.006832,7.316559,[36 58] ; [16  7],[41.77777778 52.22222222] ; [10.22222222 12.77777778],0
p5,1,0.037934,4.307963,[ 1 93] ; [ 2 21],[ 2.41025641 91.58974359] ; [ 0.58974359 22.41025641],0
b1,1,0.086753,2.933614,[51 43] ; [17  6],[54.63247863 39.36752137] ; [13.36752137  9.63247863],0
p1,1,0.094183,2.801387,[ 6 87] ; [ 4 19],[ 8.01724138 84.98275862] ; [ 1.98275862 21.01724138],0
p11,1,0.935931,0.006462,[40 54] ; [10 13],[40.17094017 53.82905983] ; [ 9.82905983 13.17094017],0
