Feature,DoF,P Value,Chi Square,Observed,Expected,Is Significant
p3,1,0.0,41.954364,[ 58 132] ; [97 50],[ 87.38872404 102.61127596] ; [67.61127596 79.38872404],1
p2,1,0.0,27.047526,[134  56] ; [137  10],[152.78931751  37.21068249] ; [118.21068249  28.78931751],1
p11,1,0.013842,6.058208,[144  46] ; [128  20],[152.89940828  37.10059172] ; [119.10059172  28.89940828],0
p5,1,0.023384,5.139767,[  9 178] ; [ 17 131],[ 14.51343284 172.48656716] ; [ 11.48656716 136.51343284],0
p10,1,0.193364,1.691801,[160  30] ; [131  16],[164.0652819  25.9347181] ; [126.9347181  20.0652819],0
p12,1,0.326534,0.962595,[ 17 173] ; [  9 139],[ 14.61538462 175.38461538] ; [ 11.38461538 136.61538462],0
p1,1,0.3685,0.808718,[ 13 177] ; [ 14 133],[ 15.22255193 174.77744807] ; [ 11.77744807 135.22255193],0
b1,1,0.939251,0.005808,[ 66 124] ; [52 96],[ 66.33136095 123.66863905] ; [51.66863905 96.33136095],0
