Feature,DoF,P Value,Chi Square,Observed,Expected,Is Significant
p2,1,0.057187,3.617141,[55 15] ; [110  14],[59.53608247 10.46391753] ; [105.46391753  18.53608247],0
p5,1,0.135599,2.22721,[ 3 67] ; [ 13 112],[ 5.74358974 64.25641026] ; [ 10.25641026 114.74358974],0
p7,1,0.219775,1.505839,[51 18] ; [101  23],[54.34196891 14.65803109] ; [97.65803109 26.34196891],0
p11,1,0.277234,1.180601,[57 13] ; [109  16],[59.58974359 10.41025641] ; [106.41025641  18.58974359],0
p1,1,0.287967,1.129103,[11 59] ; [ 13 111],[ 8.65979381 61.34020619] ; [ 15.34020619 108.65979381],0
b1,1,0.371476,0.79872,[28 42] ; [42 83],[25.12820513 44.87179487] ; [44.87179487 80.12820513],0
p12,1,0.554078,0.350062,[ 3 66] ; [  8 117],[ 3.91237113 65.08762887] ; [  7.08762887 117.91237113],0
p10,1,0.79773,0.065683,[61  8] ; [112  13],[61.53092784  7.46907216] ; [111.46907216  13.53092784],0
