Feature,DoF,P Value,Chi Square,Observed,Expected,Is Significant
p10,1,0.0,69.145798,[175  14] ; [ 5 15],[162.77511962  26.22488038] ; [17.22488038  2.77511962],1
p4,1,0.0,29.366196,[172  18] ; [10 11],[163.88625592  26.11374408] ; [18.11374408  2.88625592],1
p8,1,0.001157,10.557025,[156  33] ; [11 10],[150.3  38.7] ; [16.7  4.3],0
p2,1,0.012502,6.238245,[176  14] ; [16  5],[172.89099526  17.10900474] ; [19.10900474  1.89099526],0
p5,1,0.023408,5.137948,[ 52 138] ; [ 1 20],[ 47.72511848 142.27488152] ; [ 5.27488152 15.72511848],0
p11,1,0.184393,1.761861,[158  32] ; [15  6],[155.78199052  34.21800948] ; [17.21800948  3.78199052],0
b1,1,0.765205,0.089194,[93 97] ; [11 10],[93.6492891 96.3507109] ; [10.3507109 10.6492891],0
p1,1,0.849613,0.035953,[ 30 159] ; [ 3 18],[ 29.7 159.3] ; [ 3.3 17.7],0
