Feature,DoF,P Value,Chi Square,Observed,Expected,Is Significant
b1,1,0.003468,8.543425,[21 15] ; [ 66 135],[13.21518987 22.78481013] ; [ 73.78481013 127.21518987],0
p8,1,0.1188,2.433075,[15 21] ; [ 57 142],[11.02978723 24.97021277] ; [ 60.97021277 138.02978723],0
p4,1,0.294116,1.100682,[12 23] ; [ 88 113],[14.83050847 20.16949153] ; [ 85.16949153 115.83050847],0
p11,1,0.472838,0.515337,[25 11] ; [151  50],[26.73417722  9.26582278] ; [149.26582278  51.73417722],0
p3,1,0.567908,0.326195,[ 9 26] ; [ 61 139],[10.42553191 24.57446809] ; [ 59.57446809 140.42553191],0
p1,1,0.77576,0.081139,[ 3 33] ; [ 14 186],[ 2.59322034 33.40677966] ; [ 14.40677966 185.59322034],0
