Feature,DoF,P Value,Chi Square,Observed,Expected,Is Significant
p3,1,0.000476,12.20687,[51 89] ; [76 56],[65.36764706 74.63235294] ; [61.63235294 70.36764706],1
p10,1,0.000784,11.279395,[123  16] ; [94 36],[112.13011152  26.86988848] ; [104.86988848  25.13011152],1
p5,1,0.031463,4.62752,[  5 135] ; [ 13 115],[  9.40298507 130.59701493] ; [  8.59701493 119.40298507],0
p11,1,0.051089,3.805339,[111  29] ; [91 41],[103.97058824  36.02941176] ; [98.02941176 33.97058824],0
p2,1,0.182739,1.77521,[119  21] ; [104  28],[114.77941176  25.22058824] ; [108.22058824  23.77941176],0
b1,1,0.315311,1.008297,[49 91] ; [54 78],[53.01470588 86.98529412] ; [49.98529412 82.01470588],0
p1,1,0.903437,0.014719,[  8 132] ; [  8 124],[  8.23529412 131.76470588] ; [  7.76470588 124.23529412],0
p12,1,0.920917,0.009856,[  7 132] ; [  7 125],[  7.18081181 131.81918819] ; [  6.81918819 125.18081181],0
