Feature,DoF,P Value,Chi Square,Observed,Expected,Is Significant
p9,1,0.0,40.138953,[35  3] ; [35 73],[18.21917808 19.78082192] ; [51.78082192 56.21917808],1
p3,1,0.0,30.952601,[23 15] ; [17 98],[ 9.93464052 28.06535948] ; [30.06535948 84.93464052],1
p11,1,2.8e-05,17.539645,[32  6] ; [52 63],[20.8627451 17.1372549] ; [63.1372549 51.8627451],1
p8,1,0.00238,9.230416,[15 23] ; [18 95],[ 8.30463576 29.69536424] ; [24.69536424 88.30463576],0
p12,1,0.003678,8.436125,[ 5 33] ; [  2 112],[ 1.75 36.25] ; [  5.25 108.75],0
p7,1,0.004064,8.254843,[19 18] ; [29 83],[11.91946309 25.08053691] ; [36.08053691 75.91946309],0
p5,1,0.010426,6.560559,[ 4 31] ; [  2 113],[ 1.4 33.6] ; [  4.6 110.4],0
b1,1,0.203519,1.616938,[14 24] ; [56 59],[17.38562092 20.61437908] ; [52.61437908 62.38562092],0
p1,1,0.991153,0.000123,[ 2 36] ; [  6 107],[ 2.01324503 35.98675497] ; [  5.98675497 107.01324503],0
