Feature,DoF,P Value,Chi Square,Observed,Expected,Is Significant
p4,1,0.00322,8.678621,[24 96] ; [16 20],[30.76923077 89.23076923] ; [ 9.23076923 26.76923077],0
p11,1,0.165003,1.927768,[58 63] ; [22 14],[61.65605096 59.34394904] ; [18.34394904 17.65605096],0
p12,1,0.466011,0.531419,[  7 113] ; [ 1 35],[  6.15384615 113.84615385] ; [ 1.84615385 34.15384615],0
b1,1,0.649023,0.207134,[59 62] ; [16 20],[57.80254777 63.19745223] ; [17.19745223 18.80254777],0
p5,1,0.739595,0.110483,[  5 113] ; [ 2 34],[  5.36363636 112.63636364] ; [ 1.63636364 34.36363636],0
p1,1,0.924553,0.008968,[ 11 110] ; [ 3 32],[ 10.85897436 110.14102564] ; [ 3.14102564 31.85897436],0
p9,1,1.0,0.0,[57 57] ; [17 17],[57. 57.] ; [17. 17.],0
