Feature,DoF,P Value,Chi Square,Observed,Expected,Is Significant
p9,1,2.2e-05,18.034207,[ 5 17] ; [36 11],[13.07246377  8.92753623] ; [27.92753623 19.07246377],1
p11,1,0.002603,9.066749,[ 7 15] ; [33 14],[12.75362319  9.24637681] ; [27.24637681 19.75362319],0
b1,1,0.007888,7.058829,[15  7] ; [16 31],[ 9.88405797 12.11594203] ; [21.11594203 25.88405797],0
p5,1,0.143162,2.143639,[ 3 18] ; [ 2 45],[ 1.54411765 19.45588235] ; [ 3.45588235 43.54411765],0
p1,1,0.291885,1.110904,[ 1 21] ; [ 6 41],[ 2.23188406 19.76811594] ; [ 4.76811594 42.23188406],0
p8,1,0.611934,0.257369,[ 8 13] ; [21 26],[ 8.95588235 12.04411765] ; [20.04411765 26.95588235],0
