Feature,DoF,P Value,Chi Square,Observed,Expected,Is Significant
p9,1,0.0,61.491611,[ 5 15] ; [137  11],[16.9047619  3.0952381] ; [125.0952381  22.9047619],1
p11,1,0.000172,14.110016,[ 7 13] ; [112  36],[14.16666667  5.83333333] ; [104.83333333  43.16666667],1
b1,1,0.03301,4.54527,[13  7] ; [59 89],[ 8.57142857 11.42857143] ; [63.42857143 84.57142857],0
p5,1,0.152438,2.047683,[ 3 17] ; [  9 137],[ 1.44578313 18.55421687] ; [ 10.55421687 135.44578313],0
p6,1,0.727674,0.121258,[ 7 13] ; [57 89],[ 7.71084337 12.28915663] ; [56.28915663 89.71084337],0
p1,1,0.842495,0.039483,[ 1 19] ; [  6 142],[ 0.83333333 19.16666667] ; [  6.16666667 141.83333333],0
p4,1,0.927169,0.008355,[11  9] ; [83 65],[11.19047619  8.80952381] ; [82.80952381 65.19047619],0
