Feature,DoF,P Value,Chi Square,Observed,Expected,Is Significant
p2,1,0.001354,10.26728,[33 12] ; [52 63],[23.90625 21.09375] ; [61.09375 53.90625],0
p6,1,0.157307,1.999925,[ 9 36] ; [ 13 101],[ 6.22641509 38.77358491] ; [15.77358491 98.22641509],0
p7,1,0.181498,1.785316,[15 30] ; [26 87],[11.67721519 33.32278481] ; [29.32278481 83.67721519],0
p9,1,0.202433,1.624733,[18 27] ; [33 79],[14.61783439 30.38216561] ; [36.38216561 75.61783439],0
b1,1,0.501785,0.451158,[23 22] ; [52 63],[21.09375 23.90625] ; [53.90625 61.09375],0
p11,1,0.699947,0.148527,[20 25] ; [55 60],[21.09375 23.90625] ; [53.90625 61.09375],0
p1,1,0.987082,0.000262,[ 2 43] ; [  5 109],[ 1.98113208 43.01886792] ; [  5.01886792 108.98113208],0
