Feature,DoF,P Value,Chi Square,Observed,Expected,Is Significant
p7,1,2.7e-05,17.644178,[17  8] ; [ 72 191],[ 7.72569444 17.27430556] ; [ 81.27430556 181.72569444],1
p9,1,0.001082,10.6821,[ 8 16] ; [175  87],[15.35664336  8.64335664] ; [167.64335664  94.35664336],0
b1,1,0.003839,8.358253,[17  8] ; [103 166],[10.20408163 14.79591837] ; [109.79591837 159.20408163],0
p11,1,0.008666,6.89049,[ 9 16] ; [169 100],[15.13605442  9.86394558] ; [162.86394558 106.13605442],0
p5,1,0.055465,3.66805,[ 2 23] ; [  5 262],[ 0.59931507 24.40068493] ; [  6.40068493 260.59931507],0
p2,1,0.60849,0.26238,[16  9] ; [158 111],[14.79591837 10.20408163] ; [159.20408163 109.79591837],0
p1,1,0.946116,0.004568,[ 1 24] ; [ 10 258],[ 0.93856655 24.06143345] ; [ 10.06143345 257.93856655],0
