Feature,DoF,P Value,Chi Square,Observed,Expected,Is Significant
p8,1,0.001059,10.720859,[227  55] ; [293 129],[208.29545455  73.70454545] ; [311.70454545 110.29545455],0
p6,1,0.021978,5.247521,[172 110] ; [221 202],[157.2 124.8] ; [235.8 187.2],0
p9,1,0.031947,4.601364,[261  21] ; [408  16],[267.22096317  14.77903683] ; [401.77903683  22.22096317],0
p5,1,0.146804,2.105151,[ 65 216] ; [ 79 345],[ 57.39574468 223.60425532] ; [ 86.60425532 337.39574468],0
b1,1,0.45949,0.547136,[118 164] ; [166 259],[113.27864215 168.72135785] ; [170.72135785 254.27864215],0
p1,1,0.538238,0.378815,[ 36 244] ; [ 48 376],[ 33.40909091 246.59090909] ; [ 50.59090909 373.40909091],0
p12,1,0.582351,0.30245,[ 35 247] ; [ 47 378],[ 32.70721358 249.29278642] ; [ 49.29278642 375.70721358],0
p11,1,0.69611,0.15255,[244  38] ; [372  53],[245.7029703  36.2970297] ; [370.2970297  54.7029703],0
