Feature,DoF,P Value,Chi Square,Observed,Expected,Is Significant
p11,1,0.00561,7.671549,[91 41] ; [10 15],[84.91719745 47.08280255] ; [16.08280255  8.91719745],0
p1,1,0.086325,2.941604,[  8 124] ; [ 4 21],[ 10.08917197 121.91082803] ; [ 1.91082803 23.08917197],0
p7,1,0.284429,1.145804,[53 78] ; [13 12],[55.42307692 75.57692308] ; [10.57692308 14.42307692],0
b1,1,0.303925,1.056892,[54 78] ; [13 12],[56.33121019 75.66878981] ; [10.66878981 14.33121019],0
p5,1,0.782893,0.075929,[ 13 115] ; [ 3 22],[ 13.38562092 114.61437908] ; [ 2.61437908 22.38562092],0
p2,1,0.891512,0.018602,[104  28] ; [20  5],[104.25477707  27.74522293] ; [19.74522293  5.25477707],0
