Feature,DoF,P Value,Chi Square,Observed,Expected,Is Significant
p10,1,0.0,128.987431,[339  18] ; [ 5 17],[324.03166227  32.96833773] ; [19.96833773  2.03166227],1
p11,1,1e-06,24.535206,[315  43] ; [11 11],[307.12631579  50.87368421] ; [18.87368421  3.12631579],1
p8,1,0.001036,10.762522,[269  88] ; [ 9 12],[262.55555556  94.44444444] ; [15.44444444  5.55555556],0
p3,1,0.005726,7.634726,[261  97] ; [10 12],[255.31052632 102.68947368] ; [15.68947368  6.31052632],0
p6,1,0.011978,6.314083,[211 146] ; [ 7 15],[205.34564644 151.65435356] ; [12.65435356  9.34564644],0
b1,1,0.022922,5.174435,[140 218] ; [14  8],[145.08421053 212.91578947] ; [ 8.91578947 13.08421053],0
p5,1,0.220566,1.500687,[ 73 283] ; [ 2 19],[ 70.82228117 285.17771883] ; [ 4.17771883 16.82228117],0
