Feature,DoF,P Value,Chi Square,Observed,Expected,Is Significant
p10,1,0.07267,3.221667,[297  14] ; [250  22],[291.79588336  19.20411664] ; [255.20411664  16.79588336],0
p7,1,0.240497,1.377679,[269  42] ; [243  28],[273.59450172  37.40549828] ; [238.40549828  32.59450172],0
p1,1,0.39334,0.728593,[ 39 271] ; [ 41 232],[ 42.53859348 267.46140652] ; [ 37.46140652 235.53859348],0
b1,1,0.449797,0.571164,[118 194] ; [112 162],[122.45733788 189.54266212] ; [107.54266212 166.45733788],0
p11,1,0.501732,0.45127,[282  30] ; [243  31],[279.5221843  32.4778157] ; [245.4778157  28.5221843],0
p5,1,0.78221,0.076419,[ 71 241] ; [ 65 209],[ 72.40955631 239.59044369] ; [ 63.59044369 210.40955631],0
p12,1,0.935918,0.006464,[ 43 269] ; [ 37 236],[ 42.66666667 269.33333333] ; [ 37.33333333 235.66666667],0
p6,1,0.941394,0.005405,[183 129] ; [158 110],[183.43448276 128.56551724] ; [157.56551724 110.43448276],0
