Feature,DoF,P Value,Chi Square,Observed,Expected,Is Significant
p4,1,0.0,132.03698,[100 161] ; [227  34],[163.5  97.5] ; [163.5  97.5],1
p2,1,0.0,34.186191,[195  66] ; [243  17],[219.42034549  41.57965451] ; [218.57965451  41.42034549],1
p5,1,0.0,31.608497,[ 15 241] ; [ 61 200],[ 37.63249516 218.36750484] ; [ 38.36750484 222.63249516],1
p11,1,0.000103,15.090043,[199  63] ; [232  29],[215.91204589  46.08795411] ; [215.08795411  45.91204589],1
p1,1,0.000179,14.039667,[ 11 251] ; [ 35 224],[ 23.13243762 238.86756238] ; [ 22.86756238 236.13243762],1
p12,1,0.012667,6.214981,[ 18 244] ; [ 35 225],[ 26.60153257 235.39846743] ; [ 26.39846743 233.60153257],0
p10,1,0.039578,4.235898,[224  37] ; [238  22],[231.44337812  29.55662188] ; [230.55662188  29.44337812],0
b1,1,0.227378,1.457188,[ 92 170] ; [105 156],[ 98.68833652 163.31166348] ; [ 98.31166348 162.68833652],0
