Feature,DoF,P Value,Chi Square,Observed,Expected,Is Significant
b1,1,0.000769,11.314506,[21 47] ; [14  5],[27.35632184 40.64367816] ; [ 7.64367816 11.35632184],1
p6,1,0.322134,0.980263,[15 53] ; [ 6 12],[16.60465116 51.39534884] ; [ 4.39534884 13.60465116],0
p5,1,0.335443,0.92777,[ 9 59] ; [ 1 18],[ 7.81609195 60.18390805] ; [ 2.18390805 16.81609195],0
p1,1,0.640435,0.218173,[10 58] ; [ 2 17],[ 9.37931034 58.62068966] ; [ 2.62068966 16.37931034],0
p11,1,0.640938,0.217517,[54 14] ; [16  3],[54.71264368 13.28735632] ; [15.28735632  3.71264368],0
p3,1,0.839704,0.040914,[28 39] ; [ 8 10],[28.37647059 38.62352941] ; [ 7.62352941 10.37647059],0
p2,1,0.906757,0.013719,[58 10] ; [16  3],[57.83908046 10.16091954] ; [16.16091954  2.83908046],0
