Feature,DoF,P Value,Chi Square,Observed,Expected,Is Significant
p1,1,2.6e-05,17.700783,[  8 263] ; [ 6 24],[ 12.60465116 258.39534884] ; [ 1.39534884 28.60465116],1
p5,1,0.000308,13.018449,[ 11 262] ; [ 6 24],[ 15.31683168 257.68316832] ; [ 1.68316832 28.31683168],1
p4,1,0.000693,11.506815,[ 91 180] ; [19 10],[ 99.36666667 171.63333333] ; [10.63333333 18.36666667],1
p12,1,0.001021,10.789211,[  9 261] ; [ 5 25],[ 12.6 257.4] ; [ 1.4 28.6],0
b1,1,0.077253,3.121769,[ 84 189] ; [14 16],[ 88.2970297 184.7029703] ; [ 9.7029703 20.2970297],0
p8,1,0.095969,2.771281,[109 158] ; [17 13],[113.27272727 153.72727273] ; [12.72727273 17.27272727],0
p7,1,0.109843,2.556475,[128 139] ; [19 11],[132.15151515 134.84848485] ; [14.84848485 15.15151515],0
p11,1,0.319971,0.989064,[213  60] ; [21  9],[210.83168317  62.16831683] ; [23.16831683  6.83168317],0
p10,1,0.780439,0.0777,[210  60] ; [24  6],[210.6  59.4] ; [23.4  6.6],0
