Feature,DoF,P Value,Chi Square,Observed,Expected,Is Significant
p10,1,0.0,58.822614,[26 81] ; [84 26],[54.23963134 52.76036866] ; [55.76036866 54.23963134],1
p2,1,1e-06,24.4967,[50 58] ; [88 24],[67.74545455 40.25454545] ; [70.25454545 41.74545455],1
p11,1,0.000458,12.281214,[49 59] ; [77 35],[61.85454545 46.14545455] ; [64.14545455 47.85454545],1
p5,1,0.001965,9.581774,[  1 106] ; [12 98],[  6.41013825 100.58986175] ; [  6.58986175 103.41013825],0
p12,1,0.00678,7.330225,[  1 106] ; [ 10 102],[  5.37442922 101.62557078] ; [  5.62557078 106.37442922],0
p8,1,0.057523,3.607408,[20 87] ; [33 78],[26.01376147 80.98623853] ; [26.98623853 84.01376147],0
b1,1,0.082753,3.009994,[55 53] ; [44 68],[48.6 59.4] ; [50.4 61.6],0
p1,1,0.212646,1.553321,[  5 102] ; [ 10 102],[ 7.32876712 99.67123288] ; [  7.67123288 104.32876712],0
