Feature,DoF,P Value,Chi Square,Observed,Expected,Is Significant
p8,1,6.9e-05,15.832161,[16 10] ; [ 70 211],[ 7.28338762 18.71661238] ; [ 78.71661238 202.28338762],1
p5,1,6.9e-05,15.826024,[ 5 21] ; [  8 274],[ 1.0974026 24.9025974] ; [ 11.9025974 270.0974026],1
p12,1,0.014713,5.950559,[ 4 22] ; [ 12 269],[ 1.35504886 24.64495114] ; [ 14.64495114 266.35504886],0
p1,1,0.022537,5.203814,[ 3 23] ; [  8 273],[ 0.93159609 25.06840391] ; [ 10.06840391 270.93159609],0
b1,1,0.025628,4.980975,[15 11] ; [101 183],[ 9.72903226 16.27096774] ; [106.27096774 177.72903226],0
p11,1,0.34228,0.901872,[15 11] ; [190  94],[17.19354839  8.80645161] ; [187.80645161  96.19354839],0
p10,1,0.664515,0.188086,[18  8] ; [182  98],[16.99346405  9.00653595] ; [183.00653595  96.99346405],0
p9,1,0.807068,0.059639,[19  7] ; [194  80],[18.46  7.54] ; [194.54  79.46],0
