Feature,DoF,P Value,Chi Square,Observed,Expected,Is Significant
p10,1,3.3e-05,17.254029,[70 16] ; [317  17],[79.24285714  6.75714286] ; [307.75714286  26.24285714],1
p5,1,0.000161,14.241296,[ 4 83] ; [ 74 258],[16.19570406 70.80429594] ; [ 61.80429594 270.19570406],1
p11,1,0.000182,14.005649,[61 26] ; [291  44],[72.56872038 14.43127962] ; [279.43127962  55.56872038],1
p12,1,0.007482,7.153521,[ 3 84] ; [ 46 288],[10.12589074 76.87410926] ; [ 38.87410926 295.12589074],0
p7,1,0.044038,4.055095,[58 27] ; [261  71],[65.02398082 19.97601918] ; [253.97601918  78.02398082],0
p1,1,0.234171,1.415345,[ 7 80] ; [ 42 290],[10.17422434 76.82577566] ; [ 38.82577566 293.17422434],0
b1,1,0.546952,0.362806,[33 54] ; [139 196],[35.45971564 51.54028436] ; [136.54028436 198.45971564],0
