Feature,DoF,P Value,Chi Square,Observed,Expected,Is Significant
p9,1,3.4e-05,17.200866,[215  12] ; [35 11],[207.87545788  19.12454212] ; [42.12454212  3.87545788],1
p11,1,0.000341,12.830626,[198  29] ; [31 16],[189.7189781  37.2810219] ; [39.2810219  7.7189781],1
p3,1,0.001006,10.816665,[145  81] ; [18 29],[134.93772894  91.06227106] ; [28.06227106 18.93772894],0
p2,1,0.005974,7.558156,[202  24] ; [35 12],[196.1978022  29.8021978] ; [40.8021978  6.1978022],0
b1,1,0.033733,4.50819,[ 83 144] ; [25 22],[ 89.47445255 137.52554745] ; [18.52554745 28.47445255],0
p5,1,0.047757,3.918519,[ 26 197] ; [ 1 46],[ 22.3 200.7] ; [ 4.7 42.3],0
p1,1,0.405287,0.692584,[ 20 206] ; [ 6 41],[ 21.52380952 204.47619048] ; [ 4.47619048 42.52380952],0
p8,1,0.449991,0.570674,[131  94] ; [24 22],[128.6900369  96.3099631] ; [26.3099631 19.6900369],0
p12,1,0.988447,0.00021,[ 15 212] ; [ 3 42],[ 15.02205882 211.97794118] ; [ 2.97794118 42.02205882],0
