Feature,DoF,P Value,Chi Square,Observed,Expected,Is Significant
p3,1,1e-06,23.723792,[ 61 196] ; [36 30],[ 77.17956656 179.82043344] ; [19.82043344 46.17956656],1
p7,1,0.003959,8.302635,[123 124] ; [46 20],[133.36421725 113.63578275] ; [35.63578275 30.36421725],0
p2,1,0.016682,5.72951,[200  57] ; [60  6],[206.87306502  50.12693498] ; [53.12693498 12.87306502],0
b1,1,0.103294,2.653941,[ 82 176] ; [28 38],[ 87.59259259 170.40740741] ; [22.40740741 43.59259259],0
p11,1,0.183846,1.766257,[207  51] ; [48 18],[203.05555556  54.94444444] ; [51.94444444 14.05555556],0
p1,1,0.324137,0.972181,[ 18 240] ; [ 7 59],[ 19.90740741 238.09259259] ; [ 5.09259259 60.90740741],0
p12,1,0.678654,0.171645,[ 15 241] ; [ 3 63],[ 14.31055901 241.68944099] ; [ 3.68944099 62.31055901],0
p5,1,0.96106,0.002384,[ 12 244] ; [ 3 63],[ 11.92546584 244.07453416] ; [ 3.07453416 62.92546584],0
