Feature,DoF,P Value,Chi Square,Observed,Expected,Is Significant
p9,1,0.0,38.769757,[192  14] ; [23 17],[180.04065041  25.95934959] ; [34.95934959  5.04065041],1
b1,1,0.051534,3.790828,[ 70 137] ; [20 20],[ 75.42510121 131.57489879] ; [14.57489879 25.42510121],0
p4,1,0.162689,1.949051,[ 84 123] ; [21 19],[ 87.99595142 119.00404858] ; [17.00404858 22.99595142],0
p12,1,0.176275,1.828751,[ 18 188] ; [ 1 39],[ 15.91056911 190.08943089] ; [ 3.08943089 36.91056911],0
p8,1,0.235185,1.409224,[ 53 152] ; [14 26],[ 56.06122449 148.93877551] ; [10.93877551 29.06122449],0
p11,1,0.256288,1.288696,[162  45] ; [28 12],[159.23076923  47.76923077] ; [30.76923077  9.23076923],0
p5,1,0.581267,0.30419,[ 16 188] ; [ 4 34],[ 16.85950413 187.14049587] ; [ 3.14049587 34.85950413],0
p1,1,0.629872,0.232234,[ 16 191] ; [ 4 36],[ 16.7611336 190.2388664] ; [ 3.2388664 36.7611336],0
