Feature,DoF,P Value,Chi Square,Observed,Expected,Is Significant
p11,1,0.101719,2.678386,[33 19] ; [16 19],[29.28735632 22.71264368] ; [19.71264368 15.28735632],0
p4,1,0.12442,2.360784,[22 29] ; [21 14],[25.5 25.5] ; [17.5 17.5],0
b1,1,0.125899,2.342358,[24 28] ; [22 13],[27.49425287 24.50574713] ; [18.50574713 16.49425287],0
p8,1,0.27533,1.19,[24 26] ; [21 14],[26.47058824 23.52941176] ; [18.52941176 16.47058824],0
p5,1,0.36532,0.819523,[ 2 49] ; [ 3 32],[ 2.96511628 48.03488372] ; [ 2.03488372 32.96511628],0
p2,1,0.563149,0.334281,[40 12] ; [25 10],[38.85057471 13.14942529] ; [26.14942529  8.85057471],0
p1,1,0.698141,0.150413,[ 2 49] ; [ 2 33],[ 2.37209302 48.62790698] ; [ 1.62790698 33.37209302],0
p6,1,0.927603,0.008256,[20 31] ; [13 21],[19.8 31.2] ; [13.2 20.8],0
