Feature,DoF,P Value,Chi Square,Observed,Expected,Is Significant
p10,1,0.0,261.025349,[425  30] ; [26 81],[365.13345196  89.86654804] ; [85.86654804 21.13345196],1
p8,1,0.0,97.291145,[320 134] ; [20 87],[275.15151515 178.84848485] ; [64.84848485 42.15151515],1
p11,1,0.0,92.018222,[398  59] ; [49 59],[361.55575221  95.44424779] ; [85.44424779 22.55575221],1
p4,1,0.0,91.67801,[337 119] ; [26 80],[294.53380783 161.46619217] ; [68.46619217 37.53380783],1
p5,1,3.3e-05,17.249819,[ 73 383] ; [  1 106],[ 59.93605684 396.06394316] ; [14.06394316 92.93605684],1
p12,1,0.003723,8.414351,[ 42 414] ; [  1 106],[ 34.8277087 421.1722913] ; [ 8.1722913 98.8277087],0
b1,1,0.007708,7.100054,[169 288] ; [55 53],[181.18230088 275.81769912] ; [42.81769912 65.18230088],0
p1,1,0.100296,2.700834,[ 44 412] ; [  5 102],[ 39.68738899 416.31261101] ; [ 9.31261101 97.68738899],0
