Feature,DoF,P Value,Chi Square,Observed,Expected,Is Significant
p8,1,0.016356,5.764187,[ 3 12] ; [192 180],[7.55813953 7.44186047] ; [187.44186047 184.55813953],0
p11,1,0.031578,4.621279,[10  5] ; [326  51],[12.85714286  2.14285714] ; [323.14285714  53.85714286],0
p1,1,0.033888,4.500327,[ 3 12] ; [ 23 354],[ 0.99489796 14.00510204] ; [ 25.00510204 351.99489796],0
p4,1,0.039573,4.236115,[ 4 11] ; [202 174],[7.9028133 7.0971867] ; [198.0971867 177.9028133],0
b1,1,0.095444,2.780068,[8 7] ; [123 254],[5.0127551 9.9872449] ; [125.9872449 251.0127551],0
p3,1,0.248449,1.332002,[ 4 10] ; [166 210],[6.1025641 7.8974359] ; [163.8974359 212.1025641],0
