Feature,DoF,P Value,Chi Square,Observed,Expected,Is Significant
p4,1,0.0,114.672014,[221  37] ; [10 49],[188.00630915  69.99369085] ; [42.99369085 16.00630915],1
p8,1,0.0,88.733948,[187  70] ; [ 4 56],[154.84858044 102.15141956] ; [36.15141956 23.84858044],1
p11,1,0.0,79.606674,[218  40] ; [17 43],[190.66037736  67.33962264] ; [44.33962264 15.66037736],1
p3,1,0.0,55.788196,[180  78] ; [10 49],[154.63722397 103.36277603] ; [35.36277603 23.63722397],1
p5,1,0.00107,10.702353,[ 55 203] ; [ 2 58],[ 46.24528302 211.75471698] ; [10.75471698 49.24528302],0
p12,1,0.007347,7.186091,[ 36 221] ; [ 1 59],[ 29.99684543 227.00315457] ; [ 7.00315457 52.99684543],0
b1,1,0.024693,5.04528,[105 153] ; [34 26],[112.77358491 145.22641509] ; [26.22641509 33.77358491],0
p1,1,0.745309,0.105515,[ 34 223] ; [ 7 53],[ 33.23974763 223.76025237] ; [ 7.76025237 52.23974763],0
