Feature,DoF,P Value,Chi Square,Observed,Expected,Is Significant
p2,1,0.0,88.066789,[43 54] ; [224  22],[75.50728863 21.49271137] ; [191.49271137  54.50728863],1
p11,1,0.0,66.212878,[41 56] ; [211  36],[71.05813953 25.94186047] ; [180.94186047  66.05813953],1
p8,1,0.0,51.305175,[17 79] ; [149  96],[46.73313783 49.26686217] ; [119.26686217 125.73313783],1
p4,1,0.0,30.960995,[25 72] ; [146 101],[48.21802326 48.78197674] ; [122.78197674 124.21802326],1
b1,1,0.010586,6.533479,[47 50] ; [ 83 164],[36.65697674 60.34302326] ; [ 93.34302326 153.65697674],0
p5,1,0.017651,5.630491,[ 1 95] ; [ 19 226],[ 5.63049853 90.36950147] ; [ 14.36950147 230.63049853],0
p12,1,0.373846,0.79084,[ 2 94] ; [ 10 237],[ 3.35860058 92.64139942] ; [  8.64139942 238.35860058],0
p1,1,0.843089,0.039182,[ 6 90] ; [ 14 232],[ 5.61403509 90.38596491] ; [ 14.38596491 231.61403509],0
