Feature,DoF,P Value,Chi Square,Observed,Expected,Is Significant
p3,1,0.000276,13.228354,[31 63] ; [68 49],[44.1042654 49.8957346] ; [54.8957346 62.1042654],1
p1,1,0.002313,9.282867,[ 1 93] ; [ 14 104],[ 6.6509434 87.3490566] ; [  8.3490566 109.6509434],0
p5,1,0.003745,8.403707,[ 1 93] ; [ 13 105],[ 6.20754717 87.79245283] ; [  7.79245283 110.20754717],0
p12,1,0.049016,3.87481,[ 3 91] ; [ 12 106],[ 6.6509434 87.3490566] ; [  8.3490566 109.6509434],0
p9,1,0.051324,3.79767,[68 26] ; [96 19],[73.76076555 20.23923445] ; [90.23923445 24.76076555],0
p10,1,0.166728,1.912118,[65 29] ; [90 26],[69.38095238 24.61904762] ; [85.61904762 30.38095238],0
p11,1,0.201818,1.629168,[60 34] ; [85 33],[64.29245283 29.70754717] ; [80.70754717 37.29245283],0
b1,1,0.666645,0.185552,[41 53] ; [48 70],[39.46226415 54.53773585] ; [49.53773585 68.46226415],0
p6,1,0.935303,0.006589,[22 71] ; [28 88],[22.24880383 70.75119617] ; [27.75119617 88.24880383],0
