Feature,DoF,P Value,Chi Square,Observed,Expected,Is Significant
p7,1,0.231323,1.432708,[11  4] ; [13 11],[9.23076923 5.76923077] ; [14.76923077  9.23076923],0
b1,1,0.567144,0.327485,[7 8] ; [14 11],[7.875 7.125] ; [13.125 11.875],0
p3,1,0.624967,0.238949,[ 4 11] ; [ 5 20],[ 3.375 11.625] ; [ 5.625 19.375],0
p2,1,0.679665,0.170503,[8 7] ; [15 10],[8.625 6.375] ; [14.375 10.625],0
p11,1,0.679665,0.170503,[8 7] ; [15 10],[8.625 6.375] ; [14.375 10.625],0
p8,1,0.72158,0.126984,[ 4 11] ; [ 8 17],[ 4.5 10.5] ; [ 7.5 17.5],0
