Feature,DoF,P Value,Chi Square,Observed,Expected,Is Significant
p9,1,0.0,187.589743,[13 61] ; [255  19],[56.98850575 17.01149425] ; [211.01149425  62.98850575],1
p7,1,0.0,154.994136,[14 61] ; [243  28],[55.70809249 19.29190751] ; [201.29190751  69.70809249],1
p4,1,0.0,142.776787,[15 62] ; [241  33],[56.15954416 20.84045584] ; [199.84045584  74.15954416],1
p11,1,0.0,101.260883,[26 51] ; [243  31],[59.01139601 17.98860399] ; [209.98860399  64.01139601],1
p5,1,0.000116,14.863413,[ 3 73] ; [ 65 209],[14.76571429 61.23428571] ; [ 53.23428571 220.76571429],1
p1,1,0.022941,5.172999,[ 4 73] ; [ 41 232],[ 9.9 67.1] ; [ 35.1 237.9],0
b1,1,0.032706,4.561098,[42 35] ; [112 162],[33.78347578 43.21652422] ; [120.21652422 153.78347578],0
