Feature,DoF,P Value,Chi Square,Observed,Expected,Is Significant
p10,1,0.071254,3.253889,[10  7] ; [3 9],[7.62068966 9.37931034] ; [5.37931034 6.62068966],0
p3,1,0.245699,1.347594,[10  7] ; [4 7],[8.5 8.5] ; [5.5 5.5],0
b1,1,0.428398,0.627163,[11  6] ; [6 6],[9.96551724 7.03448276] ; [7.03448276 4.96551724],0
p4,1,0.428398,0.627163,[ 6 11] ; [6 6],[7.03448276 9.96551724] ; [4.96551724 7.03448276],0
p11,1,0.459822,0.546328,[8 9] ; [4 8],[7.03448276 9.96551724] ; [4.96551724 7.03448276],0
p1,1,0.945119,0.004739,[ 3 14] ; [ 2 10],[ 2.93103448 14.06896552] ; [2.06896552 9.93103448],0
