Feature,DoF,P Value,Chi Square,Observed,Expected,Is Significant
p8,1,0.0,38.931293,[53 63] ; [ 12 111],[31.54811715 84.45188285] ; [33.45188285 89.54811715],1
p10,1,7e-06,20.248424,[88 29] ; [56 64],[71.08860759 45.91139241] ; [72.91139241 47.08860759],1
p11,1,1.4e-05,18.91825,[86 31] ; [57 67],[69.42323651 47.57676349] ; [73.57676349 50.42323651],1
p9,1,1.9e-05,18.255673,[89 26] ; [59 58],[73.36206897 41.63793103] ; [74.63793103 42.36206897],1
b1,1,0.035871,4.403224,[41 76] ; [60 64],[49.03319502 67.96680498] ; [51.96680498 72.03319502],0
p1,1,0.286053,1.138107,[  4 112] ; [  8 116],[  5.8 110.2] ; [  6.2 117.8],0
p5,1,0.432218,0.616855,[  2 115] ; [  4 117],[  2.94957983 114.05042017] ; [  3.05042017 117.94957983],0
p12,1,0.822871,0.050111,[  5 112] ; [  6 117],[  5.3625 111.6375] ; [  5.6375 117.3625],0
