Feature,DoF,P Value,Chi Square,Observed,Expected,Is Significant
p4,1,0.0,165.084214,[ 64 143] ; [317  61],[134.81538462  72.18461538] ; [246.18461538 131.81538462],1
p7,1,0.0,91.268822,[ 80 121] ; [298  77],[131.90625  69.09375] ; [246.09375 128.90625],1
p6,1,0.0,50.298103,[ 42 163] ; [190 185],[ 82. 123.] ; [150. 225.],1
p2,1,0.0,27.660911,[154  53] ; [341  35],[175.75471698  31.24528302] ; [319.24528302  56.75471698],1
p5,1,0.0,26.911091,[  8 198] ; [ 73 302],[ 28.71944923 177.28055077] ; [ 52.28055077 322.71944923],1
p11,1,6e-06,20.39579,[155  53] ; [336  42],[174.27986348  33.72013652] ; [316.72013652  61.27986348],1
p1,1,5.6e-05,16.234432,[  6 202] ; [ 49 326],[ 19.62264151 188.37735849] ; [ 35.37735849 339.62264151],1
p12,1,0.003164,8.710656,[ 11 197] ; [ 49 327],[ 21.36986301 186.63013699] ; [ 38.63013699 337.36986301],0
b1,1,0.012168,6.286207,[ 63 145] ; [154 224],[ 77.02389078 130.97610922] ; [139.97610922 238.02389078],0
