Feature,DoF,P Value,Chi Square,Observed,Expected,Is Significant
p4,1,1.1e-05,19.252538,[115  59] ; [35 57],[98.12030075 75.87969925] ; [51.87969925 40.12030075],1
p3,1,0.00148,10.103829,[101  73] ; [35 58],[88.62921348 85.37078652] ; [47.37078652 45.62921348],0
p11,1,0.013462,6.107356,[152  22] ; [71 23],[144.78358209  29.21641791] ; [78.21641791 15.78358209],0
p12,1,0.015172,5.896427,[  8 166] ; [12 82],[ 12.98507463 161.01492537] ; [ 7.01492537 86.98507463],0
p1,1,0.219929,1.504833,[ 11 161] ; [10 84],[ 13.57894737 158.42105263] ; [ 7.42105263 86.57894737],0
p5,1,0.593585,0.28478,[ 14 160] ; [ 9 81],[ 15.15909091 158.84090909] ; [ 7.84090909 82.15909091],0
b1,1,0.867677,0.027759,[ 63 111] ; [35 59],[ 63.62686567 110.37313433] ; [34.37313433 59.62686567],0
