Feature,DoF,P Value,Chi Square,Observed,Expected,Is Significant
p3,1,0.0,26.05101,[89 64] ; [15 55],[71.35426009 81.64573991] ; [32.64573991 37.35426009],1
p6,1,0.000512,12.072562,[56 94] ; [10 60],[ 45. 105.] ; [21. 49.],1
p7,1,0.000958,10.906246,[83 68] ; [21 47],[71.70776256 79.29223744] ; [32.29223744 35.70776256],1
p11,1,0.03262,4.56559,[121  32] ; [46 24],[114.57847534  38.42152466] ; [52.42152466 17.57847534],0
p1,1,0.134325,2.24179,[ 12 141] ; [10 60],[ 15.0941704 137.9058296] ; [ 6.9058296 63.0941704],0
p5,1,0.29852,1.080795,[ 15 134] ; [ 4 65],[ 12.98623853 136.01376147] ; [ 6.01376147 62.98623853],0
b1,1,0.418812,0.653645,[59 94] ; [31 39],[61.74887892 91.25112108] ; [28.25112108 41.74887892],0
p12,1,0.584654,0.298771,[ 10 143] ; [ 6 64],[ 10.97757848 142.02242152] ; [ 5.02242152 64.97757848],0
