Feature,DoF,P Value,Chi Square,Observed,Expected,Is Significant
p7,1,0.328779,0.953701,[8 5] ; [28  9],[9.36 3.64] ; [26.64 10.36],0
b1,1,0.340219,0.909606,[9 4] ; [20 17],[7.54 5.46] ; [21.46 15.54],0
p4,1,0.375275,0.786123,[7 6] ; [25 12],[8.32 4.68] ; [23.68 13.32],0
p11,1,0.526106,0.401907,[5 8] ; [18 19],[5.98 7.02] ; [17.02 19.98],0
p1,1,0.74714,0.10395,[ 1 12] ; [ 4 33],[ 1.3 11.7] ; [ 3.7 33.3],0
p5,1,0.962085,0.00226,[ 1 12] ; [ 3 34],[ 1.04 11.96] ; [ 2.96 34.04],0
p3,1,0.989677,0.000167,[7 6] ; [20 17],[7.02 5.98] ; [19.98 17.02],0
