Feature,DoF,P Value,Chi Square,Observed,Expected,Is Significant
p4,1,0.027527,4.857429,[211  35] ; [183  15],[218.2972973  27.7027027] ; [175.7027027  22.2972973],0
p10,1,0.155652,2.015972,[235  12] ; [180  16],[231.38826185  15.61173815] ; [183.61173815  12.38826185],0
b1,1,0.208176,1.584063,[105 142] ; [ 96 102],[111.56629213 135.43370787] ; [ 89.43370787 108.56629213],0
p8,1,0.298901,1.079089,[189  58] ; [158  38],[193.47404063  53.52595937] ; [153.52595937  42.47404063],0
p1,1,0.318529,0.994975,[ 34 212] ; [ 34 163],[ 37.76072235 208.23927765] ; [ 30.23927765 166.76072235],0
p5,1,0.499167,0.456708,[ 58 189] ; [ 52 146],[ 61.05617978 185.94382022] ; [ 48.94382022 149.05617978],0
p12,1,0.73062,0.118543,[ 36 210] ; [ 31 165],[ 37.28959276 208.71040724] ; [ 29.71040724 166.28959276],0
p11,1,0.751182,0.100541,[211  36] ; [167  31],[209.81123596  37.18876404] ; [168.18876404  29.81123596],0
