Feature,DoF,P Value,Chi Square,Observed,Expected,Is Significant
p10,1,0.0,36.133125,[23 50] ; [57 13],[40.83916084 32.16083916] ; [39.16083916 30.83916084],1
p7,1,0.016951,5.701489,[37 36] ; [21 47],[30.02836879 42.97163121] ; [27.97163121 40.02836879],0
p1,1,0.036581,4.369836,[ 3 69] ; [10 60],[ 6.5915493 65.4084507] ; [ 6.4084507 63.5915493],0
p12,1,0.048085,3.906998,[ 1 71] ; [ 6 64],[ 3.54929577 68.45070423] ; [ 3.45070423 66.54929577],0
p8,1,0.124388,2.361179,[24 49] ; [15 55],[19.90909091 53.09090909] ; [19.09090909 50.90909091],0
p3,1,0.21543,1.534555,[22 50] ; [15 55],[18.76056338 53.23943662] ; [18.23943662 51.76056338],0
p11,1,0.314847,1.010235,[42 31] ; [46 24],[44.92307692 28.07692308] ; [43.07692308 26.92307692],0
b1,1,0.78341,0.075558,[34 39] ; [31 39],[33.18181818 39.81818182] ; [31.81818182 38.18181818],0
