Feature,DoF,P Value,Chi Square,Observed,Expected,Is Significant
p11,1,0.068363,3.321886,[207  51] ; [78 31],[200.35422343  57.64577657] ; [84.64577657 24.35422343],0
p8,1,0.098707,2.726308,[ 96 158] ; [50 56],[103.01111111 150.98888889] ; [42.98888889 63.01111111],0
p12,1,0.209597,1.57421,[ 15 241] ; [  3 106],[ 12.62465753 243.37534247] ; [  5.37534247 103.62465753],0
b1,1,0.211634,1.560215,[ 82 176] ; [42 67],[ 87.17166213 170.82833787] ; [36.82833787 72.17166213],0
p2,1,0.219487,1.507721,[200  57] ; [91 18],[204.33606557  52.66393443] ; [86.66393443 22.33606557],0
p7,1,0.317918,0.997495,[123 124] ; [60 48],[127.32676056 119.67323944] ; [55.67323944 52.32676056],0
p5,1,0.712779,0.135517,[ 12 244] ; [  6 101],[ 12.69421488 243.30578512] ; [  5.30578512 101.69421488],0
p1,1,0.84717,0.037145,[ 18 240] ; [  7 102],[ 17.57493188 240.42506812] ; [  7.42506812 101.57493188],0
