Feature,DoF,P Value,Chi Square,Observed,Expected,Is Significant
p5,1,0.015434,5.866195,[ 2 39] ; [ 8 25],[ 5.54054054 35.45945946] ; [ 4.45945946 28.54054054],0
p6,1,0.01876,5.523731,[ 9 28] ; [17 16],[13.74285714 23.25714286] ; [12.25714286 20.74285714],0
p7,1,0.02846,4.8,[34  6] ; [20 12],[30. 10.] ; [24.  8.],0
p12,1,0.142626,2.149397,[ 2 38] ; [ 5 28],[ 3.83561644 36.16438356] ; [ 3.16438356 29.83561644],0
p11,1,0.459829,0.546312,[35  6] ; [26  7],[33.7972973  7.2027027] ; [27.2027027  5.7972973],0
p10,1,0.721817,0.126758,[34  6] ; [29  4],[34.52054795  5.47945205] ; [28.47945205  4.52054795],0
b1,1,0.770836,0.084845,[15 26] ; [11 22],[14.40540541 26.59459459] ; [11.59459459 21.40540541],0
p1,1,0.950414,0.003867,[ 6 35] ; [ 5 28],[ 6.09459459 34.90540541] ; [ 4.90540541 28.09459459],0
