Feature,DoF,P Value,Chi Square,Observed,Expected,Is Significant
p9,1,0.0,75.270985,[57 57] ; [239  26],[89.03430079 24.96569921] ; [206.96569921  58.03430079],1
p11,1,0.0,38.66432,[58 63] ; [211  55],[84.10594315 36.89405685] ; [184.89405685  81.10594315],1
p8,1,0.0,32.830525,[ 11 110] ; [ 98 163],[34.52617801 86.47382199] ; [ 74.47382199 186.52617801],1
b1,1,0.001521,10.053312,[59 62] ; [ 85 181],[45.02325581 75.97674419] ; [ 98.97674419 167.02325581],0
p4,1,0.02799,4.828663,[24 96] ; [ 81 182],[32.89817232 87.10182768] ; [ 72.10182768 190.89817232],0
p1,1,0.03185,4.606575,[ 11 110] ; [ 10 256],[  6.56589147 114.43410853] ; [ 14.43410853 251.56589147],0
p12,1,0.58398,0.299844,[  7 113] ; [ 12 253],[  5.92207792 114.07792208] ; [ 13.07792208 251.92207792],0
p5,1,0.657992,0.195972,[  5 113] ; [ 14 250],[  5.86910995 112.13089005] ; [ 13.13089005 250.86910995],0
