Feature,DoF,P Value,Chi Square,Observed,Expected,Is Significant
p7,1,0.0,132.93659,[12 56] ; [235  35],[49.69230769 18.30769231] ; [197.30769231  72.69230769],1
p4,1,0.0,118.05948,[11 58] ; [228  46],[48.0787172 20.9212828] ; [190.9212828  83.0787172],1
p11,1,0.0,69.500532,[25 45] ; [232  43],[52.14492754 17.85507246] ; [204.85507246  70.14492754],1
p3,1,0.0,58.196279,[13 56] ; [190  84],[40.83673469 28.16326531] ; [162.16326531 111.83673469],1
p5,1,0.000699,11.490694,[ 3 67] ; [ 60 215],[12.7826087 57.2173913] ; [ 50.2173913 224.7826087],1
p12,1,0.002022,9.529344,[ 1 69] ; [ 41 233],[ 8.54651163 61.45348837] ; [ 33.45348837 240.54651163],0
b1,1,0.002168,9.401168,[42 28] ; [109 166],[30.63768116 39.36231884] ; [120.36231884 154.63768116],0
p1,1,0.352991,0.862676,[ 7 63] ; [ 39 235],[ 9.36046512 60.63953488] ; [ 36.63953488 237.36046512],0
