Feature,DoF,P Value,Chi Square,Observed,Expected,Is Significant
p11,1,0.0,27.566718,[185  24] ; [ 7 10],[177.55752212  31.44247788] ; [14.44247788  2.55752212],1
p9,1,0.000112,14.929866,[189  20] ; [10  7],[184.03097345  24.96902655] ; [14.96902655  2.03097345],1
p3,1,0.00269,9.006443,[156  52] ; [ 7 10],[150.68444444  57.31555556] ; [12.31555556  4.68444444],0
p10,1,0.005394,7.742418,[185  24] ; [11  6],[181.25663717  27.74336283] ; [14.74336283  2.25663717],0
p5,1,0.052163,3.770536,[ 57 152] ; [ 1 16],[ 53.63716814 155.36283186] ; [ 4.36283186 12.63716814],0
p1,1,0.151752,2.054547,[ 33 175] ; [ 5 12],[ 35.12888889 172.87111111] ; [ 2.87111111 14.12888889],0
b1,1,0.238163,1.391435,[ 92 117] ; [10  7],[ 94.32743363 114.67256637] ; [7.67256637 9.32743363],0
p12,1,0.252405,1.309942,[ 34 174] ; [ 1 16],[ 32.35555556 175.64444444] ; [ 2.64444444 14.35555556],0
