Feature,DoF,P Value,Chi Square,Observed,Expected,Is Significant
p8,1,0.0,27.579233,[ 44 191] ; [14  6],[ 53.45098039 181.54901961] ; [ 4.54901961 15.45098039],1
p5,1,0.00074,11.385681,[  8 228] ; [ 4 16],[ 11.0625 224.9375] ; [ 0.9375 19.0625],1
p9,1,0.010668,6.519856,[155  74] ; [19  1],[160.02409639  68.97590361] ; [13.97590361  6.02409639],0
p12,1,0.052723,3.75269,[ 11 223] ; [ 3 17],[ 12.8976378 221.1023622] ; [ 1.1023622 18.8976378],0
p11,1,0.11672,2.46079,[148  89] ; [16  4],[151.23735409  85.76264591] ; [12.76264591  7.23735409],0
b1,1,0.461686,0.541805,[ 87 150] ; [ 9 11],[ 88.52918288 148.47081712] ; [ 7.47081712 12.52918288],0
p10,1,0.737999,0.111893,[142  90] ; [13  7],[142.6984127  89.3015873] ; [12.3015873  7.6984127],0
p1,1,0.986776,0.000275,[ 12 224] ; [ 1 19],[ 11.984375 224.015625] ; [ 1.015625 18.984375],0
