Feature,DoF,P Value,Chi Square,Observed,Expected,Is Significant
p11,1,0.0,35.219606,[27 22] ; [405  58],[41.34375  7.65625] ; [390.65625  72.34375],1
p4,1,0.0,28.250536,[18 31] ; [339 123],[34.23287671 14.76712329] ; [322.76712329 139.23287671],1
p2,1,0.0,25.590184,[34 15] ; [425  36],[44.1  4.9] ; [414.9  46.1],1
p3,1,1.3e-05,18.969571,[16 33] ; [298 164],[30.10958904 18.89041096] ; [283.89041096 178.10958904],1
p6,1,0.000398,12.541342,[12 37] ; [235 225],[23.77799607 25.22200393] ; [223.22200393 236.77799607],1
p5,1,0.00725,7.209891,[ 1 48] ; [ 76 385],[ 7.39803922 41.60196078] ; [ 69.60196078 391.39803922],0
p12,1,0.073368,3.206024,[ 1 48] ; [ 45 417],[ 4.4109589 44.5890411] ; [ 41.5890411 420.4109589],0
b1,1,0.200443,1.63914,[23 26] ; [174 289],[18.85351562 30.14648438] ; [178.14648438 284.85351562],0
p1,1,0.383877,0.75825,[ 3 46] ; [ 46 415],[ 4.70784314 44.29215686] ; [ 44.29215686 416.70784314],0
