Feature,DoF,P Value,Chi Square,Observed,Expected,Is Significant
p10,1,0.044136,4.051339,[1 5] ; [15  9],[3.2 2.8] ; [12.8 11.2],0
p3,1,0.136037,2.222222,[2 4] ; [16  8],[3.6 2.4] ; [14.4  9.6],0
p11,1,0.231998,1.428571,[3 3] ; [18  6],[4.2 1.8] ; [16.8  7.2],0
b1,1,0.44861,0.574163,[3 3] ; [ 8 16],[2.2 3.8] ; [ 8.8 15.2],0
