Feature,DoF,P Value,Chi Square,Observed,Expected,Is Significant
p9,1,0.020898,5.33528,[19  7] ; [33  2],[22.16393443  3.83606557] ; [29.83606557  5.16393443],0
p5,1,0.10143,2.682915,[ 5 21] ; [ 2 33],[ 2.98360656 23.01639344] ; [ 4.01639344 30.98360656],0
p8,1,0.148941,2.083067,[16 10] ; [15 20],[13.21311475 12.78688525] ; [17.78688525 17.21311475],0
b1,1,0.171204,1.872372,[15 11] ; [14 21],[12.36065574 13.63934426] ; [16.63934426 18.36065574],0
p11,1,0.264147,1.246893,[15 11] ; [25 10],[17.04918033  8.95081967] ; [22.95081967 12.04918033],0
p3,1,0.59298,0.285714,[14 11] ; [22 13],[15. 10.] ; [21. 14.],0
p1,1,0.753262,0.09881,[ 3 23] ; [ 5 30],[ 3.40983607 22.59016393] ; [ 4.59016393 30.40983607],0
p10,1,0.772332,0.083709,[18  8] ; [23 12],[17.47540984  8.52459016] ; [23.52459016 11.47540984],0
p12,1,0.904737,0.014323,[ 4 22] ; [ 5 30],[ 3.83606557 22.16393443] ; [ 5.16393443 29.83606557],0
