Feature,DoF,P Value,Chi Square,Observed,Expected,Is Significant
p8,1,0.0,96.113394,[16 66] ; [184  46],[52.56410256 29.43589744] ; [147.43589744  82.56410256],1
p3,1,0.0,56.329841,[23 59] ; [172  58],[51.25 30.75] ; [143.75  86.25],1
p5,1,0.000131,14.620797,[ 4 74] ; [ 58 172],[15.7012987 62.2987013] ; [ 46.2987013 183.7012987],1
p11,1,0.001865,9.67792,[58 24] ; [198  32],[67.28205128 14.71794872] ; [188.71794872  41.28205128],0
p10,1,0.053275,3.735267,[69 13] ; [210  19],[73.56270096  8.43729904] ; [205.43729904  23.56270096],0
p1,1,0.114244,2.494508,[ 6 76] ; [ 32 197],[10.0192926 71.9807074] ; [ 27.9807074 201.0192926],0
p12,1,0.206247,1.597576,[ 7 75] ; [ 32 198],[10.25 71.75] ; [ 28.75 201.25],0
b1,1,0.519568,0.414751,[33 49] ; [102 128],[35.48076923 46.51923077] ; [ 99.51923077 130.48076923],0
