Feature,DoF,P Value,Chi Square,Observed,Expected,Is Significant
p9,1,0.0,36.39438,[35  3] ; [15 38],[20.87912088 17.12087912] ; [29.12087912 23.87912088],1
p11,1,4.3e-05,16.725663,[32  6] ; [22 31],[22.54945055 15.45054945] ; [31.45054945 21.54945055],1
p12,1,0.032627,4.565238,[ 5 33] ; [ 1 52],[ 2.50549451 35.49450549] ; [ 3.49450549 49.50549451],0
p3,1,0.364888,0.820999,[23 15] ; [27 26],[20.87912088 17.12087912] ; [29.12087912 23.87912088],0
p8,1,0.390716,0.736714,[15 23] ; [16 36],[13.08888889 24.91111111] ; [17.91111111 34.08888889],0
b1,1,0.420697,0.648366,[14 24] ; [24 29],[15.86813187 22.13186813] ; [22.13186813 30.86813187],0
p5,1,0.554259,0.349743,[ 4 31] ; [ 4 48],[ 3.2183908 31.7816092] ; [ 4.7816092 47.2183908],0
p1,1,0.732471,0.116854,[ 2 36] ; [ 2 51],[ 1.67032967 36.32967033] ; [ 2.32967033 50.67032967],0
p7,1,0.969612,0.001451,[19 18] ; [27 26],[18.91111111 18.08888889] ; [27.08888889 25.91111111],0
