Feature,DoF,P Value,Chi Square,Observed,Expected,Is Significant
p4,1,0.000699,11.490721,[24 55] ; [23 13],[32.28695652 46.71304348] ; [14.71304348 21.28695652],1
p3,1,0.052812,3.749861,[23 57] ; [17 19],[27.5862069 52.4137931] ; [12.4137931 23.5862069],0
p1,1,0.10189,2.675708,[ 7 73] ; [ 7 29],[ 9.65517241 70.34482759] ; [ 4.34482759 31.65517241],0
b1,1,0.142631,2.14934,[36 44] ; [11 25],[32.4137931 47.5862069] ; [14.5862069 21.4137931],0
p11,1,0.260561,1.265774,[54 26] ; [28  8],[56.55172414 23.44827586] ; [25.44827586 10.55172414],0
p12,1,0.400466,0.706927,[ 7 73] ; [ 5 31],[ 8.27586207 71.72413793] ; [ 3.72413793 32.27586207],0
p5,1,0.436126,0.606454,[ 2 74] ; [ 2 34],[ 2.71428571 73.28571429] ; [ 1.28571429 34.71428571],0
