Feature,DoF,P Value,Chi Square,Observed,Expected,Is Significant
p8,1,4e-06,21.237938,[10 53] ; [196 224],[26.86956522 36.13043478] ; [179.13043478 240.86956522],1
p4,1,0.000971,10.882652,[18 45] ; [215 208],[30.2037037 32.7962963] ; [202.7962963 220.2037037],1
p11,1,0.002911,8.862673,[44 19] ; [361  64],[52.28483607 10.71516393] ; [352.71516393  72.28483607],0
p1,1,0.025013,5.023012,[ 9 54] ; [ 27 397],[ 4.65708419 58.34291581] ; [ 31.34291581 392.65708419],0
p3,1,0.043127,4.090436,[19 44] ; [185 239],[26.39014374 36.60985626] ; [177.60985626 246.39014374],0
p12,1,0.069476,3.295363,[ 8 55] ; [ 27 397],[ 4.52772074 58.47227926] ; [ 30.47227926 393.52772074],0
b1,1,0.167639,1.903935,[26 37] ; [138 287],[21.17213115 41.82786885] ; [142.82786885 282.17213115],0
p5,1,0.655035,0.199611,[ 4 56] ; [ 35 384],[ 4.88517745 55.11482255] ; [ 34.11482255 384.88517745],0
