Feature,DoF,P Value,Chi Square,Observed,Expected,Is Significant
p4,1,0.0,45.278962,[60 27] ; [ 46 132],[34.8 52.2] ; [ 71.2 106.8],1
b1,1,0.127381,2.32414,[33 54] ; [ 51 127],[27.57735849 59.42264151] ; [ 56.42264151 121.57735849],0
p12,1,0.21234,1.555401,[ 3 84] ; [ 13 164],[ 5.27272727 81.72727273] ; [ 10.72727273 166.27272727],0
p1,1,0.337274,0.920766,[ 7 80] ; [  9 169],[ 5.25283019 81.74716981] ; [ 10.74716981 167.25283019],0
p11,1,0.426778,0.631576,[61 26] ; [133  45],[63.69056604 23.30943396] ; [130.30943396  47.69056604],0
p10,1,0.557004,0.344918,[70 16] ; [150  28],[71.66666667 14.33333333] ; [148.33333333  29.66666667],0
p5,1,0.977206,0.000816,[ 4 83] ; [  8 169],[ 3.95454545 83.04545455] ; [  8.04545455 168.95454545],0
