Feature,DoF,P Value,Chi Square,Observed,Expected,Is Significant
p3,1,0.0,40.483883,[290 167] ; [33 77],[260.33686067 196.66313933] ; [62.66313933 47.33686067],1
p6,1,0.0,26.796396,[228 224] ; [24 82],[204.12903226 247.87096774] ; [47.87096774 58.12903226],1
p10,1,3.4e-05,17.16976,[425  30] ; [88 21],[413.85638298  41.14361702] ; [99.14361702  9.85638298],1
p5,1,0.004143,8.219979,[ 73 383] ; [  6 104],[ 63.64664311 392.35335689] ; [15.35335689 94.64664311],0
p12,1,0.060088,3.534942,[ 42 414] ; [  4 104],[ 37.19148936 418.80851064] ; [ 8.80851064 99.19148936],0
b1,1,0.311175,1.025681,[169 288] ; [35 75],[164.42328042 292.57671958] ; [39.57671958 70.42328042],0
p11,1,0.342535,0.900921,[398  59] ; [92 18],[394.9382716  62.0617284] ; [95.0617284 14.9382716],0
p1,1,0.45362,0.561591,[ 44 412] ; [  8 101],[ 41.96814159 414.03185841] ; [10.03185841 98.96814159],0
