Feature,DoF,P Value,Chi Square,Observed,Expected,Is Significant
b1,1,0.01053,6.542918,[17 11] ; [ 4 14],[12.7826087 15.2173913] ; [8.2173913 9.7826087],0
p9,1,0.019716,5.436874,[12 16] ; [14  4],[15.82608696 12.17391304] ; [10.17391304  7.82608696],0
p3,1,0.096921,2.755498,[13 15] ; [ 4 14],[10.34782609 17.65217391] ; [ 6.65217391 11.34782609],0
p5,1,0.353195,0.861943,[ 4 24] ; [ 1 17],[ 3.04347826 24.95652174] ; [ 1.95652174 16.04347826],0
p2,1,0.622224,0.242754,[22  6] ; [13  5],[21.30434783  6.69565217] ; [13.69565217  4.30434783],0
p11,1,0.827662,0.047394,[18 10] ; [11  7],[17.65217391 10.34782609] ; [11.34782609  6.65217391],0
p1,1,0.949217,0.004056,[ 6 22] ; [ 4 14],[ 6.08695652 21.91304348] ; [ 3.91304348 14.08695652],0
