Feature,DoF,P Value,Chi Square,Observed,Expected,Is Significant
p9,1,3e-06,22.138423,[85 16] ; [ 7 13],[76.79338843 24.20661157] ; [15.20661157  4.79338843],1
p11,1,0.065994,3.379961,[80 21] ; [12  8],[76.79338843 24.20661157] ; [15.20661157  4.79338843],0
p8,1,0.078883,3.08777,[52 49] ; [ 6 14],[48.41322314 52.58677686] ; [ 9.58677686 10.41322314],0
b1,1,0.181117,1.788432,[30 71] ; [ 9 11],[32.55371901 68.44628099] ; [ 6.44628099 13.55371901],0
p7,1,0.742784,0.107695,[76 21] ; [15  5],[75.44444444 21.55555556] ; [15.55555556  4.44444444],0
p1,1,0.75089,0.100785,[ 7 94] ; [ 1 19],[ 6.67768595 94.32231405] ; [ 1.32231405 18.67768595],0
