Feature,DoF,P Value,Chi Square,Observed,Expected,Is Significant
p4,1,0.0,51.225676,[227  34] ; [10 20],[212.56701031  48.43298969] ; [24.43298969  5.56701031],1
p6,1,2e-06,22.293046,[156 101] ; [ 5 26],[143.67013889 113.32986111] ; [17.32986111 13.67013889],1
p2,1,3.3e-05,17.224013,[243  17] ; [22  9],[236.76975945  23.23024055] ; [28.23024055  2.76975945],1
p11,1,0.00505,7.86139,[232  29] ; [22  9],[227.03424658  33.96575342] ; [26.96575342  4.03424658],0
b1,1,0.057257,3.61511,[105 156] ; [18 13],[109.94178082 151.05821918] ; [13.05821918 17.94178082],0
