Feature,DoF,P Value,Chi Square,Observed,Expected,Is Significant
p10,1,0.0,98.394876,[17 77] ; [130  29],[54.61660079 39.38339921] ; [92.38339921 66.61660079],1
p11,1,0.0,47.013052,[40 54] ; [135  26],[64.50980392 29.49019608] ; [110.49019608  50.50980392],1
p7,1,0.0,46.358695,[26 66] ; [114  43],[51.72690763 40.27309237] ; [88.27309237 68.72690763],1
p6,1,0.000319,12.95421,[11 81] ; [ 52 109],[22.90909091 69.09090909] ; [ 40.09090909 120.90909091],1
b1,1,0.002367,9.240623,[51 43] ; [ 56 105],[39.44313725 54.55686275] ; [67.55686275 93.44313725],0
p5,1,0.035859,4.403798,[ 1 93] ; [ 11 150],[ 4.42352941 89.57647059] ; [  7.57647059 153.42352941],0
p12,1,0.352596,0.864092,[ 2 91] ; [  7 152],[ 3.32142857 89.67857143] ; [  5.67857143 153.32142857],0
p1,1,0.949348,0.004035,[ 6 87] ; [ 10 150],[ 5.88142292 87.11857708] ; [ 10.11857708 149.88142292],0
