Feature,DoF,P Value,Chi Square,Observed,Expected,Is Significant
p7,1,0.0,75.715161,[55 57] ; [184  15],[86.07073955 25.92926045] ; [152.92926045  46.07073955],1
p5,1,0.000419,12.444437,[12 97] ; [ 57 143],[24.33980583 84.66019417] ; [ 44.66019417 155.33980583],1
p11,1,0.00172,9.826755,[83 29] ; [176  24],[92.97435897 19.02564103] ; [166.02564103  33.97435897],0
p2,1,0.011293,6.418684,[94 18] ; [186  14],[100.51282051  11.48717949] ; [179.48717949  20.51282051],0
p12,1,0.014402,5.988136,[  8 104] ; [ 34 166],[15.07692308 96.92307692] ; [ 26.92307692 173.07692308],0
p10,1,0.034008,4.4943,[89 22] ; [177  22],[95.24516129 15.75483871] ; [170.75483871  28.24516129],0
p9,1,0.104693,2.632559,[95 16] ; [183  17],[99.22186495 11.77813505] ; [178.77813505  21.22186495],0
p1,1,0.120099,2.416023,[ 10 102] ; [ 30 169],[14.40514469 97.59485531] ; [ 25.59485531 173.40514469],0
b1,1,0.385123,0.754286,[55 57] ; [ 88 112],[51.33333333 60.66666667] ; [ 91.66666667 108.33333333],0
