Feature,DoF,P Value,Chi Square,Observed,Expected,Is Significant
p11,1,0.176076,1.830439,[8 7] ; [ 4 10],[6.20689655 8.79310345] ; [5.79310345 8.20689655],0
p3,1,0.195646,1.674579,[ 4 11] ; [7 7],[5.68965517 9.31034483] ; [5.31034483 8.68965517],0
p10,1,0.311405,1.024707,[ 2 13] ; [ 4 10],[ 3.10344828 11.89655172] ; [ 2.89655172 11.10344828],0
p7,1,0.810595,0.057436,[11  4] ; [9 4],[10.71428571  4.28571429] ; [9.28571429 3.71428571],0
b1,1,0.836687,0.042491,[7 8] ; [6 8],[6.72413793 8.27586207] ; [6.27586207 7.72413793],0
