Feature,DoF,P Value,Chi Square,Observed,Expected,Is Significant
p7,1,0.0,28.317961,[83 68] ; [261  71],[107.54451346  43.45548654] ; [236.45548654  95.54451346],1
p6,1,0.000239,13.498872,[56 94] ; [185 149],[74.69008264 75.30991736] ; [166.30991736 167.69008264],1
p5,1,0.001414,10.187812,[ 15 134] ; [ 74 258],[ 27.56964657 121.43035343] ; [ 61.43035343 270.56964657],0
p2,1,0.009102,6.802692,[129  23] ; [308  25],[136.95670103  15.04329897] ; [300.04329897  32.95670103],0
p12,1,0.020142,5.399575,[ 10 143] ; [ 46 288],[ 17.59342916 135.40657084] ; [ 38.40657084 295.59342916],0
p11,1,0.027872,4.835964,[121  32] ; [291  44],[129.17213115  23.82786885] ; [282.82786885  52.17213115],0
p1,1,0.117793,2.446428,[ 12 141] ; [ 42 290],[ 17.03505155 135.96494845] ; [ 36.96494845 295.03505155],0
b1,1,0.540791,0.374076,[59 94] ; [139 196],[62.07786885 90.92213115] ; [135.92213115 199.07786885],0
