Feature,DoF,P Value,Chi Square,Observed,Expected,Is Significant
p11,1,7e-05,15.798859,[ 7 14] ; [54 14],[14.39325843  6.60674157] ; [46.60674157 21.39325843],1
b1,1,0.000231,13.560175,[16  5] ; [21 47],[ 8.73033708 12.26966292] ; [28.26966292 39.73033708],1
p2,1,0.000379,12.632757,[10 11] ; [58 10],[16.04494382  4.95505618] ; [51.95505618 16.04494382],1
p1,1,0.226182,1.464708,[ 1 20] ; [10 58],[ 2.59550562 18.40449438] ; [ 8.40449438 59.59550562],0
p5,1,0.282492,1.155062,[ 1 20] ; [ 9 59],[ 2.35955056 18.64044944] ; [ 7.64044944 60.35955056],0
p6,1,0.844054,0.038695,[ 4 16] ; [15 53],[ 4.31818182 15.68181818] ; [14.68181818 53.31818182],0
