Feature,DoF,P Value,Chi Square,Observed,Expected,Is Significant
p4,1,0.092304,2.833732,[ 6 13] ; [22 18],[9.01694915 9.98305085] ; [18.98305085 21.01694915],0
p7,1,0.214817,1.538661,[ 5 13] ; [18 22],[ 7.13793103 10.86206897] ; [15.86206897 24.13793103],0
p11,1,0.362722,0.828445,[ 9 10] ; [14 26],[ 7.40677966 11.59322034] ; [15.59322034 24.40677966],0
p6,1,0.595334,0.282091,[ 6 13] ; [10 30],[ 5.15254237 13.84745763] ; [10.84745763 29.15254237],0
p1,1,0.696536,0.1521,[ 2 17] ; [ 3 37],[ 1.61016949 17.38983051] ; [ 3.38983051 36.61016949],0
b1,1,0.74199,0.108386,[12  7] ; [27 13],[12.55932203  6.44067797] ; [26.44067797 13.55932203],0
p5,1,0.749467,0.10198,[ 1 18] ; [ 3 37],[ 1.28813559 17.71186441] ; [ 2.71186441 37.28813559],0
