Feature,DoF,P Value,Chi Square,Observed,Expected,Is Significant
p3,1,0.309718,1.03188,[13 15] ; [23 16],[15.04477612 12.95522388] ; [20.95522388 18.04477612],0
p7,1,0.369458,0.805485,[24  4] ; [30  9],[22.56716418  5.43283582] ; [31.43283582  7.56716418],0
p11,1,0.39282,0.730196,[18 10] ; [21 18],[16.29850746 11.70149254] ; [22.70149254 16.29850746],0
b1,1,0.44381,0.586413,[17 11] ; [20 19],[15.46268657 12.53731343] ; [21.53731343 17.46268657],0
p1,1,0.524546,0.404945,[ 6 22] ; [ 6 33],[ 5.01492537 22.98507463] ; [ 6.98507463 32.01492537],0
p9,1,0.564222,0.332447,[12 16] ; [14 25],[10.86567164 17.13432836] ; [15.13432836 23.86567164],0
p2,1,0.873162,0.025486,[22  6] ; [30  9],[21.73134328  6.26865672] ; [30.26865672  8.73134328],0
p5,1,0.900919,0.0155,[ 4 24] ; [ 6 33],[ 4.17910448 23.82089552] ; [ 5.82089552 33.17910448],0
