Feature,DoF,P Value,Chi Square,Observed,Expected,Is Significant
p3,1,0.005243,7.793777,[51 89] ; [ 49 166],[ 39.43661972 100.56338028] ; [ 60.56338028 154.43661972],0
p6,1,0.065939,3.381324,[ 35 101] ; [ 37 174],[ 28.21902017 107.78097983] ; [ 43.78097983 167.21902017],0
p8,1,0.084846,2.969544,[71 68] ; [ 88 123],[63.14571429 75.85428571] ; [ 95.85428571 115.14571429],0
b1,1,0.300976,1.069865,[49 91] ; [ 64 151],[44.56338028 95.43661972] ; [ 68.43661972 146.56338028],0
p11,1,0.474393,0.511725,[111  29] ; [177  38],[113.57746479  26.42253521] ; [174.42253521  40.57746479],0
p1,1,0.509876,0.434322,[  8 132] ; [  9 206],[  6.70422535 133.29577465] ; [ 10.29577465 204.70422535],0
p12,1,0.721161,0.127383,[  7 132] ; [  9 204],[  6.31818182 132.68181818] ; [  9.68181818 203.31818182],0
p5,1,0.941573,0.005372,[  5 135] ; [  8 207],[  5.12676056 134.87323944] ; [  7.87323944 207.12676056],0
