Feature,DoF,P Value,Chi Square,Observed,Expected,Is Significant
p4,1,0.0,139.088204,[25 72] ; [183  15],[68.39322034 28.60677966] ; [139.60677966  58.39322034],1
p7,1,0.0,112.502386,[28 68] ; [176  20],[67.06849315 28.93150685] ; [136.93150685  59.06849315],1
p8,1,0.0,106.179714,[17 79] ; [158  38],[57.53424658 38.46575342] ; [117.46575342  78.53424658],1
p11,1,0.0,55.428448,[41 56] ; [167  31],[68.39322034 28.60677966] ; [139.60677966  58.39322034],1
p5,1,0.0,27.830054,[ 1 95] ; [ 52 146],[17.30612245 78.69387755] ; [ 35.69387755 162.30612245],1
p12,1,0.000498,12.123468,[ 2 94] ; [ 31 165],[10.84931507 85.15068493] ; [ 22.15068493 173.84931507],1
p1,1,0.009993,6.636072,[ 6 90] ; [ 34 163],[13.10580205 82.89419795] ; [ 26.89419795 170.10580205],0
b1,1,0.995976,2.5e-05,[47 50] ; [ 96 102],[47.02033898 49.97966102] ; [ 95.97966102 102.02033898],0
