Feature,DoF,P Value,Chi Square,Observed,Expected,Is Significant
p8,1,0.0,40.80081,[39 68] ; [255 107],[67.07462687 39.92537313] ; [226.92537313 135.07462687],1
p6,1,0.0,30.094402,[23 84] ; [185 174],[47.75965665 59.24034335] ; [160.24034335 198.75965665],1
p5,1,0.03296,4.547845,[12 94] ; [ 74 288],[19.47863248 86.52136752] ; [ 66.52136752 295.47863248],0
p11,1,0.145663,2.117091,[88 20] ; [316  47],[92.63694268 15.36305732] ; [311.36305732  51.63694268],0
b1,1,0.297142,1.086978,[38 70] ; [148 215],[42.64968153 65.35031847] ; [143.35031847 219.64968153],0
p1,1,0.359787,0.838635,[11 97] ; [ 49 313],[13.78723404 94.21276596] ; [ 46.21276596 315.78723404],0
p12,1,0.690288,0.158774,[15 93] ; [ 45 317],[13.78723404 94.21276596] ; [ 46.21276596 315.78723404],0
