Feature,DoF,P Value,Chi Square,Observed,Expected,Is Significant
p7,1,0.113556,2.504028,[10  7] ; [18  4],[12.20512821  4.79487179] ; [15.79487179  6.20512821],0
p10,1,0.415426,0.663219,[10  7] ; [15  6],[11.18421053  5.81578947] ; [13.81578947  7.18421053],0
p11,1,0.642767,0.215142,[8 9] ; [12 10],[8.71794872 8.28205128] ; [11.28205128 10.71794872],0
b1,1,0.720786,0.127741,[11  6] ; [13  9],[10.46153846  6.53846154] ; [13.53846154  8.46153846],0
p9,1,0.736151,0.113539,[13  4] ; [17  4],[13.42105263  3.57894737] ; [16.57894737  4.42105263],0
p1,1,0.96558,0.001862,[ 3 14] ; [ 4 18],[ 3.05128205 13.94871795] ; [ 3.94871795 18.05128205],0
