Feature,DoF,P Value,Chi Square,Observed,Expected,Is Significant
p10,1,0.0,31.485439,[11 26] ; [166  53],[25.58203125 11.41796875] ; [151.41796875  67.58203125],1
b1,1,0.000219,13.663669,[22 16] ; [ 61 160],[12.17760618 25.82239382] ; [ 70.82239382 150.17760618],1
p11,1,0.005063,7.856824,[21 17] ; [170  51],[28.02316602  9.97683398] ; [162.97683398  58.02316602],0
p6,1,0.174204,1.846385,[10 28] ; [ 37 180],[ 7.00392157 30.99607843] ; [ 39.99607843 177.00392157],0
p1,1,0.740118,0.110023,[ 1 37] ; [  4 215],[ 0.73929961 37.26070039] ; [  4.26070039 214.73929961],0
p12,1,0.748477,0.102815,[ 1 37] ; [  8 210],[ 1.3359375 36.6640625] ; [  7.6640625 210.3359375],0
p5,1,0.973253,0.001124,[ 1 37] ; [  6 214],[ 1.03100775 36.96899225] ; [  5.96899225 214.03100775],0
