Feature,DoF,P Value,Chi Square,Observed,Expected,Is Significant
p6,1,2.2e-05,17.994692,[38 87] ; [ 13 123],[ 24.42528736 100.57471264] ; [ 26.57471264 109.42528736],1
b1,1,0.005501,7.706958,[61 65] ; [43 93],[50.01526718 75.98473282] ; [53.98473282 82.01526718],0
p9,1,0.109605,2.559909,[107  18] ; [124  11],[111.05769231  13.94230769] ; [119.94230769  15.05769231],0
p5,1,0.155764,2.014879,[ 11 114] ; [  6 129],[  8.17307692 116.82692308] ; [  8.82692308 126.17307692],0
p11,1,0.351235,0.868991,[89 37] ; [103  33],[92.33587786 33.66412214] ; [99.66412214 36.33587786],0
p12,1,0.886726,0.020292,[  8 118] ; [  8 127],[  7.72413793 118.27586207] ; [  8.27586207 126.72413793],0
p1,1,0.978712,0.000712,[ 11 115] ; [ 12 124],[ 11.0610687 114.9389313] ; [ 11.9389313 124.0610687],0
