Feature,DoF,P Value,Chi Square,Observed,Expected,Is Significant
p10,1,0.0,57.500648,[56 61] ; [208  35],[85.8 31.2] ; [178.2  64.8],1
p11,1,0.0,37.7274,[58 63] ; [194  50],[83.53972603 37.46027397] ; [168.46027397  75.53972603],1
p8,1,0.0,25.340987,[ 11 110] ; [ 81 161],[30.66666667 90.33333333] ; [ 61.33333333 180.66666667],1
b1,1,0.001034,10.766208,[59 62] ; [ 76 168],[44.75342466 76.24657534] ; [ 90.24657534 153.75342466],0
p1,1,0.085177,2.963234,[ 11 110] ; [ 11 232],[  7.31318681 113.68681319] ; [ 14.68681319 228.31318681],0
p3,1,0.794169,0.068069,[23 98] ; [ 49 194],[23.93406593 97.06593407] ; [ 48.06593407 194.93406593],0
p5,1,0.817171,0.053447,[  5 113] ; [  9 232],[  4.60167131 113.39832869] ; [  9.39832869 231.60167131],0
p12,1,0.849356,0.036077,[  7 113] ; [ 13 230],[  6.61157025 113.38842975] ; [ 13.38842975 229.61157025],0
