Feature,DoF,P Value,Chi Square,Observed,Expected,Is Significant
p3,1,0.0,82.142537,[89 64] ; [ 37 211],[ 48.07481297 104.92518703] ; [ 77.92518703 170.07481297],1
p9,1,0.0,44.845473,[145   7] ; [161  81],[118.05076142  33.94923858] ; [187.94923858  54.05076142],1
p2,1,0.0,33.712072,[129  23] ; [141 107],[102.6  49.4] ; [167.4  80.6],1
p7,1,0.0,26.240342,[83 68] ; [ 71 173],[58.87088608 92.12911392] ; [ 95.12911392 148.87088608],1
p5,1,0.000139,14.519727,[ 15 134] ; [  4 243],[  7.1489899 141.8510101] ; [ 11.8510101 235.1489899],1
p11,1,0.00096,10.904092,[121  32] ; [158  91],[106.18656716  46.81343284] ; [172.81343284  76.18656716],1
p1,1,0.103538,2.650184,[ 12 141] ; [ 10 238],[  8.39401496 144.60598504] ; [ 13.60598504 234.39401496],0
p12,1,0.474444,0.511606,[ 10 143] ; [ 12 235],[  8.415 144.585] ; [ 13.585 233.415],0
b1,1,0.633246,0.227685,[59 94] ; [102 147],[61.2761194 91.7238806] ; [ 99.7238806 149.2761194],0
