Feature,DoF,P Value,Chi Square,Observed,Expected,Is Significant
p4,1,0.0,71.7551,[45 63] ; [265  52],[78.77647059 29.22352941] ; [231.22352941  85.77647059],1
p6,1,2.3e-05,17.902036,[35 72] ; [176 136],[53.88305489 53.11694511] ; [157.11694511 154.88305489],1
p11,1,4.5e-05,16.654826,[74 34] ; [273  44],[88.17882353 19.82117647] ; [258.82117647  58.17882353],1
p5,1,4.6e-05,16.588011,[  4 103] ; [ 65 251],[17.45390071 89.54609929] ; [ 51.54609929 264.45390071],1
p9,1,6.2e-05,16.025475,[84 24] ; [290  25],[95.4893617 12.5106383] ; [278.5106383  36.4893617],1
p10,1,0.000132,14.614715,[80 26] ; [284  31],[91.64845606 14.35154394] ; [272.35154394  42.64845606],1
p12,1,0.002669,9.021191,[  2 106] ; [ 36 279],[ 9.70212766 98.29787234] ; [ 28.29787234 286.70212766],0
p1,1,0.004076,8.249786,[  3 105] ; [ 39 277],[10.69811321 97.30188679] ; [ 31.30188679 284.69811321],0
b1,1,0.090789,2.860325,[37 71] ; [138 179],[44.47058824 63.52941176] ; [130.52941176 186.47058824],0
