Feature,DoF,P Value,Chi Square,Observed,Expected,Is Significant
p8,1,3.3e-05,17.25007,[10 53] ; [35 35],[21.31578947 41.68421053] ; [23.68421053 46.31578947],1
p6,1,0.032612,4.566035,[ 7 56] ; [17 49],[11.72093023 51.27906977] ; [12.27906977 53.72093023],0
p12,1,0.082946,3.006211,[ 8 55] ; [ 3 66],[ 5.25 57.75] ; [ 5.75 63.25],0
p11,1,0.118533,2.436596,[44 19] ; [57 13],[47.84210526 15.15789474] ; [53.15789474 16.84210526],0
p5,1,0.548788,0.359493,[ 4 56] ; [ 3 67],[ 3.23076923 56.76923077] ; [ 3.76923077 66.23076923],0
p1,1,0.817983,0.052965,[ 9 54] ; [11 59],[ 9.47368421 53.52631579] ; [10.52631579 59.47368421],0
b1,1,0.881635,0.02217,[26 37] ; [28 42],[25.57894737 37.42105263] ; [28.42105263 41.57894737],0
