Feature,DoF,P Value,Chi Square,Observed,Expected,Is Significant
p1,1,2.3e-05,17.958317,[ 1 93] ; [ 5 16],[ 4.90434783 89.09565217] ; [ 1.09565217 19.90434783],1
p10,1,0.001038,10.759097,[65 29] ; [ 6 14],[58.54385965 35.45614035] ; [12.45614035  7.54385965],0
b1,1,0.001976,9.571562,[41 53] ; [17  4],[47.40869565 46.59130435] ; [10.59130435 10.40869565],0
p5,1,0.027879,4.835533,[ 1 93] ; [ 2 19],[ 2.45217391 91.54782609] ; [ 0.54782609 20.45217391],0
p2,1,0.044528,4.036428,[71 23] ; [20  1],[74.3826087 19.6173913] ; [16.6173913  4.3826087],0
p3,1,0.095017,2.787251,[31 63] ; [11 10],[34.33043478 59.66956522] ; [ 7.66956522 13.33043478],0
p11,1,0.868438,0.027438,[60 34] ; [13  8],[59.66956522 34.33043478] ; [13.33043478  7.66956522],0
