Feature,DoF,P Value,Chi Square,Observed,Expected,Is Significant
p4,1,0.017648,5.630792,[18 31] ; [27 17],[23.70967742 25.29032258] ; [21.29032258 22.70967742],0
p5,1,0.034327,4.478347,[ 1 48] ; [ 6 38],[ 3.68817204 45.31182796] ; [ 3.31182796 40.68817204],0
p7,1,0.063577,3.441515,[18 30] ; [25 19],[22.43478261 25.56521739] ; [20.56521739 23.43478261],0
p11,1,0.112311,2.521402,[27 22] ; [17 27],[23.1827957 25.8172043] ; [20.8172043 23.1827957],0
b1,1,0.60748,0.26386,[23 26] ; [23 21],[24.23655914 24.76344086] ; [21.76344086 22.23655914],0
p1,1,0.89154,0.018593,[ 3 46] ; [ 3 41],[ 3.16129032 45.83870968] ; [ 2.83870968 41.16129032],0
p2,1,0.910846,0.012538,[34 15] ; [31 13],[34.24731183 14.75268817] ; [30.75268817 13.24731183],0
