Feature,DoF,P Value,Chi Square,Observed,Expected,Is Significant
p10,1,2.3e-05,17.940522,[20 72] ; [17  9],[28.84745763 63.15254237] ; [ 8.15254237 17.84745763],1
p7,1,0.006806,7.323468,[26 64] ; [15 11],[31.81034483 58.18965517] ; [ 9.18965517 16.81034483],0
p1,1,0.050236,3.833552,[ 4 87] ; [ 4 22],[ 6.22222222 84.77777778] ; [ 1.77777778 24.22222222],0
p6,1,0.064457,3.418831,[11 80] ; [ 7 19],[14. 77.] ; [ 4. 22.],0
p8,1,0.072199,3.232308,[14 78] ; [ 8 18],[17.15254237 74.84745763] ; [ 4.84745763 21.15254237],0
p11,1,0.521955,0.410028,[43 49] ; [14 12],[44.44067797 47.55932203] ; [12.55932203 13.44067797],0
b1,1,0.922019,0.009583,[45 47] ; [13 13],[45.22033898 46.77966102] ; [12.77966102 13.22033898],0
