Feature,DoF,P Value,Chi Square,Observed,Expected,Is Significant
p9,1,0.0,54.529077,[129  10] ; [22 28],[111.05291005  27.94708995] ; [39.94708995 10.05291005],1
p11,1,0.002741,8.972458,[117  23] ; [33 19],[109.375  30.625] ; [40.625 11.375],0
p2,1,0.030061,4.705801,[124  15] ; [40 12],[119.35078534  19.64921466] ; [44.64921466  7.35078534],0
b1,1,0.088923,2.893761,[46 94] ; [24 28],[51.04166667 88.95833333] ; [18.95833333 33.04166667],0
p5,1,0.270651,1.213447,[ 12 127] ; [ 2 49],[ 10.24210526 128.75789474] ; [ 3.75789474 47.24210526],0
p8,1,0.495271,0.465054,[74 64] ; [24 26],[71.93617021 66.06382979] ; [26.06382979 23.93617021],0
p1,1,0.510575,0.432888,[  9 131] ; [ 2 49],[  8.06282723 131.93717277] ; [ 2.93717277 48.06282723],0
p6,1,0.836602,0.042535,[56 81] ; [20 31],[55.38297872 81.61702128] ; [20.61702128 30.38297872],0
p12,1,0.892256,0.018347,[  6 134] ; [ 2 50],[  5.83333333 134.16666667] ; [ 2.16666667 49.83333333],0
