Feature,DoF,P Value,Chi Square,Observed,Expected,Is Significant
p10,1,0.036131,4.390888,[224  37] ; [115  33],[216.33007335  44.66992665] ; [122.66992665  25.33007335],0
p12,1,0.384334,0.756792,[ 18 244] ; [  7 141],[ 15.97560976 246.02439024] ; [  9.02439024 138.97560976],0
b1,1,0.392484,0.731234,[ 92 170] ; [59 91],[ 96.02427184 165.97572816] ; [54.97572816 95.02427184],0
p5,1,0.414215,0.66667,[ 15 241] ; [  6 144],[ 13.24137931 242.75862069] ; [  7.75862069 142.24137931],0
p11,1,0.431602,0.618509,[199  63] ; [119  31],[202.22330097  59.77669903] ; [115.77669903  34.22330097],0
p3,1,0.722788,0.125837,[ 86 175] ; [52 98],[ 87.6350365 173.3649635] ; [50.3649635 99.6350365],0
p1,1,0.933056,0.007056,[ 11 251] ; [  6 143],[ 10.83698297 251.16301703] ; [  6.16301703 142.83698297],0
