Feature,DoF,P Value,Chi Square,Observed,Expected,Is Significant
p11,1,0.004309,8.148757,[199  63] ; [7 9],[194.14388489  67.85611511] ; [11.85611511  4.14388489],0
p1,1,0.009769,6.676537,[ 11 251] ; [ 3 13],[ 13.1942446 248.8057554] ; [ 0.8057554 15.1942446],0
p10,1,0.012392,6.253928,[224  37] ; [10  6],[220.48375451  40.51624549] ; [13.51624549  2.48375451],0
p5,1,0.287065,1.133333,[ 15 241] ; [ 2 14],[ 16. 240.] ; [ 1. 15.],0
p3,1,0.374571,0.788445,[ 86 175] ; [7 9],[ 87.62815884 173.37184116] ; [ 5.37184116 10.62815884],0
p4,1,0.664666,0.187905,[100 161] ; [7 9],[100.81949458 160.18050542] ; [6.18050542 9.81949458],0
b1,1,0.752877,0.09913,[ 92 170] ; [ 5 11],[ 91.41726619 170.58273381] ; [ 5.58273381 10.41726619],0
p12,1,0.92396,0.00911,[ 18 244] ; [ 1 15],[ 17.90647482 244.09352518] ; [ 1.09352518 14.90647482],0
