Feature,DoF,P Value,Chi Square,Observed,Expected,Is Significant
p9,1,0.001062,10.715463,[84  5] ; [84 24],[75.89847716 13.10152284] ; [92.10152284 15.89847716],0
p4,1,0.002975,8.8226,[56 33] ; [45 63],[45.62944162 43.37055838] ; [55.37055838 52.62944162],0
p12,1,0.083558,2.994307,[ 6 83] ; [  2 106],[ 3.6142132 85.3857868] ; [  4.3857868 103.6142132],0
p1,1,0.105473,2.620768,[ 7 82] ; [  3 105],[ 4.5177665 84.4822335] ; [  5.4822335 102.5177665],0
p11,1,0.110462,2.547605,[70 19] ; [74 34],[65.05583756 23.94416244] ; [78.94416244 29.05583756],0
p5,1,0.211361,1.562079,[ 7 82] ; [  4 103],[ 4.99489796 84.00510204] ; [  6.00510204 100.99489796],0
p2,1,0.296053,1.091891,[78 11] ; [88 19],[75.37755102 13.62244898] ; [90.62244898 16.37755102],0
b1,1,0.558551,0.342219,[27 62] ; [37 71],[28.91370558 60.08629442] ; [35.08629442 72.91370558],0
