Feature,DoF,P Value,Chi Square,Observed,Expected,Is Significant
p11,1,9e-06,19.609765,[ 7 13] ; [180  47],[15.1417004  4.8582996] ; [171.8582996  55.1417004],1
b1,1,0.00267,9.020614,[13  7] ; [ 72 155],[ 6.88259109 13.11740891] ; [ 78.11740891 148.88259109],0
p6,1,0.025437,4.993919,[ 7 13] ; [ 35 192],[ 3.40080972 16.59919028] ; [ 38.59919028 188.40080972],0
p5,1,0.287321,1.132131,[ 3 17] ; [ 18 206],[ 1.72131148 18.27868852] ; [ 19.27868852 204.72131148],0
p4,1,0.407786,0.685248,[11  9] ; [103 124],[ 9.23076923 10.76923077] ; [104.76923077 122.23076923],0
p1,1,0.558052,0.343088,[ 1 19] ; [ 20 207],[ 1.70040486 18.29959514] ; [ 19.29959514 207.70040486],0
p8,1,0.565334,0.330552,[ 7 13] ; [ 65 160],[ 5.87755102 14.12244898] ; [ 66.12244898 158.87755102],0
