Feature,DoF,P Value,Chi Square,Observed,Expected,Is Significant
p10,1,0.0,128.575362,[ 8 29] ; [251  18],[31.31699346  5.68300654] ; [227.68300654  41.31699346],1
p11,1,0.0,29.924967,[17 20] ; [228  42],[29.5276873  7.4723127] ; [215.4723127  54.5276873],1
b1,1,0.001095,10.659768,[25 12] ; [106 164],[15.78827362 21.21172638] ; [115.21172638 154.78827362],0
p7,1,0.008796,6.863862,[25 11] ; [228  36],[30.36  5.64] ; [222.64  41.36],0
p8,1,0.011688,6.357638,[19 18] ; [193  76],[25.63398693 11.36601307] ; [186.36601307  82.63398693],0
p5,1,0.025433,4.994167,[ 2 35] ; [ 56 214],[ 6.99022801 30.00977199] ; [ 51.00977199 218.99022801],0
p4,1,0.093822,2.807543,[27 10] ; [227  43],[30.61237785  6.38762215] ; [223.38762215  46.61237785],0
p1,1,0.367003,0.813786,[ 3 34] ; [ 36 233],[ 4.71568627 32.28431373] ; [ 34.28431373 234.71568627],0
