Feature,DoF,P Value,Chi Square,Observed,Expected,Is Significant
p7,1,0.000469,12.234482,[251  71] ; [2 6],[246.86666667  75.13333333] ; [6.13333333 1.86666667],1
p6,1,0.108612,2.574296,[146 174] ; [2 8],[143.51515152 176.48484848] ; [4.48484848 5.51515152],0
p12,1,0.679787,0.170366,[ 24 299] ; [1 8],[ 24.32228916 298.67771084] ; [0.67771084 8.32228916],0
p8,1,0.729809,0.119287,[209 114] ; [7 3],[209.51351351 113.48648649] ; [6.48648649 3.51351351],0
b1,1,0.816593,0.053791,[142 183] ; [4 6],[141.64179104 183.35820896] ; [4.35820896 5.64179104],0
p1,1,0.821436,0.05094,[ 26 298] ; [1 9],[ 26.19161677 297.80838323] ; [0.80838323 9.19161677],0
p11,1,0.881552,0.022202,[266  59] ; [8 2],[265.82089552  59.17910448] ; [8.17910448 1.82089552],0
