Feature,DoF,P Value,Chi Square,Observed,Expected,Is Significant
p11,1,0.0,40.088299,[46 63] ; [207  65],[72.38057743 36.61942257] ; [180.61942257  91.38057743],1
p4,1,1e-06,23.534615,[26 83] ; [139 133],[47.20472441 61.79527559] ; [117.79527559 154.20472441],1
p3,1,4e-05,16.872412,[19 90] ; [107 165],[36.04724409 72.95275591] ; [ 89.95275591 182.04724409],1
b1,1,0.005789,7.614905,[53 56] ; [ 91 181],[41.19685039 67.80314961] ; [102.80314961 169.19685039],0
p12,1,0.056649,3.632873,[  1 107] ; [ 14 258],[  4.26315789 103.73684211] ; [ 10.73684211 261.26315789],0
p5,1,0.072587,3.223535,[  2 107] ; [ 17 254],[  5.45 103.55] ; [ 13.55 257.45],0
p1,1,0.3119,1.022614,[  8 100] ; [ 13 259],[  5.96842105 102.03157895] ; [ 15.03157895 256.96842105],0
