Feature,DoF,P Value,Chi Square,Observed,Expected,Is Significant
p10,1,0.0,42.005384,[ 8 29] ; [56  9],[23.21568627 13.78431373] ; [40.78431373 24.21568627],1
p11,1,0.006881,7.303821,[17 20] ; [48 18],[23.34951456 13.65048544] ; [41.65048544 24.34951456],0
b1,1,0.014302,6.000431,[25 12] ; [28 38],[19.03883495 17.96116505] ; [33.96116505 32.03883495],0
p1,1,0.681217,0.16876,[ 3 34] ; [ 7 59],[ 3.59223301 33.40776699] ; [ 6.40776699 59.59223301],0
p5,1,0.845522,0.037961,[ 2 35] ; [ 3 63],[ 1.7961165 35.2038835] ; [ 3.2038835 62.7961165],0
p7,1,0.97886,0.000702,[25 11] ; [46 20],[25.05882353 10.94117647] ; [45.94117647 20.05882353],0
