Feature,DoF,P Value,Chi Square,Observed,Expected,Is Significant
p9,1,0.007784,7.082396,[132  72] ; [30 35],[122.85501859  81.14498141] ; [39.14498141 25.85501859],0
p6,1,0.009144,6.794431,[ 19 191] ; [14 53],[ 25.01805054 184.98194946] ; [ 7.98194946 59.01805054],0
p12,1,0.363435,0.82599,[ 12 198] ; [ 2 66],[ 10.57553957 199.42446043] ; [ 3.42446043 64.57553957],0
b1,1,0.622262,0.242701,[ 79 133] ; [28 41],[ 80.72597865 131.27402135] ; [26.27402135 42.72597865],0
p5,1,0.807932,0.059095,[  4 207] ; [ 1 68],[  3.76785714 207.23214286] ; [ 1.23214286 67.76785714],0
p11,1,0.882311,0.021916,[130  82] ; [43 26],[130.51957295  81.48042705] ; [42.48042705 26.51957295],0
p1,1,0.929559,0.007815,[ 10 201] ; [ 3 64],[  9.86690647 201.13309353] ; [ 3.13309353 63.86690647],0
