Feature,DoF,P Value,Chi Square,Observed,Expected,Is Significant
p9,1,0.002208,9.368419,[ 6 16] ; [18  7],[11.23404255 10.76595745] ; [12.76595745 12.23404255],0
p1,1,0.016992,5.69722,[ 1 21] ; [ 8 17],[ 4.21276596 17.78723404] ; [ 4.78723404 20.21276596],0
p11,1,0.058595,3.576706,[ 8 14] ; [16  9],[11.23404255 10.76595745] ; [12.76595745 12.23404255],0
p8,1,0.174158,1.846783,[ 9 12] ; [ 6 19],[ 6.84782609 14.15217391] ; [ 8.15217391 16.84782609],0
p6,1,0.201241,1.633347,[ 7 15] ; [ 4 21],[ 5.14893617 16.85106383] ; [ 5.85106383 19.14893617],0
p5,1,0.217496,1.520816,[ 3 18] ; [ 1 24],[ 1.82608696 19.17391304] ; [ 2.17391304 22.82608696],0
b1,1,0.301742,1.066479,[13  9] ; [11 14],[11.23404255 10.76595745] ; [12.76595745 12.23404255],0
