Feature,DoF,P Value,Chi Square,Observed,Expected,Is Significant
p4,1,0.059562,3.549525,[33 14] ; [13 14],[29.21621622 17.78378378] ; [16.78378378 10.21621622],0
b1,1,0.211602,1.56043,[15 32] ; [ 5 22],[12.7027027 34.2972973] ; [ 7.2972973 19.7027027],0
p8,1,0.4521,0.565381,[18 29] ; [ 8 19],[16.51351351 30.48648649] ; [ 9.48648649 17.51351351],0
p1,1,0.491462,0.473325,[ 8 39] ; [ 3 24],[ 6.98648649 40.01351351] ; [ 4.01351351 22.98648649],0
p5,1,0.623664,0.240752,[ 3 44] ; [ 1 26],[ 2.54054054 44.45945946] ; [ 1.45945946 25.54054054],0
p12,1,0.647545,0.209009,[ 5 42] ; [ 2 25],[ 4.44594595 42.55405405] ; [ 2.55405405 24.44594595],0
p10,1,0.702388,0.146,[35 12] ; [19  8],[34.2972973 12.7027027] ; [19.7027027  7.2972973],0
p11,1,0.751028,0.100669,[33 14] ; [18  9],[32.39189189 14.60810811] ; [18.60810811  8.39189189],0
p2,1,0.907365,0.01354,[36 11] ; [21  6],[36.2027027 10.7972973] ; [20.7972973  6.2027027],0
