Feature,DoF,P Value,Chi Square,Observed,Expected,Is Significant
p8,1,0.032841,4.554067,[30 33] ; [ 7 22],[25.33695652 37.66304348] ; [11.66304348 17.33695652],0
p11,1,0.197368,1.661741,[33 30] ; [11 18],[30.13043478 32.86956522] ; [13.86956522 15.13043478],0
b1,1,0.250621,1.319838,[31 32] ; [18 11],[33.55434783 29.44565217] ; [15.44565217 13.55434783],0
p6,1,0.549513,0.35819,[24 38] ; [ 9 19],[22.73333333 39.26666667] ; [10.26666667 17.73333333],0
p5,1,0.703289,0.145073,[ 5 58] ; [ 3 26],[ 5.47826087 57.52173913] ; [ 2.52173913 26.47826087],0
p1,1,0.712599,0.135695,[ 7 56] ; [ 4 25],[ 7.5326087 55.4673913] ; [ 3.4673913 25.5326087],0
p9,1,0.992095,9.8e-05,[26 37] ; [12 17],[26.02173913 36.97826087] ; [11.97826087 17.02173913],0
