Feature,DoF,P Value,Chi Square,Observed,Expected,Is Significant
p9,1,7.8e-05,15.596368,[18 20] ; [44  7],[26.47191011 11.52808989] ; [35.52808989 15.47191011],1
p4,1,0.012522,6.235349,[24 14] ; [19 33],[18.15555556 19.84444444] ; [24.84444444 27.15555556],0
b1,1,0.024841,5.034965,[19 19] ; [14 38],[13.93333333 24.06666667] ; [19.06666667 32.93333333],0
p1,1,0.377108,0.780109,[ 6 32] ; [ 5 47],[ 4.64444444 33.35555556] ; [ 6.35555556 45.64444444],0
p5,1,0.776943,0.080262,[ 3 35] ; [ 5 47],[ 3.37777778 34.62222222] ; [ 4.62222222 47.37777778],0
p11,1,0.911116,0.012462,[26 12] ; [35 17],[25.75555556 12.24444444] ; [35.24444444 16.75555556],0
