Feature,DoF,P Value,Chi Square,Observed,Expected,Is Significant
p5,1,0.0,27.038968,[ 65 209] ; [  4 128],[ 46.56650246 227.43349754] ; [ 22.43349754 109.56650246],1
p9,1,1.6e-05,18.574807,[255  19] ; [101  28],[242.04466501  31.95533499] ; [113.95533499  15.04466501],1
p1,1,3.9e-05,16.942067,[ 41 232] ; [  2 129],[ 29.05693069 243.94306931] ; [ 13.94306931 117.05693069],1
p10,1,8.1e-05,15.525647,[250  22] ; [103  29],[237.66336634  34.33663366] ; [115.33663366  16.66336634],1
p11,1,0.000393,12.566255,[243  31] ; [99 33],[230.80788177  43.19211823] ; [111.19211823  20.80788177],1
p12,1,0.002517,9.128535,[ 37 236] ; [  5 127],[ 28.31111111 244.68888889] ; [ 13.68888889 118.31111111],0
b1,1,0.563489,0.333699,[112 162] ; [50 82],[109.33004926 164.66995074] ; [52.66995074 79.33004926],0
