Feature,DoF,P Value,Chi Square,Observed,Expected,Is Significant
p6,1,0.0,83.909912,[158 110] ; [ 37 174],[109.10229645 158.89770355] ; [ 85.89770355 125.10229645],1
p7,1,0.0,71.590225,[243  28] ; [115  91],[203.39203354  67.60796646] ; [154.60796646  51.39203354],1
p5,1,0.0,37.950316,[ 65 209] ; [  8 207],[ 40.90388548 233.09611452] ; [ 32.09611452 182.90388548],1
p1,1,8.9e-05,15.346723,[ 41 232] ; [  9 206],[ 27.97131148 245.02868852] ; [ 22.02868852 192.97131148],1
p12,1,0.000491,12.148506,[ 37 236] ; [  9 204],[ 25.83950617 247.16049383] ; [ 20.16049383 192.83950617],1
b1,1,0.011078,6.452818,[112 162] ; [ 64 151],[ 98.61758691 175.38241309] ; [ 77.38241309 137.61758691],0
p11,1,0.044924,4.021507,[243  31] ; [177  38],[235.33742331  38.66257669] ; [184.66257669  30.33742331],0
p9,1,0.985389,0.000335,[255  19] ; [200  15],[254.94887526  19.05112474] ; [200.05112474  14.94887526],0
