Feature,DoF,P Value,Chi Square,Observed,Expected,Is Significant
p10,1,0.004532,8.057202,[88 29] ; [131  17],[96.69056604 20.30943396] ; [122.30943396  25.69056604],0
p5,1,0.00544,7.726953,[  2 115] ; [ 15 133],[  7.50566038 109.49433962] ; [  9.49433962 138.50566038],0
p11,1,0.011353,6.409199,[86 31] ; [128  21],[94.12781955 22.87218045] ; [119.87218045  29.12781955],0
p6,1,0.095554,2.778217,[29 88] ; [51 98],[35.18796992 81.81203008] ; [ 44.81203008 104.18796992],0
p1,1,0.115285,2.480233,[  4 112] ; [ 12 136],[  7.03030303 108.96969697] ; [  8.96969697 139.03030303],0
p2,1,0.140088,2.176995,[98 19] ; [133  15],[101.98867925  15.01132075] ; [129.01132075  18.98867925],0
b1,1,0.54714,0.362465,[41 76] ; [ 47 102],[38.70676692 78.29323308] ; [49.29323308 99.70676692],0
p12,1,0.671838,0.17946,[  5 112] ; [  8 140],[  5.73962264 111.26037736] ; [  7.26037736 140.73962264],0
