Feature,DoF,P Value,Chi Square,Observed,Expected,Is Significant
p6,1,0.0,32.564578,[172 110] ; [18 57],[150.08403361 131.91596639] ; [39.91596639 35.08403361],1
p2,1,0.003222,8.677012,[265  16] ; [63 12],[258.8988764  22.1011236] ; [69.1011236  5.8988764],0
p11,1,0.012711,6.20893,[244  38] ; [56 19],[236.97478992  45.02521008] ; [63.02521008 11.97478992],0
b1,1,0.048574,3.890001,[118 164] ; [22 53],[110.58823529 171.41176471] ; [29.41176471 45.58823529],0
p5,1,0.111956,2.526391,[ 65 216] ; [11 64],[ 59.98876404 221.01123596] ; [16.01123596 58.98876404],0
p10,1,0.20603,1.599104,[258  24] ; [65 10],[255.14285714  26.85714286] ; [67.85714286  7.14285714],0
p12,1,0.483547,0.490853,[ 35 247] ; [ 7 67],[ 33.26966292 248.73033708] ; [ 8.73033708 65.26966292],0
p1,1,0.681335,0.168627,[ 36 244] ; [11 64],[ 37.07042254 242.92957746] ; [ 9.92957746 65.07042254],0
