Feature,DoF,P Value,Chi Square,Observed,Expected,Is Significant
p10,1,0.0,75.923126,[154  20] ; [ 9 30],[133.15492958  40.84507042] ; [29.84507042  9.15492958],1
p2,1,0.0,34.093662,[160  13] ; [22 17],[148.51886792  24.48113208] ; [33.48113208  5.51886792],1
p11,1,0.0,33.567787,[152  22] ; [18 21],[138.87323944  35.12676056] ; [31.12676056  7.87323944],1
b1,1,0.041626,4.150353,[ 63 111] ; [21 18],[ 68.61971831 105.38028169] ; [15.38028169 23.61971831],0
p4,1,0.400279,0.707489,[115  59] ; [23 16],[112.73239437  61.26760563] ; [25.26760563 13.73239437],0
p1,1,0.768903,0.086324,[ 11 161] ; [ 3 36],[ 11.41232227 160.58767773] ; [ 2.58767773 36.41232227],0
p5,1,0.94128,0.005426,[ 14 160] ; [ 3 36],[ 13.88732394 160.11267606] ; [ 3.11267606 35.88732394],0
