Feature,DoF,P Value,Chi Square,Observed,Expected,Is Significant
b1,1,0.005433,7.72931,[9 4] ; [22 53],[4.57954545 8.42045455] ; [26.42045455 48.57954545],0
p11,1,0.008971,6.828635,[5 8] ; [56 19],[9.01136364 3.98863636] ; [51.98863636 23.01136364],0
p3,1,0.400428,0.70704,[7 6] ; [31 44],[5.61363636 7.38636364] ; [32.38636364 42.61363636],0
p1,1,0.49874,0.457616,[ 1 12] ; [11 64],[ 1.77272727 11.22727273] ; [10.22727273 64.77272727],0
p5,1,0.49874,0.457616,[ 1 12] ; [11 64],[ 1.77272727 11.22727273] ; [10.22727273 64.77272727],0
p4,1,0.885247,0.020828,[7 6] ; [42 33],[7.23863636 5.76136364] ; [41.76136364 33.23863636],0
