Feature,DoF,P Value,Chi Square,Observed,Expected,Is Significant
b1,1,0.586839,0.295307,[51 43] ; [56 55],[49.06341463 44.93658537] ; [57.93658537 53.06341463],0
p2,1,0.647104,0.209571,[36 58] ; [46 65],[37.6 56.4] ; [44.4 66.6],0
p12,1,0.791667,0.069773,[ 2 91] ; [  3 107],[ 2.29064039 90.70935961] ; [  2.70935961 107.29064039],0
p7,1,0.793117,0.068783,[26 66] ; [29 80],[25.17412935 66.82587065] ; [29.82587065 79.17412935],0
p11,1,0.818869,0.052441,[40 54] ; [49 62],[40.8097561 53.1902439] ; [48.1902439 62.8097561],0
p6,1,0.849343,0.036084,[11 81] ; [14 95],[11.44278607 80.55721393] ; [13.55721393 95.44278607],0
p5,1,0.905862,0.013985,[ 1 93] ; [  1 110],[ 0.91707317 93.08292683] ; [  1.08292683 109.91707317],0
p3,1,0.963998,0.002037,[15 78] ; [18 92],[15.1182266 77.8817734] ; [17.8817734 92.1182266],0
p1,1,0.979648,0.000651,[ 6 87] ; [  7 103],[ 5.95566502 87.04433498] ; [  7.04433498 102.95566502],0
