Feature,DoF,P Value,Chi Square,Observed,Expected,Is Significant
p5,1,0.039554,4.236893,[  5 135] ; [ 14 131],[  9.33333333 130.66666667] ; [  9.66666667 135.33333333],0
p11,1,0.166739,1.912018,[111  29] ; [124  21],[115.43859649  24.56140351] ; [119.56140351  25.43859649],0
p6,1,0.218435,1.514621,[ 35 101] ; [47 98],[39.68683274 96.31316726] ; [ 42.31316726 102.68683274],0
p2,1,0.236949,1.398655,[119  21] ; [130  15],[122.31578947  17.68421053] ; [126.68421053  18.31578947],0
p1,1,0.526508,0.401126,[  8 132] ; [ 11 134],[  9.33333333 130.66666667] ; [  9.66666667 135.33333333],0
b1,1,0.92695,0.008406,[49 91] ; [50 95],[48.63157895 91.36842105] ; [50.36842105 94.63157895],0
p12,1,0.945932,0.004599,[  7 132] ; [  7 137],[  6.87632509 132.12367491] ; [  7.12367491 136.87632509],0
