Feature,DoF,P Value,Chi Square,Observed,Expected,Is Significant
p6,1,0.000584,11.827089,[ 77 224] ; [14 10],[ 84.28 216.72] ; [ 6.72 17.28],1
p3,1,0.005133,7.83199,[114 189] ; [16  8],[120.4587156 182.5412844] ; [ 9.5412844 14.4587156],0
p5,1,0.009478,6.730416,[ 19 279] ; [ 5 19],[ 22.21118012 275.78881988] ; [ 1.78881988 22.21118012],0
p7,1,0.019791,5.430238,[137 160] ; [17  7],[142.48598131 154.51401869] ; [11.51401869 12.48598131],0
p12,1,0.274124,1.195994,[ 20 284] ; [ 3 21],[ 21.31707317 282.68292683] ; [ 1.68292683 22.31707317],0
p11,1,0.795951,0.066869,[235  69] ; [18  6],[234.48780488  69.51219512] ; [18.51219512  5.48780488],0
b1,1,0.879157,0.023116,[106 198] ; [ 8 16],[105.65853659 198.34146341] ; [ 8.34146341 15.65853659],0
