Feature,DoF,P Value,Chi Square,Observed,Expected,Is Significant
p7,1,0.002841,8.906748,[53 78] ; [14  4],[58.90604027 72.09395973] ; [8.09395973 9.90604027],0
b1,1,0.007259,7.207855,[54 78] ; [14  5],[59.44370861 72.55629139] ; [ 8.55629139 10.44370861],0
p11,1,0.1708,1.875904,[91 41] ; [16  3],[93.53642384 38.46357616] ; [13.46357616  5.53642384],0
p3,1,0.292411,1.108487,[76 56] ; [ 8 10],[73.92 58.08] ; [10.08  7.92],0
p1,1,0.464249,0.535632,[  8 124] ; [ 2 17],[  8.74172185 123.25827815] ; [ 1.25827815 17.74172185],0
p5,1,0.497767,0.459693,[ 13 115] ; [ 1 18],[ 12.19047619 115.80952381] ; [ 1.80952381 17.19047619],0
p2,1,0.584288,0.299353,[104  28] ; [16  3],[104.90066225  27.09933775] ; [15.09933775  3.90066225],0
