Feature,DoF,P Value,Chi Square,Observed,Expected,Is Significant
p9,1,0.0,25.79369,[81 15] ; [22 28],[67.7260274 28.2739726] ; [35.2739726 14.7260274],1
p11,1,0.046418,3.966346,[77 21] ; [33 19],[71.86666667 26.13333333] ; [38.13333333 13.86666667],0
b1,1,0.079023,3.084885,[31 67] ; [24 28],[35.93333333 62.06666667] ; [19.06666667 32.93333333],0
p2,1,0.250169,1.322361,[82 15] ; [40 12],[79.42281879 17.57718121] ; [42.57718121  9.42281879],0
p12,1,0.520682,0.412542,[ 2 95] ; [ 2 50],[ 2.60402685 94.39597315] ; [ 1.39597315 50.60402685],0
p1,1,0.553605,0.350898,[ 6 90] ; [ 2 49],[ 5.2244898 90.7755102] ; [ 2.7755102 48.2244898],0
p5,1,0.562688,0.335072,[ 6 91] ; [ 2 49],[ 5.24324324 91.75675676] ; [ 2.75675676 48.24324324],0
