Feature,DoF,P Value,Chi Square,Observed,Expected,Is Significant
p7,1,0.0,26.703529,[95 43] ; [238  28],[113.74752475  24.25247525] ; [219.25247525  46.74752475],1
p5,1,0.000242,13.47168,[ 12 127] ; [ 63 205],[ 25.61425061 113.38574939] ; [ 49.38574939 218.61425061],1
p6,1,0.001197,10.495177,[56 81] ; [154 112],[71.38957816 65.61042184] ; [138.61042184 127.38957816],0
p12,1,0.001207,10.480347,[  6 134] ; [ 40 227],[ 15.82309582 124.17690418] ; [ 30.17690418 236.82309582],0
p9,1,0.014706,5.951295,[129  10] ; [262   6],[133.53562654   5.46437346] ; [257.46437346  10.53562654],0
p1,1,0.018673,5.531879,[  9 131] ; [ 38 228],[ 16.20689655 123.79310345] ; [ 30.79310345 235.20689655],0
p11,1,0.024782,5.039046,[117  23] ; [244  24],[123.87254902  16.12745098] ; [237.12745098  30.87254902],0
p2,1,0.116446,2.464477,[124  15] ; [250  17],[128.04433498  10.95566502] ; [245.95566502  21.04433498],0
b1,1,0.209254,1.576582,[46 94] ; [105 163],[51.81372549 88.18627451] ; [ 99.18627451 168.81372549],0
