Feature,DoF,P Value,Chi Square,Observed,Expected,Is Significant
p7,1,1e-06,23.621933,[ 5 13] ; [337  96],[13.64966741  4.35033259] ; [328.35033259 104.64966741],1
p11,1,9e-06,19.705319,[ 9 10] ; [373  63],[15.95164835  3.04835165] ; [366.04835165  69.95164835],1
p8,1,2.5e-05,17.782113,[ 4 15] ; [294 139],[12.52654867  6.47345133] ; [285.47345133 147.52654867],1
p3,1,4.5e-05,16.662646,[ 5 14] ; [308 128],[13.07032967  5.92967033] ; [299.92967033 136.07032967],1
b1,1,0.028292,4.810194,[12  7] ; [166 270],[ 7.43296703 11.56703297] ; [170.56703297 265.43296703],0
p6,1,0.080344,3.05792,[ 6 13] ; [227 209],[9.72967033 9.27032967] ; [223.27032967 212.72967033],0
p5,1,0.138477,2.194797,[ 1 18] ; [ 81 354],[ 3.43171806 15.56828194] ; [ 78.56828194 356.43171806],0
p1,1,0.920564,0.009945,[ 2 17] ; [ 49 386],[ 2.13436123 16.86563877] ; [ 48.86563877 386.13436123],0
