Feature,DoF,P Value,Chi Square,Observed,Expected,Is Significant
p7,1,0.0,104.854669,[269  42] ; [19 49],[236.32717678  74.67282322] ; [51.67282322 16.32717678],1
p6,1,0.0,40.344369,[183 129] ; [12 59],[158.85117493 153.14882507] ; [36.14882507 34.85117493],1
p11,1,1e-06,24.516323,[282  30] ; [49 23],[268.9375  43.0625] ; [62.0625  9.9375],1
p10,1,1.1e-05,19.265105,[297  14] ; [58 14],[288.26370757  22.73629243] ; [66.73629243  5.26370757],1
p5,1,0.007505,7.147974,[ 71 241] ; [ 6 64],[ 62.89005236 249.10994764] ; [14.10994764 55.89005236],0
p12,1,0.356166,0.851368,[ 43 269] ; [ 7 65],[ 40.625 271.375] ; [ 9.375 62.625],0
b1,1,0.699009,0.149505,[118 194] ; [29 43],[119.4375 192.5625] ; [27.5625 44.4375],0
p1,1,0.732374,0.116943,[ 39 271] ; [ 8 64],[ 38.14136126 271.85863874] ; [ 8.85863874 63.14136126],0
