Feature,DoF,P Value,Chi Square,Observed,Expected,Is Significant
p3,1,0.0,65.705,[89 64] ; [ 14 112],[56.48387097 96.51612903] ; [46.51612903 79.48387097],1
p6,1,0.0,26.655661,[56 94] ; [ 13 113],[ 37.5 112.5] ; [31.5 94.5],1
p9,1,0.000261,13.331189,[145   7] ; [103  23],[135.5971223  16.4028777] ; [112.4028777  13.5971223],1
p5,1,0.010236,6.593301,[ 15 134] ; [  3 123],[  9.75272727 139.24727273] ; [  8.24727273 117.75272727],0
b1,1,0.028707,4.785084,[59 94] ; [33 93],[ 50.4516129 102.5483871] ; [41.5483871 84.4516129],0
p12,1,0.211099,1.563875,[ 10 143] ; [  4 120],[  7.73285199 145.26714801] ; [  6.26714801 117.73285199],0
p1,1,0.305031,1.052067,[ 12 141] ; [  6 119],[  9.90647482 143.09352518] ; [  8.09352518 116.90647482],0
p11,1,0.375571,0.785148,[121  32] ; [94 32],[117.90322581  35.09677419] ; [97.09677419 28.90322581],0
