Feature,DoF,P Value,Chi Square,Observed,Expected,Is Significant
p10,1,0.00211,9.451636,[1 5] ; [24  6],[4.16666667 1.83333333] ; [20.83333333  9.16666667],0
p11,1,0.183097,1.772308,[3 3] ; [23  7],[4.33333333 1.66666667] ; [21.66666667  8.33333333],0
b1,1,0.650147,0.205714,[3 3] ; [12 18],[2.5 3.5] ; [12.5 17.5],0
p1,1,0.719918,0.128571,[1 5] ; [ 7 23],[1.33333333 4.66666667] ; [ 6.66666667 23.33333333],0
p2,1,0.850618,0.035468,[5 1] ; [24  6],[4.83333333 1.16666667] ; [24.16666667  5.83333333],0
p3,1,0.871457,0.026182,[2 4] ; [ 9 21],[1.83333333 4.16666667] ; [ 9.16666667 20.83333333],0
