Feature,DoF,P Value,Chi Square,Observed,Expected,Is Significant
p8,1,0.0,41.763668,[ 11 110] ; [17 10],[22.89189189 98.10810811] ; [ 5.10810811 21.89189189],1
p3,1,3.5e-05,17.112387,[23 98] ; [16 12],[31.67114094 89.32885906] ; [ 7.32885906 20.67114094],1
p5,1,0.001061,10.718117,[  5 113] ; [ 6 20],[  9.01388889 108.98611111] ; [ 1.98611111 24.01388889],0
p11,1,0.00971,6.687386,[58 63] ; [21  7],[64.15436242 56.84563758] ; [14.84563758 13.15436242],0
p10,1,0.057192,3.616991,[56 61] ; [19  9],[60.51724138 56.48275862] ; [14.48275862 13.51724138],0
p9,1,0.089603,2.881494,[57 57] ; [19  9],[61.01408451 52.98591549] ; [14.98591549 13.01408451],0
b1,1,0.424027,0.639126,[59 62] ; [16 12],[60.90604027 60.09395973] ; [14.09395973 13.90604027],0
p1,1,0.742025,0.108355,[ 11 110] ; [ 2 26],[ 10.55704698 110.44295302] ; [ 2.44295302 25.55704698],0
p12,1,0.794025,0.068166,[  7 113] ; [ 2 26],[  7.2972973 112.7027027] ; [ 1.7027027 26.2972973],0
