Feature,DoF,P Value,Chi Square,Observed,Expected,Is Significant
p8,1,0.0,32.970227,[ 4 15] ; [184  46],[14.34538153  4.65461847] ; [173.65461847  56.34538153],1
p3,1,8e-06,20.056912,[ 5 14] ; [172  58],[13.5060241  5.4939759] ; [163.4939759  66.5060241],1
p11,1,1.5e-05,18.762858,[ 9 10] ; [198  32],[15.79518072  3.20481928] ; [191.20481928  38.79518072],1
p5,1,0.049304,3.864962,[ 1 18] ; [ 58 172],[ 4.50200803 14.49799197] ; [ 54.49799197 175.50200803],0
b1,1,0.113729,2.501629,[12  7] ; [102 128],[ 8.69879518 10.30120482] ; [105.30120482 124.69879518],0
p1,1,0.674608,0.176259,[ 2 17] ; [ 32 197],[ 2.60483871 16.39516129] ; [ 31.39516129 197.60483871],0
