Feature,DoF,P Value,Chi Square,Observed,Expected,Is Significant
p11,1,0.000347,12.797814,[80 21] ; [16 18],[71.82222222 29.17777778] ; [24.17777778  9.82222222],1
p9,1,0.005959,7.562794,[85 16] ; [21 13],[79.3037037 21.6962963] ; [26.6962963  7.3037037],0
b1,1,0.031645,4.617623,[30 71] ; [17 17],[35.16296296 65.83703704] ; [11.83703704 22.16296296],0
p8,1,0.053092,3.74103,[52 49] ; [11 23],[47.13333333 53.86666667] ; [15.86666667 18.13333333],0
p10,1,0.062651,3.465778,[78 22] ; [21 13],[73.88059701 26.11940299] ; [25.11940299  8.88059701],0
p12,1,0.622895,0.241819,[ 5 96] ; [ 1 33],[ 4.48888889 96.51111111] ; [ 1.51111111 32.48888889],0
p1,1,0.832135,0.044929,[ 7 94] ; [ 2 32],[ 6.73333333 94.26666667] ; [ 2.26666667 31.73333333],0
