Feature,DoF,P Value,Chi Square,Observed,Expected,Is Significant
p9,1,0.007453,7.160415,[22 28] ; [25  9],[27.97619048 22.02380952] ; [19.02380952 14.97619048],0
p5,1,0.061834,3.487491,[ 2 49] ; [ 5 27],[ 4.30120482 46.69879518] ; [ 2.69879518 29.30120482],0
p12,1,0.158735,1.986237,[ 2 50] ; [ 4 30],[ 3.62790698 48.37209302] ; [ 2.37209302 31.62790698],0
p11,1,0.329972,0.949009,[33 19] ; [25  9],[35.06976744 16.93023256] ; [22.93023256 11.06976744],0
p1,1,0.675796,0.174897,[ 2 49] ; [ 2 32],[ 2.4 48.6] ; [ 1.6 32.4],0
b1,1,0.726973,0.12191,[24 28] ; [17 17],[24.79069767 27.20930233] ; [16.20930233 17.79069767],0
p6,1,0.927603,0.008256,[20 31] ; [13 21],[19.8 31.2] ; [13.2 20.8],0
p8,1,0.932439,0.007187,[24 26] ; [16 18],[23.80952381 26.19047619] ; [16.19047619 17.80952381],0
