Feature,DoF,P Value,Chi Square,Observed,Expected,Is Significant
p11,1,0.004534,8.05662,[526  83] ; [35 14],[519.22340426  89.77659574] ; [41.77659574  7.22340426],0
p6,1,0.164682,1.930696,[251 354] ; [15 33],[246.44716692 358.55283308] ; [19.55283308 28.44716692],0
p1,1,0.245763,1.347232,[ 56 552] ; [ 7 42],[ 58.30136986 549.69863014] ; [ 4.69863014 44.30136986],0
p12,1,0.247528,1.337201,[ 56 551] ; [ 7 42],[ 58.29420732 548.70579268] ; [ 4.70579268 44.29420732],0
p3,1,0.551941,0.353851,[341 268] ; [29 19],[342.96803653 266.03196347] ; [27.03196347 20.96803653],0
b1,1,0.78588,0.073801,[212 397] ; [18 31],[212.87234043 396.12765957] ; [17.12765957 31.87234043],0
p5,1,0.978274,0.000742,[ 86 522] ; [ 7 42],[ 86.06392694 521.93607306] ; [ 6.93607306 42.06392694],0
