Feature,DoF,P Value,Chi Square,Observed,Expected,Is Significant
p7,1,6e-06,20.343675,[28 68] ; [16  3],[36.73043478 59.26956522] ; [ 7.26956522 11.73043478],1
p2,1,0.002337,9.263805,[43 54] ; [17  4],[49.3220339 47.6779661] ; [10.6779661 10.3220339],0
p4,1,0.002725,8.983149,[25 72] ; [12  8],[30.67521368 66.32478632] ; [ 6.32478632 13.67521368],0
p11,1,0.042141,4.129529,[41 56] ; [14  7],[45.21186441 51.78813559] ; [ 9.78813559 11.21186441],0
b1,1,0.129945,2.293159,[47 50] ; [14  7],[50.1440678 46.8559322] ; [10.8559322 10.1440678],0
p5,1,0.23351,1.419352,[ 1 95] ; [ 1 20],[ 1.64102564 94.35897436] ; [ 0.35897436 20.64102564],0
p6,1,0.31263,1.019531,[15 81] ; [ 5 15],[16.55172414 79.44827586] ; [ 3.44827586 16.55172414],0
p1,1,0.794517,0.067834,[ 6 90] ; [ 1 20],[ 5.74358974 90.25641026] ; [ 1.25641026 19.74358974],0
