Feature,DoF,P Value,Chi Square,Observed,Expected,Is Significant
p4,1,0.001973,9.574793,[317  61] ; [17 11],[310.96551724  67.03448276] ; [23.03448276  4.96551724],0
p11,1,0.037755,4.316005,[336  42] ; [22  7],[332.49140049  45.50859951] ; [25.50859951  3.49140049],0
p1,1,0.335103,0.929078,[ 49 326] ; [ 2 27],[ 47.33910891 327.66089109] ; [ 3.66089109 25.33910891],0
p6,1,0.640046,0.218681,[190 185] ; [16 13],[191.21287129 183.78712871] ; [14.78712871 14.21287129],0
b1,1,0.766468,0.088208,[154 224] ; [11 18],[153.24324324 224.75675676] ; [11.75675676 17.24324324],0
p5,1,0.872895,0.025594,[ 73 302] ; [ 6 23],[ 73.32920792 301.67079208] ; [ 5.67079208 23.32920792],0
p12,1,0.906771,0.013715,[ 49 327] ; [ 4 25],[ 49.20493827 326.79506173] ; [ 3.79506173 25.20493827],0
