Feature,DoF,P Value,Chi Square,Observed,Expected,Is Significant
p11,1,0.00011,14.950018,[55 25] ; [326  51],[66.69584245 13.30415755] ; [314.30415755  62.69584245],1
p4,1,0.00765,7.113526,[56 24] ; [202 174],[45.26315789 34.73684211] ; [212.73684211 163.26315789],0
p7,1,0.023904,5.101609,[57 21] ; [221 151],[48.18666667 29.81333333] ; [229.81333333 142.18666667],0
b1,1,0.205749,1.60109,[32 48] ; [123 254],[27.13347921 52.86652079] ; [127.86652079 249.13347921],0
p1,1,0.207781,1.586822,[ 8 72] ; [ 23 354],[ 5.42669584 74.57330416] ; [ 25.57330416 351.42669584],0
p5,1,0.322193,0.980024,[ 4 76] ; [ 31 345],[ 6.14035088 73.85964912] ; [ 28.85964912 347.14035088],0
p9,1,0.409685,0.679715,[77  3] ; [354  23],[75.44857768  4.55142232] ; [355.55142232  21.44857768],0
p12,1,0.560337,0.339121,[ 3 77] ; [ 20 356],[ 4.03508772 75.96491228] ; [ 18.96491228 357.03508772],0
p3,1,0.584118,0.299625,[38 42] ; [166 210],[35.78947368 44.21052632] ; [168.21052632 207.78947368],0
