Feature,DoF,P Value,Chi Square,Observed,Expected,Is Significant
p8,1,0.012125,6.292486,[193  58] ; [6 7],[189.20075758  61.79924242] ; [9.79924242 3.20075758],0
p4,1,0.015805,5.824401,[217  35] ; [8 5],[213.96226415  38.03773585] ; [11.03773585  1.96226415],0
p11,1,0.022059,5.241104,[215  37] ; [8 5],[212.06037736  39.93962264] ; [10.93962264  2.06037736],0
b1,1,0.080191,3.06102,[112 140] ; [9 4],[115.06415094 136.93584906] ; [5.93584906 7.06415094],0
p5,1,0.223525,1.481595,[ 55 197] ; [ 1 12],[ 53.25283019 198.74716981] ; [ 2.74716981 10.25283019],0
p1,1,0.884021,0.021279,[ 35 216] ; [ 2 11],[ 35.1780303 215.8219697] ; [ 1.8219697 11.1780303],0
