Feature,DoF,P Value,Chi Square,Observed,Expected,Is Significant
p11,1,0.000166,14.183756,[69 22] ; [ 6 13],[62.04545455 28.95454545] ; [12.95454545  6.04545455],1
p9,1,0.002229,9.350632,[75 14] ; [10  9],[70.0462963 18.9537037] ; [14.9537037  4.0462963],0
p2,1,0.073632,3.200144,[77 13] ; [13  6],[74.31192661 15.68807339] ; [15.68807339  3.31192661],0
p1,1,0.279358,1.17021,[ 7 82] ; [ 3 16],[ 8.24074074 80.75925926] ; [ 1.75925926 17.24074074],0
b1,1,0.674287,0.176628,[29 62] ; [ 7 12],[29.78181818 61.21818182] ; [ 6.21818182 12.78181818],0
p5,1,0.692443,0.156453,[ 7 83] ; [ 2 17],[ 7.43119266 82.56880734] ; [ 1.56880734 17.43119266],0
p6,1,0.937185,0.006211,[21 70] ; [ 4 14],[20.87155963 70.12844037] ; [ 4.12844037 13.87155963],0
