Feature,DoF,P Value,Chi Square,Observed,Expected,Is Significant
p8,1,9e-05,15.340354,[34 31] ; [30 95],[21.89473684 43.10526316] ; [42.10526316 82.89473684],1
b1,1,0.00031,13.005992,[35 32] ; [33 93],[23.60621762 43.39378238] ; [44.39378238 81.60621762],1
p6,1,0.00115,10.568881,[18 44] ; [ 13 113],[10.22340426 51.77659574] ; [ 20.77659574 105.22340426],0
p5,1,0.2042,1.612079,[ 4 63] ; [  3 123],[ 2.43005181 64.56994819] ; [  4.56994819 121.43005181],0
p9,1,0.586298,0.296164,[51 14] ; [103  23],[52.40837696 12.59162304] ; [101.59162304  24.40837696],0
p12,1,0.630869,0.230884,[ 3 62] ; [  4 120],[ 2.40740741 62.59259259] ; [  4.59259259 119.40740741],0
p1,1,0.727979,0.120975,[ 4 63] ; [  6 119],[ 3.48958333 63.51041667] ; [  6.51041667 118.48958333],0
p10,1,0.811183,0.057074,[48 17] ; [91 35],[47.30366492 17.69633508] ; [91.69633508 34.30366492],0
p11,1,0.824524,0.049164,[49 18] ; [94 32],[49.64248705 17.35751295] ; [93.35751295 32.64248705],0
