Feature,DoF,P Value,Chi Square,Observed,Expected,Is Significant
p8,1,0.0,32.280716,[20 10] ; [12 77],[ 8.06722689 21.93277311] ; [23.93277311 65.06722689],1
p2,1,0.000402,12.521841,[23  7] ; [35 54],[14.62184874 15.37815126] ; [43.37815126 45.62184874],1
p3,1,0.005724,7.635302,[13 17] ; [16 72],[ 7.37288136 22.62711864] ; [21.62711864 66.37288136],0
p11,1,0.048796,3.882344,[18 12] ; [35 54],[13.36134454 16.63865546] ; [39.63865546 49.36134454],0
p5,1,0.093953,2.805304,[ 2 28] ; [ 1 88],[ 0.75630252 29.24369748] ; [ 2.24369748 86.75630252],0
b1,1,0.099872,2.707584,[21  9] ; [47 42],[17.14285714 12.85714286] ; [50.85714286 38.14285714],0
p1,1,0.172724,1.859139,[ 4 26] ; [ 5 83],[ 2.28813559 27.71186441] ; [ 6.71186441 81.28813559],0
