Feature,DoF,P Value,Chi Square,Observed,Expected,Is Significant
p4,1,0.0,41.641027,[26 83] ; [62 27],[48.44444444 60.55555556] ; [39.55555556 49.44444444],1
p2,1,0.0,35.802811,[48 61] ; [76 13],[68.26262626 40.73737374] ; [55.73737374 33.26262626],1
p3,1,3e-06,21.727097,[19 90] ; [43 46],[34.13131313 74.86868687] ; [27.86868687 61.13131313],1
p11,1,0.000402,12.521833,[46 63] ; [60 29],[58.35353535 50.64646465] ; [47.64646465 41.35353535],1
p12,1,0.225958,1.466125,[  1 107] ; [ 3 86],[  2.1928934 105.8071066] ; [ 1.8071066 87.1928934],0
b1,1,0.250044,1.323057,[53 56] ; [36 53],[48.99494949 60.00505051] ; [40.00505051 48.99494949],0
p5,1,0.277492,1.179331,[  2 107] ; [ 4 85],[  3.3030303 105.6969697] ; [ 2.6969697 86.3030303],0
p1,1,0.501022,0.45277,[  8 100] ; [ 9 80],[ 9.31979695 98.68020305] ; [ 7.68020305 81.31979695],0
