Feature,DoF,P Value,Chi Square,Observed,Expected,Is Significant
p9,1,0.0,32.627977,[26 37] ; [85 16],[42.6402439 20.3597561] ; [68.3597561 32.6402439],1
p11,1,0.000306,13.031678,[33 30] ; [80 21],[43.40853659 19.59146341] ; [69.59146341 31.40853659],1
p7,1,0.007764,7.08712,[37 26] ; [76 21],[44.49375 18.50625] ; [68.50625 28.49375],0
b1,1,0.011954,6.317692,[31 32] ; [30 71],[23.43292683 39.56707317] ; [37.56707317 63.43292683],0
p12,1,0.264492,1.245091,[ 1 62] ; [ 5 96],[ 2.30487805 60.69512195] ; [ 3.69512195 97.30487805],0
p1,1,0.351395,0.868412,[ 7 56] ; [ 7 94],[ 5.37804878 57.62195122] ; [ 8.62195122 92.37804878],0
p5,1,0.619192,0.247005,[ 5 58] ; [ 6 95],[ 4.22560976 58.77439024] ; [ 6.77439024 94.22560976],0
p8,1,0.63007,0.231966,[30 33] ; [52 49],[31.5 31.5] ; [50.5 50.5],0
