Feature,DoF,P Value,Chi Square,Observed,Expected,Is Significant
p11,1,0.009679,6.693073,[112  44] ; [135  26],[121.55205047  34.44794953] ; [125.44794953  35.55205047],0
p10,1,0.099879,2.707473,[137  18] ; [130  29],[131.79936306  23.20063694] ; [135.20063694  23.79936306],0
p6,1,0.318135,0.9966,[58 96] ; [ 52 109],[ 53.77777778 100.22222222] ; [ 56.22222222 104.77777778],0
p12,1,0.374196,0.789682,[  4 152] ; [  7 152],[  5.44761905 150.55238095] ; [  5.55238095 153.44761905],0
p4,1,0.418583,0.654291,[88 68] ; [83 77],[84.41772152 71.58227848] ; [86.58227848 73.41772152],0
b1,1,0.425539,0.634969,[61 95] ; [ 56 105],[57.57728707 98.42271293] ; [ 59.42271293 101.57728707],0
p1,1,0.487427,0.482201,[  7 149] ; [ 10 150],[  8.39240506 147.60759494] ; [  8.60759494 151.39240506],0
p5,1,0.904089,0.01452,[ 10 144] ; [ 11 150],[ 10.26666667 143.73333333] ; [ 10.73333333 150.26666667],0
