Feature,DoF,P Value,Chi Square,Observed,Expected,Is Significant
p8,1,0.0,150.746336,[ 44 191] ; [183  62],[111.13541667 123.86458333] ; [115.86458333 129.13541667],1
p2,1,0.0,74.358466,[139  98] ; [227  19],[179.59006211  57.40993789] ; [186.40993789  59.59006211],1
p10,1,0.0,69.490245,[142  90] ; [228  17],[179.95807128  52.04192872] ; [190.04192872  54.95807128],1
p5,1,0.0,41.535351,[  8 228] ; [ 58 188],[ 32.3153527 203.6846473] ; [ 33.6846473 212.3153527],1
p11,1,0.0,35.816007,[148  89] ; [212  34],[176.64596273  60.35403727] ; [183.35403727  62.64596273],1
p12,1,0.00016,14.245941,[ 11 223] ; [ 37 209],[ 23.4 210.6] ; [ 24.6 221.4],1
p1,1,0.002417,9.20262,[ 12 224] ; [ 32 213],[ 21.58835759 214.41164241] ; [ 22.41164241 222.58835759],0
b1,1,0.424793,0.637016,[ 87 150] ; [ 99 147],[ 91.26708075 145.73291925] ; [ 94.73291925 151.26708075],0
