Feature,DoF,P Value,Chi Square,Observed,Expected,Is Significant
p8,1,1e-06,23.361458,[17 10] ; [19 91],[ 7.09489051 19.90510949] ; [28.90510949 81.09489051],1
p5,1,0.000174,14.091999,[ 6 20] ; [  3 107],[ 1.72058824 24.27941176] ; [  7.27941176 102.72058824],1
p11,1,0.000582,11.83424,[21  7] ; [43 68],[12.89208633 15.10791367] ; [51.10791367 59.89208633],1
p3,1,0.002475,9.158929,[16 12] ; [30 81],[ 9.26618705 18.73381295] ; [36.73381295 74.26618705],0
p12,1,0.043438,4.078268,[ 2 26] ; [  1 109],[ 0.60869565 27.39130435] ; [  2.39130435 107.60869565],0
b1,1,0.472583,0.51593,[16 12] ; [55 56],[14.30215827 13.69784173] ; [56.69784173 54.30215827],0
p1,1,0.576023,0.312708,[ 2 26] ; [  5 105],[ 1.42028986 26.57971014] ; [  5.57971014 104.42028986],0
