Feature,DoF,P Value,Chi Square,Observed,Expected,Is Significant
p11,1,0.002628,9.049239,[112  44] ; [128  21],[122.75409836  33.24590164] ; [117.24590164  31.75409836],0
b1,1,0.167643,1.903893,[61 95] ; [ 47 102],[ 55.23934426 100.76065574] ; [52.76065574 96.23934426],0
p1,1,0.192364,1.699422,[  7 149] ; [ 12 136],[  9.75 146.25] ; [  9.25 138.75],0
p12,1,0.2035,1.617078,[  4 152] ; [  8 140],[  6.15789474 149.84210526] ; [  5.84210526 142.15789474],0
p4,1,0.237965,1.392612,[88 68] ; [74 75],[82.85901639 73.14098361] ; [79.14098361 69.85901639],0
p5,1,0.250926,1.318138,[ 10 144] ; [ 15 133],[ 12.74834437 141.25165563] ; [ 12.25165563 135.74834437],0
p2,1,0.358689,0.842479,[134  21] ; [133  15],[136.58415842  18.41584158] ; [130.41584158  17.58415842],0
p6,1,0.533481,0.387757,[58 96] ; [51 98],[55.39933993 98.60066007] ; [53.60066007 95.39933993],0
p10,1,0.972548,0.001184,[137  18] ; [131  17],[137.09570957  17.90429043] ; [130.90429043  17.09570957],0
