Feature,DoF,P Value,Chi Square,Observed,Expected,Is Significant
p7,1,0.0,35.973211,[30  6] ; [13 49],[15.79591837 20.20408163] ; [27.20408163 34.79591837],1
p6,1,4.4e-05,16.698403,[17 18] ; [ 7 55],[ 8.65979381 26.34020619] ; [15.34020619 46.65979381],1
p3,1,8.4e-05,15.457848,[20 16] ; [11 52],[11.27272727 24.72727273] ; [19.72727273 43.27272727],1
p11,1,0.009068,6.809292,[22 15] ; [21 43],[15.75247525 21.24752475] ; [27.24752475 36.75247525],0
p5,1,0.03898,4.261737,[ 4 33] ; [ 1 63],[ 1.83168317 35.16831683] ; [ 3.16831683 60.83168317],0
p10,1,0.048651,3.887372,[12 25] ; [10 54],[ 8.05940594 28.94059406] ; [13.94059406 50.05940594],0
p1,1,0.355363,0.854212,[ 5 32] ; [ 5 59],[ 3.66336634 33.33663366] ; [ 6.33663366 57.66336634],0
b1,1,0.485041,0.487509,[24 13] ; [37 27],[22.34653465 14.65346535] ; [38.65346535 25.34653465],0
