Feature,DoF,P Value,Chi Square,Observed,Expected,Is Significant
p11,1,6.5e-05,15.940231,[21 19] ; [150  33],[30.67264574  9.32735426] ; [140.32735426  42.67264574],1
p2,1,0.000322,12.936271,[27 13] ; [163  19],[34.23423423  5.76576577] ; [155.76576577  26.23423423],1
b1,1,0.00335,8.606534,[24 16] ; [ 64 119],[15.78475336 24.21524664] ; [ 72.21524664 110.78475336],0
p8,1,0.017166,5.679367,[14 26] ; [101  80],[20.81447964 19.18552036] ; [94.18552036 86.81447964],0
p6,1,0.337805,0.918745,[11 28] ; [ 66 116],[13.58823529 25.41176471] ; [ 63.41176471 118.58823529],0
p12,1,0.798062,0.065462,[ 1 39] ; [  6 177],[ 1.25560538 38.74439462] ; [  5.74439462 177.25560538],0
