Feature,DoF,P Value,Chi Square,Observed,Expected,Is Significant
p9,1,0.0,36.663227,[298   8] ; [25  9],[290.7  15.3] ; [32.3  1.7],1
p8,1,9.3e-05,15.281288,[238  68] ; [16 18],[228.6  77.4] ; [25.4  8.6],1
p11,1,0.008362,6.954298,[273  33] ; [25  9],[268.2  37.8] ; [29.8  4.2],0
p6,1,0.031432,4.629201,[175 129] ; [13 21],[169.0887574 134.9112426] ; [18.9112426 15.0887574],0
p1,1,0.276375,1.184827,[ 37 267] ; [ 2 32],[ 35.07692308 268.92307692] ; [ 3.92307692 30.07692308],0
b1,1,0.360816,0.835053,[128 178] ; [17 17],[130.5 175.5] ; [14.5 19.5],0
p5,1,0.499935,0.455074,[ 63 242] ; [ 5 27],[ 61.54302671 243.45697329] ; [ 6.45697329 25.54302671],0
p12,1,0.907211,0.013586,[ 38 267] ; [ 4 30],[ 37.78761062 267.21238938] ; [ 4.21238938 29.78761062],0
