Feature,DoF,P Value,Chi Square,Observed,Expected,Is Significant
p7,1,0.0,77.93384,[52 61] ; [269  39],[86.15914489 26.84085511] ; [234.84085511  73.15914489],1
p9,1,0.0,37.408945,[86 26] ; [297  12],[101.89073634  10.10926366] ; [281.10926366  27.89073634],1
p2,1,0.0,30.942618,[87 26] ; [293  15],[101.99524941  11.00475059] ; [278.00475059  29.99524941],1
p11,1,0.0,26.378376,[81 32] ; [282  27],[97.2014218 15.7985782] ; [265.7985782  43.2014218],1
p5,1,0.017014,5.694887,[13 97] ; [ 69 240],[21.5274463 88.4725537] ; [ 60.4725537 248.5274463],0
p12,1,0.03569,4.411837,[  7 106] ; [ 42 267],[13.12085308 99.87914692] ; [ 35.87914692 273.12085308],0
b1,1,0.17067,1.877048,[53 60] ; [122 187],[46.86018957 66.13981043] ; [128.13981043 180.86018957],0
p1,1,0.203268,1.618737,[  9 104] ; [ 38 269],[ 12.6452381 100.3547619] ; [ 34.3547619 272.6452381],0
