Feature,DoF,P Value,Chi Square,Observed,Expected,Is Significant
p2,1,6.8e-05,15.868692,[63 68] ; [30  5],[73.39156627 57.60843373] ; [19.60843373 15.39156627],1
p4,1,0.004815,7.94773,[36 95] ; [18 16],[42.87272727 88.12727273] ; [11.12727273 22.87272727],0
p11,1,0.069047,3.305529,[56 75] ; [21 14],[60.76506024 70.23493976] ; [16.23493976 18.76506024],0
p3,1,0.087547,2.918916,[ 30 101] ; [13 22],[33.93373494 97.06626506] ; [ 9.06626506 25.93373494],0
p5,1,0.292388,1.108593,[  3 128] ; [ 2 33],[  3.94578313 127.05421687] ; [ 1.05421687 33.94578313],0
b1,1,0.383641,0.759002,[67 64] ; [15 20],[64.71084337 66.28915663] ; [17.28915663 17.71084337],0
p12,1,0.604259,0.26862,[  2 128] ; [ 1 34],[  2.36363636 127.63636364] ; [ 0.63636364 34.36363636],0
p1,1,0.939234,0.005811,[  7 123] ; [ 2 33],[  7.09090909 122.90909091] ; [ 1.90909091 33.09090909],0
