Feature,DoF,P Value,Chi Square,Observed,Expected,Is Significant
p3,1,0.052198,3.769412,[ 8 81] ; [17 72],[12.5 76.5] ; [12.5 76.5],0
b1,1,0.370975,0.800395,[41 49] ; [47 43],[44. 46.] ; [44. 46.],0
p12,1,0.560379,0.339048,[ 2 87] ; [ 1 88],[ 1.5 87.5] ; [ 1.5 87.5],0
p5,1,0.560417,0.338983,[ 1 89] ; [ 2 88],[ 1.5 88.5] ; [ 1.5 88.5],0
p1,1,0.600202,0.274691,[ 7 82] ; [ 9 80],[ 8. 81.] ; [ 8. 81.],0
p11,1,0.651303,0.204262,[40 50] ; [37 53],[38.5 51.5] ; [38.5 51.5],0
p2,1,0.878159,0.023502,[35 55] ; [34 56],[34.5 55.5] ; [34.5 55.5],0
p6,1,1.0,0.0,[ 5 83] ; [ 5 83],[ 5. 83.] ; [ 5. 83.],0
