Feature,DoF,P Value,Chi Square,Observed,Expected,Is Significant
p8,1,1.6e-05,18.668093,[15 57] ; [70 65],[29.56521739 42.43478261] ; [55.43478261 79.56521739],1
p11,1,0.052199,3.769365,[49 23] ; [109  27],[54.69230769 17.30769231] ; [103.30769231  32.69230769],0
p5,1,0.074921,3.171785,[ 6 64] ; [  4 132],[ 3.39805825 66.60194175] ; [  6.60194175 129.39805825],0
p1,1,0.113668,2.502471,[ 8 64] ; [  7 129],[ 5.19230769 66.80769231] ; [  9.80769231 126.19230769],0
p12,1,0.215687,1.532837,[ 7 65] ; [  7 128],[ 4.86956522 67.13043478] ; [  9.13043478 125.86956522],0
p6,1,0.296977,1.087719,[12 59] ; [ 31 103],[14.89268293 56.10731707] ; [ 28.10731707 105.89268293],0
b1,1,0.619439,0.246656,[29 43] ; [50 86],[27.34615385 44.65384615] ; [51.65384615 84.34615385],0
