Feature,DoF,P Value,Chi Square,Observed,Expected,Is Significant
p8,1,0.0,41.40311,[ 33 116] ; [112  86],[62.26224784 86.73775216] ; [ 82.73775216 115.26224784],1
p2,1,6e-06,20.436049,[103  47] ; [174  23],[119.74063401  30.25936599] ; [157.25936599  39.74063401],1
p10,1,0.001614,9.943897,[124  26] ; [185  13],[133.18965517  16.81034483] ; [175.81034483  22.18965517],0
p11,1,0.00869,6.885447,[114  36] ; [172  26],[123.27586207  26.72413793] ; [162.72413793  35.27586207],0
p5,1,0.010185,6.602252,[  6 143] ; [ 23 172],[ 12.56104651 136.43895349] ; [ 16.43895349 178.56104651],0
b1,1,0.150993,2.06219,[ 45 105] ; [ 74 124],[51.29310345 98.70689655] ; [ 67.70689655 130.29310345],0
p12,1,0.576848,0.311358,[  9 140] ; [ 15 183],[ 10.3054755 138.6945245] ; [ 13.6945245 184.3054755],0
p1,1,0.755096,0.097299,[ 13 137] ; [ 19 178],[ 13.83285303 136.16714697] ; [ 18.16714697 178.83285303],0
