Feature,DoF,P Value,Chi Square,Observed,Expected,Is Significant
p6,1,0.001921,9.623641,[7 6] ; [ 50 220],[ 2.61837456 10.38162544] ; [ 54.38162544 215.61837456],0
p1,1,0.004988,7.883626,[ 3 11] ; [ 12 263],[ 0.7266436 13.2733564] ; [ 14.2733564 260.7266436],0
p7,1,0.019671,5.440832,[12  2] ; [144 123],[7.77224199 6.22775801] ; [148.22775801 118.77224199],0
p12,1,0.052071,3.773496,[ 2 12] ; [ 10 264],[ 0.58333333 13.41666667] ; [ 11.41666667 262.58333333],0
p8,1,0.054783,3.688671,[9 5] ; [104 166],[5.57042254 8.42957746] ; [107.42957746 162.57042254],0
b1,1,0.065858,3.383357,[8 6] ; [ 92 185],[4.81099656 9.18900344] ; [ 95.18900344 181.81099656],0
p9,1,0.283981,1.147938,[13  1] ; [222  50],[11.5034965  2.4965035] ; [223.4965035  48.5034965],0
p10,1,0.373704,0.791311,[12  2] ; [207  68],[10.60899654  3.39100346] ; [208.39100346  66.60899654],0
p11,1,0.88444,0.021125,[11  3] ; [213  64],[10.7766323  3.2233677] ; [213.2233677  63.7766323],0
