Feature,DoF,P Value,Chi Square,Observed,Expected,Is Significant
p11,1,0.003082,8.758135,[31 10] ; [24 29],[23.9893617 17.0106383] ; [31.0106383 21.9893617],0
p6,1,0.087033,2.928418,[18 23] ; [14 38],[14.10752688 26.89247312] ; [17.89247312 34.10752688],0
b1,1,0.390512,0.737348,[18 23] ; [28 25],[20.06382979 20.93617021] ; [25.93617021 27.06382979],0
p5,1,0.696965,0.151648,[ 4 36] ; [ 4 48],[ 3.47826087 36.52173913] ; [ 4.52173913 47.47826087],0
p1,1,0.715297,0.133044,[ 3 38] ; [ 5 48],[ 3.4893617 37.5106383] ; [ 4.5106383 48.4893617],0
p8,1,0.763452,0.090571,[21 20] ; [25 27],[20.27956989 20.72043011] ; [25.72043011 26.27956989],0
p3,1,0.974811,0.000997,[21 19] ; [28 25],[21.07526882 18.92473118] ; [27.92473118 25.07526882],0
