Feature,DoF,P Value,Chi Square,Observed,Expected,Is Significant
p10,1,0.0,26.9814,[ 7 22] ; [118  42],[19.17989418  9.82010582] ; [105.82010582  54.17989418],1
b1,1,6e-06,20.509653,[21  9] ; [ 44 117],[10.20942408 19.79057592] ; [ 54.79057592 106.20942408],1
p8,1,2.4e-05,17.830189,[20 10] ; [ 43 116],[10. 20.] ; [ 53. 106.],1
p4,1,0.00055,11.937682,[19 11] ; [ 49 112],[10.68062827 19.31937173] ; [ 57.31937173 103.68062827],1
p1,1,0.030995,4.653241,[ 4 26] ; [  6 154],[ 1.57894737 28.42105263] ; [  8.42105263 151.57894737],0
p11,1,0.102614,2.664437,[18 12] ; [120  41],[21.67539267  8.32460733] ; [116.32460733  44.67539267],0
p5,1,0.340567,0.908296,[ 2 28] ; [  5 156],[ 1.09947644 28.90052356] ; [  5.90052356 155.09947644],0
