Feature,DoF,P Value,Chi Square,Observed,Expected,Is Significant
p1,1,0.033308,4.529876,[ 7 94] ; [ 7 29],[10.32116788 90.67883212] ; [ 3.67883212 32.32116788],0
p9,1,0.041212,4.16729,[85 16] ; [35  1],[88.46715328 12.53284672] ; [31.53284672  4.46715328],0
p12,1,0.076689,3.133716,[ 5 96] ; [ 5 31],[ 7.37226277 93.62773723] ; [ 2.62773723 33.37226277],0
p8,1,0.311594,1.023906,[52 49] ; [15 21],[49.39416058 51.60583942] ; [17.60583942 18.39416058],0
p11,1,0.85687,0.03253,[80 21] ; [28  8],[79.62043796 21.37956204] ; [28.37956204  7.62043796],0
b1,1,0.923589,0.0092,[30 71] ; [11 25],[30.22627737 70.77372263] ; [10.77372263 25.22627737],0
p5,1,0.932585,0.007156,[ 6 95] ; [ 2 34],[ 5.89781022 95.10218978] ; [ 2.10218978 33.89781022],0
p4,1,0.955407,0.003127,[64 37] ; [23 13],[64.13868613 36.86131387] ; [22.86131387 13.13868613],0
