Feature,DoF,P Value,Chi Square,Observed,Expected,Is Significant
p2,1,0.001283,10.367061,[70 19] ; [193  17],[78.28428094 10.71571906] ; [184.71571906  25.28428094],0
p11,1,0.006344,7.449904,[69 20] ; [188  22],[76.49832776 12.50167224] ; [180.50167224  29.49832776],0
p5,1,0.010621,6.527708,[12 75] ; [ 58 152],[20.50505051 66.49494949] ; [ 49.49494949 160.50505051],0
p10,1,0.024601,5.051765,[77 12] ; [197  12],[81.83221477  7.16778523] ; [192.16778523  16.83221477],0
p4,1,0.082977,3.005597,[71 18] ; [183  26],[75.8590604 13.1409396] ; [178.1409396  30.8590604],0
p12,1,0.214607,1.540074,[11 78] ; [ 38 171],[14.63422819 74.36577181] ; [ 34.36577181 174.63422819],0
b1,1,0.799973,0.064202,[37 52] ; [ 84 126],[36.01672241 52.98327759] ; [ 84.98327759 125.01672241],0
p1,1,0.819041,0.052339,[15 74] ; [ 33 176],[14.33557047 74.66442953] ; [ 33.66442953 175.33557047],0
