Feature,DoF,P Value,Chi Square,Observed,Expected,Is Significant
p5,1,0.000983,10.85866,[ 24 146] ; [  4 128],[ 15.7615894 154.2384106] ; [ 12.2384106 119.7615894],1
p1,1,0.010778,6.5015,[ 14 158] ; [  2 129],[  9.08250825 162.91749175] ; [  6.91749175 124.08250825],0
p9,1,0.056489,3.637575,[149  23] ; [101  28],[142.85714286  29.14285714] ; [107.14285714  21.85714286],0
p8,1,0.065494,3.392492,[97 76] ; [59 71],[89.06930693 83.93069307] ; [66.93069307 63.06930693],0
p11,1,0.1324,2.264138,[142  31] ; [99 33],[136.69836066  36.30163934] ; [104.30163934  27.69836066],0
p10,1,0.162047,1.955021,[145  27] ; [103  29],[140.31578947  31.68421053] ; [107.68421053  24.31578947],0
p12,1,0.171207,1.872339,[ 13 160] ; [  5 127],[ 10.20983607 162.79016393] ; [  7.79016393 124.20983607],0
p2,1,0.268995,1.221865,[151  21] ; [110  22],[147.67105263  24.32894737] ; [113.32894737  18.67105263],0
b1,1,0.874295,0.025029,[ 64 109] ; [50 82],[ 64.66229508 108.33770492] ; [49.33770492 82.66229508],0
