Feature,DoF,P Value,Chi Square,Observed,Expected,Is Significant
p7,1,5e-06,20.859665,[28 68] ; [18  4],[37.42372881 58.57627119] ; [ 8.57627119 13.42372881],1
p8,1,0.012039,6.305166,[17 79] ; [ 9 12],[21.33333333 74.66666667] ; [ 4.66666667 16.33333333],0
p2,1,0.043304,4.083479,[43 54] ; [15  7],[47.27731092 49.72268908] ; [10.72268908 11.27731092],0
p1,1,0.069906,3.285227,[ 6 90] ; [ 4 18],[ 8.13559322 87.86440678] ; [ 1.86440678 20.13559322],0
p5,1,0.250816,1.318753,[ 1 95] ; [ 1 21],[ 1.62711864 94.37288136] ; [ 0.37288136 21.62711864],0
p11,1,0.295521,1.094297,[41 56] ; [12 10],[43.20168067 53.79831933] ; [ 9.79831933 12.20168067],0
b1,1,0.367615,0.81171,[47 50] ; [13  9],[48.90756303 48.09243697] ; [11.09243697 10.90756303],0
p12,1,0.454704,0.558899,[ 2 94] ; [ 1 19],[ 2.48275862 93.51724138] ; [ 0.51724138 19.48275862],0
