Feature,DoF,P Value,Chi Square,Observed,Expected,Is Significant
p4,1,0.0,76.294685,[24 94] ; [68 14],[54.28 63.72] ; [37.72 44.28],1
p9,1,0.0,27.509899,[56 56] ; [70 11],[73.11917098 38.88082902] ; [52.88082902 28.11917098],1
p10,1,2e-05,18.180634,[53 62] ; [62 19],[67.4744898 47.5255102] ; [47.5255102 33.4744898],1
p6,1,0.000162,14.224988,[  7 110] ; [20 61],[ 15.95454545 101.04545455] ; [11.04545455 69.95454545],1
p11,1,0.004048,8.261948,[60 59] ; [58 24],[69.86069652 49.13930348] ; [48.13930348 33.86069652],0
p5,1,0.009039,6.815028,[  4 112] ; [11 71],[  8.78787879 107.21212121] ; [ 6.21212121 75.78787879],0
p1,1,0.223168,1.483882,[ 12 107] ; [13 69],[ 14.80099502 104.19900498] ; [10.19900498 71.80099502],0
p12,1,0.295326,1.095182,[  8 110] ; [ 9 73],[ 10.03 107.97] ; [ 6.97 75.03],0
b1,1,0.428161,0.627806,[59 60] ; [36 46],[56.24378109 62.75621891] ; [38.75621891 43.24378109],0
