Feature,DoF,P Value,Chi Square,Observed,Expected,Is Significant
b1,1,0.000577,11.84808,[17 11] ; [ 66 165],[ 8.97297297 19.02702703] ; [ 74.02702703 156.97297297],1
p1,1,0.00077,11.311052,[ 6 22] ; [ 11 220],[ 1.83783784 26.16216216] ; [ 15.16216216 215.83783784],1
p7,1,0.001212,10.472015,[24  4] ; [119 103],[16.016 11.984] ; [126.984  95.016],0
p3,1,0.010204,6.59897,[13 15] ; [ 55 176],[ 7.35135135 20.64864865] ; [ 60.64864865 170.35135135],0
p5,1,0.017411,5.654443,[ 4 24] ; [  9 222],[ 1.40540541 26.59459459] ; [ 11.59459459 219.40540541],0
p11,1,0.028727,4.783901,[18 10] ; [189  42],[22.37837838  5.62162162] ; [184.62162162  46.37837838],0
