Feature,DoF,P Value,Chi Square,Observed,Expected,Is Significant
p8,1,0.001937,9.608538,[ 9 77] ; [26 63],[17.2 68.8] ; [17.8 71.2],0
p11,1,0.025489,4.990355,[31 55] ; [48 43],[38.38418079 47.61581921] ; [40.61581921 50.38418079],0
p3,1,0.03628,4.383883,[17 68] ; [31 60],[23.18181818 61.81818182] ; [24.81818182 66.18181818],0
p4,1,0.078044,3.105178,[25 61] ; [38 53],[30.61016949 55.38983051] ; [32.38983051 58.61016949],0
b1,1,0.209812,1.572721,[44 42] ; [38 53],[39.84180791 46.15819209] ; [42.15819209 48.84180791],0
p1,1,0.310774,1.027384,[ 7 78] ; [ 4 85],[ 5.37356322 79.62643678] ; [ 5.62643678 83.37356322],0
p5,1,0.339715,0.911508,[ 1 85] ; [ 3 88],[ 1.94350282 84.05649718] ; [ 2.05649718 88.94350282],0
p12,1,0.339977,0.910518,[ 1 84] ; [ 3 87],[ 1.94285714 83.05714286] ; [ 2.05714286 87.94285714],0
