Feature,DoF,P Value,Chi Square,Observed,Expected,Is Significant
p9,1,0.0,48.354305,[13 61] ; [132  72],[38.5971223 35.4028777] ; [106.4028777  97.5971223],1
p11,1,3.3e-05,17.263702,[26 51] ; [130  82],[41.56401384 35.43598616] ; [114.43598616  97.56401384],1
b1,1,0.008472,6.930791,[42 35] ; [ 79 133],[32.23875433 44.76124567] ; [ 88.76124567 123.23875433],0
p5,1,0.32014,0.988375,[ 3 73] ; [  4 207],[ 1.85365854 74.14634146] ; [  5.14634146 205.85365854],0
p1,1,0.87361,0.025305,[ 4 73] ; [ 10 201],[ 3.74305556 73.25694444] ; [ 10.25694444 200.74305556],0
p4,1,0.93619,0.00641,[15 62] ; [ 42 169],[15.23958333 61.76041667] ; [ 41.76041667 169.23958333],0
