Feature,DoF,P Value,Chi Square,Observed,Expected,Is Significant
p7,1,0.0,25.287554,[22 57] ; [46 20],[37.04827586 41.95172414] ; [30.95172414 35.04827586],1
p3,1,0.001066,10.709278,[23 59] ; [36 30],[32.68918919 49.31081081] ; [26.31081081 39.68918919],0
p12,1,0.336282,0.924554,[ 7 75] ; [ 3 63],[ 5.54054054 76.45945946] ; [ 4.45945946 61.54054054],0
p1,1,0.48228,0.493704,[ 6 76] ; [ 7 59],[ 7.2027027 74.7972973] ; [ 5.7972973 60.2027027],0
p10,1,0.73472,0.114822,[69 13] ; [56  9],[69.72789116 12.27210884] ; [55.27210884  9.72789116],0
b1,1,0.788806,0.071749,[33 49] ; [28 38],[33.7972973 48.2027027] ; [27.2027027 38.7972973],0
p11,1,0.788954,0.071647,[58 24] ; [48 18],[58.72972973 23.27027027] ; [47.27027027 18.72972973],0
p5,1,0.871289,0.026251,[ 4 74] ; [ 3 63],[ 3.79166667 74.20833333] ; [ 3.20833333 62.79166667],0
