Feature,DoF,P Value,Chi Square,Observed,Expected,Is Significant
p11,1,0.065762,3.385765,[8 9] ; [61 26],[11.27884615  5.72115385] ; [57.72115385 29.27884615],0
p9,1,0.079671,3.071609,[12  5] ; [76 11],[14.38461538  2.61538462] ; [73.61538462 13.38461538],0
p3,1,0.48275,0.492644,[9 8] ; [38 49],[7.68269231 9.31730769] ; [39.31730769 47.68269231],0
p1,1,0.617932,0.248785,[ 2 15] ; [ 7 80],[ 1.47115385 15.52884615] ; [ 7.52884615 79.47115385],0
b1,1,0.801376,0.063286,[ 7 10] ; [33 54],[ 6.53846154 10.46153846] ; [33.46153846 53.53846154],0
p5,1,0.820847,0.051282,[ 1 16] ; [ 4 83],[ 0.81730769 16.18269231] ; [ 4.18269231 82.81730769],0
p4,1,0.89452,0.017579,[12  5] ; [60 27],[11.76923077  5.23076923] ; [60.23076923 26.76923077],0
