Feature,DoF,P Value,Chi Square,Observed,Expected,Is Significant
p11,1,0.0,37.550521,[198  29] ; [13 18],[185.64728682  41.35271318] ; [25.35271318  5.64728682],1
p2,1,3e-06,21.692611,[202  24] ; [18 13],[193.46303502  32.53696498] ; [26.53696498  4.46303502],1
b1,1,0.000255,13.376454,[ 83 144] ; [22  9],[ 92.38372093 134.61627907] ; [12.61627907 18.38372093],1
p7,1,0.058893,3.568275,[142  84] ; [14 17],[137.18287938  88.81712062] ; [18.81712062 12.18287938],0
p5,1,0.385686,0.752499,[ 26 197] ; [ 2 29],[ 24.58267717 198.41732283] ; [ 3.41732283 27.58267717],0
p1,1,0.879643,0.022928,[ 20 206] ; [ 3 28],[ 20.22568093 205.77431907] ; [ 2.77431907 28.22568093],0
