Feature,DoF,P Value,Chi Square,Observed,Expected,Is Significant
p9,1,0.000329,12.897158,[ 5 15] ; [17  4],[10.73170732  9.26829268] ; [11.26829268  9.73170732],1
p11,1,0.007895,7.057103,[ 7 13] ; [16  5],[11.2195122  8.7804878] ; [11.7804878  9.2195122],0
p7,1,0.081804,3.028694,[10 10] ; [16  5],[12.68292683  7.31707317] ; [13.31707317  7.68292683],0
b1,1,0.084935,2.967851,[13  7] ; [ 8 13],[10.24390244  9.75609756] ; [10.75609756 10.24390244],0
p5,1,0.293989,1.101265,[ 3 17] ; [ 6 15],[ 4.3902439 15.6097561] ; [ 4.6097561 16.3902439],0
p1,1,0.316529,1.003234,[ 1 19] ; [ 3 18],[ 1.95121951 18.04878049] ; [ 2.04878049 18.95121951],0
p4,1,0.327187,0.96,[11  9] ; [14  6],[12.5  7.5] ; [12.5  7.5],0
