Feature,DoF,P Value,Chi Square,Observed,Expected,Is Significant
p10,1,1.6e-05,18.666225,[1 5] ; [77 12],[4.92631579 1.07368421] ; [73.07368421 15.92631579],1
p4,1,0.066202,3.37477,[2 4] ; [62 27],[4.04210526 1.95789474] ; [59.95789474 29.04210526],0
p11,1,0.382318,0.763234,[3 3] ; [60 29],[3.97894737 2.02105263] ; [59.02105263 29.97894737],0
p3,1,0.476861,0.506034,[2 4] ; [43 46],[2.84210526 3.15789474] ; [42.15789474 46.84210526],0
p1,1,0.612612,0.256389,[1 5] ; [ 9 80],[0.63157895 5.36842105] ; [ 9.36842105 79.63157895],0
b1,1,0.645305,0.21187,[3 3] ; [36 53],[2.46315789 3.53684211] ; [36.53684211 52.46315789],0
p2,1,0.890417,0.018983,[5 1] ; [76 13],[5.11578947 0.88421053] ; [75.88421053 13.11578947],0
