Feature,DoF,P Value,Chi Square,Observed,Expected,Is Significant
p1,1,0.001374,10.239748,[ 11 295] ; [13 96],[ 17.69638554 288.30361446] ; [  6.30361446 102.69638554],0
p7,1,0.034196,4.484899,[167 129] ; [71 33],[176.12 119.88] ; [61.88 42.12],0
p5,1,0.253888,1.301782,[ 16 290] ; [  9 100],[ 18.43373494 287.56626506] ; [  6.56626506 102.43373494],0
p11,1,0.37306,0.793448,[247  59] ; [93 17],[250.09615385  55.90384615] ; [89.90384615 20.09615385],0
p6,1,0.452515,0.564345,[ 85 218] ; [26 81],[ 82.03170732 220.96829268] ; [28.96829268 78.03170732],0
b1,1,0.610069,0.260074,[ 84 222] ; [33 77],[ 86.0625 219.9375] ; [30.9375 79.0625],0
p10,1,0.778165,0.079361,[268  37] ; [96 12],[268.81355932  36.18644068] ; [95.18644068 12.81355932],0
p12,1,0.872345,0.025818,[ 13 292] ; [  5 103],[ 13.29297821 291.70702179] ; [  4.70702179 103.29297821],0
