Feature,DoF,P Value,Chi Square,Observed,Expected,Is Significant
p10,1,0.0,178.499016,[17 77] ; [225  21],[66.90588235 27.09411765] ; [175.09411765  70.90588235],1
p2,1,0.0,105.213697,[36 58] ; [224  22],[71.88235294 22.11764706] ; [188.11764706  57.88235294],1
p11,1,0.0,64.418204,[40 54] ; [211  36],[69.19061584 24.80938416] ; [181.80938416  65.19061584],1
p3,1,0.0,38.325459,[15 78] ; [132 115],[40.20882353 52.79117647] ; [106.79117647 140.20882353],1
b1,1,0.000485,12.173954,[51 43] ; [ 83 164],[36.93841642 57.06158358] ; [ 97.06158358 149.93841642],1
p5,1,0.019248,5.478862,[ 1 93] ; [ 19 226],[ 5.54572271 88.45427729] ; [ 14.45427729 230.54572271],0
p12,1,0.397837,0.714853,[ 2 91] ; [ 10 237],[ 3.28235294 89.71764706] ; [  8.71764706 238.28235294],0
p1,1,0.790876,0.070317,[ 6 87] ; [ 14 232],[ 5.48672566 87.51327434] ; [ 14.51327434 231.48672566],0
