Feature,DoF,P Value,Chi Square,Observed,Expected,Is Significant
p11,1,0.045282,4.008116,[96 26] ; [19 12],[91.69934641 30.30065359] ; [23.30065359  7.69934641],0
p9,1,0.058547,3.578083,[98 20] ; [21 10],[94.24161074 23.75838926] ; [24.75838926  6.24161074],0
p10,1,0.073538,3.202222,[98 21] ; [21 10],[94.40666667 24.59333333] ; [24.59333333  6.40666667],0
b1,1,0.106013,2.612674,[40 82] ; [15 16],[43.85620915 78.14379085] ; [11.14379085 19.85620915],0
p12,1,0.27301,1.201561,[  3 117] ; [ 2 29],[  3.97350993 116.02649007] ; [ 1.02649007 29.97350993],0
p4,1,0.319609,0.990546,[50 70] ; [16 15],[52.45033113 67.54966887] ; [13.54966887 17.45033113],0
p5,1,0.42552,0.635021,[ 10 111] ; [ 4 27],[ 11.14473684 109.85526316] ; [ 2.85526316 28.14473684],0
p1,1,0.675345,0.175413,[  6 114] ; [ 1 30],[  5.56291391 114.43708609] ; [ 1.43708609 29.56291391],0
