Feature,DoF,P Value,Chi Square,Observed,Expected,Is Significant
p11,1,0.219842,1.505403,[194  50] ; [131  45],[188.80952381  55.19047619] ; [136.19047619  39.80952381],0
p2,1,0.263195,1.251873,[182  60] ; [123  52],[177.00239808  64.99760192] ; [127.99760192  47.00239808],0
p7,1,0.350236,0.872601,[101 136] ; [ 65 106],[ 96.42647059 140.57352941] ; [ 69.57352941 101.42647059],0
b1,1,0.37978,0.771413,[ 76 168] ; [ 62 114],[ 80.17142857 163.82857143] ; [ 57.82857143 118.17142857],0
p5,1,0.40743,0.686286,[  9 232] ; [  4 170],[  7.54939759 233.45060241] ; [  5.45060241 168.54939759],0
p3,1,0.631609,0.229885,[ 49 194] ; [ 32 143],[ 47.08851675 195.91148325] ; [ 33.91148325 141.08851675],0
p1,1,0.784251,0.074957,[ 11 232] ; [  7 169],[ 10.43914081 232.56085919] ; [  7.56085919 168.43914081],0
p12,1,0.882916,0.021689,[ 13 230] ; [ 10 166],[ 13.33890215 229.66109785] ; [  9.66109785 166.33890215],0
