Feature,DoF,P Value,Chi Square,Observed,Expected,Is Significant
p9,1,0.000303,13.051527,[23 13] ; [61  5],[29.64705882  6.35294118] ; [54.35294118 11.64705882],1
p7,1,0.000548,11.944166,[14 22] ; [48 17],[22.0990099 13.9009901] ; [39.9009901 25.0990099],1
p11,1,0.026938,4.894765,[23 13] ; [55 11],[27.52941176  8.47058824] ; [50.47058824 15.52941176],0
b1,1,0.038271,4.292929,[23 13] ; [28 38],[18. 18.] ; [33. 33.],0
p5,1,0.207968,1.585515,[ 3 31] ; [ 2 64],[ 1.7 32.3] ; [ 3.3 62.7],0
p6,1,0.630428,0.231481,[10 26] ; [15 49],[ 9. 27.] ; [16. 48.],0
p12,1,0.650168,0.205689,[ 1 35] ; [ 3 62],[ 1.42574257 34.57425743] ; [ 2.57425743 62.42574257],0
p1,1,0.71239,0.135901,[ 5 31] ; [11 55],[ 5.64705882 30.35294118] ; [10.35294118 55.64705882],0
