Feature,DoF,P Value,Chi Square,Observed,Expected,Is Significant
p10,1,1e-06,24.130215,[10 68] ; [13  7],[18.30612245 59.69387755] ; [ 4.69387755 15.30612245],1
p8,1,1.3e-05,18.990747,[ 7 72] ; [10 10],[13.56565657 65.43434343] ; [ 3.43434343 16.56565657],1
p4,1,2.6e-05,17.655153,[14 64] ; [13  7],[21.48979592 56.51020408] ; [ 5.51020408 14.48979592],1
p12,1,0.005673,7.651405,[ 1 77] ; [ 3 17],[ 3.18367347 74.81632653] ; [ 0.81632653 19.18367347],0
p5,1,0.0418,4.143275,[ 1 78] ; [ 2 18],[ 2.39393939 76.60606061] ; [ 0.60606061 19.39393939],0
p11,1,0.202708,1.622754,[31 48] ; [11  9],[33.51515152 45.48484848] ; [ 8.48484848 11.51515152],0
p1,1,0.736668,0.113077,[ 6 72] ; [ 2 18],[ 6.36734694 71.63265306] ; [ 1.63265306 18.36734694],0
b1,1,0.879363,0.023036,[38 41] ; [10 10],[38.3030303 40.6969697] ; [ 9.6969697 10.3030303],0
