Feature,DoF,P Value,Chi Square,Observed,Expected,Is Significant
p10,1,0.0,42.37282,[164  22] ; [ 6 14],[153.49514563  32.50485437] ; [16.50485437  3.49514563],1
b1,1,1.1e-05,19.337056,[ 60 127] ; [17  4],[ 69.22596154 117.77403846] ; [ 7.77403846 13.22596154],1
p1,1,0.001928,9.616784,[ 10 177] ; [ 5 16],[ 13.48557692 173.51442308] ; [ 1.51442308 19.48557692],0
p8,1,0.019619,5.445458,[100  84] ; [17  4],[105.01463415  78.98536585] ; [11.98536585  9.01463415],0
p11,1,0.044978,4.019475,[151  36] ; [13  8],[147.44230769  39.55769231] ; [16.55769231  4.44230769],0
p2,1,0.422672,0.642874,[167  19] ; [20  1],[168.02898551  17.97101449] ; [18.97101449  2.02898551],0
p5,1,0.671073,0.18035,[ 13 173] ; [ 2 19],[ 13.47826087 172.52173913] ; [ 1.52173913 19.47826087],0
