Feature,DoF,P Value,Chi Square,Observed,Expected,Is Significant
b1,1,0.002238,9.343245,[26 17] ; [ 88 158],[16.96193772 26.03806228] ; [ 97.03806228 148.96193772],0
p11,1,0.021896,5.254011,[27 16] ; [194  52],[32.88235294 10.11764706] ; [188.11764706  57.88235294],0
p3,1,0.052478,3.760475,[21 22] ; [ 82 163],[15.37847222 27.62152778] ; [ 87.62152778 157.37847222],0
p1,1,0.187675,1.735778,[ 4 39] ; [ 11 235],[ 2.23183391 40.76816609] ; [ 12.76816609 233.23183391],0
p5,1,0.366734,0.814701,[ 4 38] ; [ 14 226],[ 2.68085106 39.31914894] ; [ 15.31914894 224.68085106],0
p2,1,0.438227,0.60092,[34  9] ; [180  65],[31.95138889 11.04861111] ; [182.04861111  62.95138889],0
