Feature,DoF,P Value,Chi Square,Observed,Expected,Is Significant
p11,1,0.064364,3.421211,[20 25] ; [44 27],[24.82758621 20.17241379] ; [39.17241379 31.82758621],0
p5,1,0.149949,2.072772,[ 6 39] ; [ 4 67],[ 3.87931034 41.12068966] ; [ 6.12068966 64.87931034],0
p1,1,0.157017,2.002721,[ 6 39] ; [ 4 66],[ 3.91304348 41.08695652] ; [ 6.08695652 63.91304348],0
b1,1,0.340734,0.907668,[25 20] ; [33 38],[22.5 22.5] ; [35.5 35.5],0
p9,1,0.503266,0.448042,[17 28] ; [30 38],[18.71681416 26.28318584] ; [28.28318584 39.71681416],0
p8,1,0.678508,0.17181,[23 22] ; [38 31],[24.07894737 20.92105263] ; [36.92105263 32.07894737],0
p6,1,0.966002,0.001817,[17 27] ; [26 42],[16.89285714 27.10714286] ; [26.10714286 41.89285714],0
