Feature,DoF,P Value,Chi Square,Observed,Expected,Is Significant
p9,1,0.0,72.076796,[ 6 16] ; [176  13],[18.97630332  3.02369668] ; [163.02369668  25.97630332],1
p11,1,0.0,25.411562,[ 8 14] ; [158  32],[17.22641509  4.77358491] ; [148.77358491  41.22641509],1
p8,1,2.6e-05,17.676768,[ 9 12] ; [156  33],[16.5  4.5] ; [148.5  40.5],1
p1,1,0.155499,2.017463,[ 1 21] ; [ 30 159],[ 3.23222749 18.76777251] ; [ 27.76777251 161.23222749],0
p5,1,0.195,1.679435,[ 3 18] ; [ 52 138],[ 5.47393365 15.52606635] ; [ 49.52606635 140.47393365],0
b1,1,0.367682,0.811483,[13  9] ; [93 97],[11. 11.] ; [95. 95.],0
