Feature,DoF,P Value,Chi Square,Observed,Expected,Is Significant
p7,1,0.0,56.659751,[95 43] ; [ 71 173],[59.96858639 78.03141361] ; [106.03141361 137.96858639],1
p2,1,0.0,43.193877,[124  15] ; [141 107],[95.18087855 43.81912145] ; [169.81912145  78.18087855],1
p9,1,0.0,33.532172,[129  10] ; [161  81],[105.80052493  33.19947507] ; [184.19947507  57.80052493],1
p11,1,2.9e-05,17.506219,[117  23] ; [158  91],[98.97172237 41.02827763] ; [176.02827763  72.97172237],1
p5,1,0.000905,11.012015,[ 12 127] ; [  4 243],[  5.76165803 133.23834197] ; [ 10.23834197 236.76165803],1
b1,1,0.113951,2.498548,[46 94] ; [102 147],[53.26478149 86.73521851] ; [ 94.73521851 154.26478149],0
p1,1,0.293529,1.103364,[  9 131] ; [ 10 238],[  6.8556701 133.1443299] ; [ 12.1443299 235.8556701],0
p12,1,0.797167,0.066057,[  6 134] ; [ 12 235],[  6.51162791 133.48837209] ; [ 11.48837209 235.51162791],0
