Feature,DoF,P Value,Chi Square,Observed,Expected,Is Significant
p7,1,7.6e-05,15.658729,[22 57] ; [14  4],[29.31958763 49.68041237] ; [ 6.68041237 11.31958763],1
p8,1,0.000128,14.665297,[16 66] ; [12  7],[22.73267327 59.26732673] ; [ 5.26732673 13.73267327],1
b1,1,0.008461,6.933264,[33 49] ; [14  5],[38.15841584 43.84158416] ; [ 8.84158416 10.15841584],0
p3,1,0.173208,1.854956,[23 59] ; [ 8 10],[25.42 56.58] ; [ 5.58 12.42],0
p11,1,0.231624,1.43086,[58 24] ; [16  3],[60.07920792 21.92079208] ; [13.92079208  5.07920792],0
p1,1,0.640697,0.217832,[ 6 76] ; [ 2 17],[ 6.4950495 75.5049505] ; [ 1.5049505 17.4950495],0
p5,1,0.980967,0.000569,[ 4 74] ; [ 1 18],[ 4.02061856 73.97938144] ; [ 0.97938144 18.02061856],0
