Feature,DoF,P Value,Chi Square,Observed,Expected,Is Significant
p6,1,0.005858,7.593568,[53 24] ; [2 7],[49.24418605 27.75581395] ; [5.75581395 3.24418605],0
b1,1,0.17479,1.841377,[33 45] ; [2 8],[31.02272727 46.97727273] ; [3.97727273 6.02272727],0
p8,1,0.1771,1.821795,[66 12] ; [6 3],[64.55172414 13.44827586] ; [7.44827586 1.55172414],0
p7,1,0.184264,1.762893,[65 12] ; [6 3],[63.56976744 13.43023256] ; [7.43023256 1.56976744],0
p12,1,0.217214,1.52268,[24 54] ; [1 8],[22.4137931 55.5862069] ; [2.5862069 6.4137931],0
p10,1,0.721067,0.127473,[72  6] ; [8 1],[71.72413793  6.27586207] ; [8.27586207 0.72413793],0
p11,1,0.799567,0.064469,[68 10] ; [9 1],[68.25  9.75] ; [8.75 1.25],0
