Feature,DoF,P Value,Chi Square,Observed,Expected,Is Significant
p4,1,4e-06,21.15976,[100 161] ; [58 29],[118.5 142.5] ; [39.5 47.5],1
p2,1,0.013877,6.053769,[195  66] ; [76 11],[203.25  57.75] ; [67.75 19.25],0
p10,1,0.048736,3.884419,[224  37] ; [66 20],[218.12680115  42.87319885] ; [71.87319885 14.12680115],0
p1,1,0.075094,3.167997,[ 11 251] ; [ 8 79],[ 14.26361032 247.73638968] ; [ 4.73638968 82.26361032],0
p11,1,0.274792,1.192669,[199  63] ; [71 16],[202.69340974  59.30659026] ; [67.30659026 19.69340974],0
p12,1,0.449832,0.571076,[ 18 244] ; [ 4 83],[ 16.51575931 245.48424069] ; [ 5.48424069 81.51575931],0
p5,1,0.472035,0.517208,[ 15 241] ; [ 7 80],[ 16.41982507 239.58017493] ; [ 5.58017493 81.41982507],0
b1,1,0.504569,0.445314,[ 92 170] ; [34 53],[ 94.59025788 167.40974212] ; [31.40974212 55.59025788],0
