Feature,DoF,P Value,Chi Square,Observed,Expected,Is Significant
p7,1,0.025469,4.991686,[12 13] ; [28  9],[16.12903226  8.87096774] ; [23.87096774 13.12903226],0
p6,1,0.164117,1.935874,[ 7 18] ; [16 19],[ 9.58333333 15.41666667] ; [13.41666667 21.58333333],0
b1,1,0.222469,1.488376,[10 16] ; [20 17],[12.38095238 13.61904762] ; [17.61904762 19.38095238],0
p1,1,0.314014,1.013718,[ 1 25] ; [ 4 33],[ 2.06349206 23.93650794] ; [ 2.93650794 34.06349206],0
p11,1,0.479197,0.50069,[15 11] ; [18 19],[13.61904762 12.38095238] ; [19.38095238 17.61904762],0
p5,1,0.975009,0.000981,[ 2 22] ; [ 3 34],[ 1.96721311 22.03278689] ; [ 3.03278689 33.96721311],0
