Feature,DoF,P Value,Chi Square,Observed,Expected,Is Significant
p11,1,0.000419,12.446773,[21 14] ; [329  63],[28.68852459  6.31147541] ; [321.31147541  70.68852459],1
b1,1,0.18532,1.754433,[15 20] ; [125 267],[11.47540984 23.52459016] ; [128.52459016 263.47540984],0
p3,1,0.407815,0.685163,[13 22] ; [174 218],[15.32786885 19.67213115] ; [171.67213115 220.32786885],0
p12,1,0.487336,0.482403,[ 1 34] ; [ 22 369],[ 1.88967136 33.11032864] ; [ 21.11032864 369.88967136],0
p5,1,0.573735,0.316474,[ 2 33] ; [ 33 358],[ 2.87558685 32.12441315] ; [ 32.12441315 358.87558685],0
p8,1,0.775232,0.081532,[16 18] ; [192 195],[16.79809976 17.20190024] ; [191.20190024 195.79809976],0
p1,1,0.922922,0.009361,[ 2 33] ; [ 24 368],[ 2.13114754 32.86885246] ; [ 23.86885246 368.13114754],0
p4,1,0.954267,0.003289,[18 16] ; [209 182],[18.16 15.84] ; [208.84 182.16],0
