Feature,DoF,P Value,Chi Square,Observed,Expected,Is Significant
p3,1,0.0,104.874636,[176  76] ; [ 32 137],[124.50356295 127.49643705] ; [83.49643705 85.50356295],1
p5,1,0.0,34.23531,[ 55 197] ; [  3 166],[ 34.71733967 217.28266033] ; [ 23.28266033 145.71733967],1
p10,1,8e-06,20.043601,[224  26] ; [123  46],[207.04057279  42.95942721] ; [139.95942721  29.04057279],1
p1,1,6.5e-05,15.940804,[ 35 216] ; [  4 164],[ 23.3627685 227.6372315] ; [ 15.6372315 152.3627685],1
p9,1,0.000447,12.324674,[228  23] ; [133  36],[215.74047619  35.25952381] ; [145.25952381  23.74047619],1
p11,1,0.001528,10.044305,[215  37] ; [123  46],[202.31828979  49.68171021] ; [135.68171021  33.31828979],0
p12,1,0.002926,8.852762,[ 32 218] ; [  7 161],[ 23.32535885 226.67464115] ; [ 15.67464115 152.32535885],0
b1,1,0.014422,5.98574,[112 140] ; [ 55 114],[ 99.96199525 152.03800475] ; [ 67.03800475 101.96199525],0
