Feature,DoF,P Value,Chi Square,Observed,Expected,Is Significant
p10,1,0.0,32.483961,[ 7 22] ; [115  33],[19.98870056  9.01129944] ; [102.01129944  45.98870056],1
b1,1,0.00203,9.522,[21  9] ; [59 91],[13.33333333 16.66666667] ; [66.66666667 83.33333333],0
p11,1,0.023389,5.139365,[18 12] ; [119  31],[22.83333333  7.16666667] ; [114.16666667  35.83333333],0
p1,1,0.042868,4.100582,[ 4 26] ; [  6 143],[ 1.67597765 28.32402235] ; [  8.32402235 140.67597765],0
p8,1,0.133756,2.248362,[20 10] ; [76 71],[16.27118644 13.72881356] ; [79.72881356 67.27118644],0
p3,1,0.366966,0.813913,[13 17] ; [52 98],[10.83333333 19.16666667] ; [54.16666667 95.83333333],0
p5,1,0.517634,0.418605,[ 2 28] ; [  6 144],[ 1.33333333 28.66666667] ; [  6.66666667 143.33333333],0
