Feature,DoF,P Value,Chi Square,Observed,Expected,Is Significant
p7,1,0.0,47.619021,[115 155] ; [115  33],[148.5645933 121.4354067] ; [81.4354067 66.5645933],1
p2,1,0.000119,14.81279,[218  59] ; [137  10],[231.92216981  45.07783019] ; [123.07783019  23.92216981],1
p5,1,0.016073,5.794908,[ 14 261] ; [ 17 131],[ 20.1536643 254.8463357] ; [ 10.8463357 137.1536643],0
p1,1,0.020883,5.336506,[ 11 266] ; [ 14 133],[ 16.33254717 260.66745283] ; [  8.66745283 138.33254717],0
p11,1,0.034776,4.456123,[217  61] ; [128  20],[225.14084507  52.85915493] ; [119.85915493  28.14084507],0
b1,1,0.299719,1.075443,[ 84 194] ; [52 96],[ 88.75117371 189.24882629] ; [ 47.24882629 100.75117371],0
p10,1,0.455714,0.556401,[239  37] ; [131  16],[241.41843972  34.58156028] ; [128.58156028  18.41843972],0
p12,1,0.65575,0.198727,[ 14 263] ; [  9 139],[ 14.99058824 262.00941176] ; [  8.00941176 139.99058824],0
