Feature,DoF,P Value,Chi Square,Observed,Expected,Is Significant
p7,1,0.000524,12.026842,[298  77] ; [243  28],[314.04798762  60.95201238] ; [226.95201238  44.04798762],1
p6,1,0.037568,4.324478,[190 185] ; [158 110],[202.95489891 172.04510109] ; [145.04510109 122.95489891],0
p4,1,0.141864,2.15762,[317  61] ; [241  33],[323.50306748  54.49693252] ; [234.49693252  39.50306748],0
p5,1,0.190615,1.71286,[ 73 302] ; [ 65 209],[ 79.73805855 295.26194145] ; [ 58.26194145 215.73805855],0
p1,1,0.47812,0.503148,[ 49 326] ; [ 41 232],[ 52.08333333 322.91666667] ; [ 37.91666667 235.08333333],0
p12,1,0.846701,0.037376,[ 49 327] ; [ 37 236],[ 49.82434515 326.17565485] ; [ 36.17565485 236.82434515],0
p11,1,0.935407,0.006568,[336  42] ; [243  31],[335.67791411  42.32208589] ; [243.32208589  30.67791411],0
b1,1,0.972347,0.001202,[154 224] ; [112 162],[154.21472393 223.78527607] ; [111.78527607 162.21472393],0
