Feature,DoF,P Value,Chi Square,Observed,Expected,Is Significant
p1,1,0.006727,7.344539,[  4 215] ; [ 8 91],[  8.26415094 210.73584906] ; [ 3.73584906 95.26415094],0
b1,1,0.01425,6.00696,[ 61 160] ; [41 58],[ 70.44375 150.55625] ; [31.55625 67.44375],0
p5,1,0.063264,3.449681,[  6 214] ; [ 7 90],[  9.02208202 210.97791798] ; [ 3.97791798 93.02208202],0
p11,1,0.081091,3.042901,[170  51] ; [67 32],[163.678125  57.321875] ; [73.321875 25.678125],0
p12,1,0.0964,2.764108,[  8 210] ; [ 8 91],[ 11.00315457 206.99684543] ; [ 4.99684543 94.00315457],0
p10,1,0.230156,1.439899,[166  53] ; [68 30],[161.65930599  57.34069401] ; [72.34069401 25.65930599],0
p9,1,0.28932,1.122784,[176  40] ; [74 23],[172.52396166  43.47603834] ; [77.47603834 19.52396166],0
p6,1,0.473635,0.513484,[ 37 180] ; [20 78],[ 39.26666667 177.73333333] ; [17.73333333 80.26666667],0
