Feature,DoF,P Value,Chi Square,Observed,Expected,Is Significant
p11,1,0.0,27.468332,[207  51] ; [26 30],[191.44585987  66.55414013] ; [41.55414013 14.44585987],1
p3,1,0.001494,10.086564,[ 61 196] ; [25 31],[ 70.61341853 186.38658147] ; [15.38658147 40.61341853],0
b1,1,0.036495,4.373834,[ 82 176] ; [26 30],[ 88.7388535 169.2611465] ; [19.2611465 36.7388535],0
p5,1,0.431033,0.620038,[ 12 244] ; [ 4 51],[ 13.17041801 242.82958199] ; [ 2.82958199 52.17041801],0
p12,1,0.494427,0.466878,[ 15 241] ; [ 2 54],[ 13.94871795 242.05128205] ; [ 3.05128205 52.94871795],0
p2,1,0.647834,0.208642,[200  57] ; [42 14],[198.7028754  58.2971246] ; [43.2971246 12.7028754],0
p8,1,0.91683,0.010905,[ 96 158] ; [20 34],[ 95.66233766 158.33766234] ; [20.33766234 33.66233766],0
