Feature,DoF,P Value,Chi Square,Observed,Expected,Is Significant
p8,1,0.33191,0.941431,[1 5] ; [24 42],[2.08333333 3.91666667] ; [22.91666667 43.08333333],0
p1,1,0.33555,0.927358,[1 5] ; [ 4 61],[0.42253521 5.57746479] ; [ 4.57746479 60.42253521],0
p10,1,0.389583,0.740243,[1 5] ; [22 43],[1.94366197 4.05633803] ; [21.05633803 43.94366197],0
p11,1,0.411646,0.674043,[3 3] ; [44 22],[3.91666667 2.08333333] ; [43.08333333 22.91666667],0
p4,1,0.770625,0.085006,[2 4] ; [26 40],[2.33333333 3.66666667] ; [25.66666667 40.33333333],0
b1,1,0.83059,0.045772,[3 3] ; [30 36],[2.75 3.25] ; [30.25 35.75],0
