Feature,DoF,P Value,Chi Square,Observed,Expected,Is Significant
p11,1,0.010505,6.547233,[21  7] ; [18 23],[15.82608696 12.17391304] ; [23.17391304 17.82608696],0
b1,1,0.11627,2.466862,[11 17] ; [24 17],[14.20289855 13.79710145] ; [20.79710145 20.20289855],0
p9,1,0.244744,1.353061,[13 15] ; [13 27],[10.70588235 17.29411765] ; [15.29411765 24.70588235],0
p4,1,0.483918,0.49002,[14 14] ; [24 17],[15.42028986 12.57971014] ; [22.57971014 18.42028986],0
p5,1,0.494889,0.465879,[ 2 26] ; [ 5 36],[ 2.84057971 25.15942029] ; [ 4.15942029 36.84057971],0
p1,1,0.622874,0.241849,[ 3 25] ; [ 3 38],[ 2.43478261 25.56521739] ; [ 3.56521739 37.43478261],0
p2,1,0.774692,0.081935,[22  6] ; [31 10],[21.50724638  6.49275362] ; [31.49275362  9.50724638],0
p8,1,0.907329,0.013551,[15 13] ; [22 18],[15.23529412 12.76470588] ; [21.76470588 18.23529412],0
