Feature,DoF,P Value,Chi Square,Observed,Expected,Is Significant
p6,1,0.0,85.602398,[156 101] ; [ 43 182],[106.10580913 150.89419087] ; [ 92.89419087 132.10580913],1
p5,1,0.0,38.087834,[ 61 200] ; [  9 222],[ 37.13414634 223.86585366] ; [ 32.86585366 198.13414634],1
p12,1,0.000517,12.053175,[ 35 225] ; [ 10 219],[ 23.92638037 236.07361963] ; [ 21.07361963 207.92638037],1
p1,1,0.000914,10.993673,[ 35 224] ; [ 11 220],[ 24.31428571 234.68571429] ; [ 21.68571429 209.31428571],1
b1,1,0.006725,7.345114,[105 156] ; [ 66 165],[ 90.71341463 170.28658537] ; [ 80.28658537 150.71341463],0
p11,1,0.025919,4.961384,[232  29] ; [189  42],[223.33536585  37.66463415] ; [197.66463415  33.33536585],0
p10,1,0.100288,2.700963,[238  22] ; [200  30],[232.40816327  27.59183673] ; [205.59183673  24.40816327],0
