Feature,DoF,P Value,Chi Square,Observed,Expected,Is Significant
p3,1,0.013381,6.118052,[28 39] ; [71 46],[36.04891304 30.95108696] ; [62.95108696 54.04891304],0
p1,1,0.272848,1.202372,[10 58] ; [ 11 106],[ 7.71891892 60.28108108] ; [ 13.28108108 103.71891892],0
p6,1,0.357818,0.845537,[15 53] ; [33 84],[17.64324324 50.35675676] ; [30.35675676 86.64324324],0
b1,1,0.418382,0.654855,[21 47] ; [43 74],[23.52432432 44.47567568] ; [40.47567568 76.52432432],0
p11,1,0.514538,0.424828,[54 14] ; [88 29],[52.19459459 15.80540541] ; [89.80540541 27.19459459],0
p2,1,0.569085,0.324216,[58 10] ; [96 21],[56.60540541 11.39459459] ; [97.39459459 19.60540541],0
p12,1,0.633124,0.227848,[ 7 60] ; [ 15 102],[ 8.01086957 58.98913043] ; [ 13.98913043 103.01086957],0
p5,1,0.834211,0.043808,[ 9 59] ; [ 14 101],[ 8.54644809 59.45355191] ; [ 14.45355191 100.54644809],0
