Feature,DoF,P Value,Chi Square,Observed,Expected,Is Significant
p1,1,0.026716,4.909091,[ 6 90] ; [3 9],[ 8. 88.] ; [ 1. 11.],0
p10,1,0.064188,3.425719,[79 18] ; [7 5],[76.53211009 20.46788991] ; [9.46788991 2.53211009],0
p3,1,0.129477,2.298762,[28 70] ; [6 6],[30.29090909 67.70909091] ; [3.70909091 8.29090909],0
p12,1,0.210316,1.56925,[ 2 95] ; [ 1 11],[ 2.66972477 94.33027523] ; [ 0.33027523 11.66972477],0
p9,1,0.502625,0.449389,[81 15] ; [11  1],[81.77777778 14.22222222] ; [10.22222222  1.77777778],0
p5,1,0.774645,0.08197,[ 6 91] ; [ 1 11],[ 6.2293578 90.7706422] ; [ 0.7706422 11.2293578],0
p11,1,0.777376,0.079942,[77 21] ; [9 3],[76.61818182 21.38181818] ; [9.38181818 2.61818182],0
b1,1,0.904969,0.014253,[31 67] ; [4 8],[31.18181818 66.81818182] ; [3.81818182 8.18181818],0
