Feature,DoF,P Value,Chi Square,Observed,Expected,Is Significant
p11,1,0.077428,3.118069,[49 17] ; [15 12],[45.41935484 20.58064516] ; [18.58064516  8.41935484],0
p8,1,0.157097,2.001951,[28 37] ; [16 11],[31.08695652 33.91304348] ; [12.91304348 14.08695652],0
p7,1,0.181041,1.789057,[44 21] ; [22  5],[46.63043478 18.36956522] ; [19.36956522  7.63043478],0
b1,1,0.204315,1.611261,[32 34] ; [17 10],[34.77419355 31.22580645] ; [14.22580645 12.77419355],0
p5,1,0.578599,0.308506,[ 3 63] ; [ 2 25],[ 3.5483871 62.4516129] ; [ 1.4516129 25.5483871],0
p1,1,0.725049,0.123706,[ 8 58] ; [ 4 23],[ 8.51612903 57.48387097] ; [ 3.48387097 23.51612903],0
p2,1,0.780132,0.077923,[47 19] ; [20  7],[47.5483871 18.4516129] ; [19.4516129  7.5483871],0
