Feature,DoF,P Value,Chi Square,Observed,Expected,Is Significant
p9,1,0.0,32.247018,[ 6 16] ; [35  1],[15.55172414  6.44827586] ; [25.44827586 10.55172414],1
p11,1,0.00161,9.94776,[ 8 14] ; [28  8],[13.65517241  8.34482759] ; [22.34482759 13.65517241],0
b1,1,0.032275,4.583841,[13  9] ; [11 25],[ 9.10344828 12.89655172] ; [14.89655172 21.10344828],0
p1,1,0.110349,2.549217,[ 1 21] ; [ 7 29],[ 3.03448276 18.96551724] ; [ 4.96551724 31.03448276],0
p5,1,0.261049,1.263187,[ 3 18] ; [ 2 34],[ 1.84210526 19.15789474] ; [ 3.15789474 32.84210526],0
p3,1,0.837247,0.042196,[11 11] ; [17 19],[10.62068966 11.37931034] ; [17.37931034 18.62068966],0
p8,1,0.930026,0.007711,[ 9 12] ; [15 21],[ 8.84210526 12.15789474] ; [15.15789474 20.84210526],0
