Feature,DoF,P Value,Chi Square,Observed,Expected,Is Significant
p4,1,6e-06,20.501523,[337 119] ; [241  33],[361.05205479  94.94794521] ; [216.94794521  57.05205479],1
p5,1,0.009953,6.643249,[ 73 383] ; [ 65 209],[ 86.20273973 369.79726027] ; [ 51.79726027 222.20273973],0
p6,1,0.026819,4.902429,[228 224] ; [158 110],[242.32222222 209.67777778] ; [143.67777778 124.32222222],0
p1,1,0.028803,4.779342,[ 44 412] ; [ 41 232],[ 53.16872428 402.83127572] ; [ 31.83127572 241.16872428],0
p12,1,0.06791,3.332819,[ 42 414] ; [ 37 236],[ 49.41563786 406.58436214] ; [ 29.58436214 243.41563786],0
b1,1,0.294587,1.098539,[169 288] ; [112 162],[175.67305062 281.32694938] ; [105.32694938 168.67305062],0
p10,1,0.449155,0.572783,[425  30] ; [250  22],[422.45529574  32.54470426] ; [252.54470426  19.45529574],0
p11,1,0.524843,0.404367,[398  59] ; [243  31],[400.73461012  56.26538988] ; [240.26538988  33.73461012],0
