Feature,DoF,P Value,Chi Square,Observed,Expected,Is Significant
p11,1,0.000415,12.463064,[98 23] ; [6 9],[92.52941176 28.47058824] ; [11.47058824  3.52941176],1
b1,1,0.003833,8.361211,[57 64] ; [13  2],[62.27941176 58.72058824] ; [7.72058824 7.27941176],0
p7,1,0.023333,5.143572,[68 53] ; [13  2],[72.06617647 48.93382353] ; [8.93382353 6.06617647],0
p5,1,0.735283,0.114316,[ 11 107] ; [ 1 14],[ 10.64661654 107.35338346] ; [ 1.35338346 13.64661654],0
p1,1,0.762661,0.091197,[ 13 108] ; [ 2 13],[ 13.34558824 107.65441176] ; [ 1.65441176 13.34558824],0
p2,1,0.926591,0.008489,[98 23] ; [12  3],[97.86764706 23.13235294] ; [12.13235294  2.86764706],0
p4,1,0.98544,0.000333,[89 32] ; [11  4],[88.97058824 32.02941176] ; [11.02941176  3.97058824],0
