Feature,DoF,P Value,Chi Square,Observed,Expected,Is Significant
p2,1,0.058379,3.582851,[55 15] ; [64  7],[59.07801418 10.92198582] ; [59.92198582 11.07801418],0
p1,1,0.104529,2.63504,[11 59] ; [ 5 66],[ 7.94326241 62.05673759] ; [ 8.05673759 62.94326241],0
p10,1,0.174607,1.84294,[61  8] ; [56 14],[58.07913669 10.92086331] ; [58.92086331 11.07913669],0
p5,1,0.197375,1.661694,[ 3 67] ; [ 7 64],[ 4.96453901 65.03546099] ; [ 5.03546099 65.96453901],0
p7,1,0.26786,1.227672,[51 18] ; [58 13],[53.72142857 15.27857143] ; [55.27857143 15.72142857],0
b1,1,0.347341,0.883148,[28 42] ; [23 48],[25.31914894 44.68085106] ; [25.68085106 45.31914894],0
p8,1,0.356199,0.85125,[35 35] ; [41 30],[37.73049645 32.26950355] ; [38.26950355 32.73049645],0
p12,1,0.727059,0.121829,[ 3 66] ; [ 4 67],[ 3.45 65.55] ; [ 3.55 67.45],0
p11,1,0.79517,0.067394,[57 13] ; [59 12],[57.58865248 12.41134752] ; [58.41134752 12.58865248],0
