Feature,DoF,P Value,Chi Square,Observed,Expected,Is Significant
p7,1,0.020574,5.362542,[20 12] ; [258  64],[25.1299435  6.8700565] ; [252.8700565  69.1299435],0
p11,1,0.087932,2.911829,[26  7] ; [289  36],[29.03631285  3.96368715] ; [285.96368715  39.03631285],0
b1,1,0.360789,0.835146,[11 22] ; [135 190],[13.45810056 19.54189944] ; [132.54189944 192.45810056],0
p1,1,0.653585,0.20141,[ 5 28] ; [ 40 282],[ 4.18309859 28.81690141] ; [ 40.81690141 281.18309859],0
p6,1,0.692817,0.156052,[17 16] ; [178 145],[18.0758427 14.9241573] ; [176.9241573 146.0758427],0
p5,1,0.805326,0.060743,[ 8 25] ; [ 72 250],[ 7.43661972 25.56338028] ; [ 72.56338028 249.43661972],0
p12,1,0.881398,0.02226,[ 5 28] ; [ 46 278],[ 4.71428571 28.28571429] ; [ 46.28571429 277.71428571],0
