Feature,DoF,P Value,Chi Square,Observed,Expected,Is Significant
p9,1,0.0,139.636223,[ 9 20] ; [339  14],[26.41884817  2.58115183] ; [321.58115183  31.41884817],1
p11,1,0.0,36.529565,[14 15] ; [314  39],[24.90052356  4.09947644] ; [303.09947644  49.90052356],1
p2,1,0.000124,14.734916,[22  7] ; [332  19],[27.01578947  1.98421053] ; [326.98421053  24.01578947],1
p6,1,0.333883,0.933778,[13 13] ; [210 142],[15.33862434 10.66137566] ; [207.66137566 144.33862434],0
b1,1,0.39659,0.718641,[14 15] ; [142 211],[11.84293194 17.15706806] ; [144.15706806 208.84293194],0
p5,1,0.402728,0.700164,[ 4 25] ; [ 71 280],[ 5.72368421 23.27631579] ; [ 69.27631579 281.72368421],0
p1,1,0.661256,0.192002,[ 4 25] ; [ 39 312],[ 3.28157895 25.71842105] ; [ 39.71842105 311.28157895],0
