Feature,DoF,P Value,Chi Square,Observed,Expected,Is Significant
p4,1,0.014225,6.009964,[23  6] ; [37 33],[17.57575758 11.42424242] ; [42.42424242 27.57575758],0
p5,1,0.172342,1.862449,[ 4 25] ; [ 4 67],[ 2.32 26.68] ; [ 5.68 65.32],0
p1,1,0.179501,1.801754,[ 4 25] ; [ 4 66],[ 2.34343434 26.65656566] ; [ 5.65656566 64.34343434],0
p11,1,0.207971,1.585494,[14 15] ; [44 27],[16.82 12.18] ; [41.18 29.82],0
p9,1,0.228933,1.447477,[ 9 20] ; [30 38],[11.65979381 17.34020619] ; [27.34020619 40.65979381],0
p6,1,0.300411,1.072371,[13 13] ; [26 42],[10.78723404 15.21276596] ; [28.21276596 39.78723404],0
b1,1,0.870223,0.026692,[14 15] ; [33 38],[13.63 15.37] ; [33.37 37.63],0
