Feature,DoF,P Value,Chi Square,Observed,Expected,Is Significant
p7,1,0.007294,7.199211,[53 33] ; [18 30],[45.56716418 40.43283582] ; [25.43283582 22.56716418],0
p11,1,0.011764,6.346154,[69 22] ; [27 22],[62.4 28.6] ; [33.6 15.4],0
p2,1,0.023172,5.155541,[77 13] ; [34 15],[71.8705036 18.1294964] ; [39.1294964  9.8705036],0
b1,1,0.078367,3.09844,[29 62] ; [23 26],[33.8 57.2] ; [18.2 30.8],0
p5,1,0.165294,1.925112,[ 7 83] ; [ 1 48],[ 5.17985612 84.82014388] ; [ 2.82014388 46.17985612],0
p12,1,0.663216,0.189641,[ 3 87] ; [ 1 48],[ 2.58992806 87.41007194] ; [ 1.41007194 47.58992806],0
p1,1,0.705519,0.142794,[ 7 82] ; [ 3 46],[ 6.44927536 82.55072464] ; [ 3.55072464 45.44927536],0
p6,1,0.850985,0.035292,[21 70] ; [12 37],[21.45 69.55] ; [11.55 37.45],0
