Feature,DoF,P Value,Chi Square,Observed,Expected,Is Significant
p4,1,0.287065,1.133333,[22 26] ; [12  8],[24. 24.] ; [10. 10.],0
p6,1,0.402806,0.699934,[17 31] ; [ 5 15],[15.52941176 32.47058824] ; [ 6.47058824 13.52941176],0
b1,1,0.513995,0.425926,[28 20] ; [14  7],[29.2173913 18.7826087] ; [12.7826087  8.2173913],0
p5,1,0.552516,0.352829,[ 1 46] ; [ 1 20],[ 1.38235294 45.61764706] ; [ 0.61764706 20.38235294],0
p2,1,0.589836,0.2906,[36 12] ; [17  4],[36.86956522 11.13043478] ; [16.13043478  4.86956522],0
p1,1,0.911171,0.012446,[ 2 46] ; [ 1 20],[ 2.08695652 45.91304348] ; [ 0.91304348 20.08695652],0
p11,1,1.0,0.0,[32 16] ; [14  7],[32. 16.] ; [14.  7.],0
