Feature,DoF,P Value,Chi Square,Observed,Expected,Is Significant
p7,1,2e-06,22.449514,[44 21] ; [20 53],[30.14492754 34.85507246] ; [33.85507246 39.14492754],1
p9,1,0.086899,2.930897,[49 16] ; [65 10],[52.92857143 12.07142857] ; [61.07142857 13.92857143],0
p12,1,0.131662,2.272794,[ 2 64] ; [ 7 69],[ 4.18309859 61.81690141] ; [ 4.81690141 71.18309859],0
p11,1,0.445179,0.582896,[49 17] ; [52 24],[46.94366197 19.05633803] ; [54.05633803 21.94366197],0
p1,1,0.573556,0.316768,[ 8 58] ; [ 7 69],[ 6.97183099 59.02816901] ; [ 8.02816901 67.97183099],0
p5,1,0.578828,0.308134,[ 3 63] ; [ 2 70],[ 2.39130435 63.60869565] ; [ 2.60869565 69.39130435],0
b1,1,0.655145,0.199475,[32 34] ; [34 42],[30.67605634 35.32394366] ; [35.32394366 40.67605634],0
