Feature,DoF,P Value,Chi Square,Observed,Expected,Is Significant
p11,1,0.00224,9.341997,[23 13] ; [108  17],[29.29192547  6.70807453] ; [101.70807453  23.29192547],0
b1,1,0.014312,5.999202,[23 13] ; [51 74],[16.54658385 19.45341615] ; [57.45341615 67.54658385],0
p9,1,0.028123,4.820484,[23 13] ; [100  23],[27.8490566  8.1509434] ; [95.1509434 27.8490566],0
p10,1,0.033578,4.516055,[23 13] ; [101  24],[27.72670807  8.27329193] ; [96.27329193 28.72670807],0
p6,1,0.133174,2.255107,[10 26] ; [52 73],[13.86335404 22.13664596] ; [48.13664596 76.86335404],0
p1,1,0.215158,1.536379,[ 5 31] ; [  9 115],[ 3.15 32.85] ; [ 10.85 113.15],0
p4,1,0.418372,0.654885,[18 18] ; [72 53],[20.1242236 15.8757764] ; [69.8757764 55.1242236],0
p12,1,0.600104,0.274838,[ 1 35] ; [  6 119],[ 1.56521739 34.43478261] ; [  5.43478261 119.56521739],0
p5,1,0.876514,0.024146,[ 3 31] ; [ 10 115],[ 2.77987421 31.22012579] ; [ 10.22012579 114.77987421],0
