Feature,DoF,P Value,Chi Square,Observed,Expected,Is Significant
p9,1,2.2e-05,17.977214,[84  5] ; [10  7],[78.9245283 10.0754717] ; [15.0754717  1.9245283],1
p11,1,0.001494,10.086589,[70 19] ; [ 7 10],[64.6509434 24.3490566] ; [12.3490566  4.6509434],0
p1,1,0.010194,6.600746,[ 7 82] ; [ 5 12],[10.0754717 78.9245283] ; [ 1.9245283 15.0754717],0
b1,1,0.023958,5.097658,[27 62] ; [10  7],[31.06603774 57.93396226] ; [ 5.93396226 11.06603774],0
p8,1,0.18569,1.751487,[47 42] ; [ 6 11],[44.5 44.5] ; [8.5 8.5],0
p7,1,0.531089,0.392308,[66 19] ; [12  5],[65. 20.] ; [13.  4.],0
p5,1,0.776722,0.080425,[ 7 82] ; [ 1 16],[ 6.71698113 82.28301887] ; [ 1.28301887 15.71698113],0
p12,1,0.896004,0.017085,[ 6 83] ; [ 1 16],[ 5.87735849 83.12264151] ; [ 1.12264151 15.87735849],0
