Feature,DoF,P Value,Chi Square,Observed,Expected,Is Significant
p12,1,0.007987,7.036469,[15 93] ; [ 11 198],[ 8.85804416 99.14195584] ; [ 17.14195584 191.85804416],0
p2,1,0.014611,5.962838,[90 18] ; [192  16],[96.37974684 11.62025316] ; [185.62025316  22.37974684],0
p11,1,0.109047,2.567979,[88 20] ; [185  25],[92.71698113 15.28301887] ; [180.28301887  29.71698113],0
p3,1,0.272291,1.205167,[64 43] ; [112  98],[59.40694006 47.59305994] ; [116.59305994  93.40694006],0
b1,1,0.555802,0.347025,[38 70] ; [ 67 143],[35.66037736 72.33962264] ; [ 69.33962264 140.66037736],0
p1,1,0.762513,0.091314,[11 97] ; [ 19 189],[10.25316456 97.74683544] ; [ 19.74683544 188.25316456],0
p5,1,0.829995,0.0461,[12 94] ; [ 22 187],[11.44126984 94.55873016] ; [ 22.55873016 186.44126984],0
