Feature,DoF,P Value,Chi Square,Observed,Expected,Is Significant
p3,1,1e-06,25.221762,[341 268] ; [33 77],[316.78164117 292.21835883] ; [57.21835883 52.78164117],1
p6,1,0.000238,13.506859,[251 354] ; [24 82],[234.00140647 370.99859353] ; [40.99859353 65.00140647],1
p5,1,0.012096,6.296761,[ 86 522] ; [  6 104],[ 77.90529248 530.09470752] ; [14.09470752 95.90529248],0
p12,1,0.056516,3.63679,[ 56 551] ; [  4 104],[ 50.93706294 556.06293706] ; [ 9.06293706 98.93706294],0
p11,1,0.447447,0.577112,[526  83] ; [92 18],[523.45201669  85.54798331] ; [94.54798331 15.45201669],0
p1,1,0.528097,0.398052,[ 56 552] ; [  8 101],[ 54.27057183 553.72942817] ; [ 9.72942817 99.27057183],0
b1,1,0.542955,0.370091,[212 397] ; [35 75],[209.21140473 399.78859527] ; [37.78859527 72.21140473],0
p7,1,0.91504,0.011381,[425 172] ; [76 30],[425.45803698 171.54196302] ; [75.54196302 30.45803698],0
