Feature,DoF,P Value,Chi Square,Observed,Expected,Is Significant
p10,1,1e-06,23.891427,[58 14] ; [52 65],[41.9047619 30.0952381] ; [68.0952381 48.9047619],1
p11,1,0.005556,7.688986,[49 23] ; [57 63],[39.75 32.25] ; [66.25 53.75],0
p5,1,0.023078,5.162642,[ 6 64] ; [  2 117],[ 2.96296296 67.03703704] ; [  5.03703704 113.96296296],0
b1,1,0.100754,2.693565,[29 43] ; [63 57],[34.5 37.5] ; [57.5 62.5],0
p6,1,0.122701,2.3825,[12 59] ; [ 11 107],[ 8.64021164 62.35978836] ; [ 14.35978836 103.64021164],0
p7,1,0.194743,1.681367,[19 49] ; [23 94],[15.43783784 52.56216216] ; [26.56216216 90.43783784],0
p12,1,0.213268,1.549099,[ 7 65] ; [  6 113],[ 4.90052356 67.09947644] ; [  8.09947644 110.90052356],0
p1,1,0.522638,0.408685,[ 8 64] ; [ 10 110],[ 6.75 65.25] ; [ 11.25 108.75],0
