Feature,DoF,P Value,Chi Square,Observed,Expected,Is Significant
p9,1,3e-06,21.791934,[3 3] ; [74  2],[5.63414634 0.36585366] ; [71.36585366  4.63414634],1
p10,1,0.000559,11.908517,[3 3] ; [71  5],[5.41463415 0.58536585] ; [68.58536585  7.41463415],1
p8,1,0.025981,4.957264,[3 3] ; [65 11],[4.97560976 1.02439024] ; [63.02439024 12.97560976],0
p6,1,0.071861,3.24,[2 4] ; [52 23],[4. 2.] ; [50. 25.],0
p7,1,0.223352,1.482701,[4 2] ; [65 11],[5.04878049 0.95121951] ; [63.95121951 12.04878049],0
p12,1,0.236927,1.398787,[3 3] ; [21 56],[1.73493976 4.26506024] ; [22.26506024 54.73493976],0
p4,1,0.255318,1.293967,[5 1] ; [73  4],[5.63855422 0.36144578] ; [72.36144578  4.63855422],0
b1,1,0.649106,0.207029,[2 4] ; [33 44],[2.53012048 3.46987952] ; [32.46987952 44.53012048],0
p11,1,0.718238,0.130187,[5 1] ; [68  9],[5.27710843 0.72289157] ; [67.72289157  9.27710843],0
