Feature,DoF,P Value,Chi Square,Observed,Expected,Is Significant
p10,1,0.000582,11.83316,[23 12] ; [112  13],[29.53125  5.46875] ; [105.46875  19.53125],1
p11,1,0.025382,4.997605,[25 10] ; [109  16],[29.3125  5.6875] ; [104.6875  20.3125],0
p12,1,0.131236,2.27782,[ 5 30] ; [  8 117],[ 2.84375 32.15625] ; [ 10.15625 114.84375],0
p2,1,0.178951,1.806311,[28  7] ; [110  14],[30.37735849  4.62264151] ; [107.62264151  16.37735849],0
p5,1,0.400566,0.706627,[ 2 33] ; [ 13 112],[ 3.28125 31.71875] ; [ 11.71875 113.28125],0
p9,1,0.400566,0.706627,[33  2] ; [112  13],[31.71875  3.28125] ; [113.28125  11.71875],0
b1,1,0.4829,0.492308,[14 21] ; [42 83],[12.25 22.75] ; [43.75 81.25],0
p1,1,0.530731,0.392992,[ 5 30] ; [ 13 111],[ 3.96226415 31.03773585] ; [ 14.03773585 109.96226415],0
