Feature,DoF,P Value,Chi Square,Observed,Expected,Is Significant
p9,1,0.001327,10.305174,[192  14] ; [12  5],[188.44843049  17.55156951] ; [15.55156951  1.44843049],0
p11,1,0.003836,8.359701,[162  45] ; [8 9],[157.09821429  49.90178571] ; [12.90178571  4.09821429],0
p4,1,0.016241,5.776641,[ 84 123] ; [12  5],[ 88.71428571 118.28571429] ; [7.28571429 9.71428571],0
p3,1,0.064717,3.412182,[ 64 142] ; [9 8],[ 67.43497758 138.56502242] ; [ 5.56502242 11.43497758],0
b1,1,0.539083,0.377242,[ 70 137] ; [ 7 10],[ 71.15625 135.84375] ; [ 5.84375 11.15625],0
p1,1,0.5563,0.346151,[ 16 191] ; [ 2 15],[ 16.63392857 190.36607143] ; [ 1.36607143 15.63392857],0
p5,1,0.770675,0.084967,[ 16 188] ; [ 1 16],[ 15.69230769 188.30769231] ; [ 1.30769231 15.69230769],0
p8,1,0.83304,0.044439,[ 53 152] ; [ 4 13],[ 52.63513514 152.36486486] ; [ 4.36486486 12.63513514],0
p2,1,0.833662,0.044103,[151  56] ; [12  5],[150.62946429  56.37053571] ; [12.37053571  4.62946429],0
