Feature,DoF,P Value,Chi Square,Observed,Expected,Is Significant
p9,1,0.0,40.510937,[84  5] ; [12 17],[72.40677966 16.59322034] ; [23.59322034  5.40677966],1
p11,1,4e-05,16.850496,[70 19] ; [11 18],[61.09322034 27.90677966] ; [19.90677966  9.09322034],1
b1,1,0.002248,9.33526,[27 62] ; [18 11],[33.94067797 55.05932203] ; [11.05932203 17.94067797],0
p2,1,0.006828,7.31771,[78 11] ; [19 10],[73.16101695 15.83898305] ; [23.83898305  5.16101695],0
p8,1,0.007113,7.244088,[47 42] ; [ 7 22],[40.72881356 48.27118644] ; [13.27118644 15.72881356],0
p1,1,0.340304,0.909286,[ 7 82] ; [ 4 25],[ 8.29661017 80.70338983] ; [ 2.70338983 26.29661017],0
p4,1,0.351159,0.869264,[56 33] ; [21  8],[58.07627119 30.92372881] ; [18.92372881 10.07627119],0
p5,1,0.677114,0.173392,[ 7 82] ; [ 3 26],[ 7.54237288 81.45762712] ; [ 2.45762712 26.54237288],0
