Feature,DoF,P Value,Chi Square,Observed,Expected,Is Significant
p11,1,0.07308,3.212453,[310  30] ; [291  44],[302.72592593  37.27407407] ; [298.27407407  36.72592593],0
p5,1,0.410931,0.676104,[ 67 273] ; [ 74 258],[ 71.33928571 268.66071429] ; [ 69.66071429 262.33928571],0
p2,1,0.500425,0.454035,[318  21] ; [308  25],[315.79464286  23.20535714] ; [310.20535714  22.79464286],0
p12,1,0.516498,0.420881,[ 41 298] ; [ 46 288],[ 43.82317979 295.17682021] ; [ 43.17682021 290.82317979],0
b1,1,0.529378,0.395586,[133 207] ; [139 196],[137.00740741 202.99259259] ; [134.99259259 200.00740741],0
p1,1,0.747198,0.103901,[ 40 298] ; [ 42 290],[ 41.36716418 296.63283582] ; [ 40.63283582 291.36716418],0
p6,1,0.831337,0.045364,[185 154] ; [185 149],[186.37444279 152.62555721] ; [183.62555721 150.37444279],0
