Feature,DoF,P Value,Chi Square,Observed,Expected,Is Significant
p10,1,0.0,52.628781,[119  81] ; [12 77],[ 90.65743945 109.34256055] ; [40.34256055 48.65743945],1
p11,1,0.000645,11.642495,[127  76] ; [37 53],[113.62457338  89.37542662] ; [50.37542662 39.62457338],1
p2,1,0.006011,7.546867,[112  91] ; [34 56],[101.15358362 101.84641638] ; [44.84641638 45.15358362],0
b1,1,0.011438,6.395902,[ 74 129] ; [47 43],[ 83.83276451 119.16723549] ; [37.16723549 52.83276451],0
p1,1,0.10052,2.697274,[ 10 192] ; [ 9 80],[ 13.18900344 188.81099656] ; [ 5.81099656 83.18900344],0
p12,1,0.111858,2.527776,[ 10 190] ; [ 1 88],[  7.61245675 192.38754325] ; [ 3.38754325 85.61245675],0
p6,1,0.692724,0.156152,[ 14 188] ; [ 5 83],[ 13.23448276 188.76551724] ; [ 5.76551724 82.23448276],0
p5,1,0.71765,0.130755,[  6 196] ; [ 2 88],[  5.53424658 196.46575342] ; [ 2.46575342 87.53424658],0
