Feature,DoF,P Value,Chi Square,Observed,Expected,Is Significant
p10,1,0.0,31.067992,[17 77] ; [27 13],[30.86567164 63.13432836] ; [13.13432836 26.86567164],1
p11,1,0.003636,8.45714,[40 54] ; [28 12],[47.70149254 46.29850746] ; [20.29850746 19.70149254],0
p5,1,0.009924,6.648477,[ 1 93] ; [ 4 34],[ 3.56060606 90.43939394] ; [ 1.43939394 36.56060606],0
p7,1,0.108665,2.573536,[26 66] ; [17 23],[29.96969697 62.03030303] ; [13.03030303 26.96969697],0
p1,1,0.476672,0.506467,[ 6 87] ; [ 4 36],[ 6.9924812 86.0075188] ; [ 3.0075188 36.9924812],0
b1,1,0.651538,0.203966,[51 43] ; [20 20],[49.80597015 44.19402985] ; [21.19402985 18.80597015],0
p12,1,0.900943,0.015493,[ 2 91] ; [ 1 39],[ 2.09774436 90.90225564] ; [ 0.90225564 39.09774436],0
