Feature,DoF,P Value,Chi Square,Observed,Expected,Is Significant
p7,1,1.4e-05,18.889836,[425 172] ; [324  65],[453.5020284 143.4979716] ; [295.4979716  93.5020284],1
p3,1,0.000753,11.3548,[341 268] ; [262 131],[366.49401198 242.50598802] ; [236.50598802 156.49401198],1
p4,1,0.004149,8.217406,[408 200] ; [297  96],[428.21178821 179.78821179] ; [276.78821179 116.21178821],0
p6,1,0.007338,7.188319,[251 354] ; [197 196],[271.58316633 333.41683367] ; [176.41683367 216.58316633],0
p5,1,0.023719,5.115048,[ 86 522] ; [ 77 317],[ 98.90618762 509.09381238] ; [ 64.09381238 329.90618762],0
p11,1,0.058489,3.579722,[526  83] ; [356  38],[535.53140578  73.46859422] ; [346.46859422  47.53140578],0
p1,1,0.097602,2.744291,[ 56 552] ; [ 49 343],[ 63.84 544.16] ; [ 41.16 350.84],0
p12,1,0.127072,2.327914,[ 56 551] ; [ 48 344],[ 63.19119119 543.80880881] ; [ 40.80880881 351.19119119],0
b1,1,0.690692,0.158337,[212 397] ; [142 252],[214.94117647 394.05882353] ; [139.05882353 254.94117647],0
