Feature,DoF,P Value,Chi Square,Observed,Expected,Is Significant
p10,1,0.031971,4.600064,[23 14] ; [ 4 10],[19.58823529 17.41176471] ; [7.41176471 6.58823529],0
p11,1,0.031971,4.600064,[23 14] ; [ 4 10],[19.58823529 17.41176471] ; [7.41176471 6.58823529],0
p4,1,0.405756,0.691201,[15 22] ; [7 6],[16.28 20.72] ; [5.72 7.28],0
b1,1,0.71154,0.136744,[18 19] ; [6 8],[17.41176471 19.58823529] ; [6.58823529 7.41176471],0
p3,1,0.795749,0.067005,[17 20] ; [7 7],[17.41176471 19.58823529] ; [6.58823529 7.41176471],0
p5,1,0.850537,0.035507,[ 2 33] ; [ 1 13],[ 2.14285714 32.85714286] ; [ 0.85714286 13.14285714],0
