Feature,DoF,P Value,Chi Square,Observed,Expected,Is Significant
p4,1,0.003804,8.375159,[30 14] ; [ 3 10],[25.47368421 18.52631579] ; [7.52631579 5.47368421],0
p7,1,0.006289,7.465682,[35  8] ; [5 7],[31.27272727 11.72727273] ; [8.72727273 3.27272727],0
p6,1,0.01813,5.583532,[17 24] ; [ 1 13],[13.41818182 27.58181818] ; [4.58181818 9.41818182],0
p3,1,0.577097,0.310952,[19 24] ; [5 9],[18.10526316 24.89473684] ; [5.89473684 8.10526316],0
b1,1,0.593157,0.285441,[28 16] ; [10  4],[28.82758621 15.17241379] ; [9.17241379 4.82758621],0
p11,1,0.662739,0.190214,[28 16] ; [8 6],[27.31034483 16.68965517] ; [8.68965517 5.31034483],0
p1,1,0.77004,0.085452,[ 5 39] ; [ 2 12],[ 5.31034483 38.68965517] ; [ 1.68965517 12.31034483],0
