Feature,DoF,P Value,Chi Square,Observed,Expected,Is Significant
p4,1,0.0,160.0228,[ 82 194] ; [228  46],[155.56363636 120.43636364] ; [154.43636364 119.56363636],1
p7,1,0.0,116.932331,[115 155] ; [235  35],[175.  95.] ; [175.  95.],1
p8,1,0.0,71.33325,[ 98 175] ; [197  77],[147.23034735 125.76965265] ; [147.76965265 126.23034735],1
p5,1,0.0,33.039973,[ 14 261] ; [ 60 215],[ 37. 238.] ; [ 37. 238.],1
p1,1,2.8e-05,17.582351,[ 11 266] ; [ 39 235],[ 25.13611615 251.86388385] ; [ 24.86388385 249.13611615],1
p2,1,3.6e-05,17.073976,[218  59] ; [251  24],[235.34963768  41.65036232] ; [233.65036232  41.34963768],1
p12,1,0.000105,15.053174,[ 14 263] ; [ 41 233],[ 27.64972777 249.35027223] ; [ 27.35027223 246.64972777],1
b1,1,0.020137,5.400004,[ 84 194] ; [109 166],[ 97.02350814 180.97649186] ; [ 95.97649186 179.02350814],0
p11,1,0.057768,3.600329,[217  61] ; [232  43],[225.71790235  52.28209765] ; [223.28209765  51.71790235],0
