Feature,DoF,P Value,Chi Square,Observed,Expected,Is Significant
p9,1,2e-06,22.959732,[58  9] ; [22 27],[46.20689655 20.79310345] ; [33.79310345 15.20689655],1
p7,1,2e-06,22.175537,[19 44] ; [38 13],[31.5 31.5] ; [25.5 25.5],1
p4,1,6.9e-05,15.837233,[15 51] ; [30 21],[25.38461538 40.61538462] ; [19.61538462 31.38461538],1
p6,1,0.000584,11.825957,[11 56] ; [22 26],[19.22608696 47.77391304] ; [13.77391304 34.22608696],1
p12,1,0.072416,3.227384,[ 7 61] ; [ 1 50],[ 4.57142857 63.42857143] ; [ 3.42857143 47.57142857],0
b1,1,0.489571,0.477469,[29 39] ; [25 26],[30.85714286 37.14285714] ; [23.14285714 27.85714286],0
p1,1,0.538446,0.378428,[ 7 61] ; [ 7 43],[ 8.06779661 59.93220339] ; [ 5.93220339 44.06779661],0
p11,1,0.736783,0.112975,[46 22] ; [33 18],[45.14285714 22.85714286] ; [33.85714286 17.14285714],0
p5,1,0.957078,0.002897,[ 5 61] ; [ 4 47],[ 5.07692308 60.92307692] ; [ 3.92307692 47.07692308],0
