Feature,DoF,P Value,Chi Square,Observed,Expected,Is Significant
p9,1,0.0,109.738341,[13 61] ; [149  23],[48.73170732 25.26829268] ; [113.26829268  58.73170732],1
p11,1,0.0,74.325831,[26 51] ; [152  22],[54.60557769 22.39442231] ; [123.39442231  50.60557769],1
p4,1,0.0,46.448309,[15 62] ; [115  59],[39.88047809 37.11952191] ; [90.11952191 83.88047809],1
p3,1,0.0,36.483741,[13 64] ; [101  73],[34.97211155 42.02788845] ; [79.02788845 94.97211155],1
b1,1,0.006605,7.377376,[42 35] ; [ 63 111],[32.21115538 44.78884462] ; [ 72.78884462 101.21115538],0
p5,1,0.236377,1.402074,[ 3 73] ; [ 14 160],[ 5.168 70.832] ; [ 11.832 162.168],0
p1,1,0.712882,0.135415,[ 4 73] ; [ 11 161],[ 4.63855422 72.36144578] ; [ 10.36144578 161.63855422],0
