Feature,DoF,P Value,Chi Square,Observed,Expected,Is Significant
p9,1,0.0,82.984938,[84  5] ; [37 81],[52.02415459 36.97584541] ; [68.97584541 49.02415459],1
p7,1,0.0,54.241863,[66 19] ; [31 90],[40.02427184 44.97572816] ; [56.97572816 64.02427184],1
p4,1,0.0,38.516316,[56 33] ; [26 98],[34.2629108 54.7370892] ; [47.7370892 76.2629108],1
p2,1,0.0,34.994876,[78 11] ; [60 64],[57.66197183 31.33802817] ; [80.33802817 43.66197183],1
p8,1,0.0,29.852909,[47 42] ; [ 21 101],[28.68246445 60.31753555] ; [39.31753555 82.68246445],1
p11,1,2e-06,22.991009,[70 19] ; [57 67],[53.0657277 35.9342723] ; [73.9342723 50.0657277],1
b1,1,0.021325,5.300015,[27 62] ; [57 67],[35.09859155 53.90140845] ; [48.90140845 75.09859155],0
p12,1,0.125163,2.351495,[ 6 83] ; [  3 120],[ 3.77830189 85.22169811] ; [  5.22169811 117.77830189],0
p1,1,0.243317,1.361272,[ 7 82] ; [  5 117],[ 5.06161137 83.93838863] ; [  6.93838863 115.06161137],0
