Feature,DoF,P Value,Chi Square,Observed,Expected,Is Significant
p9,1,8.8e-05,15.372821,[77  3] ; [15  7],[72.15686275  7.84313725] ; [19.84313725  2.15686275],1
p4,1,0.006919,7.293903,[56 24] ; [ 8 13],[50.69306931 29.30693069] ; [13.30693069  7.69306931],0
p5,1,0.009427,6.740176,[ 4 76] ; [ 5 17],[ 7.05882353 72.94117647] ; [ 1.94117647 20.05882353],0
p7,1,0.117608,2.448891,[57 21] ; [11  9],[54.12244898 23.87755102] ; [13.87755102  6.12244898],0
p1,1,0.29149,1.112727,[ 8 72] ; [ 4 18],[ 9.41176471 70.58823529] ; [ 2.58823529 19.41176471],0
p11,1,0.394694,0.724432,[55 25] ; [13  9],[53.33333333 26.66666667] ; [14.66666667  7.33333333],0
b1,1,0.645245,0.211948,[32 48] ; [10 12],[32.94117647 47.05882353] ; [ 9.05882353 12.94117647],0
p12,1,0.864832,0.028977,[ 3 77] ; [ 1 21],[ 3.1372549 76.8627451] ; [ 0.8627451 21.1372549],0
