Feature,DoF,P Value,Chi Square,Observed,Expected,Is Significant
p11,1,0.021776,5.263622,[21  7] ; [10 13],[17.01960784 10.98039216] ; [13.98039216  9.01960784],0
p9,1,0.14809,2.091815,[19  9] ; [11 12],[16.47058824 11.52941176] ; [13.52941176  9.47058824],0
p5,1,0.174058,1.847643,[ 6 20] ; [ 2 21],[ 4.24489796 21.75510204] ; [ 3.75510204 19.24489796],0
b1,1,0.212391,1.555054,[16 12] ; [17  6],[18.11764706  9.88235294] ; [14.88235294  8.11764706],0
p1,1,0.258338,1.27764,[ 2 26] ; [ 4 19],[ 3.29411765 24.70588235] ; [ 2.70588235 20.29411765],0
p8,1,0.643103,0.214707,[17 10] ; [13 10],[16.2 10.8] ; [13.8  9.2],0
