Feature,DoF,P Value,Chi Square,Observed,Expected,Is Significant
p10,1,0.0,108.057508,[237  34] ; [14 45],[206.12424242  64.87575758] ; [44.87575758 14.12424242],1
p11,1,0.002251,9.333099,[207  65] ; [34 26],[197.44578313  74.55421687] ; [43.55421687 16.44578313],0
b1,1,0.053421,3.730688,[ 91 181] ; [28 32],[ 97.4939759 174.5060241] ; [21.5060241 38.4939759],0
p4,1,0.119435,2.424711,[139 133] ; [24 36],[133.54216867 138.45783133] ; [29.45783133 30.54216867],0
p6,1,0.122043,2.390907,[ 76 195] ; [11 49],[ 71.22960725 199.77039275] ; [15.77039275 44.22960725],0
p3,1,0.176597,1.826028,[107 165] ; [18 42],[102.40963855 169.59036145] ; [22.59036145 37.40963855],0
p12,1,0.247827,1.335513,[ 14 258] ; [ 1 58],[ 12.32628399 259.67371601] ; [ 2.67371601 56.32628399],0
p7,1,0.350385,0.872063,[134 134] ; [26 34],[130.73170732 137.26829268] ; [29.26829268 30.73170732],0
p1,1,0.921039,0.009826,[ 13 259] ; [ 3 56],[ 13.14803625 258.85196375] ; [ 2.85196375 56.14803625],0
