Feature,DoF,P Value,Chi Square,Observed,Expected,Is Significant
p10,1,0.0,69.767132,[ 9 30] ; [189  33],[29.5862069  9.4137931] ; [168.4137931  53.5862069],1
p4,1,0.000772,11.307918,[23 16] ; [ 69 153],[13.74712644 25.25287356] ; [ 78.25287356 143.74712644],1
p11,1,0.000783,11.280096,[18 21] ; [163  60],[26.94274809 12.05725191] ; [154.05725191  68.94274809],1
b1,1,0.003011,8.800912,[21 18] ; [ 66 157],[12.95038168 26.04961832] ; [ 74.04961832 148.95038168],0
p2,1,0.022067,5.240506,[22 17] ; [165  57],[27.94252874 11.05747126] ; [159.05747126  62.94252874],0
p7,1,0.080673,3.051282,[21 18] ; [ 84 132],[16.05882353 22.94117647] ; [ 88.94117647 127.05882353],0
p1,1,0.170943,1.874656,[ 3 36] ; [  7 216],[ 1.48854962 37.51145038] ; [  8.51145038 214.48854962],0
p5,1,0.24408,1.356871,[ 3 36] ; [  8 213],[ 1.65 37.35] ; [  9.35 211.65],0
