Feature,DoF,P Value,Chi Square,Observed,Expected,Is Significant
p4,1,0.0,32.566701,[34 16] ; [14 64],[18.75 31.25] ; [29.25 48.75],1
p8,1,2e-06,22.413105,[22 27] ; [ 7 72],[11.1015625 37.8984375] ; [17.8984375 61.1015625],1
p6,1,1.9e-05,18.243577,[16 31] ; [ 4 74],[ 7.52 39.48] ; [12.48 65.52],1
p5,1,0.021732,5.267135,[ 5 45] ; [ 1 78],[ 2.3255814 47.6744186] ; [ 3.6744186 75.3255814],0
b1,1,0.272936,1.201931,[29 21] ; [38 41],[25.96899225 24.03100775] ; [41.03100775 37.96899225],0
p1,1,0.414637,0.665464,[ 6 44] ; [ 6 72],[ 4.6875 45.3125] ; [ 7.3125 70.6875],0
p11,1,0.592432,0.286562,[22 28] ; [31 48],[20.54263566 29.45736434] ; [32.45736434 46.54263566],0
