Feature,DoF,P Value,Chi Square,Observed,Expected,Is Significant
p7,1,0.000236,13.522404,[15 30] ; [23  7],[22.8 22.2] ; [15.2 14.8],1
p6,1,0.131943,2.269493,[ 9 36] ; [11 20],[11.84210526 33.15789474] ; [ 8.15789474 22.84210526],0
p11,1,0.24319,1.362007,[20 25] ; [18 13],[22.5 22.5] ; [15.5 15.5],0
b1,1,0.550056,0.357216,[23 22] ; [18 13],[24.27631579 20.72368421] ; [16.72368421 14.27631579],0
p2,1,0.686008,0.163441,[33 12] ; [24  7],[33.75 11.25] ; [23.25  7.75],0
p1,1,0.700158,0.148307,[ 2 43] ; [ 2 29],[ 2.36842105 42.63157895] ; [ 1.63157895 29.36842105],0
p5,1,0.788599,0.071894,[ 2 43] ; [ 1 30],[ 1.77631579 43.22368421] ; [ 1.22368421 29.77631579],0
