Feature,DoF,P Value,Chi Square,Observed,Expected,Is Significant
p8,1,0.0,27.503321,[14 95] ; [20 16],[25.55862069 83.44137931] ; [ 8.44137931 27.55862069],1
p2,1,0.001267,10.3904,[48 61] ; [27  9],[56.37931034 52.62068966] ; [18.62068966 17.37931034],0
p5,1,0.015397,5.870508,[  2 107] ; [ 4 32],[  4.51034483 104.48965517] ; [ 1.48965517 34.51034483],0
p11,1,0.268604,1.22386,[46 63] ; [19 17],[48.86206897 60.13793103] ; [16.13793103 19.86206897],0
b1,1,0.312297,1.020937,[53 56] ; [21 15],[55.62758621 53.37241379] ; [18.37241379 17.62758621],0
p1,1,0.486234,0.484848,[  8 100] ; [ 4 32],[ 9. 99.] ; [ 3. 33.],0
