Feature,DoF,P Value,Chi Square,Observed,Expected,Is Significant
p7,1,0.0,46.980387,[59 35] ; [20 98],[35.02830189 58.97169811] ; [43.97169811 74.02830189],1
p10,1,0.0,27.595619,[79 18] ; [56 64],[60.34562212 36.65437788] ; [74.65437788 45.34562212],1
p9,1,0.0,26.977719,[81 15] ; [59 58],[63.09859155 32.90140845] ; [76.90140845 40.09859155],1
p11,1,1e-06,24.319054,[77 21] ; [57 67],[59.15315315 38.84684685] ; [74.84684685 49.15315315],1
b1,1,0.011721,6.35255,[31 67] ; [60 64],[40.17117117 57.82882883] ; [50.82882883 73.17117117],0
p12,1,0.267906,1.227435,[ 2 95] ; [  6 117],[ 3.52727273 93.47272727] ; [  4.47272727 118.52727273],0
p5,1,0.31248,1.020163,[ 6 91] ; [  4 117],[ 4.44954128 92.55045872] ; [  5.55045872 115.44954128],0
p1,1,0.951555,0.003691,[ 6 90] ; [  8 116],[ 6.10909091 89.89090909] ; [  7.89090909 116.10909091],0
