Feature,DoF,P Value,Chi Square,Observed,Expected,Is Significant
p4,1,5e-06,20.89932,[317  61] ; [61 36],[300.80842105  77.19157895] ; [77.19157895 19.80842105],1
p8,1,0.001501,10.076924,[262 114] ; [51 46],[248.81183932 127.18816068] ; [64.18816068 32.81183932],0
p5,1,0.008996,6.82355,[ 73 302] ; [ 8 89],[ 64.35381356 310.64618644] ; [16.64618644 80.35381356],0
p11,1,0.013155,6.148131,[336  42] ; [77 20],[328.66105263  49.33894737] ; [84.33894737 12.66105263],0
b1,1,0.031871,4.605406,[154 224] ; [28 69],[144.83368421 233.16631579] ; [37.16631579 59.83368421],0
p12,1,0.060734,3.517221,[ 49 327] ; [ 6 91],[ 43.72093023 332.27906977] ; [11.27906977 85.72093023],0
p1,1,0.194169,1.685698,[ 49 326] ; [ 8 89],[ 45.28601695 329.71398305] ; [11.71398305 85.28601695],0
p2,1,0.368663,0.808166,[341  35] ; [85 12],[338.6384778  37.3615222] ; [87.3615222  9.6384778],0
p7,1,0.376662,0.781567,[298  77] ; [70 23],[294.87179487  80.12820513] ; [73.12820513 19.87179487],0
