Feature,DoF,P Value,Chi Square,Observed,Expected,Is Significant
p10,1,0.0,41.00677,[21 91] ; [24  6],[35.49295775 76.50704225] ; [ 9.50704225 20.49295775],1
p7,1,0.0,34.940321,[28 83] ; [24  4],[41.52517986 69.47482014] ; [10.47482014 17.52517986],1
p2,1,0.000359,12.733818,[49 64] ; [24  6],[57.68531469 55.31468531] ; [15.31468531 14.68531469],1
p11,1,0.001591,9.97036,[50 63] ; [23  7],[57.68531469 55.31468531] ; [15.31468531 14.68531469],0
p12,1,0.006287,7.466194,[  1 111] ; [ 3 26],[  3.17730496 108.82269504] ; [ 0.82269504 28.17730496],0
p1,1,0.010399,6.565259,[  8 104] ; [ 7 23],[ 11.83098592 100.16901408] ; [ 3.16901408 26.83098592],0
b1,1,0.173239,1.854693,[61 52] ; [12 18],[57.68531469 55.31468531] ; [15.31468531 14.68531469],0
p5,1,0.287616,1.130746,[  3 110] ; [ 2 28],[  3.95104895 109.04895105] ; [ 1.04895105 28.95104895],0
p3,1,0.428525,0.626818,[26 87] ; [ 9 21],[27.65734266 85.34265734] ; [ 7.34265734 22.65734266],0
