Feature,DoF,P Value,Chi Square,Observed,Expected,Is Significant
b1,1,0.011477,6.389868,[12  7] ; [ 64 125],[ 6.94230769 12.05769231] ; [ 69.05769231 119.94230769],0
p11,1,0.016362,5.763558,[ 9 10] ; [139  50],[13.51923077  5.48076923] ; [134.48076923  54.51923077],0
p6,1,0.050729,3.817209,[ 6 13] ; [ 27 161],[ 3.02898551 15.97101449] ; [ 29.97101449 158.02898551],0
p1,1,0.221571,1.494169,[ 2 17] ; [  8 181],[ 0.91346154 18.08653846] ; [  9.08653846 179.91346154],0
p5,1,0.399176,0.710807,[ 1 18] ; [  4 183],[ 0.46116505 18.53883495] ; [  4.53883495 182.46116505],0
p3,1,0.417952,0.656066,[ 5 14] ; [ 35 153],[ 3.67149758 15.32850242] ; [ 36.32850242 151.67149758],0
p7,1,0.439134,0.598543,[ 5 13] ; [ 68 116],[ 6.5049505 11.4950495] ; [ 66.4950495 117.5049505],0
