Feature,DoF,P Value,Chi Square,Observed,Expected,Is Significant
b1,1,0.051716,3.78493,[35 32] ; [ 7 17],[30.92307692 36.07692308] ; [11.07692308 12.92307692],0
p12,1,0.188004,1.73319,[ 3 62] ; [ 3 21],[ 4.38202247 60.61797753] ; [ 1.61797753 22.38202247],0
p6,1,0.26206,1.257839,[18 44] ; [10 14],[20.18604651 41.81395349] ; [ 7.81395349 16.18604651],0
p5,1,0.302964,1.061101,[ 4 63] ; [ 3 21],[ 5.15384615 61.84615385] ; [ 1.84615385 22.15384615],0
p9,1,0.451949,0.565759,[51 14] ; [17  7],[49.66292135 15.33707865] ; [18.33707865  5.66292135],0
p11,1,0.547293,0.362189,[49 18] ; [16  8],[47.85714286 19.14285714] ; [17.14285714  6.85714286],0
p1,1,0.739367,0.110684,[ 4 63] ; [ 1 23],[ 3.68131868 63.31868132] ; [ 1.31868132 22.68131868],0
p10,1,0.776235,0.080786,[48 17] ; [17  7],[47.47191011 17.52808989] ; [17.52808989  6.47191011],0
