Feature,DoF,P Value,Chi Square,Observed,Expected,Is Significant
p11,1,0.030832,4.662314,[32 16] ; [24 29],[26.61386139 21.38613861] ; [29.38613861 23.61386139],0
p5,1,0.206742,1.594094,[ 1 46] ; [ 4 48],[ 2.37373737 44.62626263] ; [ 2.62626263 49.37373737],0
p1,1,0.297939,1.083398,[ 2 46] ; [ 5 48],[ 3.32673267 44.67326733] ; [ 3.67326733 49.32673267],0
p6,1,0.358878,0.841814,[17 31] ; [14 38],[14.88 33.12] ; [16.12 35.88],0
p2,1,0.560736,0.338432,[36 12] ; [37 16],[34.69306931 13.30693069] ; [38.30693069 14.69306931],0
b1,1,0.578425,0.308788,[28 20] ; [28 25],[26.61386139 21.38613861] ; [29.38613861 23.61386139],0
p8,1,0.931924,0.007297,[23 24] ; [25 27],[22.78787879 24.21212121] ; [25.21212121 26.78787879],0
