Feature,DoF,P Value,Chi Square,Observed,Expected,Is Significant
p3,1,0.0,37.504358,[261  97] ; [72 88],[230.14285714 127.85714286] ; [102.85714286  57.14285714],1
p10,1,0.0,27.037125,[339  18] ; [127  31],[323.03300971  33.96699029] ; [142.96699029  15.03300971],1
p6,1,2e-06,22.566702,[211 146] ; [ 58 101],[186.11046512 170.88953488] ; [82.88953488 76.11046512],1
p11,1,1.3e-05,18.983369,[315  43] ; [116  44],[297.87258687  60.12741313] ; [133.12741313  26.87258687],1
p5,1,2.1e-05,18.093687,[ 73 283] ; [  9 150],[ 56.68349515 299.31650485] ; [ 25.31650485 133.68349515],1
p12,1,0.00431,8.14853,[ 38 320] ; [  5 155],[ 29.71814672 328.28185328] ; [ 13.28185328 146.71814672],0
p1,1,0.005778,7.618306,[ 40 316] ; [  6 154],[ 31.73643411 324.26356589] ; [ 14.26356589 145.73643411],0
b1,1,0.832322,0.044827,[140 218] ; [61 99],[138.91505792 219.08494208] ; [62.08494208 97.91505792],0
