Feature,DoF,P Value,Chi Square,Observed,Expected,Is Significant
p4,1,0.008559,6.912559,[56 33] ; [ 4 11],[51.34615385 37.65384615] ; [8.65384615 6.34615385],0
b1,1,0.081223,3.040267,[27 62] ; [8 7],[29.95192308 59.04807692] ; [5.04807692 9.95192308],0
p11,1,0.117856,2.44559,[70 19] ; [9 6],[67.60576923 21.39423077] ; [11.39423077  3.60576923],0
p2,1,0.144553,2.128813,[78 11] ; [11  4],[76.16346154 12.83653846] ; [12.83653846  2.16346154],0
p7,1,0.358599,0.842793,[66 19] ; [10  5],[64.6 20.4] ; [11.4  3.6],0
p1,1,0.87198,0.025968,[ 7 82] ; [ 1 14],[ 6.84615385 82.15384615] ; [ 1.15384615 13.84615385],0
