Feature,DoF,P Value,Chi Square,Observed,Expected,Is Significant
p9,1,0.007444,7.162698,[13 15] ; [11  1],[16.8 11.2] ; [7.2 4.8],0
p1,1,0.246235,1.344538,[ 3 25] ; [3 9],[ 4.2 23.8] ; [ 1.8 10.2],0
p8,1,0.490153,0.47619,[15 13] ; [5 7],[14. 14.] ; [6. 6.],0
p4,1,0.628634,0.233918,[14 14] ; [7 5],[14.7 13.3] ; [6.3 5.7],0
b1,1,0.72158,0.126984,[11 17] ; [4 8],[10.5 17.5] ; [4.5 7.5],0
p5,1,0.895778,0.01716,[ 2 26] ; [ 1 11],[ 2.1 25.9] ; [ 0.9 11.1],0
p11,1,1.0,0.0,[21  7] ; [9 3],[21.  7.] ; [9. 3.],0
