Feature,DoF,P Value,Chi Square,Observed,Expected,Is Significant
p11,1,0.124349,2.361673,[144  46] ; [12  8],[141.14285714  48.85714286] ; [14.85714286  5.14285714],0
b1,1,0.362222,0.830175,[ 66 124] ; [ 9 11],[ 67.85714286 122.14285714] ; [ 7.14285714 12.85714286],0
p1,1,0.753414,0.098684,[ 13 177] ; [ 1 19],[ 12.66666667 177.33333333] ; [ 1.33333333 18.66666667],0
p2,1,0.960854,0.002409,[134  56] ; [14  6],[133.9047619  56.0952381] ; [14.0952381  5.9047619],0
p3,1,0.961207,0.002366,[ 58 132] ; [ 6 14],[ 57.9047619 132.0952381] ; [ 6.0952381 13.9047619],0
