Feature,DoF,P Value,Chi Square,Observed,Expected,Is Significant
p10,1,0.0,58.410628,[172  27] ; [53 62],[142.5955414  56.4044586] ; [82.4044586 32.5955414],1
p4,1,1e-06,24.514582,[ 96 103] ; [24 94],[ 75.33123028 123.66876972] ; [44.66876972 73.33123028],1
p11,1,1e-06,23.581834,[153  46] ; [60 59],[133.29245283  65.70754717] ; [79.70754717 39.29245283],1
b1,1,0.001058,10.723731,[ 62 137] ; [59 60],[ 75.72012579 123.27987421] ; [45.27987421 73.72012579],0
p3,1,0.001719,9.827994,[ 70 129] ; [22 96],[ 57.75394322 141.24605678] ; [34.24605678 83.75394322],0
p6,1,0.002436,9.187708,[ 36 163] ; [  7 110],[ 27.07911392 171.92088608] ; [ 15.92088608 101.07911392],0
p5,1,0.10695,2.598718,[ 16 183] ; [  4 112],[ 12.63492063 186.36507937] ; [  7.36507937 108.63492063],0
p1,1,0.533668,0.387402,[ 16 183] ; [ 12 107],[ 17.52201258 181.47798742] ; [ 10.47798742 108.52201258],0
p12,1,0.672788,0.178358,[ 16 182] ; [  8 110],[ 15.03797468 182.96202532] ; [  8.96202532 109.03797468],0
