Feature,DoF,P Value,Chi Square,Observed,Expected,Is Significant
p10,1,0.0,48.937766,[10 59] ; [38 10],[28.30769231 40.69230769] ; [19.69230769 28.30769231],1
p4,1,0.0,41.080653,[11 58] ; [36 12],[27.71794872 41.28205128] ; [19.28205128 28.71794872],1
p7,1,0.0,30.947749,[12 56] ; [33 15],[26.37931034 41.62068966] ; [18.62068966 29.37931034],1
p11,1,0.004167,8.209647,[25 45] ; [30 18],[32.62711864 37.37288136] ; [22.37288136 25.62711864],0
p12,1,0.353295,0.861587,[ 1 69] ; [ 2 46],[ 1.77966102 68.22033898] ; [ 1.22033898 46.77966102],0
p1,1,0.449451,0.572035,[ 7 63] ; [ 7 41],[ 8.30508475 61.69491525] ; [ 5.69491525 42.30508475],0
p5,1,0.516072,0.421737,[ 3 67] ; [ 1 47],[ 2.37288136 67.62711864] ; [ 1.62711864 46.37288136],0
b1,1,0.614592,0.253541,[42 28] ; [31 17],[43.30508475 26.69491525] ; [29.69491525 18.30508475],0
