Feature,DoF,P Value,Chi Square,Observed,Expected,Is Significant
p10,1,0.000704,11.4784,[ 4 17] ; [19  9],[ 9.85714286 11.14285714] ; [13.14285714 14.85714286],1
p8,1,0.002346,9.257076,[ 4 17] ; [17 10],[ 9.1875 11.8125] ; [11.8125 15.1875],0
p6,1,0.007265,7.206234,[ 2 18] ; [13 15],[ 6.25 13.75] ; [ 8.75 19.25],0
p11,1,0.022298,5.222368,[ 9 12] ; [21  7],[12.85714286  8.14285714] ; [17.14285714 10.85714286],0
p5,1,0.079539,3.074307,[ 1 20] ; [ 6 20],[ 3.12765957 17.87234043] ; [ 3.87234043 22.12765957],0
p1,1,0.413686,0.668182,[ 3 18] ; [ 2 26],[ 2.14285714 18.85714286] ; [ 2.85714286 25.14285714],0
b1,1,0.498335,0.45848,[14  7] ; [16 12],[12.85714286  8.14285714] ; [17.14285714 10.85714286],0
