Feature,DoF,P Value,Chi Square,Observed,Expected,Is Significant
p8,1,0.001141,10.583816,[ 3 12] ; [22  9],[8.15217391 6.84782609] ; [16.84782609 14.15217391],0
p2,1,0.096053,2.769892,[8 7] ; [24  7],[10.43478261  4.56521739] ; [21.56521739  9.43478261],0
p3,1,0.102023,2.673634,[ 4 10] ; [17 14],[6.53333333 7.46666667] ; [14.46666667 16.53333333],0
b1,1,0.607391,0.263992,[8 7] ; [19 12],[8.80434783 6.19565217] ; [18.19565217 12.80434783],0
p11,1,0.723238,0.125412,[10  5] ; [19 12],[9.45652174 5.54347826] ; [19.54347826 11.45652174],0
p1,1,0.958762,0.002674,[ 3 12] ; [ 6 25],[ 2.93478261 12.06521739] ; [ 6.06521739 24.93478261],0
