Feature,DoF,P Value,Chi Square,Observed,Expected,Is Significant
p10,1,0.008202,6.988804,[ 5 16] ; [20 13],[ 9.72222222 11.27777778] ; [15.27777778 17.72222222],0
p11,1,0.272345,1.204896,[ 7 14] ; [16 17],[ 8.94444444 12.05555556] ; [14.05555556 18.94444444],0
b1,1,0.332879,0.937666,[16  5] ; [21 12],[14.38888889  6.61111111] ; [22.61111111 10.38888889],0
p6,1,0.409561,0.680075,[ 4 16] ; [10 23],[ 5.28301887 14.71698113] ; [ 8.71698113 24.28301887],0
p5,1,0.759699,0.09356,[ 1 20] ; [ 1 31],[ 0.79245283 20.20754717] ; [ 1.20754717 30.79245283],0
p1,1,0.839051,0.041253,[ 1 20] ; [ 2 31],[ 1.16666667 19.83333333] ; [ 1.83333333 31.16666667],0
