Feature,DoF,P Value,Chi Square,Observed,Expected,Is Significant
p7,1,0.0,155.757987,[193  14] ; [29 83],[144.05642633  62.94357367] ; [77.94357367 34.05642633],1
p9,1,0.0,124.419406,[193  17] ; [35 73],[150.56603774  59.43396226] ; [77.43396226 30.56603774],1
p3,1,0.0,109.280489,[158  52] ; [17 98],[113.07692308  96.92307692] ; [61.92307692 53.07692308],1
p11,1,0.0,67.183733,[184  26] ; [52 63],[152.49230769  57.50769231] ; [83.50769231 31.49230769],1
p5,1,0.0,29.94905,[ 54 156] ; [  2 113],[ 36.18461538 173.81538462] ; [19.81538462 95.18461538],1
p12,1,0.000105,15.039153,[ 33 176] ; [  2 112],[ 22.64705882 186.35294118] ; [ 12.35294118 101.64705882],1
p1,1,0.004437,8.095629,[ 34 175] ; [  6 107],[ 25.96273292 183.03726708] ; [14.03726708 98.96273292],0
b1,1,0.397686,0.715312,[ 92 118] ; [56 59],[ 95.63076923 114.36923077] ; [52.36923077 62.63076923],0
