Feature,DoF,P Value,Chi Square,Observed,Expected,Is Significant
p3,1,0.0,87.343458,[ 58 132] ; [300 124],[110.78175896  79.21824104] ; [247.21824104 176.78175896],1
p6,1,0.0,74.251487,[ 29 161] ; [221 202],[ 77.48776509 112.51223491] ; [172.51223491 250.48776509],1
p5,1,7e-06,20.101696,[  9 178] ; [ 79 345],[ 26.93289689 160.06710311] ; [ 61.06710311 362.93289689],1
p11,1,0.000252,13.398752,[144  46] ; [372  53],[159.41463415  30.58536585] ; [356.58536585  68.41463415],1
p1,1,0.086346,2.941217,[ 13 177] ; [ 48 376],[ 18.8762215 171.1237785] ; [ 42.1237785 381.8762215],0
b1,1,0.306895,1.043991,[ 66 124] ; [166 259],[ 71.67479675 118.32520325] ; [160.32520325 264.67479675],0
p12,1,0.428148,0.627841,[ 17 173] ; [ 47 378],[ 19.77235772 170.22764228] ; [ 44.22764228 380.77235772],0
