Feature,DoF,P Value,Chi Square,Observed,Expected,Is Significant
b1,1,0.045957,3.983165,[32 34] ; [ 4 14],[28.28571429 37.71428571] ; [ 7.71428571 10.28571429],0
p8,1,0.107681,2.587925,[28 37] ; [ 4 14],[25.06024096 39.93975904] ; [ 6.93975904 11.06024096],0
p11,1,0.274333,1.194949,[49 17] ; [11  7],[47.14285714 18.85714286] ; [12.85714286  5.14285714],0
p1,1,0.277672,1.178451,[ 8 58] ; [ 4 14],[ 9.42857143 56.57142857] ; [ 2.57142857 15.42857143],0
p9,1,0.833592,0.044141,[49 16] ; [14  4],[49.3373494 15.6626506] ; [13.6626506  4.3373494],0
p5,1,0.858427,0.031818,[ 3 63] ; [ 1 17],[ 3.14285714 62.85714286] ; [ 0.85714286 17.14285714],0
p10,1,0.862811,0.029859,[49 17] ; [13  5],[48.71428571 17.28571429] ; [13.28571429  4.71428571],0
p2,1,0.932987,0.007071,[47 19] ; [13  5],[47.14285714 18.85714286] ; [12.85714286  5.14285714],0
