Feature,DoF,P Value,Chi Square,Observed,Expected,Is Significant
p11,1,0.0,50.950564,[41 56] ; [177  38],[67.77564103 29.22435897] ; [150.22435897  64.77564103],1
p7,1,1.6e-05,18.667499,[28 68] ; [115  91],[45.45695364 50.54304636] ; [ 97.54304636 108.45695364],1
p8,1,4e-05,16.884774,[17 79] ; [ 88 123],[32.83387622 63.16612378] ; [ 72.16612378 138.83387622],1
b1,1,0.001417,10.183245,[47 50] ; [ 64 151],[34.50961538 62.49038462] ; [ 76.49038462 138.50961538],0
p5,1,0.192901,1.695319,[ 1 95] ; [  8 207],[ 2.77813505 93.22186495] ; [  6.22186495 208.77813505],0
p12,1,0.347,0.884396,[ 2 94] ; [  9 204],[ 3.41747573 92.58252427] ; [  7.58252427 205.41747573],0
p1,1,0.432587,0.615867,[ 6 90] ; [  9 206],[ 4.63022508 91.36977492] ; [ 10.36977492 204.63022508],0
p6,1,0.679062,0.171184,[15 81] ; [ 37 174],[16.26058632 79.73941368] ; [ 35.73941368 175.26058632],0
