Feature,DoF,P Value,Chi Square,Observed,Expected,Is Significant
p4,1,0.0,43.561643,[ 48 188] ; [22  6],[ 62.57575758 173.42424242] ; [ 7.42424242 20.57575758],1
p1,1,0.001178,10.523829,[ 12 224] ; [ 6 22],[ 16.09090909 219.90909091] ; [ 1.90909091 26.09090909],0
p5,1,0.00887,6.848841,[  8 228] ; [ 4 24],[ 10.72727273 225.27272727] ; [ 1.27272727 26.72727273],0
p9,1,0.009329,6.758756,[155  74] ; [12 16],[148.80544747  80.19455253] ; [18.19455253  9.80544747],0
b1,1,0.013889,6.05218,[ 87 150] ; [17 11],[ 93.01132075 143.98867925] ; [10.98867925 17.01132075],0
p2,1,0.041191,4.168149,[139  98] ; [22  6],[143.98867925  93.01132075] ; [17.01132075 10.98867925],0
p11,1,0.84917,0.036167,[148  89] ; [18 10],[148.46037736  88.53962264] ; [17.53962264 10.46037736],0
