Feature,DoF,P Value,Chi Square,Observed,Expected,Is Significant
p10,1,0.0,27.566093,[12 25] ; [151  48],[25.55508475 11.44491525] ; [137.44491525  61.55508475],1
b1,1,0.000222,13.631965,[24 13] ; [ 66 135],[13.99159664 23.00840336] ; [ 76.00840336 124.99159664],1
p3,1,0.003558,8.496418,[20 16] ; [ 61 139],[12.3559322 23.6440678] ; [ 68.6440678 131.3559322],0
p11,1,0.049376,3.862527,[22 15] ; [151  50],[26.89495798 10.10504202] ; [146.10504202  54.89495798],0
p1,1,0.18015,1.79639,[ 5 32] ; [ 14 186],[ 2.96624473 34.03375527] ; [ 16.03375527 183.96624473],0
p5,1,0.416199,0.661022,[ 4 33] ; [ 14 187],[ 2.79831933 34.20168067] ; [ 15.20168067 185.79831933],0
