Feature,DoF,P Value,Chi Square,Observed,Expected,Is Significant
p11,1,0.007694,7.103321,[21 14] ; [186  46],[27.13483146  7.86516854] ; [179.86516854  52.13483146],0
p3,1,0.037771,4.315305,[13 22] ; [ 49 182],[ 8.15789474 26.84210526] ; [ 53.84210526 177.15789474],0
p8,1,0.149476,2.077589,[16 18] ; [ 79 151],[12.23484848 21.76515152] ; [ 82.76515152 147.23484848],0
p2,1,0.175487,1.835432,[30  5] ; [174  57],[26.84210526  8.15789474] ; [177.15789474  53.84210526],0
b1,1,0.261927,1.258545,[15 20] ; [ 77 155],[12.05992509 22.94007491] ; [ 79.94007491 152.05992509],0
p12,1,0.549997,0.357323,[ 1 34] ; [ 12 219],[ 1.71052632 33.28947368] ; [ 11.28947368 219.71052632],0
p5,1,0.618686,0.247719,[ 2 33] ; [  9 221],[ 1.45283019 33.54716981] ; [  9.54716981 220.45283019],0
p1,1,0.708628,0.139651,[ 2 33] ; [ 10 222],[ 1.57303371 33.42696629] ; [ 10.42696629 221.57303371],0
