Feature,DoF,P Value,Chi Square,Observed,Expected,Is Significant
p9,1,0.00617,7.499913,[22 15] ; [ 5 17],[16.93220339 20.06779661] ; [10.06779661 11.93220339],0
p11,1,0.024164,5.082791,[23 14] ; [ 7 15],[18.81355932 18.18644068] ; [11.18644068 10.81355932],0
b1,1,0.143907,2.135672,[18 19] ; [15  7],[20.69491525 16.30508475] ; [12.30508475  9.69491525],0
p5,1,0.276162,1.185882,[ 2 33] ; [ 3 18],[ 3.125 31.875] ; [ 1.875 19.125],0
p1,1,0.705262,0.143056,[ 1 36] ; [ 1 21],[ 1.25423729 35.74576271] ; [ 0.74576271 21.25423729],0
p8,1,0.880924,0.02244,[13 23] ; [ 8 13],[13.26315789 22.73684211] ; [ 7.73684211 13.26315789],0
p3,1,0.970775,0.001342,[17 20] ; [10 12],[16.93220339 20.06779661] ; [10.06779661 11.93220339],0
p4,1,0.977768,0.000777,[15 22] ; [ 9 13],[15.05084746 21.94915254] ; [ 8.94915254 13.05084746],0
