Feature,DoF,P Value,Chi Square,Observed,Expected,Is Significant
p8,1,0.0,48.544516,[ 11 110] ; [38 31],[31.20526316 89.79473684] ; [17.79473684 51.20526316],1
p4,1,3e-06,21.896411,[24 96] ; [37 33],[38.52631579 81.47368421] ; [22.47368421 47.52631579],1
p3,1,0.000245,13.45354,[23 98] ; [31 40],[34.03125 86.96875] ; [19.96875 51.03125],1
p11,1,0.059874,3.540866,[58 63] ; [44 27],[64.28125 56.71875] ; [37.71875 33.28125],0
p12,1,0.341724,0.903954,[  7 113] ; [ 2 69],[  5.65445026 114.34554974] ; [ 3.34554974 67.65445026],0
p1,1,0.403228,0.69868,[ 11 110] ; [ 4 66],[  9.5026178 111.4973822] ; [ 5.4973822 64.5026178],0
p9,1,0.44216,0.590669,[57 57] ; [30 38],[54.49450549 59.50549451] ; [32.50549451 35.49450549],0
p5,1,0.662398,0.190624,[  5 113] ; [ 4 67],[  5.61904762 112.38095238] ; [ 3.38095238 67.61904762],0
b1,1,0.759996,0.093322,[59 62] ; [33 38],[57.97916667 63.02083333] ; [34.02083333 36.97916667],0
