Feature,DoF,P Value,Chi Square,Observed,Expected,Is Significant
p4,1,0.0,179.90898,[317  61] ; [ 78 173],[237.37678855 140.62321145] ; [157.62321145  93.37678855],1
p2,1,0.0,100.205422,[341  35] ; [142 110],[289.18471338  86.81528662] ; [193.81528662  58.18471338],1
p11,1,0.0,61.270838,[336  42] ; [158  94],[296.4  81.6] ; [197.6  54.4],1
p5,1,0.0,29.090904,[ 73 302] ; [ 11 238],[ 50.48076923 324.51923077] ; [ 33.51923077 215.48076923],1
p1,1,0.007143,7.23663,[ 49 326] ; [ 16 235],[ 38.93769968 336.06230032] ; [ 26.06230032 224.93769968],0
p12,1,0.007719,7.097475,[ 49 327] ; [ 16 234],[ 39.04153355 336.95846645] ; [ 25.95846645 224.04153355],0
b1,1,0.741117,0.109148,[154 224] ; [106 146],[156. 222.] ; [104. 148.],0
