Feature,DoF,P Value,Chi Square,Observed,Expected,Is Significant
p9,1,0.0,212.176636,[33 79] ; [262   6],[86.94736842 25.05263158] ; [208.05263158  59.94736842],1
p7,1,0.0,165.760627,[26 87] ; [238  28],[78.71240106 34.28759894] ; [185.28759894  80.71240106],1
p4,1,0.0,165.170019,[23 92] ; [234  34],[77.16710183 37.83289817] ; [179.83289817  88.16710183],1
p2,1,0.0,113.800872,[52 63] ; [250  17],[90.91623037 24.08376963] ; [211.08376963  55.91623037],1
p11,1,0.0,87.785768,[55 60] ; [244  24],[89.77806789 25.22193211] ; [209.22193211  58.77806789],1
p6,1,0.0,70.019023,[ 13 101] ; [154 112],[50.1 63.9] ; [116.9 149.1],1
p12,1,0.000486,12.169377,[  3 111] ; [ 40 227],[ 12.86614173 101.13385827] ; [ 30.13385827 236.86614173],1
p1,1,0.005244,7.793277,[  5 109] ; [ 38 228],[ 12.9 101.1] ; [ 30.1 235.9],0
b1,1,0.270744,1.212972,[52 63] ; [105 163],[47.14099217 67.85900783] ; [109.85900783 158.14099217],0
