Feature,DoF,P Value,Chi Square,Observed,Expected,Is Significant
p9,1,0.004657,8.008005,[ 9 20] ; [12  4],[13.53333333 15.46666667] ; [7.46666667 8.53333333],0
p4,1,0.015423,5.867457,[23  6] ; [7 9],[19.33333333  9.66666667] ; [10.66666667  5.33333333],0
p6,1,0.233095,1.421875,[13 13] ; [ 5 11],[11.14285714 14.85714286] ; [6.85714286 9.14285714],0
b1,1,0.268334,1.225242,[14 15] ; [ 5 11],[12.24444444 16.75555556] ; [6.75555556 9.24444444],0
p1,1,0.660537,0.192872,[ 4 25] ; [ 3 13],[ 4.51111111 24.48888889] ; [ 2.48888889 13.51111111],0
p11,1,0.770816,0.08486,[14 15] ; [7 9],[13.53333333 15.46666667] ; [7.46666667 8.53333333],0
p5,1,0.902781,0.01492,[ 4 25] ; [ 2 14],[ 3.86666667 25.13333333] ; [ 2.13333333 13.86666667],0
