Feature,DoF,P Value,Chi Square,Observed,Expected,Is Significant
p11,1,3e-06,21.708591,[243  31] ; [30 18],[232.30434783  41.69565217] ; [40.69565217  7.30434783],1
p7,1,9.2e-05,15.298882,[243  28] ; [33 15],[234.47021944  36.52978056] ; [41.52978056  6.47021944],1
p5,1,0.000613,11.736807,[ 65 209] ; [ 1 47],[ 56.16149068 217.83850932] ; [ 9.83850932 38.16149068],1
b1,1,0.002293,9.298807,[112 162] ; [31 17],[121.68322981 152.31677019] ; [21.31677019 26.68322981],0
p10,1,0.006655,7.363834,[250  22] ; [38 10],[244.8  27.2] ; [43.2  4.8],0
p4,1,0.016935,5.7031,[241  33] ; [36 12],[235.70807453  38.29192547] ; [41.29192547  6.70807453],0
p12,1,0.066404,3.36975,[ 37 236] ; [ 2 46],[ 33.1682243 239.8317757] ; [ 5.8317757 42.1682243],0
p9,1,0.396777,0.718071,[255  19] ; [43  5],[253.57763975  20.42236025] ; [44.42236025  3.57763975],0
p1,1,0.937881,0.006074,[ 41 232] ; [ 7 41],[ 40.82242991 232.17757009] ; [ 7.17757009 40.82242991],0
