Feature,DoF,P Value,Chi Square,Observed,Expected,Is Significant
p9,1,0.0,46.061097,[153  78] ; [37 91],[122.25626741 108.74373259] ; [67.74373259 60.25626741],1
p11,1,0.000126,14.696573,[151  87] ; [56 75],[133.51219512 104.48780488] ; [73.48780488 57.51219512],1
b1,1,0.010512,6.546074,[ 89 149] ; [67 64],[100.61788618 137.38211382] ; [55.38211382 75.61788618],0
p2,1,0.080567,3.053432,[137 101] ; [63 68],[128.99728997 109.00271003] ; [71.00271003 59.99728997],0
p12,1,0.090493,2.865582,[ 12 224] ; [  2 128],[  9.0273224 226.9726776] ; [  4.9726776 125.0273224],0
p1,1,0.244897,1.352182,[  7 230] ; [  7 123],[  9.04087193 227.95912807] ; [  4.95912807 125.04087193],0
p5,1,0.457562,0.551852,[  3 234] ; [  3 128],[  3.86413043 233.13586957] ; [  2.13586957 128.86413043],0
p7,1,0.869707,0.026906,[ 63 169] ; [34 95],[ 62.33795014 169.66204986] ; [34.66204986 94.33795014],0
