Feature,DoF,P Value,Chi Square,Observed,Expected,Is Significant
p11,1,5e-06,20.94424,[33 30] ; [93 17],[45.88439306 17.11560694] ; [80.11560694 29.88439306],1
p3,1,0.004196,8.196854,[34 29] ; [35 75],[25.12716763 37.87283237] ; [43.87283237 66.12716763],0
b1,1,0.011807,6.33961,[31 32] ; [33 77],[23.30635838 39.69364162] ; [40.69364162 69.30635838],0
p6,1,0.047914,3.913002,[24 38] ; [26 81],[18.34319527 43.65680473] ; [31.65680473 75.34319527],0
p7,1,0.211296,1.562525,[37 26] ; [71 33],[40.74251497 22.25748503] ; [67.25748503 36.74251497],0
p12,1,0.296966,1.087771,[ 1 62] ; [  5 103],[ 2.21052632 60.78947368] ; [  3.78947368 104.21052632],0
p1,1,0.872296,0.025838,[ 7 56] ; [13 96],[ 7.3255814 55.6744186] ; [12.6744186 96.3255814],0
p5,1,0.940986,0.005481,[ 5 58] ; [  9 100],[ 5.12790698 57.87209302] ; [  8.87209302 100.12790698],0
