Feature,DoF,P Value,Chi Square,Observed,Expected,Is Significant
p4,1,2.3e-05,17.915449,[337 119] ; [184  24],[357.79518072  98.20481928] ; [163.20481928  44.79518072],1
p5,1,0.000673,11.561588,[ 73 383] ; [ 57 152],[ 89.14285714 366.85714286] ; [ 40.85714286 168.14285714],1
p3,1,0.00332,8.62253,[290 167] ; [156  52],[306.49924812 150.50075188] ; [139.50075188  68.49924812],0
p12,1,0.007389,7.175789,[ 42 414] ; [ 34 174],[ 52.19277108 403.80722892] ; [ 23.80722892 184.19277108],0
p1,1,0.020319,5.38426,[ 44 412] ; [ 33 175],[ 52.87951807 403.12048193] ; [ 24.12048193 183.87951807],0
p10,1,0.032282,4.583452,[425  30] ; [185  24],[417.99698795  37.00301205] ; [192.00301205  16.99698795],0
b1,1,0.084218,2.981552,[169 288] ; [ 92 117],[179.09459459 277.90540541] ; [ 81.90540541 127.09459459],0
p11,1,0.604875,0.267705,[398  59] ; [185  24],[400.04654655  56.95345345] ; [182.95345345  26.04654655],0
