Feature,DoF,P Value,Chi Square,Observed,Expected,Is Significant
p10,1,0.0,28.71779,[77 12] ; [ 6 14],[67.7706422 21.2293578] ; [15.2293578  4.7706422],1
p8,1,0.000126,14.694844,[31 58] ; [17  4],[38.83636364 50.16363636] ; [ 9.16363636 11.83636364],1
b1,1,0.001166,10.542831,[37 52] ; [17  4],[43.69090909 45.30909091] ; [10.30909091 10.69090909],0
p2,1,0.076291,3.142203,[70 19] ; [20  1],[72.81818182 16.18181818] ; [17.18181818  3.81818182],0
p11,1,0.139304,2.185633,[69 20] ; [13  8],[66.34545455 22.65454545] ; [15.65454545  5.34545455],0
p1,1,0.457264,0.552583,[15 74] ; [ 5 16],[16.18181818 72.81818182] ; [ 3.81818182 17.18181818],0
p5,1,0.601135,0.273287,[12 75] ; [ 2 19],[11.27777778 75.72222222] ; [ 2.72222222 18.27777778],0
