Feature,DoF,P Value,Chi Square,Observed,Expected,Is Significant
p11,1,0.001283,10.366184,[57 67] ; [158  91],[71.47453083 52.52546917] ; [143.52546917 105.47453083],0
p9,1,0.003329,8.61777,[59 58] ; [161  81],[71.69916435 45.30083565] ; [148.30083565  93.69916435],0
p10,1,0.007672,7.108482,[56 64] ; [151  95],[67.86885246 52.13114754] ; [139.13114754 106.86885246],0
p7,1,0.012502,6.238291,[20 98] ; [ 71 173],[29.66298343 88.33701657] ; [ 61.33701657 182.66298343],0
b1,1,0.173017,1.856605,[60 64] ; [102 147],[53.85522788 70.14477212] ; [108.14477212 140.85522788],0
p5,1,0.297357,1.086011,[  4 117] ; [  4 243],[  2.63043478 118.36956522] ; [  5.36956522 241.63043478],0
p1,1,0.305312,1.050847,[  8 116] ; [ 10 238],[  6. 118.] ; [ 12. 236.],0
p12,1,0.993363,6.9e-05,[  6 117] ; [ 12 235],[  5.98378378 117.01621622] ; [ 12.01621622 234.98378378],0
