Feature,DoF,P Value,Chi Square,Observed,Expected,Is Significant
p4,1,2.6e-05,17.656474,[ 64 143] ; [15  4],[ 72.35840708 134.64159292] ; [ 6.64159292 12.35840708],1
p1,1,0.000221,13.645771,[  6 202] ; [ 4 15],[  9.16299559 198.83700441] ; [ 0.83700441 18.16299559],1
p12,1,0.008103,7.010644,[ 11 197] ; [ 4 15],[ 13.74449339 194.25550661] ; [ 1.25550661 17.74449339],0
p5,1,0.021288,5.303066,[  8 198] ; [ 3 16],[ 10.07111111 195.92888889] ; [ 0.92888889 18.07111111],0
p11,1,0.282365,1.15567,[155  53] ; [12  7],[153.02202643  54.97797357] ; [13.97797357  5.02202643],0
b1,1,0.287564,1.130993,[ 63 145] ; [ 8 11],[ 65.05726872 142.94273128] ; [ 5.94273128 13.05726872],0
p9,1,0.64583,0.211198,[189  17] ; [18  1],[189.52  16.48] ; [17.48  1.52],0
p2,1,0.945789,0.004623,[154  53] ; [14  5],[153.87610619  53.12389381] ; [14.12389381  4.87610619],0
