Feature,DoF,P Value,Chi Square,Observed,Expected,Is Significant
p11,1,1.2e-05,19.13784,[ 3 11] ; [144  46],[10.08823529  3.91176471] ; [136.91176471  53.08823529],1
p6,1,0.008218,6.985313,[6 8] ; [ 29 161],[ 2.40196078 11.59803922] ; [ 32.59803922 157.40196078],0
p4,1,0.062529,3.469004,[9 5] ; [ 74 116],[5.69607843 8.30392157] ; [ 77.30392157 112.69607843],0
p3,1,0.131254,2.277613,[7 7] ; [ 58 132],[4.46078431 9.53921569] ; [ 60.53921569 129.46078431],0
p5,1,0.13281,2.25935,[ 2 12] ; [  9 178],[ 0.76616915 13.23383085] ; [ 10.23383085 176.76616915],0
b1,1,0.940934,0.00549,[5 9] ; [ 66 124],[4.87254902 9.12745098] ; [ 66.12745098 123.87254902],0
