Feature,DoF,P Value,Chi Square,Observed,Expected,Is Significant
p10,1,0.0,184.080198,[297  14] ; [ 8 34],[268.71104816  42.28895184] ; [36.28895184  5.71104816],1
p3,1,0.0,42.644394,[238  74] ; [11 30],[220.07932011  91.92067989] ; [28.92067989 12.07932011],1
p11,1,0.0,34.898958,[282  30] ; [24 18],[269.69491525  42.30508475] ; [36.30508475  5.69491525],1
p6,1,0.0,31.419981,[183 129] ; [ 5 36],[166.16430595 145.83569405] ; [21.83569405 19.16430595],1
b1,1,0.354153,0.858522,[118 194] ; [19 23],[120.74576271 191.25423729] ; [16.25423729 25.74576271],0
p1,1,0.604179,0.268739,[ 39 271] ; [ 4 37],[ 37.97720798 272.02279202] ; [ 5.02279202 35.97720798],0
