Feature,DoF,P Value,Chi Square,Observed,Expected,Is Significant
p3,1,0.0,25.598404,[11 11] ; [ 19 169],[ 3.14285714 18.85714286] ; [ 26.85714286 161.14285714],1
p6,1,0.00033,12.893565,[ 7 15] ; [ 14 173],[ 2.21052632 19.78947368] ; [ 18.78947368 168.21052632],1
p5,1,0.000957,10.909311,[ 3 18] ; [  3 185],[ 0.60287081 20.39712919] ; [  5.39712919 182.60287081],1
p9,1,0.000985,10.855957,[ 6 16] ; [116  66],[13.15686275  8.84313725] ; [108.84313725  73.15686275],1
p11,1,0.024096,5.087726,[ 8 14] ; [116  73],[12.92890995  9.07109005] ; [111.07109005  77.92890995],0
b1,1,0.080578,3.053214,[13  9] ; [ 75 114],[ 9.17535545 12.82464455] ; [ 78.82464455 110.17535545],0
p1,1,0.67335,0.177708,[ 1 21] ; [ 13 175],[ 1.46666667 20.53333333] ; [ 12.53333333 175.46666667],0
