Feature,DoF,P Value,Chi Square,Observed,Expected,Is Significant
p11,1,0.000165,14.189597,[526  83] ; [31 16],[517.0929878  91.9070122] ; [39.9070122  7.0929878],1
b1,1,0.01149,6.387971,[212 397] ; [25 22],[220.01981707 388.98018293] ; [16.98018293 30.01981707],0
p3,1,0.018861,5.51438,[341 268] ; [18 29],[333.27896341 275.72103659] ; [25.72103659 21.27896341],0
p5,1,0.019348,5.469818,[ 86 522] ; [ 1 46],[ 80.75725191 527.24274809] ; [ 6.24274809 40.75725191],0
p8,1,0.262889,1.253477,[364 237] ; [24 22],[360.41421947 240.58578053] ; [27.58578053 18.41421947],0
p1,1,0.422429,0.643548,[ 56 552] ; [ 6 41],[ 57.55114504 550.44885496] ; [ 4.44885496 42.55114504],0
p12,1,0.563696,0.333345,[ 56 551] ; [ 3 42],[ 54.92791411 552.07208589] ; [ 4.07208589 40.92791411],0
