Feature,DoF,P Value,Chi Square,Observed,Expected,Is Significant
p10,1,0.0,118.822585,[269  30] ; [12 38],[240.74212034  58.25787966] ; [40.25787966  9.74212034],1
p2,1,0.0,43.441389,[281  17] ; [32 18],[268.02873563  29.97126437] ; [44.97126437  5.02873563],1
p11,1,0.0,41.584727,[268  31] ; [27 23],[252.73638968  46.26361032] ; [42.26361032  7.73638968],1
p3,1,2.9e-05,17.478569,[227  72] ; [23 26],[214.79885057  84.20114943] ; [35.20114943 13.79885057],1
p5,1,0.002859,8.895027,[ 67 232] ; [ 2 47],[ 59.28448276 239.71551724] ; [ 9.71551724 39.28448276],0
p1,1,0.185875,1.750015,[ 37 260] ; [ 3 47],[ 34.23631124 262.76368876] ; [ 5.76368876 44.23631124],0
b1,1,0.362973,0.827581,[123 176] ; [24 26],[125.93982808 173.06017192] ; [21.06017192 28.93982808],0
