Feature,DoF,P Value,Chi Square,Observed,Expected,Is Significant
p10,1,0.0,108.861252,[17 77] ; [114  16],[54.97321429 39.02678571] ; [76.02678571 53.97321429],1
p2,1,0.0,45.771733,[36 58] ; [107  23],[60.00892857 33.99107143] ; [82.99107143 47.00892857],1
p11,1,0.0,26.156581,[40 54] ; [99 31],[58.33035714 35.66964286] ; [80.66964286 49.33035714],1
p7,1,6.1e-05,16.074435,[26 66] ; [72 58],[40.61261261 51.38738739] ; [57.38738739 72.61261261],1
p6,1,0.000267,13.290626,[11 81] ; [43 86],[22.47963801 69.52036199] ; [31.52036199 97.47963801],1
p5,1,0.008815,6.859969,[ 1 93] ; [ 12 115],[ 5.52941176 88.47058824] ; [  7.47058824 119.52941176],0
p12,1,0.104643,2.633308,[ 2 91] ; [  9 121],[ 4.58744395 88.41255605] ; [  6.41255605 123.58744395],0
b1,1,0.33228,0.939992,[51 43] ; [62 68],[47.41964286 46.58035714] ; [65.58035714 64.41964286],0
p1,1,0.349352,0.875809,[ 6 87] ; [ 13 117],[ 7.92376682 85.07623318] ; [ 11.07623318 118.92376682],0
