Feature,DoF,P Value,Chi Square,Observed,Expected,Is Significant
p1,1,0.173225,1.854808,[ 3 12] ; [ 7 76],[ 1.53061224 13.46938776] ; [ 8.46938776 74.53061224],0
b1,1,0.475401,0.509394,[8 7] ; [36 47],[6.73469388 8.26530612] ; [37.26530612 45.73469388],0
p11,1,0.730125,0.118997,[10  5] ; [59 24],[10.56122449  4.43877551] ; [58.43877551 24.56122449],0
p3,1,0.768892,0.086333,[ 4 10] ; [27 56],[4.4742268 9.5257732] ; [26.5257732 56.4742268],0
p4,1,0.816609,0.053782,[ 4 11] ; [24 57],[ 4.375 10.625] ; [23.625 57.375],0
p8,1,0.883512,0.021468,[ 3 12] ; [18 65],[ 3.21428571 11.78571429] ; [17.78571429 65.21428571],0
