Feature,DoF,P Value,Chi Square,Observed,Expected,Is Significant
p10,1,0.0,33.879106,[143  92] ; [189  33],[170.72210066  64.27789934] ; [161.27789934  60.72210066],1
p2,1,0.000155,14.309982,[137 101] ; [165  57],[156.25217391  81.74782609] ; [145.74782609  76.25217391],1
p6,1,0.003827,8.364325,[ 26 211] ; [ 46 175],[ 37.25764192 199.74235808] ; [ 34.74235808 186.25764192],0
p7,1,0.008217,6.985654,[ 63 169] ; [ 84 132],[ 76.125 155.875] ; [ 70.875 145.125],0
p11,1,0.026319,4.934938,[151  87] ; [163  60],[162.10845987  75.89154013] ; [151.89154013  71.10845987],0
b1,1,0.07652,3.137306,[ 89 149] ; [ 66 157],[ 80.02169197 157.97830803] ; [ 74.97830803 148.02169197],0
p5,1,0.100119,2.703652,[  3 234] ; [  8 213],[  5.69213974 231.30786026] ; [  5.30786026 215.69213974],0
p12,1,0.886618,0.02033,[ 12 224] ; [ 12 211],[ 12.33986928 223.66013072] ; [ 11.66013072 211.33986928],0
p1,1,0.907887,0.013387,[  7 230] ; [  7 216],[  7.21304348 229.78695652] ; [  6.78695652 216.21304348],0
