Feature,DoF,P Value,Chi Square,Observed,Expected,Is Significant
p3,1,0.021028,5.324498,[10 40] ; [11 13],[14.18918919 35.81081081] ; [ 6.81081081 17.18918919],0
p8,1,0.063488,3.443846,[14 36] ; [12 12],[17.56756757 32.43243243] ; [ 8.43243243 15.56756757],0
p1,1,0.065092,3.402645,[ 1 48] ; [ 3 21],[ 2.68493151 46.31506849] ; [ 1.31506849 22.68493151],0
p11,1,0.474663,0.511101,[29 21] ; [16  8],[30.40540541 19.59459459] ; [14.59459459  9.40540541],0
p7,1,0.746978,0.104088,[27 23] ; [12 12],[26.35135135 23.64864865] ; [12.64864865 11.35135135],0
b1,1,0.861271,0.03054,[24 26] ; [11 13],[23.64864865 26.35135135] ; [11.35135135 12.64864865],0
