Feature,DoF,P Value,Chi Square,Observed,Expected,Is Significant
p8,1,0.009679,6.693058,[156  33] ; [234  89],[143.96484375  45.03515625] ; [246.03515625  76.96484375],0
p9,1,0.014725,5.949101,[176  13] ; [317   8],[181.27821012   7.72178988] ; [311.72178988  13.27821012],0
p11,1,0.062213,3.477393,[158  32] ; [289  36],[164.91262136  25.08737864] ; [282.08737864  42.91262136],0
b1,1,0.102404,2.667692,[93 97] ; [135 190],[ 84.11650485 105.88349515] ; [143.88349515 181.11650485],0
p5,1,0.201289,1.632994,[ 52 138] ; [ 72 250],[ 46.015625 143.984375] ; [ 77.984375 244.015625],0
p1,1,0.273419,1.199514,[ 30 159] ; [ 40 282],[ 25.89041096 163.10958904] ; [ 44.10958904 277.89041096],0
p12,1,0.484349,0.489055,[ 31 157] ; [ 46 278],[ 28.2734375 159.7265625] ; [ 48.7265625 275.2734375],0
p2,1,0.9166,0.010966,[176  14] ; [300  23],[176.2962963  13.7037037] ; [299.7037037  23.2962963],0
