Feature,DoF,P Value,Chi Square,Observed,Expected,Is Significant
p6,1,0.001788,9.755649,[13 66] ; [22 32],[20.78947368 58.21052632] ; [14.21052632 39.78947368],0
p3,1,0.016184,5.782801,[23 57] ; [27 28],[29.62962963 50.37037037] ; [20.37037037 34.62962963],0
p4,1,0.016444,5.754764,[24 55] ; [28 27],[30.65671642 48.34328358] ; [21.34328358 33.65671642],0
p11,1,0.052425,3.762159,[54 26] ; [28 27],[48.59259259 31.40740741] ; [33.40740741 21.59259259],0
p12,1,0.093723,2.809228,[ 7 73] ; [ 1 54],[ 4.74074074 75.25925926] ; [ 3.25925926 51.74074074],0
b1,1,0.194448,1.683594,[36 44] ; [31 24],[39.7037037 40.2962963] ; [27.2962963 27.7037037],0
p5,1,0.200931,1.635593,[ 2 74] ; [ 4 50],[ 3.50769231 72.49230769] ; [ 2.49230769 51.50769231],0
p1,1,0.472524,0.516068,[ 7 73] ; [ 3 52],[ 5.92592593 74.07407407] ; [ 4.07407407 50.92592593],0
