Feature,DoF,P Value,Chi Square,Observed,Expected,Is Significant
p3,1,0.005891,7.583333,[10 40] ; [14 14],[15.38461538 34.61538462] ; [ 8.61538462 19.38461538],0
p1,1,0.040564,4.194118,[ 1 48] ; [ 4 25],[ 3.14102564 45.85897436] ; [ 1.85897436 27.14102564],0
p10,1,0.104249,2.639307,[15 35] ; [ 4 25],[12.02531646 37.97468354] ; [ 6.97468354 22.02531646],0
p6,1,0.248832,1.329851,[ 8 41] ; [ 2 26],[ 6.36363636 42.63636364] ; [ 3.63636364 24.36363636],0
p11,1,0.258083,1.279013,[29 21] ; [13 16],[26.58227848 23.41772152] ; [15.41772152 13.58227848],0
p8,1,0.47136,0.518787,[14 36] ; [ 6 23],[12.65822785 37.34177215] ; [ 7.34177215 21.65822785],0
b1,1,0.538811,0.377747,[24 26] ; [16 13],[25.3164557 24.6835443] ; [14.6835443 14.3164557],0
