Feature,DoF,P Value,Chi Square,Observed,Expected,Is Significant
p5,1,0.436708,0.604917,[  6 196] ; [  5 262],[  4.73773987 197.26226013] ; [  6.26226013 260.73773987],0
p2,1,0.438518,0.600156,[112  91] ; [158 111],[116.12288136  86.87711864] ; [153.87711864 115.12288136],0
p1,1,0.516837,0.420201,[ 10 192] ; [ 10 258],[  8.59574468 193.40425532] ; [ 11.40425532 256.59574468],0
p10,1,0.624184,0.240031,[119  81] ; [163 101],[121.55172414  78.44827586] ; [160.44827586 103.55172414],0
b1,1,0.683212,0.166533,[ 74 129] ; [103 166],[ 76.125 126.875] ; [100.875 168.125],0
p12,1,0.798578,0.065121,[ 10 190] ; [ 12 255],[  9.42184154 190.57815846] ; [ 12.57815846 254.42184154],0
p9,1,0.900864,0.015518,[132  64] ; [175  87],[131.37991266  64.62008734] ; [175.62008734  86.37991266],0
p11,1,0.953227,0.00344,[127  76] ; [169 100],[127.30508475  75.69491525] ; [168.69491525 100.30508475],0
