Feature,DoF,P Value,Chi Square,Observed,Expected,Is Significant
p10,1,0.0,120.178048,[ 8 29] ; [228  17],[30.96453901  6.03546099] ; [205.03546099  39.96453901],1
p11,1,0.0,33.71763,[17 20] ; [212  34],[29.93992933  7.06007067] ; [199.06007067  46.93992933],1
b1,1,0.001789,9.753991,[25 12] ; [ 99 147],[16.21201413 20.78798587] ; [107.78798587 138.21201413],0
p8,1,0.003326,8.619286,[19 18] ; [183  62],[26.5035461 10.4964539] ; [175.4964539  69.5035461],0
p7,1,0.008765,6.870118,[25 11] ; [211  33],[30.34285714  5.65714286] ; [205.65714286  38.34285714],0
p5,1,0.011691,6.35718,[ 2 35] ; [ 58 188],[ 7.84452297 29.15547703] ; [ 52.15547703 193.84452297],0
p1,1,0.394361,0.725453,[ 3 34] ; [ 32 213],[ 4.59219858 32.40780142] ; [ 30.40780142 214.59219858],0
