Feature,DoF,P Value,Chi Square,Observed,Expected,Is Significant
p3,1,0.0,26.334327,[ 35 153] ; [43 46],[ 52.93862816 135.06137184] ; [25.06137184 63.93862816],1
p7,1,5e-06,20.959328,[ 68 116] ; [58 29],[85.5498155 98.4501845] ; [40.4501845 46.5498155],1
p2,1,0.008161,6.997829,[133  55] ; [76 13],[141.84837545  46.15162455] ; [67.15162455 21.84837545],0
p1,1,0.056295,3.64331,[  8 181] ; [ 9 80],[ 11.55755396 177.44244604] ; [ 5.44244604 83.55755396],0
p5,1,0.275618,1.18857,[  4 183] ; [ 4 85],[  5.42028986 181.57971014] ; [ 2.57971014 86.42028986],0
b1,1,0.285681,1.139863,[ 64 125] ; [36 53],[ 67.98561151 121.01438849] ; [32.01438849 56.98561151],0
p11,1,0.290467,1.117455,[139  50] ; [60 29],[135.29136691  53.70863309] ; [63.70863309 25.29136691],0
p12,1,0.383634,0.759024,[ 11 178] ; [ 3 86],[  9.51798561 179.48201439] ; [ 4.48201439 84.51798561],0
p10,1,0.530051,0.394294,[158  31] ; [77 12],[159.76618705  29.23381295] ; [75.23381295 13.76618705],0
