Feature,DoF,P Value,Chi Square,Observed,Expected,Is Significant
p2,1,0.0,29.247562,[176  55] ; [53 60],[153.77616279  77.22383721] ; [75.22383721 37.77616279],1
p11,1,1e-06,25.088946,[179  53] ; [57 56],[158.70144928  73.29855072] ; [77.29855072 35.70144928],1
p8,1,0.00368,8.435266,[ 75 153] ; [20 92],[ 63.70588235 164.29411765] ; [31.29411765 80.70588235],0
b1,1,0.007808,7.077012,[ 69 163] ; [50 63],[ 80.02318841 151.97681159] ; [38.97681159 74.02318841],0
p7,1,0.012829,6.192582,[ 89 132] ; [29 81],[ 78.78549849 142.21450151] ; [39.21450151 70.78549849],0
p12,1,0.22453,1.475182,[ 13 218] ; [  3 109],[ 10.7755102 220.2244898] ; [  5.2244898 106.7755102],0
p6,1,0.438742,0.599569,[ 36 194] ; [14 98],[ 33.62573099 196.37426901] ; [16.37426901 95.62573099],0
p1,1,0.658958,0.194792,[ 10 221] ; [  6 105],[ 10.80701754 220.19298246] ; [  5.19298246 105.80701754],0
