Feature,DoF,P Value,Chi Square,Observed,Expected,Is Significant
p10,1,0.0,100.304825,[196  13] ; [52 65],[158.99386503  50.00613497] ; [89.00613497 27.99386503],1
p7,1,0.0,83.159038,[149  57] ; [23 94],[109.69659443  96.30340557] ; [62.30340557 54.69659443],1
p11,1,0.0,64.352679,[185  25] ; [57 63],[154.  56.] ; [88. 32.],1
p3,1,0.0,46.393596,[112  98] ; [ 18 101],[ 82.9787234 127.0212766] ; [47.0212766 71.9787234],1
b1,1,0.00023,13.566717,[ 67 143] ; [63 57],[ 82.72727273 127.27272727] ; [47.27272727 72.72727273],1
p5,1,0.003098,8.748652,[ 22 187] ; [  2 117],[ 15.29268293 193.70731707] ; [  8.70731707 110.29268293],0
p1,1,0.805518,0.060621,[ 19 189] ; [ 10 110],[ 18.3902439 189.6097561] ; [ 10.6097561 109.3902439],0
p12,1,0.930778,0.007546,[ 11 198] ; [  6 113],[ 10.83231707 198.16768293] ; [  6.16768293 112.83231707],0
