Feature,DoF,P Value,Chi Square,Observed,Expected,Is Significant
p8,1,0.018908,5.510018,[13 26] ; [35 26],[18.72 20.28] ; [29.28 31.72],0
p10,1,0.154265,2.029565,[ 9 30] ; [22 38],[12.21212121 26.78787879] ; [18.78787879 41.21212121],0
p11,1,0.155088,2.021476,[18 21] ; [37 24],[21.45 17.55] ; [33.55 27.45],0
p5,1,0.323277,0.975642,[ 3 36] ; [ 2 59],[ 1.95 37.05] ; [ 3.05 57.95],0
b1,1,0.610491,0.259461,[21 18] ; [36 25],[22.23 16.77] ; [34.77 26.23],0
p4,1,0.749821,0.101682,[23 16] ; [34 27],[22.23 16.77] ; [34.77 26.23],0
p1,1,0.828241,0.047071,[ 3 36] ; [ 4 57],[ 2.73 36.27] ; [ 4.27 56.73],0
