Feature,DoF,P Value,Chi Square,Observed,Expected,Is Significant
p3,1,0.0,38.707045,[176  76] ; [31 63],[150.76300578 101.23699422] ; [56.23699422 37.76300578],1
p5,1,3e-06,21.75398,[ 55 197] ; [ 1 93],[ 40.78612717 211.21387283] ; [15.21387283 78.78612717],1
p10,1,4e-06,21.271474,[224  26] ; [65 29],[210.02906977  39.97093023] ; [78.97093023 15.02906977],1
p11,1,1.1e-05,19.381716,[215  37] ; [60 34],[200.28901734  51.71098266] ; [74.71098266 19.28901734],1
p9,1,1.2e-05,19.199911,[228  23] ; [68 26],[215.35072464  35.64927536] ; [80.64927536 13.35072464],1
p1,1,0.000494,12.139979,[ 35 216] ; [ 1 93],[ 26.19130435 224.80869565] ; [ 9.80869565 84.19130435],1
p12,1,0.008615,6.900998,[ 32 218] ; [ 3 91],[ 25.43604651 224.56395349] ; [ 9.56395349 84.43604651],0
b1,1,0.890359,0.019003,[112 140] ; [41 53],[111.43352601 140.56647399] ; [41.56647399 52.43352601],0
