Feature,DoF,P Value,Chi Square,Observed,Expected,Is Significant
p10,1,0.002163,9.406123,[53 22] ; [3 9],[48.27586207 26.72413793] ; [7.72413793 4.27586207],0
p11,1,0.014152,6.019043,[53 23] ; [4 8],[49.22727273 26.77272727] ; [7.77272727 4.22727273],0
p4,1,0.074328,3.184762,[57 19] ; [6 6],[54.40909091 21.59090909] ; [8.59090909 3.40909091],0
p6,1,0.394304,0.725629,[15 61] ; [ 1 10],[13.97701149 62.02298851] ; [2.02298851 8.97701149],0
p2,1,0.756962,0.095773,[54 22] ; [8 4],[53.54545455 22.45454545] ; [8.45454545 3.54545455],0
p1,1,0.842292,0.039586,[11 65] ; [ 2 10],[11.22727273 64.77272727] ; [ 1.77272727 10.22727273],0
b1,1,1.0,0.0,[38 38] ; [6 6],[38. 38.] ; [6. 6.],0
