Feature,DoF,P Value,Chi Square,Observed,Expected,Is Significant
p4,1,6.3e-05,15.995864,[227  34] ; [332 115],[206.0720339  54.9279661] ; [352.9279661  94.0720339],1
p6,1,0.007941,7.046733,[156 101] ; [224 221],[139.11680912 117.88319088] ; [240.88319088 204.11680912],0
p5,1,0.014129,6.022007,[ 61 200] ; [ 71 375],[ 48.72984441 212.27015559] ; [ 83.27015559 362.72984441],0
p12,1,0.077542,3.115679,[ 35 225] ; [ 41 405],[ 27.98866856 232.01133144] ; [ 48.01133144 397.98866856],0
p9,1,0.093119,2.819617,[240  21] ; [425  22],[245.14830508  15.85169492] ; [419.85169492  27.14830508],0
p1,1,0.114075,2.496837,[ 35 224] ; [ 43 403],[ 28.65531915 230.34468085] ; [ 49.34468085 396.65531915],0
p11,1,0.575766,0.313129,[232  29] ; [391  56],[229.66525424  31.33474576] ; [393.33474576  53.66525424],0
b1,1,0.688047,0.161208,[105 156] ; [173 274],[102.48305085 158.51694915] ; [175.51694915 271.48305085],0
