Feature,DoF,P Value,Chi Square,Observed,Expected,Is Significant
p4,1,0.025966,4.958278,[145 158] ; [ 94 151],[132.14781022 170.85218978] ; [106.85218978 138.14781022],0
p7,1,0.031585,4.620887,[137 160] ; [ 89 152],[124.76208178 172.23791822] ; [101.23791822 139.76208178],0
p2,1,0.171243,1.872024,[237  65] ; [180  65],[230.22669104  71.77330896] ; [186.77330896  58.22669104],0
p3,1,0.313075,1.017658,[114 189] ; [ 82 163],[108.37226277 194.62773723] ; [ 87.62773723 157.37226277],0
p1,1,0.552219,0.353357,[ 17 287] ; [ 11 235],[ 15.47636364 288.52363636] ; [ 12.52363636 233.47636364],0
p11,1,0.660742,0.192623,[235  69] ; [194  52],[237.12  66.88] ; [191.88  54.12],0
p5,1,0.79434,0.067954,[ 19 279] ; [ 14 226],[ 18.27881041 279.72118959] ; [ 14.72118959 225.27881041],0
b1,1,0.825407,0.048663,[106 198] ; [ 88 158],[107.22909091 196.77090909] ; [ 86.77090909 159.22909091],0
p12,1,0.877316,0.023831,[ 20 284] ; [ 17 229],[ 20.45090909 283.54909091] ; [ 16.54909091 229.45090909],0
