Feature,DoF,P Value,Chi Square,Observed,Expected,Is Significant
p11,1,0.0,26.141911,[28 16] ; [356  38],[38.57534247  5.42465753] ; [345.42465753  48.57534247],1
b1,1,0.000367,12.691818,[28 16] ; [142 252],[17.07762557 26.92237443] ; [152.92237443 241.07762557],1
p3,1,0.003457,8.549211,[19 24] ; [262 131],[27.71330275 15.28669725] ; [253.28669725 139.71330275],0
p5,1,0.038269,4.293023,[ 3 41] ; [ 77 317],[ 8.03652968 35.96347032] ; [ 71.96347032 322.03652968],0
p4,1,0.28407,1.147513,[30 14] ; [297  96],[32.92448513 11.07551487] ; [294.07551487  98.92448513],0
p6,1,0.291013,1.11493,[17 24] ; [197 196],[20.21658986 20.78341014] ; [193.78341014 199.21658986],0
p7,1,0.752997,0.09903,[35  8] ; [324  65],[35.7337963  7.2662037] ; [323.2662037  65.7337963],0
p1,1,0.828231,0.047076,[ 5 39] ; [ 49 343],[ 5.44954128 38.55045872] ; [ 48.55045872 343.44954128],0
