Feature,DoF,P Value,Chi Square,Observed,Expected,Is Significant
p3,1,6.4e-05,15.969741,[ 49 194] ; [22 24],[ 59.69896194 183.30103806] ; [11.30103806 34.69896194],1
b1,1,0.013381,6.118051,[ 76 168] ; [23 23],[ 83.29655172 160.70344828] ; [15.70344828 30.29655172],0
p11,1,0.033966,4.496423,[194  50] ; [30 16],[188.46896552  55.53103448] ; [35.53103448 10.46896552],0
p5,1,0.13814,2.198561,[  9 232] ; [ 4 42],[ 10.91637631 230.08362369] ; [ 2.08362369 43.91637631],0
p1,1,0.226393,1.463378,[ 11 232] ; [ 4 41],[ 12.65625 230.34375] ; [ 2.34375 42.65625],0
p2,1,0.27854,1.1742,[182  60] ; [38  8],[184.86111111  57.13888889] ; [35.13888889 10.86111111],0
p12,1,0.357598,0.84631,[ 13 230] ; [ 1 45],[ 11.7716263 231.2283737] ; [ 2.2283737 43.7716263],0
