Feature,DoF,P Value,Chi Square,Observed,Expected,Is Significant
p9,1,1e-06,24.061162,[36  5] ; [ 5 15],[27.55737705 13.44262295] ; [13.44262295  6.55737705],1
p11,1,0.002125,9.438283,[31 10] ; [ 7 13],[25.54098361 15.45901639] ; [12.45901639  7.54098361],0
b1,1,0.121801,2.394006,[18 23] ; [13  7],[20.83606557 20.16393443] ; [10.16393443  9.83606557],0
p8,1,0.232726,1.424122,[21 20] ; [ 7 13],[18.81967213 22.18032787] ; [ 9.18032787 10.81967213],0
p6,1,0.506894,0.440473,[18 23] ; [ 7 13],[16.80327869 24.19672131] ; [ 8.19672131 11.80327869],0
p5,1,0.569542,0.32345,[ 4 36] ; [ 3 17],[ 4.66666667 35.33333333] ; [ 2.33333333 17.66666667],0
p4,1,0.583882,0.3,[19 21] ; [11  9],[20. 20.] ; [10. 10.],0
p1,1,0.73145,0.117785,[ 3 38] ; [ 1 19],[ 2.68852459 38.31147541] ; [ 1.31147541 18.68852459],0
