Feature,DoF,P Value,Chi Square,Observed,Expected,Is Significant
p9,1,0.0,106.334191,[251   7] ; [12 17],[236.42508711  21.57491289] ; [26.57491289  2.42508711],1
p11,1,0.0,35.055568,[218  40] ; [11 18],[205.86062718  52.13937282] ; [23.13937282  5.86062718],1
p8,1,0.0,28.237207,[187  70] ; [ 7 22],[174.32867133  82.67132867] ; [19.67132867  9.32867133],1
b1,1,0.027455,4.861969,[105 153] ; [18 11],[110.57142857 147.42857143] ; [12.42857143 16.57142857],0
p4,1,0.062898,3.459263,[221  37] ; [21  8],[217.54703833  40.45296167] ; [24.45296167  4.54703833],0
p5,1,0.162949,1.946646,[ 55 203] ; [ 3 26],[ 52.13937282 205.86062718] ; [ 5.86062718 23.13937282],0
p1,1,0.932459,0.007183,[ 34 223] ; [ 4 25],[ 34.14685315 222.85314685] ; [ 3.85314685 25.14685315],0
