Feature,DoF,P Value,Chi Square,Observed,Expected,Is Significant
p10,1,0.0,42.854449,[15 35] ; [61  8],[31.93277311 18.06722689] ; [44.06722689 24.93277311],1
p11,1,0.004987,7.884307,[29 21] ; [57 13],[35.83333333 14.16666667] ; [50.16666667 19.83333333],0
p1,1,0.014773,5.94338,[ 1 48] ; [11 59],[ 4.94117647 44.05882353] ; [ 7.05882353 62.94117647],0
p8,1,0.015639,5.843058,[14 36] ; [35 35],[20.41666667 29.58333333] ; [28.58333333 41.41666667],0
p7,1,0.024057,5.090529,[27 23] ; [51 18],[32.77310924 17.22689076] ; [45.22689076 23.77310924],0
p6,1,0.225315,1.470195,[ 8 41] ; [17 49],[10.65217391 38.34782609] ; [14.34782609 51.65217391],0
b1,1,0.383272,0.760181,[24 26] ; [28 42],[21.66666667 28.33333333] ; [30.33333333 39.66666667],0
p12,1,0.494994,0.465652,[ 1 48] ; [ 3 66],[ 1.66101695 47.33898305] ; [ 2.33898305 66.66101695],0
