Feature,DoF,P Value,Chi Square,Observed,Expected,Is Significant
p9,1,0.0,28.981069,[58  9] ; [16 27],[45.07272727 21.92727273] ; [28.92727273 14.07272727],1
p6,1,0.031516,4.624648,[11 56] ; [15 29],[15.69369369 51.30630631] ; [10.30630631 33.69369369],0
p12,1,0.095882,2.772743,[ 7 61] ; [ 1 45],[ 4.77192982 63.22807018] ; [ 3.22807018 42.77192982],0
p11,1,0.095932,2.771904,[46 22] ; [24 22],[41.75438596 26.24561404] ; [28.24561404 17.75438596],0
p1,1,0.101483,2.682079,[ 7 61] ; [ 1 44],[ 4.81415929 63.18584071] ; [ 3.18584071 41.81415929],0
p8,1,0.115457,2.477887,[15 53] ; [16 29],[18.65486726 49.34513274] ; [12.34513274 32.65486726],0
p5,1,0.211654,1.56008,[ 5 61] ; [ 1 45],[ 3.53571429 62.46428571] ; [ 2.46428571 43.53571429],0
b1,1,0.219628,1.506799,[29 39] ; [25 21],[32.21052632 35.78947368] ; [21.78947368 24.21052632],0
