Feature,DoF,P Value,Chi Square,Observed,Expected,Is Significant
p4,1,0.0,30.330588,[317  61] ; [19 21],[303.84688995  74.15311005] ; [32.15311005  7.84688995],1
p11,1,3.8e-05,16.950408,[336  42] ; [27 14],[327.4797136  50.5202864] ; [35.5202864  5.4797136],1
p8,1,0.006609,7.376198,[262 114] ; [20 21],[254.27338129 121.72661871] ; [27.72661871 13.27338129],0
p5,1,0.283678,1.149383,[ 73 302] ; [ 5 35],[ 70.48192771 304.51807229] ; [ 7.51807229 32.48192771],0
b1,1,0.489045,0.478626,[154 224] ; [19 22],[156.07159905 221.92840095] ; [16.92840095 24.07159905],0
p1,1,0.546094,0.36436,[ 49 326] ; [ 4 37],[ 47.77644231 327.22355769] ; [ 5.22355769 35.77644231],0
p12,1,0.549855,0.357577,[ 49 327] ; [ 4 37],[ 47.78896882 328.21103118] ; [ 5.21103118 35.78896882],0
p6,1,0.598958,0.27657,[190 185] ; [19 22],[188.40144231 186.59855769] ; [20.59855769 20.40144231],0
