Feature,DoF,P Value,Chi Square,Observed,Expected,Is Significant
p4,1,0.0,28.097494,[14  7] ; [ 17 101],[ 4.68345324 16.31654676] ; [26.31654676 91.68345324],1
p10,1,0.022655,5.194788,[ 4 17] ; [53 63],[ 8.73722628 12.26277372] ; [48.26277372 67.73722628],0
b1,1,0.138718,2.192118,[14  7] ; [59 61],[10.87234043 10.12765957] ; [62.12765957 57.87234043],0
p1,1,0.229752,1.442398,[ 3 18] ; [  8 112],[ 1.63829787 19.36170213] ; [  9.36170213 110.63829787],0
p5,1,0.37286,0.79411,[ 1 20] ; [  2 116],[ 0.45323741 20.54676259] ; [  2.54676259 115.45323741],0
p6,1,0.495681,0.46417,[ 2 18] ; [  7 111],[ 1.30434783 18.69565217] ; [  7.69565217 110.30434783],0
p11,1,0.694052,0.154734,[ 9 12] ; [57 63],[ 9.82978723 11.17021277] ; [56.17021277 63.82978723],0
