Feature,DoF,P Value,Chi Square,Observed,Expected,Is Significant
p10,1,4e-06,21.180815,[ 2 13] ; [82 30],[9.92125984 5.07874016] ; [74.07874016 37.92125984],1
p7,1,0.046782,3.953196,[11  4] ; [52 61],[7.3828125 7.6171875] ; [55.6171875 57.3828125],0
p2,1,0.049057,3.873392,[8 7] ; [87 26],[11.1328125  3.8671875] ; [83.8671875 29.1328125],0
p11,1,0.146886,2.104294,[8 7] ; [81 32],[10.4296875  4.5703125] ; [78.5703125 34.4296875],0
b1,1,0.98627,0.000296,[7 8] ; [53 60],[7.03125 7.96875] ; [52.96875 60.03125],0
