Feature,DoF,P Value,Chi Square,Observed,Expected,Is Significant
p11,1,6e-05,16.096473,[ 7 15] ; [139  50],[15.22274882  6.77725118] ; [130.77725118  58.22274882],1
b1,1,0.001644,9.909344,[15  7] ; [ 64 125],[ 8.23696682 13.76303318] ; [ 70.76303318 118.23696682],0
p5,1,0.003426,8.56535,[ 3 18] ; [  4 183],[ 0.70673077 20.29326923] ; [  6.29326923 180.70673077],0
p3,1,0.0037,8.425356,[10 12] ; [ 35 153],[ 4.71428571 17.28571429] ; [ 40.28571429 147.71428571],0
p6,1,0.008792,6.864603,[ 8 14] ; [ 27 161],[ 3.66666667 18.33333333] ; [ 31.33333333 156.66666667],0
p1,1,0.945242,0.004717,[ 1 21] ; [  8 181],[ 0.93838863 21.06161137] ; [  8.06161137 180.93838863],0
