Feature,DoF,P Value,Chi Square,Observed,Expected,Is Significant
p10,1,0.0,122.651525,[339  18] ; [ 5 16],[324.88888889  32.11111111] ; [19.11111111  1.88888889],1
p11,1,6.5e-05,15.943633,[315  43] ; [12  9],[308.88126649  49.11873351] ; [18.11873351  2.88126649],1
b1,1,0.00079,11.264008,[140 218] ; [16  5],[147.35620053 210.64379947] ; [ 8.64379947 12.35620053],1
p2,1,0.010744,6.507118,[337  19] ; [17  4],[334.28116711  21.71883289] ; [19.71883289  1.28116711],0
p3,1,0.012599,6.224552,[261  97] ; [10 11],[255.98416887 102.01583113] ; [15.01583113  5.98416887],0
p5,1,0.220566,1.500687,[ 73 283] ; [ 2 19],[ 70.82228117 285.17771883] ; [ 4.17771883 16.82228117],0
p1,1,0.278618,1.173818,[ 40 316] ; [ 4 17],[ 41.54907162 314.45092838] ; [ 2.45092838 18.54907162],0
