Feature,DoF,P Value,Chi Square,Observed,Expected,Is Significant
p2,1,0.0,44.964073,[30 49] ; [78 11],[50.78571429 28.21428571] ; [57.21428571 31.78571429],1
p8,1,0.0,37.060437,[ 7 72] ; [47 42],[25.39285714 53.60714286] ; [28.60714286 60.39285714],1
p4,1,0.0,34.532489,[14 64] ; [56 33],[32.69461078 45.30538922] ; [37.30538922 51.69461078],1
p11,1,0.0,27.112468,[31 48] ; [70 19],[47.49404762 31.50595238] ; [53.50595238 35.49404762],1
b1,1,0.018296,5.56758,[38 41] ; [27 62],[30.56547619 48.43452381] ; [34.43452381 54.56547619],0
p5,1,0.04499,4.019002,[ 1 78] ; [ 7 82],[ 3.76190476 75.23809524] ; [ 4.23809524 84.76190476],0
p12,1,0.079004,3.085263,[ 1 77] ; [ 6 83],[ 3.26946108 74.73053892] ; [ 3.73053892 85.26946108],0
p1,1,0.96682,0.00173,[ 6 72] ; [ 7 82],[ 6.07185629 71.92814371] ; [ 6.92814371 82.07185629],0
