Feature,DoF,P Value,Chi Square,Observed,Expected,Is Significant
p4,1,0.001877,9.666557,[50 70] ; [61 36],[61.38248848 58.61751152] ; [49.61751152 47.38248848],0
p7,1,0.046765,3.953811,[73 44] ; [70 23],[79.67142857 37.32857143] ; [63.32857143 29.67142857],0
p12,1,0.175797,1.832802,[  3 117] ; [ 6 91],[  4.97695853 115.02304147] ; [ 4.02304147 92.97695853],0
p1,1,0.33298,0.937273,[  6 114] ; [ 8 89],[  7.74193548 112.25806452] ; [ 6.25806452 90.74193548],0
p10,1,0.394161,0.726067,[98 21] ; [84 13],[100.26851852  18.73148148] ; [81.73148148 15.26851852],0
b1,1,0.533338,0.388028,[40 82] ; [28 69],[37.88127854 84.11872146] ; [30.11872146 66.88127854],0
p2,1,0.565141,0.330881,[109  12] ; [85 12],[107.67889908  13.32110092] ; [86.32110092 10.67889908],0
p11,1,0.900488,0.015636,[96 26] ; [77 20],[96.37442922 25.62557078] ; [76.62557078 20.37442922],0
p5,1,0.996375,2.1e-05,[ 10 111] ; [ 8 89],[  9.99082569 111.00917431] ; [ 8.00917431 88.99082569],0
