Feature,DoF,P Value,Chi Square,Observed,Expected,Is Significant
p10,1,0.0,84.900761,[17 27] ; [354  37],[37.52643678  6.47356322] ; [333.47356322  57.52643678],1
b1,1,2.9e-05,17.506396,[28 16] ; [125 267],[15.44036697 28.55963303] ; [137.55963303 254.44036697],1
p11,1,0.000921,10.979651,[28 16] ; [329  63],[36.02752294  7.97247706] ; [320.97247706  71.02752294],1
p7,1,0.0028,8.933319,[35  8] ; [224 163],[25.9 17.1] ; [233.1 153.9],0
p4,1,0.062645,3.465924,[30 14] ; [209 182],[24.17471264 19.82528736] ; [214.82528736 176.17471264],0
p1,1,0.185849,1.750218,[ 5 39] ; [ 24 368],[ 2.9266055 41.0733945] ; [ 26.0733945 365.9266055],0
p5,1,0.711259,0.137023,[ 3 41] ; [ 33 358],[ 3.64137931 40.35862069] ; [ 32.35862069 358.64137931],0
p3,1,0.979837,0.000639,[19 24] ; [174 218],[19.07816092 23.92183908] ; [173.92183908 218.07816092],0
