Feature,DoF,P Value,Chi Square,Observed,Expected,Is Significant
p10,1,0.0,75.429082,[77 12] ; [26 81],[46.77040816 42.22959184] ; [56.22959184 50.77040816],1
p4,1,0.0,59.067657,[71 18] ; [26 80],[44.27179487 44.72820513] ; [52.72820513 53.27179487],1
p2,1,4e-06,21.453654,[70 19] ; [50 58],[54.21319797 34.78680203] ; [65.78680203 42.21319797],1
p11,1,5e-06,21.005904,[69 20] ; [49 59],[53.30964467 35.69035533] ; [64.69035533 43.30964467],1
p5,1,0.000368,12.690101,[12 75] ; [  1 106],[ 5.82989691 81.17010309] ; [ 7.17010309 99.82989691],1
p12,1,0.000894,11.034204,[11 78] ; [  1 106],[ 5.44897959 83.55102041] ; [  6.55102041 100.44897959],1
p1,1,0.005032,7.867841,[15 74] ; [  5 102],[ 9.08163265 79.91836735] ; [10.91836735 96.08163265],0
p8,1,0.010342,6.574941,[31 58] ; [20 87],[23.15816327 65.84183673] ; [27.84183673 79.15816327],0
b1,1,0.190373,1.714726,[37 52] ; [55 53],[41.56345178 47.43654822] ; [50.43654822 57.56345178],0
