Feature,DoF,P Value,Chi Square,Observed,Expected,Is Significant
p5,1,0.001664,9.88715,[ 6 95] ; [ 83 359],[16.55432781 84.44567219] ; [ 72.44567219 369.55432781],0
p8,1,0.002954,8.835613,[52 49] ; [297 145],[64.91528545 36.08471455] ; [284.08471455 157.91528545],0
p11,1,0.031631,4.618387,[80 21] ; [390  56],[86.78244973 14.21755027] ; [383.21755027  62.78244973],0
p12,1,0.045676,3.993488,[ 5 96] ; [ 52 393],[10.54395604 90.45604396] ; [ 46.45604396 398.54395604],0
b1,1,0.132559,2.262275,[30 71] ; [168 278],[36.55941499 64.44058501] ; [161.44058501 284.55941499],0
p1,1,0.24015,1.379711,[ 7 94] ; [ 48 395],[10.21139706 90.78860294] ; [ 44.78860294 398.21139706],0
p7,1,0.726012,0.122805,[76 21] ; [339 103],[74.68460111 22.31539889] ; [340.31539889 101.68460111],0
