Feature,DoF,P Value,Chi Square,Observed,Expected,Is Significant
b1,1,0.128081,2.315611,[15 32] ; [13 13],[18.02739726 28.97260274] ; [ 9.97260274 16.02739726],0
p11,1,0.162004,1.955422,[33 14] ; [14 12],[30.26027397 16.73972603] ; [16.73972603  9.26027397],0
p10,1,0.411652,0.674023,[35 12] ; [17  9],[33.47945205 13.52054795] ; [18.52054795  7.47945205],0
p8,1,0.520064,0.413767,[18 29] ; [ 8 18],[16.73972603 30.26027397] ; [ 9.26027397 16.73972603],0
p5,1,0.648339,0.208001,[ 3 44] ; [ 1 25],[ 2.57534247 44.42465753] ; [ 1.42465753 24.57534247],0
p1,1,0.856622,0.032644,[ 8 39] ; [ 4 22],[ 7.7260274 39.2739726] ; [ 4.2739726 21.7260274],0
