Feature,DoF,P Value,Chi Square,Observed,Expected,Is Significant
p2,1,2e-06,22.595268,[61 23] ; [158  10],[73. 11.] ; [146.  22.],1
p4,1,6e-06,20.602703,[63 21] ; [159   9],[74. 10.] ; [148.  20.],1
p9,1,0.000195,13.877036,[65 18] ; [158  10],[73.74103586  9.25896414] ; [149.25896414  18.74103586],1
p10,1,0.00076,11.336848,[64 19] ; [154  13],[72.376 10.624] ; [145.624  21.376],1
p5,1,0.00204,9.51281,[11 71] ; [ 53 115],[20.992 61.008] ; [ 43.008 124.992],0
p11,1,0.002717,8.988603,[60 24] ; [146  22],[68.66666667 15.33333333] ; [137.33333333  30.66666667],0
p12,1,0.049006,3.875153,[ 8 76] ; [ 32 135],[13.38645418 70.61354582] ; [ 26.61354582 140.38645418],0
p1,1,0.533442,0.387831,[12 72] ; [ 29 138],[13.72111554 70.27888446] ; [ 27.27888446 139.72111554],0
b1,1,1.0,0.0,[37 47] ; [74 94],[37. 47.] ; [74. 94.],0
