Feature,DoF,P Value,Chi Square,Observed,Expected,Is Significant
p9,1,3e-06,21.554746,[33  2] ; [57 56],[21.28378378 13.71621622] ; [68.71621622 44.28378378],1
p11,1,0.012582,6.226985,[25 10] ; [57 63],[18.51612903 16.48387097] ; [63.48387097 56.51612903],0
p10,1,0.037827,4.312778,[23 12] ; [53 63],[17.61589404 17.38410596] ; [58.38410596 57.61589404],0
p12,1,0.103023,2.658105,[ 5 30] ; [  7 112],[ 2.72727273 32.27272727] ; [  9.27272727 109.72727273],0
p1,1,0.152491,2.047155,[ 5 30] ; [  8 112],[ 2.93548387 32.06451613] ; [ 10.06451613 109.93548387],0
p5,1,0.19062,1.712818,[ 2 33] ; [  2 116],[ 0.91503268 34.08496732] ; [  3.08496732 114.91503268],0
b1,1,0.339099,0.913834,[14 21] ; [59 61],[16.48387097 18.51612903] ; [56.51612903 63.48387097],0
