Feature,DoF,P Value,Chi Square,Observed,Expected,Is Significant
p4,1,3e-06,21.844078,[15 51] ; [28 13],[26.52336449 39.47663551] ; [16.47663551 24.52336449],1
p8,1,0.166537,1.91384,[15 53] ; [14 27],[18.09174312 49.90825688] ; [10.90825688 30.09174312],0
b1,1,0.37905,0.773781,[29 39] ; [14 27],[26.82568807 41.17431193] ; [16.17431193 24.82568807],0
p1,1,0.498251,0.458659,[ 7 61] ; [ 6 35],[ 8.11009174 59.88990826] ; [ 4.88990826 36.11009174],0
p5,1,0.58324,0.301026,[ 5 61] ; [ 2 39],[ 4.31775701 61.68224299] ; [ 2.68224299 38.31775701],0
p11,1,0.847075,0.037192,[46 22] ; [27 14],[45.5412844 22.4587156] ; [27.4587156 13.5412844],0
p9,1,0.852572,0.034536,[58  9] ; [36  5],[58.31481481  8.68518519] ; [35.68518519  5.31481481],0
p12,1,0.928022,0.00816,[ 7 61] ; [ 4 37],[ 6.86238532 61.13761468] ; [ 4.13761468 36.86238532],0
