Feature,DoF,P Value,Chi Square,Observed,Expected,Is Significant
p11,1,3.4e-05,17.160368,[ 7 15] ; [133  45],[15.4  6.6] ; [124.6  53.4],1
b1,1,0.000199,13.838228,[15  7] ; [ 51 127],[ 7.26 14.74] ; [ 58.74 119.26],1
p6,1,0.004154,8.215316,[ 8 14] ; [ 23 155],[ 3.41 18.59] ; [ 27.59 150.41],0
p5,1,0.064711,3.412334,[ 3 18] ; [  8 169],[ 1.16666667 19.83333333] ; [  9.83333333 167.16666667],0
p4,1,0.135419,2.22926,[ 9 13] ; [ 46 132],[ 6.05 15.95] ; [ 48.95 129.05],0
p8,1,0.198148,1.655974,[ 8 13] ; [ 44 132],[ 5.54314721 15.45685279] ; [ 46.45685279 129.54314721],0
p1,1,0.917413,0.010752,[ 1 21] ; [  9 169],[ 1.1 20.9] ; [  8.9 169.1],0
