Feature,DoF,P Value,Chi Square,Observed,Expected,Is Significant
p4,1,0.000315,12.978955,[90 91] ; [21 60],[ 76.68320611 104.31679389] ; [34.31679389 46.68320611],1
p8,1,0.031975,4.599838,[ 58 121] ; [16 66],[ 50.75095785 128.24904215] ; [23.24904215 58.75095785],0
p11,1,0.057492,3.608283,[147  34] ; [58 24],[141.08365019  39.91634981] ; [63.91634981 18.08365019],0
b1,1,0.11657,2.462812,[ 55 126] ; [33 49],[ 60.56273764 120.43726236] ; [27.43726236 54.56273764],0
p3,1,0.305186,1.051397,[ 62 118] ; [23 59],[ 58.39694656 121.60305344] ; [26.60305344 55.39694656],0
p5,1,0.449185,0.572707,[ 14 167] ; [ 4 74],[ 12.57915058 168.42084942] ; [ 5.42084942 72.57915058],0
p1,1,0.905761,0.014016,[ 14 167] ; [ 6 76],[ 13.76425856 167.23574144] ; [ 6.23574144 75.76425856],0
p12,1,0.956134,0.003026,[ 15 165] ; [ 7 75],[ 15.11450382 164.88549618] ; [ 6.88549618 75.11450382],0
