Feature,DoF,P Value,Chi Square,Observed,Expected,Is Significant
p3,1,0.046424,3.966136,[27 26] ; [31 60],[21.34722222 31.65277778] ; [36.65277778 54.34722222],0
p9,1,0.091072,2.855319,[15 38] ; [37 50],[19.68571429 33.31428571] ; [32.31428571 54.68571429],0
p11,1,0.193177,1.693223,[22 31] ; [48 43],[25.76388889 27.23611111] ; [44.23611111 46.76388889],0
p5,1,0.241237,1.373349,[ 4 48] ; [ 3 88],[ 2.54545455 49.45454545] ; [ 4.45454545 86.54545455],0
p12,1,0.61239,0.256709,[ 1 52] ; [ 3 87],[ 1.48251748 51.51748252] ; [ 2.51748252 87.48251748],0
p7,1,0.621088,0.244341,[27 26] ; [42 48],[25.57342657 27.42657343] ; [43.42657343 46.57342657],0
b1,1,0.680359,0.169722,[24 29] ; [38 53],[22.81944444 30.18055556] ; [39.18055556 51.81944444],0
p1,1,0.836391,0.042647,[ 2 51] ; [ 4 85],[ 2.23943662 50.76056338] ; [ 3.76056338 85.23943662],0
p8,1,0.845474,0.037984,[16 36] ; [26 63],[15.4893617 36.5106383] ; [26.5106383 62.4893617],0
