Feature,DoF,P Value,Chi Square,Observed,Expected,Is Significant
p4,1,0.002321,9.276566,[18 31] ; [21  8],[24.5 24.5] ; [14.5 14.5],0
p5,1,0.108078,2.582099,[ 1 48] ; [ 3 26],[ 2.51282051 46.48717949] ; [ 1.48717949 27.51282051],0
p11,1,0.142571,2.149991,[27 22] ; [11 18],[23.87179487 25.12820513] ; [14.12820513 14.87179487],0
b1,1,0.195911,1.672599,[23 26] ; [18 11],[25.75641026 23.24358974] ; [15.24358974 13.75641026],0
p1,1,0.251998,1.312191,[ 3 46] ; [ 4 25],[ 4.3974359 44.6025641] ; [ 2.6025641 26.3974359],0
p6,1,0.468231,0.526148,[12 37] ; [ 9 19],[13.36363636 35.63636364] ; [ 7.63636364 20.36363636],0
p2,1,0.723338,0.125317,[34 15] ; [19 10],[33.29487179 15.70512821] ; [19.70512821  9.29487179],0
