Feature,DoF,P Value,Chi Square,Observed,Expected,Is Significant
p2,1,0.0,28.393562,[94 18] ; [113  96],[72.22429907 39.77570093] ; [134.77570093  74.22429907],1
p10,1,0.000221,13.646497,[89 22] ; [123  83],[74.23343849 36.76656151] ; [137.76656151  68.23343849],1
p9,1,0.00044,12.352073,[95 16] ; [136  66],[81.9201278 29.0798722] ; [149.0798722  52.9201278],1
p5,1,0.002988,8.814648,[12 97] ; [  6 202],[  6.18927445 102.81072555] ; [ 11.81072555 196.18927445],0
p11,1,0.046796,3.952698,[83 29] ; [132  77],[75.01557632 36.98442368] ; [139.98442368  69.01557632],0
b1,1,0.061016,3.509538,[55 57] ; [ 80 129],[47.10280374 64.89719626] ; [ 87.89719626 121.10280374],0
p12,1,0.293547,1.103282,[  8 104] ; [  9 197],[  5.98742138 106.01257862] ; [ 11.01257862 194.98742138],0
p1,1,0.476492,0.506881,[ 10 102] ; [ 14 194],[  8.4 103.6] ; [ 15.6 192.4],0
