Feature,DoF,P Value,Chi Square,Observed,Expected,Is Significant
p10,1,1e-06,23.585678,[15 35] ; [49 16],[27.82608696 22.17391304] ; [36.17391304 28.82608696],1
p7,1,0.004558,8.046775,[27 23] ; [52 14],[34.05172414 15.94827586] ; [44.94827586 21.05172414],0
p8,1,0.013806,6.062771,[14 36] ; [33 32],[20.43478261 29.56521739] ; [26.56521739 38.43478261],0
p11,1,0.022981,5.169925,[29 21] ; [52 15],[34.61538462 15.38461538] ; [46.38461538 20.61538462],0
p1,1,0.048996,3.875498,[ 1 48] ; [ 8 59],[ 3.80172414 45.19827586] ; [ 5.19827586 61.80172414],0
p6,1,0.309889,1.031147,[ 8 41] ; [15 47],[10.15315315 38.84684685] ; [12.84684685 49.15315315],0
p12,1,0.459555,0.546979,[ 1 48] ; [ 3 62],[ 1.71929825 47.28070175] ; [ 2.28070175 62.71929825],0
b1,1,0.893231,0.018014,[24 26] ; [33 34],[24.35897436 25.64102564] ; [32.64102564 34.35897436],0
