Feature,DoF,P Value,Chi Square,Observed,Expected,Is Significant
p4,1,0.000151,14.361587,[25 72] ; [16  8],[32.8677686 64.1322314] ; [ 8.1322314 15.8677686],1
p7,1,0.000162,14.222222,[28 68] ; [17  7],[36. 60.] ; [ 9. 15.],1
p6,1,0.004958,7.894737,[15 81] ; [10 14],[20. 76.] ; [ 5. 19.],0
p5,1,0.005158,7.823276,[ 1 95] ; [ 3 21],[ 3.2 92.8] ; [ 0.8 23.2],0
p12,1,0.022362,5.217391,[ 2 94] ; [ 3 21],[ 4. 92.] ; [ 1. 23.],0
p11,1,0.032034,4.59668,[41 56] ; [16  8],[45.69421488 51.30578512] ; [11.30578512 12.69421488],0
b1,1,0.088789,2.896186,[47 50] ; [ 7 17],[43.2892562 53.7107438] ; [10.7107438 13.2892562],0
p1,1,0.69691,0.151707,[ 6 90] ; [ 1 23],[ 5.6 90.4] ; [ 1.4 22.6],0
