Feature,DoF,P Value,Chi Square,Observed,Expected,Is Significant
p9,1,1e-06,23.548813,[100  31] ; [16 28],[86.83428571 44.16571429] ; [29.16571429 14.83428571],1
p3,1,0.252316,1.310435,[76 56] ; [22 24],[72.6741573 59.3258427] ; [25.3258427 20.6741573],0
b1,1,0.28385,1.148562,[54 78] ; [23 23],[57.1011236 74.8988764] ; [19.8988764 26.1011236],0
p12,1,0.377711,0.778138,[  7 125] ; [ 1 45],[  5.93258427 126.06741573] ; [ 2.06741573 43.93258427],0
p1,1,0.514573,0.424757,[  8 124] ; [ 4 41],[  8.94915254 123.05084746] ; [ 3.05084746 41.94915254],0
p2,1,0.578507,0.308655,[104  28] ; [38  8],[105.30337079  26.69662921] ; [36.69662921  9.30337079],0
p11,1,0.641264,0.217093,[91 41] ; [30 16],[89.73033708 42.26966292] ; [31.26966292 14.73033708],0
p5,1,0.774753,0.08189,[ 13 115] ; [ 4 42],[ 12.50574713 115.49425287] ; [ 4.49425287 41.50574713],0
