Feature,DoF,P Value,Chi Square,Observed,Expected,Is Significant
p8,1,0.100595,2.696077,[20 87] ; [ 6 58],[16.26900585 90.73099415] ; [ 9.73099415 54.26900585],0
p11,1,0.105138,2.625826,[49 59] ; [21 43],[43.95348837 64.04651163] ; [26.04651163 37.95348837],0
p10,1,0.178163,1.81288,[26 81] ; [10 54],[22.52631579 84.47368421] ; [13.47368421 50.52631579],0
p7,1,0.225255,1.470578,[31 74] ; [13 49],[27.66467066 77.33532934] ; [16.33532934 45.66467066],0
b1,1,0.38144,0.766057,[55 53] ; [37 27],[57.76744186 50.23255814] ; [34.23255814 29.76744186],0
p1,1,0.397149,0.716941,[  5 102] ; [ 5 59],[  6.25730994 100.74269006] ; [ 3.74269006 60.25730994],0
p5,1,0.711684,0.136601,[  1 106] ; [ 1 63],[  1.25146199 105.74853801] ; [ 0.74853801 63.25146199],0
p12,1,0.711684,0.136601,[  1 106] ; [ 1 63],[  1.25146199 105.74853801] ; [ 0.74853801 63.25146199],0
