Feature,DoF,P Value,Chi Square,Observed,Expected,Is Significant
b1,1,0.188,1.733225,[31 32] ; [9 4],[33.15789474 29.84210526] ; [6.84210526 6.15789474],0
p6,1,0.366514,0.81545,[24 38] ; [3 9],[22.62162162 39.37837838] ; [4.37837838 7.62162162],0
p11,1,0.546432,0.363748,[33 30] ; [8 5],[33.98684211 29.01315789] ; [7.01315789 5.98684211],0
p7,1,0.607011,0.26455,[37 26] ; [8 4],[37.8 25.2] ; [7.2 4.8],0
p1,1,0.664155,0.188516,[ 7 56] ; [ 2 11],[ 7.46052632 55.53947368] ; [ 1.53947368 11.46052632],0
p8,1,0.923258,0.00928,[30 33] ; [6 7],[29.84210526 33.15789474] ; [6.15789474 6.84210526],0
p5,1,0.976284,0.000884,[ 5 58] ; [ 1 12],[ 4.97368421 58.02631579] ; [ 1.02631579 11.97368421],0
