Feature,DoF,P Value,Chi Square,Observed,Expected,Is Significant
p4,1,8e-06,19.983953,[215 208] ; [95 35],[237.12477396 185.87522604] ; [72.87522604 57.12477396],1
b1,1,0.00156,10.00678,[138 287] ; [62 68],[153.15315315 271.84684685] ; [46.84684685 83.15315315],0
p11,1,0.019928,5.418234,[361  64] ; [99 31],[352.25225225  72.74774775] ; [107.74774775  22.25225225],0
p1,1,0.161586,1.959321,[ 27 397] ; [ 13 117],[ 30.61371841 393.38628159] ; [  9.38628159 120.61371841],0
p5,1,0.69978,0.148701,[ 35 384] ; [ 12 115],[ 36.06776557 382.93223443] ; [ 10.93223443 116.06776557],0
p2,1,0.711689,0.136595,[354  69] ; [107  23],[352.62748644  70.37251356] ; [108.37251356  21.62748644],0
p7,1,0.775392,0.081413,[225 192] ; [72 58],[226.41499086 190.58500914] ; [70.58500914 59.41499086],0
p12,1,0.822252,0.050467,[ 27 397] ; [  9 121],[ 27.55234657 396.44765343] ; [  8.44765343 121.55234657],0
