Feature,DoF,P Value,Chi Square,Observed,Expected,Is Significant
b1,1,0.010834,6.492407,[106 198] ; [18 13],[112.52537313 191.47462687] ; [11.47462687 19.52537313],0
p11,1,0.017634,5.632105,[235  69] ; [18 13],[229.5880597  74.4119403] ; [23.4119403  7.5880597],0
p6,1,0.234269,1.414755,[ 77 224] ; [11 20],[ 79.78313253 221.21686747] ; [ 8.21686747 22.78313253],0
p4,1,0.331205,0.944182,[145 158] ; [12 19],[142.42814371 160.57185629] ; [14.57185629 16.42814371],0
p1,1,0.360441,0.836355,[ 17 287] ; [ 3 28],[ 18.14925373 285.85074627] ; [ 1.85074627 29.14925373],0
p12,1,0.463133,0.538313,[ 20 284] ; [ 1 30],[ 19.05671642 284.94328358] ; [ 1.94328358 29.05671642],0
p5,1,0.913047,0.011924,[ 19 279] ; [ 2 27],[ 19.13761468 278.86238532] ; [ 1.86238532 27.13761468],0
