Feature,DoF,P Value,Chi Square,Observed,Expected,Is Significant
p6,1,1.1e-05,19.405079,[ 8 14] ; [ 14 188],[ 2.16071429 19.83928571] ; [ 19.83928571 182.16071429],1
p9,1,4e-05,16.864843,[ 5 17] ; [132  64],[13.82568807  8.17431193] ; [123.17431193  72.82568807],1
b1,1,0.003841,8.357465,[15  7] ; [ 74 129],[ 8.70222222 13.29777778] ; [ 80.29777778 122.70222222],0
p11,1,0.005258,7.788587,[ 7 15] ; [127  76],[13.10222222  8.89777778] ; [120.89777778  82.10222222],0
p5,1,0.012151,6.288693,[ 3 18] ; [  6 196],[ 0.84753363 20.15246637] ; [  8.15246637 193.84753363],0
p8,1,0.014291,6.001812,[ 8 13] ; [ 33 169],[ 3.86098655 17.13901345] ; [ 37.13901345 164.86098655],0
p1,1,0.933464,0.00697,[ 1 21] ; [ 10 192],[ 1.08035714 20.91964286] ; [  9.91964286 192.08035714],0
