Feature,DoF,P Value,Chi Square,Observed,Expected,Is Significant
p3,1,0.0,60.430565,[156  52] ; [33 77],[123.62264151  84.37735849] ; [65.37735849 44.62264151],1
p5,1,3e-06,21.646429,[ 57 152] ; [  6 104],[ 41.27586207 167.72413793] ; [21.72413793 88.27586207],1
p12,1,0.001048,10.740099,[ 34 174] ; [  4 104],[ 25.01265823 182.98734177] ; [12.98734177 95.01265823],0
p1,1,0.03166,4.616791,[ 33 175] ; [  8 101],[ 26.9022082 181.0977918] ; [14.0977918 94.9022082],0
b1,1,0.034349,4.477262,[ 92 117] ; [35 75],[ 83.20689655 125.79310345] ; [43.79310345 66.20689655],0
p10,1,0.058766,3.571878,[185  24] ; [88 21],[179.4245283  29.5754717] ; [93.5754717 15.4245283],0
p11,1,0.22045,1.501441,[185  24] ; [92 18],[181.48275862  27.51724138] ; [95.51724138 14.48275862],0
p9,1,0.354745,0.856409,[189  20] ; [94 14],[186.58359621  22.41640379] ; [96.41640379 11.58359621],0
