Feature,DoF,P Value,Chi Square,Observed,Expected,Is Significant
p11,1,0.208097,1.584619,[273  33] ; [16  4],[271.26993865  34.73006135] ; [17.73006135  2.26993865],0
p1,1,0.334317,0.932105,[ 37 267] ; [ 1 19],[ 35.65432099 268.34567901] ; [ 2.34567901 17.65432099],0
p8,1,0.421111,0.647214,[238  68] ; [14  6],[236.5398773  69.4601227] ; [15.4601227  4.5398773],0
p9,1,0.52813,0.397988,[298   8] ; [19  1],[297.55214724   8.44785276] ; [19.44785276  0.55214724],0
p12,1,0.740224,0.10993,[ 38 267] ; [ 3 17],[ 38.47692308 266.52307692] ; [ 2.52307692 17.47692308],0
b1,1,0.780816,0.077426,[128 178] ; [ 9 11],[128.59509202 177.40490798] ; [ 8.40490798 11.59509202],0
p5,1,0.944015,0.004931,[ 63 242] ; [ 4 16],[ 62.87692308 242.12307692] ; [ 4.12307692 15.87692308],0
