Feature,DoF,P Value,Chi Square,Observed,Expected,Is Significant
p4,1,6.3e-05,15.997752,[26 83] ; [23 16],[36.08783784 72.91216216] ; [12.91216216 26.08783784],1
p8,1,0.004464,8.084586,[14 95] ; [13 26],[19.88513514 89.11486486] ; [ 7.11486486 31.88513514],0
p5,1,0.082294,3.019001,[  2 107] ; [ 3 36],[  3.68243243 105.31756757] ; [ 1.31756757 37.68243243],0
p2,1,0.184101,1.764207,[48 61] ; [22 17],[51.55405405 57.44594595] ; [18.44594595 20.55405405],0
b1,1,0.575639,0.313338,[53 56] ; [21 18],[54.5 54.5] ; [19.5 19.5],0
p11,1,0.668995,0.182781,[46 63] ; [18 21],[47.13513514 61.86486486] ; [16.86486486 22.13513514],0
p1,1,0.95378,0.003359,[  8 100] ; [ 3 36],[ 8.08163265 99.91836735] ; [ 2.91836735 36.08163265],0
