Feature,DoF,P Value,Chi Square,Observed,Expected,Is Significant
p9,1,0.0,38.516247,[19  9] ; [235   7],[26.34074074  1.65925926] ; [227.65925926  14.34074074],1
p3,1,0.087682,2.916421,[16 12] ; [175  66],[19.88104089  8.11895911] ; [171.11895911  69.88104089],0
p8,1,0.124401,2.361015,[17 10] ; [185  57],[20.27509294  6.72490706] ; [181.72490706  60.27509294],0
b1,1,0.153195,2.040142,[16 12] ; [104 138],[12.44444444 15.55555556] ; [107.55555556 134.44444444],0
p11,1,0.187783,1.734926,[21  7] ; [205  37],[23.43703704  4.56296296] ; [202.56296296  39.43703704],0
p12,1,0.26232,1.256473,[ 2 26] ; [ 36 205],[ 3.95539033 24.04460967] ; [ 34.04460967 206.95539033],0
p1,1,0.355106,0.855128,[ 2 26] ; [ 32 209],[ 3.53903346 24.46096654] ; [ 30.46096654 210.53903346],0
p5,1,0.956552,0.002968,[ 6 20] ; [ 57 185],[ 6.1119403 19.8880597] ; [ 56.8880597 185.1119403],0
