Feature,DoF,P Value,Chi Square,Observed,Expected,Is Significant
p9,1,0.0,35.357325,[ 9 20] ; [163  36],[21.87719298  7.12280702] ; [150.12280702  48.87719298],1
p4,1,0.000344,12.81221,[23  6] ; [ 88 113],[13.99565217 15.00434783] ; [ 97.00434783 103.99565217],1
p11,1,0.002684,9.010838,[14 15] ; [151  50],[20.80434783  8.19565217] ; [144.19565217  56.80434783],0
b1,1,0.102681,2.663407,[14 15] ; [ 66 135],[10.08695652 18.91304348] ; [ 69.91304348 131.08695652],0
p5,1,0.200612,1.637916,[ 4 25] ; [ 14 187],[ 2.26956522 26.73043478] ; [ 15.73043478 185.26956522],0
p1,1,0.203961,1.613782,[ 4 25] ; [ 14 186],[ 2.27947598 26.72052402] ; [ 15.72052402 184.27947598],0
