Feature,DoF,P Value,Chi Square,Observed,Expected,Is Significant
p10,1,0.0,29.87321,[ 4 17] ; [166  53],[14.875  6.125] ; [155.125  63.875],1
b1,1,0.000216,13.684271,[14  7] ; [ 61 160],[ 6.50826446 14.49173554] ; [ 68.49173554 152.50826446],1
p11,1,0.000675,11.557768,[ 9 12] ; [170  51],[15.53305785  5.46694215] ; [163.46694215  57.53305785],1
p1,1,0.00119,10.505171,[ 3 18] ; [  4 215],[ 0.6125 20.3875] ; [  6.3875 212.6125],0
p8,1,0.119206,2.427719,[ 4 17] ; [ 77 137],[ 7.23829787 13.76170213] ; [ 73.76170213 140.23829787],0
p6,1,0.415794,0.662173,[ 2 18] ; [ 37 180],[ 3.29113924 16.70886076] ; [ 35.70886076 181.29113924],0
p5,1,0.595788,0.281395,[ 1 20] ; [  6 214],[ 0.60995851 20.39004149] ; [  6.39004149 213.60995851],0
