Feature,DoF,P Value,Chi Square,Observed,Expected,Is Significant
p10,1,0.0,38.050763,[14 28] ; [77 12],[29.17557252 12.82442748] ; [61.82442748 27.17557252],1
p8,1,8.9e-05,15.359473,[30 12] ; [31 58],[19.55725191 22.44274809] ; [41.44274809 47.55725191],1
b1,1,0.041692,4.147653,[26 17] ; [37 52],[20.52272727 22.47727273] ; [42.47727273 46.52272727],0
p6,1,0.047884,3.914063,[19 24] ; [24 65],[14.00757576 28.99242424] ; [28.99242424 60.00757576],0
p11,1,0.074788,3.17468,[27 16] ; [69 20],[31.27272727 11.72727273] ; [64.72727273 24.27272727],0
p1,1,0.246722,1.341773,[ 4 39] ; [15 74],[ 6.18939394 36.81060606] ; [12.81060606 76.18939394],0
p5,1,0.490607,0.475195,[ 4 38] ; [12 75],[ 5.20930233 36.79069767] ; [10.79069767 76.20930233],0
p2,1,0.956086,0.003032,[34  9] ; [70 19],[33.87878788  9.12121212] ; [70.12121212 18.87878788],0
