Feature,DoF,P Value,Chi Square,Observed,Expected,Is Significant
p8,1,3e-06,21.812288,[10 53] ; [51 46],[24.01875 38.98125] ; [36.98125 60.01875],1
p4,1,2.2e-05,17.992539,[18 45] ; [61 36],[31.10625 31.89375] ; [47.89375 49.10625],1
b1,1,0.104985,2.628128,[26 37] ; [28 69],[21.2625 41.7375] ; [32.7375 64.2625],0
p12,1,0.154317,2.029051,[ 8 55] ; [ 6 91],[ 5.5125 57.4875] ; [ 8.4875 88.5125],0
p11,1,0.169677,1.885797,[44 19] ; [77 20],[47.64375 15.35625] ; [73.35625 23.64375],0
p1,1,0.225902,1.466478,[ 9 54] ; [ 8 89],[ 6.69375 56.30625] ; [10.30625 86.69375],0
p5,1,0.717169,0.131221,[ 4 56] ; [ 8 89],[ 4.58598726 55.41401274] ; [ 7.41401274 89.58598726],0
