Feature,DoF,P Value,Chi Square,Observed,Expected,Is Significant
p10,1,0.0,53.224559,[13 61] ; [182  98],[40.76271186 33.23728814] ; [154.23728814 125.76271186],1
p11,1,0.0,25.723654,[26 49] ; [190  94],[45.12534819 29.87465181] ; [170.87465181 113.12534819],1
b1,1,0.000623,11.705449,[43 32] ; [101 183],[30.08356546 44.91643454] ; [113.91643454 170.08356546],1
p8,1,0.036819,4.358774,[10 64] ; [ 70 211],[16.67605634 57.32394366] ; [ 63.32394366 217.67605634],0
p1,1,0.041367,4.160906,[ 6 69] ; [  8 273],[ 2.9494382 72.0505618] ; [ 11.0505618 269.9494382],0
p7,1,0.067345,3.346563,[15 57] ; [ 88 188],[21.31034483 50.68965517] ; [ 81.68965517 194.31034483],0
p5,1,0.275876,1.187296,[ 4 70] ; [  8 274],[ 2.49438202 71.50561798] ; [  9.50561798 272.49438202],0
