Feature,DoF,P Value,Chi Square,Observed,Expected,Is Significant
p9,1,0.0,96.301426,[149  23] ; [33 79],[110.22535211  61.77464789] ; [71.77464789 40.22535211],1
p2,1,0.0,60.340322,[151  21] ; [52 63],[121.65853659  50.34146341] ; [81.34146341 33.65853659],1
p7,1,0.0,45.120794,[110  63] ; [26 87],[82.26573427 90.73426573] ; [53.73426573 59.26573427],1
p11,1,0.0,37.503573,[142  31] ; [55 60],[118.33680556  54.66319444] ; [78.66319444 36.33680556],1
p12,1,0.077699,3.112392,[ 13 160] ; [  3 111],[  9.6445993 163.3554007] ; [  6.3554007 107.6445993],0
b1,1,0.163461,1.941908,[ 64 109] ; [52 63],[ 69.68055556 103.31944444] ; [46.31944444 68.68055556],0
p1,1,0.212034,1.557484,[ 14 158] ; [  5 109],[ 11.42657343 160.57342657] ; [  7.57342657 106.42657343],0
