Feature,DoF,P Value,Chi Square,Observed,Expected,Is Significant
p3,1,0.000191,13.918721,[238  74] ; [17 19],[228.62068966  83.37931034] ; [26.37931034  9.62068966],1
p2,1,0.001753,9.792228,[294  17] ; [29  7],[289.48991354  21.51008646] ; [33.51008646  2.48991354],0
p5,1,0.016388,5.760774,[ 71 241] ; [ 2 34],[ 65.44827586 246.55172414] ; [ 7.55172414 28.44827586],0
p11,1,0.021652,5.273554,[282  30] ; [28  8],[277.93103448  34.06896552] ; [32.06896552  3.93103448],0
p1,1,0.25091,1.318227,[ 39 271] ; [ 7 29],[ 41.21387283 268.78612717] ; [ 4.78612717 31.21387283],0
b1,1,0.392804,0.730245,[118 194] ; [11 25],[115.65517241 196.34482759] ; [13.34482759 22.65517241],0
p12,1,0.985956,0.00031,[ 43 269] ; [ 5 31],[ 43.03448276 268.96551724] ; [ 4.96551724 31.03448276],0
