Feature,DoF,P Value,Chi Square,Observed,Expected,Is Significant
p4,1,0.0,81.460721,[75 95] ; [261  51],[118.50622407  51.49377593] ; [217.49377593  94.50622407],1
p6,1,0.0,75.648032,[ 27 142] ; [176 132],[71.92243187 97.07756813] ; [131.07756813 176.92243187],1
p10,1,0.0,57.912901,[121  48] ; [298  13],[147.52291667  21.47708333] ; [271.47708333  39.52291667],1
p5,1,1e-06,24.323212,[  7 163] ; [ 65 246],[ 25.44698545 144.55301455] ; [ 46.55301455 264.44698545],1
p11,1,1.3e-05,19.061061,[123  47] ; [275  37],[140.37344398  29.62655602] ; [257.62655602  54.37344398],1
p1,1,0.027214,4.87717,[ 10 159] ; [ 38 272],[ 16.93528184 152.06471816] ; [ 31.06471816 278.93528184],0
p12,1,0.02795,4.831142,[ 10 159] ; [ 38 273],[ 16.9 152.1] ; [ 31.1 279.9],0
b1,1,0.11968,2.421498,[ 58 112] ; [129 183],[ 65.95435685 104.04564315] ; [121.04564315 190.95435685],0
