Feature,DoF,P Value,Chi Square,Observed,Expected,Is Significant
p3,1,0.041683,4.14805,[15 78] ; [18 42],[20.05882353 72.94117647] ; [12.94117647 47.05882353],0
p7,1,0.055546,3.665623,[26 66] ; [26 34],[31.47368421 60.52631579] ; [20.52631579 39.47368421],0
p11,1,0.087356,2.922443,[40 54] ; [34 26],[45.16883117 48.83116883] ; [28.83116883 31.16883117],0
p6,1,0.274734,1.192954,[11 81] ; [11 49],[13.31578947 78.68421053] ; [ 8.68421053 51.31578947],0
b1,1,0.358201,0.844191,[51 43] ; [28 32],[48.22077922 45.77922078] ; [30.77922078 29.22077922],0
p10,1,0.397912,0.714626,[17 77] ; [14 45],[19.04575163 74.95424837] ; [11.95424837 47.04575163],0
p1,1,0.727872,0.121074,[ 6 87] ; [ 3 56],[ 5.50657895 87.49342105] ; [ 3.49342105 55.50657895],0
p12,1,0.843979,0.038733,[ 2 91] ; [ 1 58],[ 1.83552632 91.16447368] ; [ 1.16447368 57.83552632],0
