Feature,DoF,P Value,Chi Square,Observed,Expected,Is Significant
p11,1,0.00412,8.230284,[55 25] ; [ 4 10],[50.21276596 29.78723404] ; [8.78723404 5.21276596],0
p4,1,0.24785,1.335385,[56 24] ; [7 6],[54.19354839 25.80645161] ; [8.80645161 4.19354839],0
p5,1,0.741703,0.108636,[ 4 76] ; [ 1 13],[ 4.25531915 75.74468085] ; [ 0.74468085 13.25531915],0
p7,1,0.773635,0.082727,[57 21] ; [9 4],[56.57142857 21.42857143] ; [9.42857143 3.57142857],0
b1,1,0.840726,0.040387,[32 48] ; [6 8],[32.34042553 47.65957447] ; [5.65957447 8.34042553],0
p3,1,0.862851,0.029841,[38 42] ; [7 7],[38.29787234 41.70212766] ; [6.70212766 7.29787234],0
