Feature,DoF,P Value,Chi Square,Observed,Expected,Is Significant
p4,1,0.009962,6.641734,[60 27] ; [33 35],[52.2 34.8] ; [40.8 27.2],0
p5,1,0.097568,2.744846,[ 4 83] ; [ 8 60],[ 6.73548387 80.26451613] ; [ 5.26451613 62.73548387],0
b1,1,0.191168,1.70859,[33 54] ; [19 49],[29.18709677 57.81290323] ; [22.81290323 45.18709677],0
p3,1,0.239545,1.38327,[38 49] ; [23 44],[34.46103896 52.53896104] ; [26.53896104 40.46103896],0
p1,1,0.292014,1.110313,[ 7 80] ; [ 9 59],[ 8.98064516 78.01935484] ; [ 7.01935484 60.98064516],0
p9,1,0.682501,0.167324,[76 11] ; [57 10],[75.13636364 11.86363636] ; [57.86363636  9.13636364],0
p10,1,0.723268,0.125383,[70 16] ; [53 14],[69.1372549 16.8627451] ; [53.8627451 13.1372549],0
p12,1,0.743463,0.107107,[ 3 84] ; [ 3 64],[ 3.38961039 83.61038961] ; [ 2.61038961 64.38961039],0
p11,1,0.791338,0.069999,[61 26] ; [49 19],[61.74193548 25.25806452] ; [48.25806452 19.74193548],0
