Feature,DoF,P Value,Chi Square,Observed,Expected,Is Significant
p10,1,0.0,26.741753,[65 29] ; [12 38],[50.26388889 43.73611111] ; [26.73611111 23.26388889],1
p1,1,0.086156,2.944778,[ 1 93] ; [ 3 47],[ 2.61111111 91.38888889] ; [ 1.38888889 48.61111111],0
p3,1,0.102201,2.670855,[31 63] ; [23 26],[35.4965035 58.5034965] ; [18.5034965 30.4965035],0
p2,1,0.144319,2.131288,[71 23] ; [32 18],[67.23611111 26.76388889] ; [35.76388889 14.23611111],0
p5,1,0.232057,1.428211,[ 1 93] ; [ 2 47],[ 1.97202797 92.02797203] ; [ 1.02797203 47.97202797],0
p11,1,0.250821,1.318726,[60 34] ; [27 23],[56.79166667 37.20833333] ; [30.20833333 19.79166667],0
b1,1,0.614833,0.253197,[41 53] ; [24 26],[42.43055556 51.56944444] ; [22.56944444 27.43055556],0
