Feature,DoF,P Value,Chi Square,Observed,Expected,Is Significant
p11,1,0.000799,11.244538,[247  59] ; [27 19],[238.19318182  67.80681818] ; [35.80681818 10.19318182],1
b1,1,0.001935,9.610089,[ 84 222] ; [23 23],[ 93.01704545 212.98295455] ; [13.98295455 32.01704545],0
p8,1,0.005797,7.612376,[133 165] ; [30 15],[141.61516035 156.38483965] ; [21.38483965 23.61516035],0
p5,1,0.036232,4.386145,[ 16 290] ; [ 6 39],[ 19.17948718 286.82051282] ; [ 2.82051282 42.17948718],0
p6,1,0.067106,3.352427,[ 85 218] ; [19 27],[ 90.29226361 212.70773639] ; [13.70773639 32.29226361],0
p1,1,0.110273,2.550299,[ 11 295] ; [ 4 42],[ 13.03977273 292.96022727] ; [ 1.96022727 44.03977273],0
p12,1,0.499864,0.455226,[ 13 292] ; [ 1 45],[ 12.16524217 292.83475783] ; [ 1.83475783 44.16524217],0
