Feature,DoF,P Value,Chi Square,Observed,Expected,Is Significant
p9,1,0.0,51.018919,[132  72] ; [200  15],[161.64200477  42.35799523] ; [170.35799523  44.64200477],1
p11,1,1e-06,23.308846,[130  82] ; [177  38],[152.42154567  59.57845433] ; [154.57845433  60.42154567],1
p6,1,0.010341,6.575157,[ 19 191] ; [ 37 174],[ 27.93349169 182.06650831] ; [ 28.06650831 182.93349169],0
b1,1,0.100769,2.693327,[ 79 133] ; [ 64 151],[ 70.99765808 141.00234192] ; [ 72.00234192 142.99765808],0
p5,1,0.254966,1.295889,[  4 207] ; [  8 207],[  5.94366197 205.05633803] ; [  6.05633803 208.94366197],0
p12,1,0.480878,0.496872,[ 12 198] ; [  9 204],[ 10.42553191 199.57446809] ; [ 10.57446809 202.42553191],0
p1,1,0.782091,0.076505,[ 10 201] ; [  9 206],[  9.41079812 201.58920188] ; [  9.58920188 205.41079812],0
