Feature,DoF,P Value,Chi Square,Observed,Expected,Is Significant
p9,1,0.0,111.819637,[18 27] ; [354  23],[39.66824645  5.33175355] ; [332.33175355  44.66824645],1
p11,1,0.0,48.089245,[20 25] ; [326  51],[36.8957346  8.1042654] ; [309.1042654  67.8957346],1
p7,1,0.000858,11.111137,[15 30] ; [221 151],[25.4676259 19.5323741] ; [210.5323741 161.4676259],1
b1,1,0.013743,6.07084,[23 22] ; [123 254],[15.56872038 29.43127962] ; [130.43127962 246.56872038],0
p5,1,0.370064,0.803448,[ 2 43] ; [ 31 345],[ 3.52731591 41.47268409] ; [ 29.47268409 346.52731591],0
p3,1,0.545546,0.365356,[22 23] ; [166 210],[20.09501188 24.90498812] ; [167.90498812 208.09501188],0
p1,1,0.656423,0.197898,[ 2 43] ; [ 23 354],[ 2.66587678 42.33412322] ; [ 22.33412322 354.66587678],0
