Feature,DoF,P Value,Chi Square,Observed,Expected,Is Significant
p8,1,0.028002,4.827923,[14 27] ; [16 10],[18.35820896 22.64179104] ; [11.64179104 14.35820896],0
b1,1,0.058016,3.593217,[14 27] ; [15 11],[17.74626866 23.25373134] ; [11.25373134 14.74626866],0
p5,1,0.061254,3.503089,[ 2 39] ; [ 5 21],[ 4.28358209 36.71641791] ; [ 2.71641791 23.28358209],0
p9,1,0.125498,2.347324,[36  5] ; [19  7],[33.65671642  7.34328358] ; [21.34328358  4.65671642],0
p4,1,0.185628,1.75198,[28 13] ; [13 12],[25.46969697 15.53030303] ; [15.53030303  9.46969697],0
p12,1,0.488704,0.479378,[ 4 37] ; [ 4 22],[ 4.89552239 36.10447761] ; [ 3.10447761 22.89552239],0
p11,1,0.50088,0.453072,[27 14] ; [15 11],[25.70149254 15.29850746] ; [16.29850746  9.70149254],0
p3,1,0.569165,0.324082,[20 21] ; [14 11],[21.12121212 19.87878788] ; [12.87878788 12.12121212],0
p1,1,0.717272,0.131122,[ 6 35] ; [ 3 23],[ 5.50746269 35.49253731] ; [ 3.49253731 22.50746269],0
p10,1,0.895908,0.017117,[29 12] ; [18  8],[28.76119403 12.23880597] ; [18.23880597  7.76119403],0
