Feature,DoF,P Value,Chi Square,Observed,Expected,Is Significant
p8,1,0.0,27.258529,[281  89] ; [ 8 19],[269.34508816 100.65491184] ; [19.65491184  7.34508816],1
p10,1,0.001948,9.598203,[332  37] ; [19  8],[327.06818182  41.93181818] ; [23.93181818  3.06818182],0
p11,1,0.007142,7.236817,[319  52] ; [18  9],[314.13819095  56.86180905] ; [22.86180905  4.13819095],0
b1,1,0.025791,4.969966,[149 222] ; [ 5 22],[143.55276382 227.44723618] ; [10.44723618 16.55276382],0
p5,1,0.046407,3.966763,[ 70 300] ; [ 1 26],[ 66.17128463 303.82871537] ; [ 4.82871537 22.17128463],0
p9,1,0.334747,0.930448,[337  34] ; [23  4],[335.57788945  35.42211055] ; [24.42211055  2.57788945],0
p12,1,0.695077,0.153644,[ 36 335] ; [ 2 25],[ 35.42211055 335.57788945] ; [ 2.57788945 24.42211055],0
p1,1,0.969676,0.001445,[ 42 328] ; [ 3 24],[ 41.9395466 328.0604534] ; [ 3.0604534 23.9395466],0
