Feature,DoF,P Value,Chi Square,Observed,Expected,Is Significant
p8,1,0.001793,9.75,[16 10] ; [ 9 30],[10. 16.] ; [15. 24.],0
p9,1,0.003311,8.627683,[19  7] ; [14 25],[13.2 12.8] ; [19.8 19.2],0
p5,1,0.07236,3.228654,[ 5 21] ; [ 2 37],[ 2.8 23.2] ; [ 4.2 34.8],0
p11,1,0.083322,2.998883,[15 11] ; [14 25],[11.6 14.4] ; [17.4 21.6],0
b1,1,0.75991,0.093391,[15 11] ; [21 18],[14.4 11.6] ; [21.6 17.4],0
p3,1,0.865892,0.02852,[14 11] ; [21 18],[13.671875 11.328125] ; [21.328125 17.671875],0
p1,1,0.870243,0.026683,[ 3 23] ; [ 4 35],[ 2.8 23.2] ; [ 4.2 34.8],0
