Feature,DoF,P Value,Chi Square,Observed,Expected,Is Significant
p7,1,0.0,83.336194,[225 192] ; [217  28],[278.41993958 138.58006042] ; [163.58006042  81.41993958],1
p3,1,0.0,58.461363,[185 239] ; [183  64],[232.53651267 191.46348733] ; [135.46348733 111.53651267],1
p8,1,0.0,53.133289,[196 224] ; [186  60],[240.9009009 179.0990991] ; [141.0990991 104.9009009],1
p5,1,0.0,27.007962,[ 35 384] ; [ 56 191],[ 57.25075075 361.74924925] ; [ 33.74924925 213.25075075],1
p1,1,0.00041,12.487073,[ 27 397] ; [ 36 210],[ 39.86865672 384.13134328] ; [ 23.13134328 222.86865672],1
p12,1,0.001306,10.333969,[ 27 397] ; [ 34 213],[ 38.54545455 385.45454545] ; [ 22.45454545 224.54545455],0
b1,1,0.004843,7.937077,[138 287] ; [107 140],[154.94791667 270.05208333] ; [ 90.05208333 156.94791667],0
p11,1,0.909648,0.012878,[361  64] ; [209  38],[360.49107143  64.50892857] ; [209.50892857  37.49107143],0
