Feature,DoF,P Value,Chi Square,Observed,Expected,Is Significant
p12,1,0.225562,1.46863,[ 36 335] ; [ 32 218],[ 40.62479871 330.37520129] ; [ 27.37520129 222.62479871],0
b1,1,0.287623,1.130714,[149 222] ; [112 140],[155.42696629 215.57303371] ; [105.57303371 146.42696629],0
p1,1,0.336,0.925634,[ 42 328] ; [ 35 216],[ 45.87761675 324.12238325] ; [ 31.12238325 219.87761675],0
p5,1,0.374522,0.788606,[ 70 300] ; [ 55 197],[ 74.35691318 295.64308682] ; [ 50.64308682 201.35691318],0
p3,1,0.668944,0.18284,[265 106] ; [176  76],[262.61797753 108.38202247] ; [178.38202247  73.61797753],0
p8,1,0.785391,0.074148,[281  89] ; [193  58],[282.41545894  87.58454106] ; [191.58454106  59.41545894],0
p11,1,0.815543,0.05442,[319  52] ; [215  37],[318.  53.] ; [216.  36.],0
p10,1,0.880322,0.022669,[332  37] ; [224  26],[331.44426494  37.55573506] ; [224.55573506  25.44426494],0
p9,1,0.999637,0.0,[337  34] ; [228  23],[337.00160772  33.99839228] ; [227.99839228  23.00160772],0
