Feature,DoF,P Value,Chi Square,Observed,Expected,Is Significant
p10,1,0.0,86.656775,[297  14] ; [14 17],[282.80994152  28.19005848] ; [28.19005848  2.80994152],1
p11,1,0.0,26.863715,[282  30] ; [18 13],[272.88629738  39.11370262] ; [27.11370262  3.88629738],1
p2,1,0.000375,12.654167,[294  17] ; [24  7],[289.1754386  21.8245614] ; [28.8245614  2.1754386],1
p5,1,0.010876,6.485448,[ 71 241] ; [ 1 30],[ 65.49271137 246.50728863] ; [ 6.50728863 24.49271137],0
p6,1,0.013057,6.161317,[183 129] ; [11 20],[176.4664723 135.5335277] ; [17.5335277 13.4664723],0
b1,1,0.027978,4.829409,[118 194] ; [18 13],[123.70845481 188.29154519] ; [12.29154519 18.70845481],0
p7,1,0.142757,2.147991,[269  42] ; [23  7],[266.31085044  44.68914956] ; [25.68914956  4.31085044],0
p1,1,0.317112,1.000821,[ 39 271] ; [ 2 29],[ 37.27272727 272.72727273] ; [ 3.72727273 27.27272727],0
