Feature,DoF,P Value,Chi Square,Observed,Expected,Is Significant
b1,1,0.059242,3.558487,[ 84 222] ; [33 54],[ 91.09923664 214.90076336] ; [25.90076336 61.09923664],0
p1,1,0.075229,3.165078,[ 11 295] ; [ 7 79],[ 14.05102041 291.94897959] ; [ 3.94897959 82.05102041],0
p10,1,0.1214,2.399171,[268  37] ; [70 16],[263.657289  41.342711] ; [74.342711 11.657289],0
p12,1,0.544218,0.367778,[ 13 292] ; [ 5 81],[ 14.04092072 290.95907928] ; [ 3.95907928 82.04092072],0
p11,1,0.66763,0.184387,[247  59] ; [72 15],[248.38167939  57.61832061] ; [70.61832061 16.38167939],0
p5,1,0.813178,0.055851,[ 16 290] ; [ 4 83],[ 15.57251908 290.42748092] ; [ 4.42748092 82.57251908],0
p6,1,0.877044,0.023938,[ 85 218] ; [24 59],[ 85.56217617 217.43782383] ; [23.43782383 59.56217617],0
