Feature,DoF,P Value,Chi Square,Observed,Expected,Is Significant
p9,1,1.2e-05,19.18043,[172   8] ; [69 19],[161.86567164  18.13432836] ; [79.13432836  8.86567164],1
p6,1,0.000567,11.881726,[ 29 151] ; [30 56],[ 39.92481203 140.07518797] ; [19.07518797 66.92481203],1
p11,1,0.006717,7.347116,[147  34] ; [59 30],[138.0962963  42.9037037] ; [67.9037037 21.0962963],0
p12,1,0.05357,3.726057,[ 15 165] ; [ 2 87],[ 11.37546468 168.62453532] ; [ 5.62453532 83.37546468],0
p1,1,0.522643,0.408674,[ 14 167] ; [ 5 84],[ 12.73703704 168.26296296] ; [ 6.26296296 82.73703704],0
p5,1,0.537505,0.380183,[ 14 167] ; [ 5 83],[ 12.78438662 168.21561338] ; [ 6.21561338 81.78438662],0
b1,1,0.857328,0.03232,[ 55 126] ; [28 61],[ 55.64074074 125.35925926] ; [27.35925926 61.64074074],0
