Feature,DoF,P Value,Chi Square,Observed,Expected,Is Significant
p9,1,1e-06,23.501376,[19  9] ; [237  14],[25.69175627  2.30824373] ; [230.30824373  20.69175627],1
p5,1,0.002716,8.989237,[ 6 20] ; [ 16 235],[ 2.06498195 23.93501805] ; [ 19.93501805 231.06498195],0
b1,1,0.014385,5.990253,[16 12] ; [ 85 167],[10.1 17.9] ; [ 90.9 161.1],0
p6,1,0.043308,4.083321,[13 15] ; [ 70 180],[ 8.35971223 19.64028777] ; [ 74.64028777 175.35971223],0
p3,1,0.062163,3.47871,[16 12] ; [ 98 154],[11.4 16.6] ; [102.6 149.4],0
p1,1,0.583411,0.300752,[ 2 26] ; [ 12 240],[ 1.4 26.6] ; [ 12.6 239.4],0
p11,1,0.591051,0.288707,[21  7] ; [200  52],[22.1  5.9] ; [198.9  53.1],0
p12,1,0.658241,0.195667,[ 2 26] ; [ 13 239],[ 1.5 26.5] ; [ 13.5 238.5],0
