Feature,DoF,P Value,Chi Square,Observed,Expected,Is Significant
b1,1,0.002618,9.056146,[ 92 170] ; [21 13],[100.02027027 161.97972973] ; [12.97972973 21.02027027],0
p1,1,0.010799,6.498082,[ 11 251] ; [ 5 29],[ 14.16216216 247.83783784] ; [ 1.83783784 32.16216216],0
p4,1,0.049516,3.85776,[100 161] ; [19 15],[105.28474576 155.71525424] ; [13.71525424 20.28474576],0
p11,1,0.2926,1.107619,[199  63] ; [23 11],[196.5  65.5] ; [25.5  8.5],0
p3,1,0.340519,0.908477,[ 86 175] ; [14 20],[ 88.47457627 172.52542373] ; [11.52542373 22.47457627],0
p5,1,0.500924,0.452978,[ 15 241] ; [ 3 31],[ 15.88965517 240.11034483] ; [ 2.11034483 31.88965517],0
p2,1,0.823991,0.049468,[195  66] ; [26  8],[195.52881356  65.47118644] ; [25.47118644  8.52881356],0
