Feature,DoF,P Value,Chi Square,Observed,Expected,Is Significant
p9,1,0.0,72.107121,[6 7] ; [190   3],[12.36893204  0.63106796] ; [183.63106796   9.36893204],1
p4,1,1e-05,19.598738,[7 6] ; [178  15],[11.67475728  1.32524272] ; [173.32524272  19.67475728],1
p11,1,1e-05,19.524652,[5 8] ; [166  27],[10.79126214  2.20873786] ; [160.20873786  32.79126214],1
p7,1,0.000844,11.141005,[8 5] ; [175  17],[11.60487805  1.39512195] ; [171.39512195  20.60487805],1
p8,1,0.004094,8.241659,[6 7] ; [154  38],[10.14634146  2.85365854] ; [149.85365854  42.14634146],0
b1,1,0.098435,2.730723,[9 4] ; [ 88 105],[6.12135922 6.87864078] ; [ 90.87864078 102.12135922],0
p5,1,0.124317,2.362074,[ 1 12] ; [ 52 141],[3.34466019 9.65533981] ; [ 49.65533981 143.34466019],0
p1,1,0.394169,0.726044,[ 1 12] ; [ 32 160],[ 2.09268293 10.90731707] ; [ 30.90731707 161.09268293],0
