Feature,DoF,P Value,Chi Square,Observed,Expected,Is Significant
p10,1,1.2e-05,19.09628,[121  48] ; [ 5 16],[112.07368421  56.92631579] ; [13.92631579  7.07368421],1
b1,1,0.000189,13.940792,[ 58 112] ; [16  5],[ 65.86387435 104.13612565] ; [ 8.13612565 12.86387435],1
p11,1,0.000297,13.091644,[123  47] ; [ 7 14],[115.70680628  54.29319372] ; [14.29319372  6.70680628],1
p6,1,0.645863,0.211156,[ 27 142] ; [ 4 16],[ 27.71957672 141.28042328] ; [ 3.28042328 16.71957672],0
p1,1,0.830712,0.045706,[ 10 159] ; [ 1 20],[  9.78421053 159.21578947] ; [ 1.21578947 19.78421053],0
p5,1,0.889419,0.019332,[  7 163] ; [ 1 20],[  7.12041885 162.87958115] ; [ 0.87958115 20.12041885],0
