Feature,DoF,P Value,Chi Square,Observed,Expected,Is Significant
p9,1,0.000602,11.769298,[19  9] ; [15 38],[11.75308642 16.24691358] ; [22.24691358 30.75308642],1
p11,1,0.004073,8.2511,[21  7] ; [22 31],[14.86419753 13.13580247] ; [28.13580247 24.86419753],0
p8,1,0.005925,7.57295,[17 10] ; [16 36],[11.27848101 15.72151899] ; [21.72151899 30.27848101],0
p5,1,0.055381,3.670588,[ 6 20] ; [ 4 48],[ 3.33333333 22.66666667] ; [ 6.66666667 45.33333333],0
p12,1,0.233545,1.419137,[ 2 26] ; [ 1 52],[ 1.03703704 26.96296296] ; [ 1.96296296 51.03703704],0
b1,1,0.309938,1.030938,[16 12] ; [24 29],[13.82716049 14.17283951] ; [26.17283951 26.82716049],0
p1,1,0.50566,0.443037,[ 2 26] ; [ 2 51],[ 1.38271605 26.61728395] ; [ 2.61728395 50.38271605],0
p3,1,0.594916,0.282732,[16 12] ; [27 26],[14.86419753 13.13580247] ; [28.13580247 24.86419753],0
