Feature,DoF,P Value,Chi Square,Observed,Expected,Is Significant
p10,1,0.0,50.974515,[23 73] ; [56 14],[45.68674699 50.31325301] ; [33.31325301 36.68674699],1
p7,1,0.0,43.664447,[28 66] ; [58 13],[48.99393939 45.00606061] ; [37.00606061 33.99393939],1
p2,1,0.0,39.338456,[41 55] ; [64  7],[60.35928144 35.64071856] ; [44.64071856 26.35928144],1
p8,1,0.0,32.489443,[15 81] ; [41 30],[32.19161677 63.80838323] ; [23.80838323 47.19161677],1
p11,1,0.0,27.715614,[41 55] ; [59 12],[57.48502994 38.51497006] ; [42.51497006 28.48502994],1
b1,1,0.005167,7.819979,[52 44] ; [23 48],[43.11377246 52.88622754] ; [31.88622754 39.11377246],0
p5,1,0.008347,6.957428,[ 1 95] ; [ 7 64],[ 4.5988024 91.4011976] ; [ 3.4011976 67.5988024],0
p12,1,0.087537,2.919088,[ 1 94] ; [ 4 67],[ 2.86144578 92.13855422] ; [ 2.13855422 68.86144578],0
p1,1,0.633625,0.227177,[ 5 90] ; [ 5 66],[ 5.72289157 89.27710843] ; [ 4.27710843 66.72289157],0
