Feature,DoF,P Value,Chi Square,Observed,Expected,Is Significant
p7,1,0.274059,1.196319,[31 74] ; [26 87],[27.45412844 77.54587156] ; [29.54587156 83.45412844],0
p12,1,0.344292,0.894385,[  1 106] ; [  3 111],[  1.93665158 105.06334842] ; [  2.06334842 111.93665158],0
b1,1,0.393803,0.727167,[55 53] ; [52 63],[51.8206278 56.1793722] ; [55.1793722 59.8206278],0
p4,1,0.418169,0.655454,[26 80] ; [23 92],[23.50226244 82.49773756] ; [25.49773756 89.50226244],0
p11,1,0.713345,0.134959,[49 59] ; [55 60],[50.367713 57.632287] ; [53.632287 61.367713],0
p2,1,0.871603,0.026122,[50 58] ; [52 63],[49.39910314 58.60089686] ; [52.60089686 62.39910314],0
p1,1,0.918312,0.010519,[  5 102] ; [  5 109],[  4.84162896 102.15837104] ; [  5.15837104 108.84162896],0
