Feature,DoF,P Value,Chi Square,Observed,Expected,Is Significant
p11,1,0.0,33.943947,[185  25] ; [16 18],[172.99180328  37.00819672] ; [28.00819672  5.99180328],1
p10,1,0.0,31.369731,[196  13] ; [21 13],[186.63786008  22.36213992] ; [30.36213992  3.63786008],1
b1,1,0.03938,4.24441,[ 67 143] ; [17 17],[ 72.29508197 137.70491803] ; [11.70491803 22.29508197],0
p3,1,0.318339,0.995758,[112  98] ; [15 19],[109.30327869 100.69672131] ; [17.69672131 16.30327869],0
p1,1,0.532275,0.390047,[ 19 189] ; [ 2 32],[ 18.04958678 189.95041322] ; [ 2.95041322 31.04958678],0
p12,1,0.56223,0.335858,[ 11 198] ; [ 1 33],[ 10.32098765 198.67901235] ; [ 1.67901235 32.32098765],0
