Feature,DoF,P Value,Chi Square,Observed,Expected,Is Significant
p9,1,0.0,116.879089,[172   8] ; [15 38],[144.46351931  35.53648069] ; [42.53648069 10.46351931],1
p11,1,0.0,32.216866,[147  34] ; [22 31],[130.72222222  50.27777778] ; [38.27777778 14.72222222],1
p3,1,0.029791,4.721332,[ 62 118] ; [27 26],[ 68.75536481 111.24463519] ; [20.24463519 32.75536481],0
b1,1,0.043706,4.06787,[ 55 126] ; [24 29],[ 61.10683761 119.89316239] ; [17.89316239 35.10683761],0
p12,1,0.102863,2.660591,[ 15 165] ; [ 1 52],[ 12.36051502 167.63948498] ; [ 3.63948498 49.36051502],0
p1,1,0.314941,1.009839,[ 14 167] ; [ 2 51],[ 12.37606838 168.62393162] ; [ 3.62393162 49.37606838],0
p8,1,0.824193,0.049353,[ 58 121] ; [16 36],[ 57.34199134 121.65800866] ; [16.65800866 35.34199134],0
p5,1,0.991928,0.000102,[ 14 167] ; [ 4 48],[ 13.98283262 167.01716738] ; [ 4.01716738 47.98283262],0
