Feature,DoF,P Value,Chi Square,Observed,Expected,Is Significant
p10,1,0.0,66.027731,[64 19] ; [21 91],[36.17948718 46.82051282] ; [48.82051282 63.17948718],1
p4,1,0.0,43.066646,[63 21] ; [31 81],[40.28571429 43.71428571] ; [53.71428571 58.28571429],1
p2,1,4.3e-05,16.724314,[61 23] ; [49 64],[46.9035533 37.0964467] ; [63.0964467 49.9035533],1
p11,1,0.000145,14.435638,[60 24] ; [50 63],[46.9035533 37.0964467] ; [63.0964467 49.9035533],1
p5,1,0.004064,8.25517,[11 71] ; [  3 110],[ 5.88717949 76.11282051] ; [  8.11282051 104.88717949],0
p12,1,0.004278,8.161814,[ 8 76] ; [  1 111],[ 3.85714286 80.14285714] ; [  5.14285714 106.85714286],0
p1,1,0.102081,2.672727,[12 72] ; [  8 104],[ 8.57142857 75.42857143] ; [ 11.42857143 100.57142857],0
b1,1,0.167825,1.902263,[37 47] ; [61 52],[41.78680203 42.21319797] ; [56.21319797 56.78680203],0
