Feature,DoF,P Value,Chi Square,Observed,Expected,Is Significant
p10,1,0.0,36.301979,[13 61] ; [24  6],[26.32692308 47.67307692] ; [10.67307692 19.32692308],1
p7,1,0.0,35.672251,[15 57] ; [24  4],[28.08 43.92] ; [10.92 17.08],1
p11,1,9.7e-05,15.1875,[26 49] ; [23  7],[35. 40.] ; [14. 16.],1
p1,1,0.031158,4.644231,[ 6 69] ; [ 7 23],[ 9.28571429 65.71428571] ; [ 3.71428571 26.28571429],0
b1,1,0.108147,2.581091,[43 32] ; [12 18],[39.28571429 35.71428571] ; [15.71428571 14.28571429],0
p3,1,0.431587,0.618549,[17 58] ; [ 9 21],[18.57142857 56.42857143] ; [ 7.42857143 22.57142857],0
p5,1,0.802645,0.062462,[ 4 70] ; [ 2 28],[ 4.26923077 69.73076923] ; [ 1.73076923 28.26923077],0
