Feature,DoF,P Value,Chi Square,Observed,Expected,Is Significant
p3,1,0.089667,2.88034,[ 54 116] ; [ 8 35],[ 49.48356808 120.51643192] ; [12.51643192 30.48356808],0
p11,1,0.219666,1.506554,[123  47] ; [27 16],[119.71830986  50.28169014] ; [30.28169014 12.71830986],0
p12,1,0.343098,0.898821,[ 10 159] ; [ 1 42],[  8.76886792 160.23113208] ; [ 2.23113208 40.76886792],0
b1,1,0.703664,0.144688,[ 58 112] ; [16 27],[ 59.06103286 110.93896714] ; [14.93896714 28.06103286],0
p1,1,0.795965,0.06686,[ 10 159] ; [ 3 40],[ 10.36320755 158.63679245] ; [ 2.63679245 40.36320755],0
p6,1,0.913279,0.01186,[ 27 142] ; [ 7 35],[ 27.23222749 141.76777251] ; [ 6.76777251 35.23222749],0
