Feature,DoF,P Value,Chi Square,Observed,Expected,Is Significant
p9,1,0.002879,8.882749,[189  20] ; [235   7],[196.48780488  12.51219512] ; [227.51219512  14.48780488],0
p11,1,0.238585,1.388935,[185  24] ; [205  37],[180.73170732  28.26829268] ; [209.26829268  32.73170732],0
p5,1,0.364825,0.821217,[ 57 152] ; [ 57 185],[ 52.82926829 156.17073171] ; [ 61.17073171 180.82926829],0
p1,1,0.43718,0.603672,[ 33 175] ; [ 32 209],[ 30.11135857 177.88864143] ; [ 34.88864143 206.11135857],0
p3,1,0.566819,0.328034,[156  52] ; [175  66],[153.3363029  54.6636971] ; [177.6636971  63.3363029],0
p4,1,0.669455,0.18224,[184  24] ; [210  31],[182.52115813  25.47884187] ; [211.47884187  29.52115813],0
p12,1,0.681643,0.168282,[ 34 174] ; [ 36 205],[ 32.42761693 175.57238307] ; [ 37.57238307 203.42761693],0
b1,1,0.82352,0.049738,[ 92 117] ; [104 138],[ 90.82926829 118.17073171] ; [105.17073171 136.82926829],0
p2,1,0.930484,0.00761,[193  16] ; [224  18],[193.24390244  15.75609756] ; [223.75609756  18.24390244],0
