Feature,DoF,P Value,Chi Square,Observed,Expected,Is Significant
p6,1,0.0,34.015699,[38 82] ; [ 14 188],[ 19.37888199 100.62111801] ; [ 32.62111801 169.37888199],1
p9,1,0.0,31.072479,[114   7] ; [132  64],[93.89905363 27.10094637] ; [152.10094637  43.89905363],1
p2,1,3e-06,22.161132,[98 23] ; [112  91],[78.42592593 42.57407407] ; [131.57407407  71.42592593],1
p11,1,0.000495,12.135757,[98 23] ; [127  76],[84.02777778 36.97222222] ; [140.97222222  62.02777778],1
p5,1,0.014517,5.974159,[ 11 107] ; [  6 196],[  6.26875 111.73125] ; [ 10.73125 191.26875],0
p1,1,0.05004,3.840106,[ 13 108] ; [ 10 192],[  8.61609907 112.38390093] ; [ 14.38390093 187.61609907],0
b1,1,0.058723,3.573078,[57 64] ; [ 74 129],[48.92283951 72.07716049] ; [ 82.07716049 120.92283951],0
p12,1,0.369692,0.804698,[  9 112] ; [ 10 190],[  7.16199377 113.83800623] ; [ 11.83800623 188.16199377],0
