Feature,DoF,P Value,Chi Square,Observed,Expected,Is Significant
p10,1,0.0,45.410155,[13 61] ; [38 10],[30.93442623 43.06557377] ; [20.06557377 27.93442623],1
p4,1,0.0,29.69955,[18 55] ; [36 12],[32.5785124 40.4214876] ; [21.4214876 26.5785124],1
p7,1,0.0,27.552083,[15 57] ; [33 15],[28.8 43.2] ; [19.2 28.8],1
p11,1,0.002497,9.142716,[26 49] ; [30 18],[34.14634146 40.85365854] ; [21.85365854 26.14634146],0
p1,1,0.246676,1.342033,[ 6 69] ; [ 7 41],[ 7.92682927 67.07317073] ; [ 5.07317073 42.92682927],0
p5,1,0.365908,0.817514,[ 4 70] ; [ 1 47],[ 3.03278689 70.96721311] ; [ 1.96721311 46.03278689],0
b1,1,0.42303,0.641883,[43 32] ; [31 17],[45.12195122 29.87804878] ; [28.87804878 19.12195122],0
