Feature,DoF,P Value,Chi Square,Observed,Expected,Is Significant
p10,1,0.0,30.11782,[29  4] ; [ 9 30],[17.41666667 15.58333333] ; [20.58333333 18.41666667],1
p11,1,0.004652,8.010172,[26  7] ; [18 21],[20.16666667 12.83333333] ; [23.83333333 15.16666667],0
p5,1,0.051788,3.782602,[ 8 25] ; [ 3 36],[ 5.04166667 27.95833333] ; [ 5.95833333 33.04166667],0
b1,1,0.080929,3.046154,[11 22] ; [21 18],[14.66666667 18.33333333] ; [17.33333333 21.66666667],0
p1,1,0.315624,1.006993,[ 5 28] ; [ 3 36],[ 3.66666667 29.33333333] ; [ 4.33333333 34.66666667],0
p7,1,0.462643,0.539493,[20 12] ; [21 18],[18.47887324 13.52112676] ; [22.52112676 16.47887324],0
p4,1,0.620979,0.244494,[17 15] ; [23 16],[18.02816901 13.97183099] ; [21.97183099 17.02816901],0
