Feature,DoF,P Value,Chi Square,Observed,Expected,Is Significant
p9,1,3e-06,21.907247,[13 61] ; [66 64],[28.65686275 45.34313725] ; [50.34313725 79.65686275],1
p11,1,0.010867,6.486865,[26 51] ; [71 66],[34.90186916 42.09813084] ; [62.09813084 74.90186916],0
p1,1,0.550139,0.357068,[ 4 73] ; [ 10 127],[ 5.03738318 71.96261682] ; [  8.96261682 128.03738318],0
b1,1,0.627635,0.235281,[42 35] ; [70 67],[40.29906542 36.70093458] ; [71.70093458 65.29906542],0
p3,1,0.703192,0.145173,[13 64] ; [ 26 111],[14.03271028 62.96728972] ; [ 24.96728972 112.03271028],0
p7,1,0.803584,0.061858,[14 61] ; [ 23 110],[13.34134615 61.65865385] ; [ 23.65865385 109.34134615],0
p4,1,0.826294,0.048161,[15 62] ; [ 28 107],[15.61792453 61.38207547] ; [ 27.38207547 107.61792453],0
p5,1,0.945681,0.004642,[ 3 73] ; [  5 128],[ 2.90909091 73.09090909] ; [  5.09090909 127.90909091],0
