Feature,DoF,P Value,Chi Square,Observed,Expected,Is Significant
p10,1,1e-06,24.510583,[64 19] ; [11 26],[51.875 31.125] ; [23.125 13.875],1
p4,1,5e-06,20.828802,[63 21] ; [12 26],[51.63934426 32.36065574] ; [23.36065574 14.63934426],1
p1,1,0.05336,3.732613,[12 72] ; [ 1 37],[ 8.95081967 75.04918033] ; [ 4.04918033 33.95081967],0
p5,1,0.067012,3.354728,[11 71] ; [ 1 37],[ 8.2 73.8] ; [ 3.8 34.2],0
p11,1,0.080031,3.064273,[60 24] ; [21 17],[55.7704918 28.2295082] ; [25.2295082 12.7704918],0
b1,1,0.156383,2.008857,[37 47] ; [22 16],[40.62295082 43.37704918] ; [18.37704918 19.62295082],0
p12,1,0.177438,1.818952,[ 8 76] ; [ 1 37],[ 6.19672131 77.80327869] ; [ 2.80327869 35.19672131],0
p2,1,0.634969,0.225382,[61 23] ; [26 12],[59.90163934 24.09836066] ; [27.09836066 10.90163934],0
