Feature,DoF,P Value,Chi Square,Observed,Expected,Is Significant
p11,1,0.0,30.914495,[21 17] ; [289  36],[32.45179063  5.54820937] ; [277.54820937  47.45179063],1
p2,1,1e-06,23.230407,[26 12] ; [300  23],[34.31578947  3.68421053] ; [291.68421053  31.31578947],1
p6,1,0.000778,11.294063,[10 28] ; [178 145],[19.78947368 18.21052632] ; [168.21052632 154.78947368],1
p5,1,0.004228,8.183382,[ 1 37] ; [ 72 250],[ 7.70555556 30.29444444] ; [ 65.29444444 256.70555556],0
p12,1,0.044775,4.027092,[ 1 37] ; [ 46 278],[ 4.93370166 33.06629834] ; [ 42.06629834 281.93370166],0
b1,1,0.054142,3.708306,[22 16] ; [135 190],[16.43526171 21.56473829] ; [140.56473829 184.43526171],0
p1,1,0.072367,3.22851,[ 1 37] ; [ 40 282],[ 4.32777778 33.67222222] ; [ 36.67222222 285.32777778],0
