Feature,DoF,P Value,Chi Square,Observed,Expected,Is Significant
p4,1,0.0,186.436554,[ 82 194] ; [238  35],[160.87431694 115.12568306] ; [159.12568306 113.87431694],1
p7,1,0.0,126.679336,[115 155] ; [240  31],[177.17190388  92.82809612] ; [177.82809612  93.17190388],1
p5,1,0.0,38.906609,[ 14 261] ; [ 65 208],[ 39.64416058 235.35583942] ; [ 39.35583942 233.64416058],1
p2,1,0.0,26.061442,[218  59] ; [255  17],[238.65391621  38.34608379] ; [234.34608379  37.65391621],1
p1,1,1.4e-05,18.891556,[ 11 266] ; [ 40 231],[ 25.77919708 251.22080292] ; [ 25.22080292 245.77919708],1
p10,1,2.1e-05,18.055171,[239  37] ; [262   9],[252.78976234  23.21023766] ; [248.21023766  22.78976234],1
p11,1,6.4e-05,15.976058,[217  61] ; [247  26],[234.10526316  43.89473684] ; [229.89473684  43.10526316],1
p12,1,0.000147,14.415591,[ 14 263] ; [ 40 232],[ 27.24590164 249.75409836] ; [ 26.75409836 245.24590164],1
b1,1,0.051119,3.804364,[ 84 194] ; [104 169],[ 94.85299456 183.14700544] ; [ 93.14700544 179.85299456],0
