Feature,DoF,P Value,Chi Square,Observed,Expected,Is Significant
p7,1,0.003866,8.345646,[11 12] ; [30  6],[15.98305085  7.01694915] ; [25.01694915 10.98305085],0
p6,1,0.004037,8.267294,[ 3 21] ; [17 18],[ 8.13559322 15.86440678] ; [11.86440678 23.13559322],0
p3,1,0.044129,4.051627,[ 7 17] ; [20 16],[10.8 13.2] ; [16.2 19.8],0
p2,1,0.052893,3.747296,[14 10] ; [30  7],[17.31147541  6.68852459] ; [26.68852459 10.31147541],0
p11,1,0.366141,0.816718,[17  7] ; [22 15],[15.3442623  8.6557377] ; [23.6557377 13.3442623],0
p1,1,0.535184,0.384539,[ 2 22] ; [ 5 32],[ 2.75409836 21.24590164] ; [ 4.24590164 32.75409836],0
b1,1,0.607113,0.2644,[14 10] ; [24 13],[14.95081967  9.04918033] ; [23.04918033 13.95081967],0
