Feature,DoF,P Value,Chi Square,Observed,Expected,Is Significant
p8,1,0.0,35.429268,[10 64] ; [30 15],[24.87394958 49.12605042] ; [15.12605042 29.87394958],1
p3,1,0.000872,11.08123,[17 58] ; [24 22],[25.41322314 49.58677686] ; [15.58677686 30.41322314],1
p11,1,0.009707,6.687912,[26 49] ; [27 19],[32.85123967 42.14876033] ; [20.14876033 25.85123967],0
p5,1,0.130631,2.284989,[ 4 70] ; [ 6 39],[ 6.21848739 67.78151261] ; [ 3.78151261 41.21848739],0
b1,1,0.431626,0.618444,[43 32] ; [23 23],[40.90909091 34.09090909] ; [25.09090909 20.90909091],0
p1,1,0.892686,0.0182,[ 6 69] ; [ 4 42],[ 6.19834711 68.80165289] ; [ 3.80165289 42.19834711],0
