Feature,DoF,P Value,Chi Square,Observed,Expected,Is Significant
p2,1,0.002223,9.355559,[33 12] ; [50 58],[24.41176471 20.58823529] ; [58.58823529 49.41176471],0
p5,1,0.155543,2.017034,[ 2 43] ; [  1 106],[ 0.88815789 44.11184211] ; [  2.11184211 104.88815789],0
p7,1,0.642875,0.215002,[15 30] ; [31 74],[13.8 31.2] ; [32.2 72.8],0
p11,1,0.916474,0.010999,[20 25] ; [49 59],[20.29411765 24.70588235] ; [48.70588235 59.29411765],0
p1,1,0.951084,0.003763,[ 2 43] ; [  5 102],[ 2.07236842 42.92763158] ; [  4.92763158 102.07236842],0
b1,1,0.983343,0.000436,[23 22] ; [55 53],[22.94117647 22.05882353] ; [55.05882353 52.94117647],0
