Feature,DoF,P Value,Chi Square,Observed,Expected,Is Significant
p9,1,0.0,65.389124,[13 54] ; [46  2],[34.37391304 32.62608696] ; [24.62608696 23.37391304],1
p7,1,0.0,29.517344,[13 55] ; [31 13],[26.71428571 41.28571429] ; [17.28571429 26.71428571],1
p8,1,0.0,28.214978,[ 5 65] ; [24 24],[17.20338983 52.79661017] ; [11.79661017 36.20338983],1
p11,1,0.000299,13.079651,[23 47] ; [32 16],[32.62711864 37.37288136] ; [22.37288136 25.62711864],1
p3,1,0.016443,5.754876,[ 9 60] ; [15 33],[14.15384615 54.84615385] ; [ 9.84615385 38.15384615],0
p1,1,0.055444,3.668686,[ 5 65] ; [ 9 39],[ 8.30508475 61.69491525] ; [ 5.69491525 42.30508475],0
b1,1,0.085107,2.964572,[39 31] ; [19 29],[34.40677966 35.59322034] ; [23.59322034 24.40677966],0
p12,1,0.148228,2.090387,[ 1 69] ; [ 3 44],[ 2.39316239 67.60683761] ; [ 1.60683761 45.39316239],0
p5,1,0.155117,2.021194,[ 1 69] ; [ 3 45],[ 2.37288136 67.62711864] ; [ 1.62711864 46.37288136],0
