Feature,DoF,P Value,Chi Square,Observed,Expected,Is Significant
p8,1,9.6e-05,15.207996,[ 98 175] ; [30 15],[109.88679245 163.11320755] ; [18.11320755 26.88679245],1
p11,1,0.004789,7.957266,[217  61] ; [27 19],[209.35802469  68.64197531] ; [34.64197531 11.35802469],0
b1,1,0.008222,6.984574,[ 84 194] ; [23 23],[ 91.80864198 186.19135802] ; [15.19135802 30.80864198],0
p5,1,0.034216,4.483879,[ 14 261] ; [ 6 39],[ 17.1875 257.8125] ; [ 2.8125 42.1875],0
p1,1,0.158502,1.988456,[ 11 266] ; [ 4 42],[ 12.86377709 264.13622291] ; [ 2.13622291 43.86377709],0
p12,1,0.389976,0.739018,[ 14 263] ; [ 1 45],[ 12.86377709 264.13622291] ; [ 2.13622291 43.86377709],0
p2,1,0.789309,0.0714,[218  59] ; [37  9],[218.68421053  58.31578947] ; [36.31578947  9.68421053],0
