Feature,DoF,P Value,Chi Square,Observed,Expected,Is Significant
p10,1,1e-06,23.348911,[78 22] ; [20 32],[64.47368421 35.52631579] ; [33.52631579 18.47368421],1
p11,1,0.002414,9.204573,[80 21] ; [29 23],[71.95424837 29.04575163] ; [37.04575163 14.95424837],0
b1,1,0.00355,8.500679,[30 71] ; [28 24],[38.2875817 62.7124183] ; [19.7124183 32.2875817],0
p4,1,0.041339,4.162052,[64 37] ; [24 28],[58.09150327 42.90849673] ; [29.90849673 22.09150327],0
p12,1,0.360827,0.835011,[ 5 96] ; [ 1 51],[ 3.96078431 97.03921569] ; [ 2.03921569 49.96078431],0
p8,1,0.45706,0.553085,[52 49] ; [23 28],[49.83552632 51.16447368] ; [25.16447368 25.83552632],0
p5,1,0.598638,0.277055,[ 6 95] ; [ 2 49],[ 5.31578947 95.68421053] ; [ 2.68421053 48.31578947],0
