Feature,DoF,P Value,Chi Square,Observed,Expected,Is Significant
p9,1,0.0,35.394072,[176  40] ; [18 28],[159.9389313  56.0610687] ; [34.0610687 11.9389313],1
p8,1,0.000145,14.439797,[ 77 137] ; [30 15],[ 88.40926641 125.59073359] ; [18.59073359 26.40926641],1
p6,1,0.000262,13.321999,[ 37 180] ; [19 27],[ 46.20532319 170.79467681] ; [ 9.79467681 36.20532319],1
p5,1,0.001822,9.720476,[  6 214] ; [ 6 39],[  9.96226415 210.03773585] ; [ 2.03773585 42.96226415],0
b1,1,0.002917,8.858432,[ 61 160] ; [23 23],[ 69.52808989 151.47191011] ; [14.47191011 31.52808989],0
p11,1,0.01055,6.539548,[170  51] ; [27 19],[163.05992509  57.94007491] ; [33.94007491 12.05992509],0
p1,1,0.013315,6.12679,[  4 215] ; [ 4 42],[  6.61132075 212.38867925] ; [ 1.38867925 44.61132075],0
p12,1,0.611428,0.258101,[  8 210] ; [ 1 45],[  7.43181818 210.56818182] ; [ 1.56818182 44.43181818],0
