Feature,DoF,P Value,Chi Square,Observed,Expected,Is Significant
p11,1,0.0,66.911924,[318  39] ; [18 26],[299.13216958  57.86783042] ; [36.86783042  7.13216958],1
p6,1,0.001371,10.244425,[193 160] ; [12 30],[183.20253165 169.79746835] ; [21.79746835 20.20253165],0
b1,1,0.003625,8.462513,[145 212] ; [28 16],[154.01745636 202.98254364] ; [18.98254364 25.01745636],0
p4,1,0.024833,5.035476,[281  76] ; [28 16],[275.09476309  81.90523691] ; [33.90523691 10.09476309],0
p5,1,0.12131,2.400326,[ 66 291] ; [ 4 40],[ 62.319202 294.680798] ; [ 7.680798 36.319202],0
p1,1,0.321434,0.983104,[ 42 313] ; [ 3 41],[ 40.03759398 314.96240602] ; [ 4.96240602 39.03759398],0
