Feature,DoF,P Value,Chi Square,Observed,Expected,Is Significant
p3,1,0.0,64.261487,[261  97] ; [44 88],[222.83673469 135.16326531] ; [82.16326531 49.83673469],1
p8,1,0.0,38.914668,[269  88] ; [59 71],[240.44353183 116.55646817] ; [87.55646817 42.44353183],1
p10,1,0.0,31.78526,[339  18] ; [103  29],[322.68711656  34.31288344] ; [119.31288344  12.68711656],1
p5,1,3e-06,22.128971,[ 73 283] ; [  4 128],[ 56.17213115 299.82786885] ; [ 20.82786885 111.17213115],1
p2,1,6.1e-05,16.061297,[337  19] ; [110  22],[326.09016393  29.90983607] ; [120.90983607  11.09016393],1
p11,1,0.000426,12.415921,[315  43] ; [99 33],[302.47346939  55.52653061] ; [111.52653061  20.47346939],1
p1,1,0.000713,11.455425,[ 40 316] ; [  2 129],[ 30.70225873 325.29774127] ; [ 11.29774127 119.70225873],1
p12,1,0.017815,5.614252,[ 38 320] ; [  5 127],[ 31.41632653 326.58367347] ; [ 11.58367347 120.41632653],0
b1,1,0.804616,0.061196,[140 218] ; [50 82],[138.81632653 219.18367347] ; [51.18367347 80.81632653],0
