Feature,DoF,P Value,Chi Square,Observed,Expected,Is Significant
p3,1,0.170731,1.876509,[7 6] ; [ 6 14],[5.12121212 7.87878788] ; [ 7.87878788 12.12121212],0
b1,1,0.17196,1.865769,[9 4] ; [ 9 11],[7.09090909 5.90909091] ; [10.90909091  9.09090909],0
p11,1,0.226398,1.463348,[5 8] ; [12  8],[6.6969697 6.3030303] ; [10.3030303  9.6969697],0
p8,1,0.345895,0.888462,[6 7] ; [ 6 14],[4.72727273 8.27272727] ; [ 7.27272727 12.72727273],0
p7,1,0.410966,0.676003,[8 5] ; [15  5],[9.06060606 3.93939394] ; [13.93939394  6.06060606],0
p9,1,0.521692,0.410547,[6 7] ; [ 7 13],[5.12121212 7.87878788] ; [ 7.87878788 12.12121212],0
p1,1,0.751458,0.10031,[ 1 12] ; [ 1 19],[ 0.78787879 12.21212121] ; [ 1.21212121 18.78787879],0
