Feature,DoF,P Value,Chi Square,Observed,Expected,Is Significant
p10,1,0.006059,7.532762,[19  9] ; [96 12],[23.67647059  4.32352941] ; [91.32352941 16.67647059],0
b1,1,0.00737,7.180503,[16 12] ; [33 77],[ 9.94202899 18.05797101] ; [39.05797101 70.94202899],0
p3,1,0.013188,6.143674,[16 12] ; [35 75],[10.34782609 17.65217391] ; [40.65217391 69.34782609],0
p6,1,0.021444,5.290335,[13 15] ; [26 81],[ 8.08888889 19.91111111] ; [30.91111111 76.08888889],0
p5,1,0.030724,4.668313,[ 6 20] ; [  9 100],[ 2.88888889 23.11111111] ; [12.11111111 96.88888889],0
p11,1,0.234147,1.41549,[21  7] ; [93 17],[23.13043478  4.86956522] ; [90.86956522 19.13043478],0
p1,1,0.469622,0.522866,[ 2 26] ; [13 96],[ 3.06569343 24.93430657] ; [11.93430657 97.06569343],0
p12,1,0.591717,0.287671,[ 2 26] ; [  5 103],[ 1.44117647 26.55882353] ; [  5.55882353 102.44117647],0
