Feature,DoF,P Value,Chi Square,Observed,Expected,Is Significant
p4,1,0.170376,1.879631,[18 55] ; [11 60],[14.70138889 58.29861111] ; [14.29861111 56.70138889],0
p5,1,0.192629,1.697393,[ 4 70] ; [ 1 69],[ 2.56944444 71.43055556] ; [ 2.43055556 67.56944444],0
p8,1,0.51371,0.426504,[10 64] ; [ 7 63],[ 8.73611111 65.26388889] ; [ 8.26388889 61.73611111],0
p1,1,0.57157,0.320063,[ 6 69] ; [ 4 67],[ 5.1369863 69.8630137] ; [ 4.8630137 66.1369863],0
p7,1,0.603583,0.269626,[15 57] ; [12 57],[13.78723404 58.21276596] ; [13.21276596 55.78723404],0
b1,1,0.769851,0.085597,[43 32] ; [39 32],[42.12328767 32.87671233] ; [39.87671233 31.12328767],0
p11,1,0.912457,0.012087,[26 49] ; [24 47],[25.68493151 49.31506849] ; [24.31506849 46.68493151],0
