Feature,DoF,P Value,Chi Square,Observed,Expected,Is Significant
p11,1,0.154181,2.030392,[319  52] ; [268  31],[325.04029851  45.95970149] ; [261.95970149  37.04029851],0
p3,1,0.190752,1.711796,[265 106] ; [227  72],[272.4358209  98.5641791] ; [219.5641791  79.4358209],0
p5,1,0.266201,1.23622,[ 70 300] ; [ 67 232],[ 75.76980568 294.23019432] ; [ 61.23019432 237.76980568],0
p12,1,0.331644,0.942467,[ 36 335] ; [ 36 263],[ 39.86865672 331.13134328] ; [ 32.13134328 266.86865672],0
p6,1,0.423688,0.640064,[217 154] ; [184 115],[222.04626866 148.95373134] ; [178.95373134 120.04626866],0
p1,1,0.660258,0.19321,[ 42 328] ; [ 37 260],[ 43.82308846 326.17691154] ; [ 35.17691154 261.82308846],0
p9,1,0.703632,0.144721,[337  34] ; [269  30],[335.56119403  35.43880597] ; [270.43880597  28.56119403],0
b1,1,0.79828,0.065318,[149 222] ; [123 176],[150.61492537 220.38507463] ; [121.38507463 177.61492537],0
p10,1,0.997834,7e-06,[332  37] ; [269  30],[331.98952096  37.01047904] ; [269.01047904  29.98952096],0
