Feature,DoF,P Value,Chi Square,Observed,Expected,Is Significant
p4,1,0.0,42.364679,[281  76] ; [74 75],[250.46442688 106.53557312] ; [104.53557312  44.46442688],1
p6,1,2.8e-05,17.533688,[193 160] ; [51 98],[171.57768924 181.42231076] ; [72.42231076 76.57768924],1
p5,1,0.01991,5.41974,[ 66 291] ; [ 15 133],[ 57.26138614 299.73861386] ; [ 23.73861386 124.26138614],0
b1,1,0.055239,3.674851,[145 212] ; [ 47 102],[135.46245059 221.53754941] ; [56.53754941 92.46245059],0
p12,1,0.061409,3.498923,[ 38 318] ; [  8 140],[ 32.49206349 323.50793651] ; [ 13.50793651 134.49206349],0
p1,1,0.219034,1.510691,[ 42 313] ; [ 12 136],[ 38.11133201 316.88866799] ; [ 15.88866799 132.11133201],0
p11,1,0.314789,1.010474,[318  39] ; [128  21],[314.66798419  42.33201581] ; [131.33201581  17.66798419],0
p10,1,0.789948,0.070957,[318  38] ; [131  17],[317.15079365  38.84920635] ; [131.84920635  16.15079365],0
