Feature,DoF,P Value,Chi Square,Observed,Expected,Is Significant
p4,1,0.162004,1.955422,[33 14] ; [14 12],[30.26027397 16.73972603] ; [16.73972603  9.26027397],0
p3,1,0.176317,1.828394,[24 23] ; [ 9 17],[21.24657534 25.75342466] ; [11.75342466 14.24657534],0
p12,1,0.311638,1.023721,[ 5 42] ; [ 1 25],[ 3.8630137 43.1369863] ; [ 2.1369863 23.8630137],0
p2,1,0.416753,0.659454,[36 11] ; [22  4],[37.34246575  9.65753425] ; [20.65753425  5.34246575],0
p5,1,0.442495,0.589803,[ 3 44] ; [ 3 23],[ 3.8630137 43.1369863] ; [ 2.1369863 23.8630137],0
p1,1,0.530621,0.393203,[ 8 39] ; [ 3 23],[ 7.08219178 39.91780822] ; [ 3.91780822 22.08219178],0
p11,1,0.670665,0.180825,[33 14] ; [17  9],[32.19178082 14.80821918] ; [17.80821918  8.19178082],0
b1,1,0.814054,0.055319,[15 32] ; [ 9 17],[15.45205479 31.54794521] ; [ 8.54794521 17.45205479],0
