Feature,DoF,P Value,Chi Square,Observed,Expected,Is Significant
p9,1,0.066457,3.368421,[145   7] ; [35  5],[142.5   9.5] ; [37.5  2.5],0
p1,1,0.354827,0.856119,[ 12 141] ; [ 5 35],[ 13.47668394 139.52331606] ; [ 3.52331606 36.47668394],0
p12,1,0.452019,0.565583,[ 10 143] ; [ 4 36],[ 11.0984456 141.9015544] ; [ 2.9015544 37.0984456],0
p6,1,0.572221,0.31898,[56 94] ; [13 27],[54.47368421 95.52631579] ; [14.52631579 25.47368421],0
b1,1,0.649931,0.205987,[59 94] ; [17 23],[60.24870466 92.75129534] ; [15.75129534 24.24870466],0
p5,1,0.685267,0.164257,[ 15 134] ; [ 3 35],[ 14.34224599 134.65775401] ; [ 3.65775401 34.34224599],0
p7,1,0.780588,0.077592,[83 68] ; [21 19],[82.21989529 68.78010471] ; [21.78010471 18.21989529],0
p11,1,0.898845,0.01616,[121  32] ; [32  8],[121.29015544  31.70984456] ; [31.70984456  8.29015544],0
