Feature,DoF,P Value,Chi Square,Observed,Expected,Is Significant
p1,1,0.0,26.324575,[ 8 17] ; [  9 206],[ 1.77083333 23.22916667] ; [ 15.22916667 199.77083333],1
p9,1,0.000565,11.888046,[18  7] ; [200  15],[22.70833333  2.29166667] ; [195.29166667  19.70833333],1
p11,1,0.028862,4.775843,[16  9] ; [177  38],[20.10416667  4.89583333] ; [172.89583333  42.10416667],0
p8,1,0.087275,2.923931,[ 6 19] ; [ 88 123],[ 9.95762712 15.04237288] ; [ 84.04237288 126.95762712],0
b1,1,0.146187,2.111594,[11 14] ; [ 64 151],[ 7.8125 17.1875] ; [ 67.1875 147.8125],0
p6,1,0.848047,0.036715,[ 4 21] ; [ 37 174],[ 4.34322034 20.65677966] ; [ 36.65677966 174.34322034],0
p5,1,0.944579,0.004832,[ 1 24] ; [  8 207],[ 0.9375 24.0625] ; [  8.0625 206.9375],0
