Feature,DoF,P Value,Chi Square,Observed,Expected,Is Significant
p12,1,0.012441,6.246893,[  8 166] ; [ 5 25],[ 11.08823529 162.91176471] ; [ 1.91176471 28.08823529],0
p1,1,0.013259,6.134162,[ 11 161] ; [ 6 24],[ 14.47524752 157.52475248] ; [ 2.52475248 27.47524752],0
p11,1,0.014457,5.981475,[152  22] ; [21  9],[147.55882353  26.44117647] ; [25.44117647  4.55882353],0
p5,1,0.042004,4.135052,[ 14 160] ; [ 6 24],[ 17.05882353 156.94117647] ; [ 2.94117647 27.05882353],0
p10,1,0.196972,1.664686,[154  20] ; [24  6],[151.82352941  22.17647059] ; [26.17647059  3.82352941],0
b1,1,0.275051,1.191381,[ 63 111] ; [14 16],[ 65.67647059 108.32352941] ; [11.32352941 18.67647059],0
p4,1,0.951764,0.003659,[115  59] ; [19 10],[114.85714286  59.14285714] ; [19.14285714  9.85714286],0
p3,1,0.953685,0.003373,[101  73] ; [17 12],[101.14285714  72.85714286] ; [16.85714286 12.14285714],0
