Feature,DoF,P Value,Chi Square,Observed,Expected,Is Significant
p5,1,0.019907,5.419993,[ 24 146] ; [ 12 170],[ 17.38636364 152.61363636] ; [ 18.61363636 163.38636364],0
p12,1,0.075551,3.158107,[ 13 160] ; [  6 177],[  9.23314607 163.76685393] ; [  9.76685393 173.23314607],0
p1,1,0.217823,1.518654,[ 14 158] ; [  9 174],[ 11.14366197 160.85633803] ; [ 11.85633803 171.14366197],0
p9,1,0.383427,0.759687,[149  23] ; [164  19],[151.65070423  20.34929577] ; [161.34929577  21.65070423],0
p2,1,0.599115,0.276333,[151  21] ; [163  19],[152.56497175  19.43502825] ; [161.43502825  20.56497175],0
b1,1,0.69117,0.157822,[ 64 109] ; [ 64 119],[ 62.20224719 110.79775281] ; [ 65.79775281 117.20224719],0
p8,1,0.95947,0.002583,[97 76] ; [101  80],[96.76271186 76.23728814] ; [101.23728814  79.76271186],0
p11,1,0.977722,0.00078,[142  31] ; [150  33],[141.8988764  31.1011236] ; [150.1011236  32.8988764],0
