Feature,DoF,P Value,Chi Square,Observed,Expected,Is Significant
p2,1,0.003918,8.32146,[14 10] ; [88 16],[19.125  4.875] ; [82.875 21.125],0
b1,1,0.019345,5.470085,[14 10] ; [34 70],[ 9. 15.] ; [39. 65.],0
p7,1,0.036378,4.379287,[11 12] ; [70 29],[15.2704918  7.7295082] ; [65.7295082 33.2704918],0
p11,1,0.146926,2.103879,[17  7] ; [87 17],[19.5  4.5] ; [84.5 19.5],0
p6,1,0.244148,1.356482,[ 3 21] ; [24 79],[ 5.1023622 18.8976378] ; [21.8976378 81.1023622],0
p1,1,0.650205,0.205642,[ 2 22] ; [12 92],[ 2.625 21.375] ; [11.375 92.625],0
p3,1,0.738631,0.111334,[ 7 17] ; [34 70],[ 7.6875 16.3125] ; [33.3125 70.6875],0
