Feature,DoF,P Value,Chi Square,Observed,Expected,Is Significant
p7,1,2e-06,22.843266,[28 66] ; [28  9],[40.18320611 53.81679389] ; [15.81679389 21.18320611],1
p3,1,1.4e-05,18.910395,[16 80] ; [20 17],[25.98496241 70.01503759] ; [10.01503759 26.98496241],1
p2,1,0.001755,9.789789,[41 55] ; [27 10],[49.08270677 46.91729323] ; [18.91729323 18.08270677],0
p5,1,0.032505,4.571686,[ 1 95] ; [ 3 34],[ 2.88721805 93.11278195] ; [ 1.11278195 35.88721805],0
p1,1,0.256059,1.289942,[ 5 90] ; [ 4 33],[ 6.47727273 88.52272727] ; [ 2.52272727 34.47727273],0
p11,1,0.53663,0.381821,[41 55] ; [18 19],[42.58646617 53.41353383] ; [16.41353383 20.58646617],0
b1,1,0.990681,0.000136,[52 44] ; [20 17],[51.96992481 44.03007519] ; [20.03007519 16.96992481],0
