Feature,DoF,P Value,Chi Square,Observed,Expected,Is Significant
p4,1,0.037601,4.322985,[12 26] ; [19 15],[16.36111111 21.63888889] ; [14.63888889 19.36111111],0
p1,1,0.064227,3.424712,[ 1 37] ; [ 5 29],[ 3.16666667 34.83333333] ; [ 2.83333333 31.16666667],0
p5,1,0.252171,1.311237,[ 1 37] ; [ 3 31],[ 2.11111111 35.88888889] ; [ 1.88888889 32.11111111],0
p11,1,0.281886,1.157975,[21 17] ; [23 11],[23.22222222 14.77777778] ; [20.77777778 13.22222222],0
p2,1,0.446482,0.579567,[26 12] ; [26  8],[27.44444444 10.55555556] ; [24.55555556  9.44444444],0
p3,1,0.706447,0.141852,[14 24] ; [14 20],[14.77777778 23.22222222] ; [13.22222222 20.77777778],0
b1,1,0.738191,0.111723,[22 16] ; [21 13],[22.69444444 15.30555556] ; [20.30555556 13.69444444],0
