Feature,DoF,P Value,Chi Square,Observed,Expected,Is Significant
p4,1,0.0,29.7194,[24 94] ; [21  8],[36.12244898 81.87755102] ; [ 8.87755102 20.12244898],1
p6,1,7.2e-05,15.749837,[  7 110] ; [ 9 19],[ 12.91034483 104.08965517] ; [ 3.08965517 24.91034483],1
p5,1,0.121207,2.401656,[  4 112] ; [ 3 26],[  5.6 110.4] ; [ 1.4 27.6],0
b1,1,0.227375,1.45721,[59 60] ; [18 11],[61.91216216 57.08783784] ; [15.08783784 13.91216216],0
p11,1,0.227375,1.45721,[60 59] ; [11 18],[57.08783784 61.91216216] ; [13.91216216 15.08783784],0
p9,1,0.407656,0.685626,[56 56] ; [12 17],[54.0141844 57.9858156] ; [13.9858156 15.0141844],0
p1,1,0.564078,0.332692,[ 12 107] ; [ 4 25],[ 12.86486486 106.13513514] ; [ 3.13513514 25.86486486],0
