Feature,DoF,P Value,Chi Square,Observed,Expected,Is Significant
p9,1,2e-06,22.345489,[17 28] ; [100  31],[29.91477273 15.08522727] ; [87.08522727 43.91477273],1
p11,1,0.003342,8.610847,[20 25] ; [91 41],[28.22033898 16.77966102] ; [82.77966102 49.22033898],0
b1,1,0.087857,2.913212,[25 20] ; [54 78],[20.08474576 24.91525424] ; [58.91525424 73.08474576],0
p1,1,0.11851,2.436905,[ 6 39] ; [  8 124],[ 3.55932203 41.44067797] ; [ 10.44067797 121.55932203],0
p7,1,0.133076,2.256246,[24 21] ; [53 78],[19.6875 25.3125] ; [57.3125 73.6875],0
p5,1,0.557669,0.343757,[ 6 39] ; [ 13 115],[ 4.94219653 40.05780347] ; [ 14.05780347 113.94219653],0
p2,1,0.651431,0.204101,[34 11] ; [104  28],[35.08474576  9.91525424] ; [102.91525424  29.08474576],0
