Feature,DoF,P Value,Chi Square,Observed,Expected,Is Significant
p11,1,0.152346,2.0486,[32 16] ; [24 22],[28.59574468 19.40425532] ; [27.40425532 18.59574468],0
p8,1,0.194205,1.685427,[23 24] ; [16 29],[19.92391304 27.07608696] ; [19.07608696 25.92391304],0
p1,1,0.595853,0.281296,[ 2 46] ; [ 1 44],[ 1.5483871 46.4516129] ; [ 1.4516129 43.5483871],0
b1,1,0.6969,0.151717,[28 20] ; [25 21],[27.06382979 20.93617021] ; [25.93617021 20.06382979],0
p2,1,0.720578,0.12794,[36 12] ; [33 13],[35.23404255 12.76595745] ; [33.76595745 12.23404255],0
p6,1,0.893902,0.017787,[17 31] ; [15 29],[16.69565217 31.30434783] ; [15.30434783 28.69565217],0
p12,1,0.975731,0.000925,[ 1 47] ; [ 1 45],[ 1.0212766 46.9787234] ; [ 0.9787234 45.0212766],0
p5,1,0.987734,0.000236,[ 1 46] ; [ 1 45],[ 1.01075269 45.98924731] ; [ 0.98924731 45.01075269],0
