Feature,DoF,P Value,Chi Square,Observed,Expected,Is Significant
p10,1,0.0,97.356315,[224  37] ; [14 45],[194.11875  66.88125] ; [43.88125 15.11875],1
p11,1,0.002583,9.080626,[199  63] ; [34 26],[189.58385093  72.41614907] ; [43.41614907 16.58385093],0
b1,1,0.095045,2.786778,[ 92 170] ; [28 32],[ 97.63975155 164.36024845] ; [22.36024845 37.63975155],0
p12,1,0.128035,2.316174,[ 18 244] ; [ 1 58],[ 15.50778816 246.49221184] ; [ 3.49221184 55.50778816],0
p7,1,0.391401,0.734585,[ 96 161] ; [26 34],[ 98.90851735 158.09148265] ; [23.09148265 36.90851735],0
p3,1,0.659717,0.193867,[ 86 175] ; [18 42],[ 84.56074766 176.43925234] ; [19.43925234 40.56074766],0
p1,1,0.763311,0.090683,[ 11 251] ; [ 3 56],[ 11.42679128 250.57320872] ; [ 2.57320872 56.42679128],0
p4,1,0.808909,0.058483,[100 161] ; [24 36],[100.82242991 160.17757009] ; [23.17757009 36.82242991],0
