Feature,DoF,P Value,Chi Square,Observed,Expected,Is Significant
p12,1,0.002469,9.163155,[  2 106] ; [11 75],[  7.2371134 100.7628866] ; [ 5.7628866 80.2371134],0
p5,1,0.009011,6.8207,[  4 103] ; [12 72],[ 8.96335079 98.03664921] ; [ 7.03664921 76.96335079],0
p1,1,0.014323,5.997928,[  3 105] ; [10 76],[  7.2371134 100.7628866] ; [ 5.7628866 80.2371134],0
b1,1,0.083135,3.002531,[37 71] ; [40 46],[42.86597938 65.13402062] ; [34.13402062 51.86597938],0
p6,1,0.303679,1.057969,[35 72] ; [22 63],[31.765625 75.234375] ; [25.234375 59.765625],0
p9,1,0.318499,0.995101,[84 24] ; [71 14],[86.7357513 21.2642487] ; [68.2642487 16.7357513],0
p2,1,0.577788,0.309824,[88 19] ; [68 18],[86.48704663 20.51295337] ; [69.51295337 16.48704663],0
p11,1,0.589025,0.29187,[74 34] ; [62 24],[75.71134021 32.28865979] ; [60.28865979 25.71134021],0
p10,1,0.977409,0.000802,[80 26] ; [64 21],[79.91623037 26.08376963] ; [64.08376963 20.91623037],0
