Feature,DoF,P Value,Chi Square,Observed,Expected,Is Significant
p7,1,0.000354,12.758621,[15 30] ; [22  7],[22.5 22.5] ; [14.5 14.5],1
p6,1,0.008451,6.935343,[ 9 36] ; [13 13],[13.94366197 31.05633803] ; [ 8.05633803 17.94366197],0
p1,1,0.150358,2.06862,[ 2 43] ; [ 4 25],[ 3.64864865 41.35135135] ; [ 2.35135135 26.64864865],0
p5,1,0.150358,2.06862,[ 2 43] ; [ 4 25],[ 3.64864865 41.35135135] ; [ 2.35135135 26.64864865],0
p9,1,0.434152,0.61169,[18 27] ; [ 9 20],[16.41891892 28.58108108] ; [10.58108108 18.41891892],0
p11,1,0.746803,0.104237,[20 25] ; [14 15],[20.67567568 24.32432432] ; [13.32432432 15.67567568],0
p2,1,0.807936,0.059093,[33 12] ; [22  7],[33.44594595 11.55405405] ; [21.55405405  7.44594595],0
b1,1,0.811782,0.056705,[23 22] ; [14 15],[22.5 22.5] ; [14.5 14.5],0
