Feature,DoF,P Value,Chi Square,Observed,Expected,Is Significant
p7,1,0.035463,4.422764,[33 35] ; [21 47],[27. 41.] ; [27. 41.],0
p1,1,0.050211,3.834408,[ 3 64] ; [10 60],[ 6.35766423 60.64233577] ; [ 6.64233577 63.35766423],0
p12,1,0.157071,2.002204,[ 2 66] ; [ 6 64],[ 3.94202899 64.05797101] ; [ 4.05797101 65.94202899],0
p5,1,0.171742,1.867669,[ 1 68] ; [ 4 65],[ 2.5 66.5] ; [ 2.5 66.5],0
p8,1,0.187504,1.73712,[21 46] ; [15 55],[17.60583942 49.39416058] ; [18.39416058 51.60583942],0
p6,1,0.308964,1.035098,[14 53] ; [10 60],[11.73722628 55.26277372] ; [12.26277372 57.73722628],0
b1,1,0.658494,0.195358,[28 41] ; [31 39],[29.28776978 39.71223022] ; [29.71223022 40.28776978],0
p11,1,0.676635,0.173938,[43 26] ; [46 24],[44.17985612 24.82014388] ; [44.82014388 25.17985612],0
p3,1,0.803201,0.062104,[16 53] ; [15 55],[15.38848921 53.61151079] ; [15.61151079 54.38848921],0
