Feature,DoF,P Value,Chi Square,Observed,Expected,Is Significant
p11,1,0.0,28.111211,[526  83] ; [22 18],[514.22496148  94.77503852] ; [33.77503852  6.22496148],1
p8,1,1e-05,19.519691,[364 237] ; [10 30],[350.66146646 250.33853354] ; [23.33853354 16.66146646],1
p4,1,3.7e-05,17.032177,[408 200] ; [14 26],[395.95061728 212.04938272] ; [26.04938272 13.95061728],1
p3,1,0.001387,10.223105,[341 268] ; [12 28],[331.24345146 277.75654854] ; [21.75654854 18.24345146],0
p5,1,0.10198,2.674301,[ 86 522] ; [ 2 38],[ 82.56790123 525.43209877] ; [ 5.43209877 34.56790123],0
p12,1,0.146052,2.113008,[ 56 551] ; [ 1 39],[ 53.47604328 553.52395672] ; [ 3.52395672 36.47604328],0
p6,1,0.152177,2.050288,[251 354] ; [12 28],[246.68992248 358.31007752] ; [16.31007752 23.68992248],0
b1,1,0.505462,0.44345,[212 397] ; [16 24],[213.94761171 395.05238829] ; [14.05238829 25.94761171],0
p1,1,0.867483,0.027841,[ 56 552] ; [ 4 36],[ 56.2962963 551.7037037] ; [ 3.7037037 36.2962963],0
