Feature,DoF,P Value,Chi Square,Observed,Expected,Is Significant
p11,1,0.004535,8.056284,[15 11] ; [53  9],[20.09090909  5.90909091] ; [47.90909091 14.09090909],0
b1,1,0.1764,1.827693,[15 11] ; [26 36],[12.11363636 13.88636364] ; [28.88636364 33.11363636],0
p5,1,0.216332,1.528536,[ 5 21] ; [ 6 56],[ 3.25 22.75] ; [ 7.75 54.25],0
p4,1,0.219038,1.510665,[13 12] ; [41 21],[15.51724138  9.48275862] ; [38.48275862 23.51724138],0
p12,1,0.301152,1.069085,[ 4 22] ; [ 5 57],[ 2.65909091 23.34090909] ; [ 6.34090909 55.65909091],0
p9,1,0.329972,0.949009,[19  7] ; [51 11],[20.68181818  5.31818182] ; [49.31818182 12.68181818],0
p10,1,0.521824,0.410287,[18  8] ; [47 15],[19.20454545  6.79545455] ; [45.79545455 16.20454545],0
p1,1,0.859807,0.031195,[ 3 23] ; [ 8 54],[ 3.25 22.75] ; [ 7.75 54.25],0
