Feature,DoF,P Value,Chi Square,Observed,Expected,Is Significant
p11,1,0.0,135.000464,[310  30] ; [17 43],[277.95  62.05] ; [49.05 10.95],1
p4,1,0.0,93.363896,[269  70] ; [10 49],[237.64070352 101.35929648] ; [41.35929648 17.64070352],1
p3,1,0.0,60.694696,[238 101] ; [10 49],[211.2361809 127.7638191] ; [36.7638191 22.2361809],1
p6,1,0.0,55.54975,[185 154] ; [ 1 57],[158.82619647 180.17380353] ; [27.17380353 30.82619647],1
p5,1,0.00197,9.577357,[ 67 273] ; [ 2 58],[ 58.65 281.35] ; [10.35 49.65],0
b1,1,0.011043,6.458378,[133 207] ; [34 26],[141.95 198.05] ; [25.05 34.95],0
p12,1,0.015266,5.885533,[ 41 298] ; [ 1 59],[ 35.68421053 303.31578947] ; [ 6.31578947 53.68421053],0
p1,1,0.970418,0.001375,[ 40 298] ; [ 7 53],[ 39.91457286 298.08542714] ; [ 7.08542714 52.91457286],0
