Feature,DoF,P Value,Chi Square,Observed,Expected,Is Significant
p9,1,0.018219,5.574951,[16 10] ; [29  4],[19.83050847  6.16949153] ; [25.16949153  7.83050847],0
p11,1,0.042211,4.126741,[15 11] ; [27  6],[18.50847458  7.49152542] ; [23.49152542  9.50847458],0
p7,1,0.135479,2.228576,[12 13] ; [21 10],[14.73214286 10.26785714] ; [18.26785714 12.73214286],0
p1,1,0.153754,2.03461,[ 1 25] ; [ 5 28],[ 2.6440678 23.3559322] ; [ 3.3559322 29.6440678],0
p12,1,0.153754,2.03461,[ 1 25] ; [ 5 28],[ 2.6440678 23.3559322] ; [ 3.3559322 29.6440678],0
p6,1,0.174873,1.840661,[ 7 18] ; [15 18],[ 9.48275862 15.51724138] ; [12.51724138 20.48275862],0
p5,1,0.187994,1.73327,[ 2 22] ; [ 7 26],[ 3.78947368 20.21052632] ; [ 5.21052632 27.78947368],0
b1,1,0.868597,0.027371,[10 16] ; [12 21],[ 9.69491525 16.30508475] ; [12.30508475 20.69491525],0
