Feature,DoF,P Value,Chi Square,Observed,Expected,Is Significant
p9,1,0.0,60.238856,[129  10] ; [ 6 16],[116.55279503  22.44720497] ; [18.44720497  3.55279503],1
p11,1,1e-06,24.042597,[117  23] ; [ 8 14],[108.02469136  31.97530864] ; [16.97530864  5.02469136],1
p7,1,0.010744,6.507116,[95 43] ; [ 9 13],[89.7 48.3] ; [14.3  7.7],0
b1,1,0.017449,5.650642,[46 94] ; [13  9],[50.98765432 89.01234568] ; [ 8.01234568 13.98765432],0
p8,1,0.357495,0.846674,[74 64] ; [ 9 12],[72.03773585 65.96226415] ; [10.96226415 10.03773585],0
p5,1,0.40749,0.686111,[ 12 127] ; [ 3 18],[ 13.03125 125.96875] ; [ 1.96875 19.03125],0
p6,1,0.420084,0.650081,[56 81] ; [ 7 15],[54.28301887 82.71698113] ; [ 8.71698113 13.28301887],0
p1,1,0.732965,0.116406,[  9 131] ; [ 1 21],[  8.64197531 131.35802469] ; [ 1.35802469 20.64197531],0
