Feature,DoF,P Value,Chi Square,Observed,Expected,Is Significant
p7,1,0.0,43.840154,[19 18] ; [184  15],[31.82627119  5.17372881] ; [171.17372881  27.82627119],1
p3,1,0.011483,6.389023,[23 15] ; [159  41],[29.05882353  8.94117647] ; [152.94117647  47.05882353],0
p5,1,0.033564,4.516755,[ 4 31] ; [ 57 143],[ 9.08510638 25.91489362] ; [ 51.91489362 148.08510638],0
p1,1,0.104838,2.630363,[ 2 36] ; [ 30 169],[ 5.13080169 32.86919831] ; [ 26.86919831 172.13080169],0
b1,1,0.413725,0.66807,[14 24] ; [ 88 112],[16.28571429 21.71428571] ; [ 85.71428571 114.28571429],0
p11,1,0.51881,0.416259,[32  6] ; [176  24],[33.21008403  4.78991597] ; [174.78991597  25.21008403],0
p12,1,0.557505,0.344042,[ 5 33] ; [ 34 166],[ 6.22689076 31.77310924] ; [ 32.77310924 167.22689076],0
p9,1,0.901885,0.015198,[35  3] ; [183  17],[34.80672269  3.19327731] ; [183.19327731  16.80672269],0
