Feature,DoF,P Value,Chi Square,Observed,Expected,Is Significant
p10,1,0.010604,6.53055,[94 36] ; [150  28],[102.98701299  27.01298701] ; [141.01298701  36.98701299],0
b1,1,0.024147,5.084047,[54 78] ; [ 51 127],[44.70967742 87.29032258] ; [ 60.29032258 117.70967742],0
p5,1,0.055037,3.680957,[ 13 115] ; [  8 169],[  8.81311475 119.18688525] ; [ 12.18688525 164.81311475],0
p2,1,0.203157,1.61953,[104  28] ; [129  49],[99.21290323 32.78709677] ; [133.78709677  44.21290323],0
p11,1,0.261074,1.263051,[91 41] ; [133  45],[95.38064516 36.61935484] ; [128.61935484  49.38064516],0
p12,1,0.470578,0.520619,[  7 125] ; [ 13 164],[  8.54368932 123.45631068] ; [ 11.45631068 165.54368932],0
p1,1,0.700909,0.147528,[  8 124] ; [  9 169],[  7.23870968 124.76129032] ; [  9.76129032 168.23870968],0
