Feature,DoF,P Value,Chi Square,Observed,Expected,Is Significant
p3,1,0.1061,2.611367,[ 30 101] ; [17 98],[ 25.02845528 105.97154472] ; [21.97154472 93.02845528],0
p9,1,0.560591,0.338682,[37 91] ; [35 73],[39.05084746 88.94915254] ; [32.94915254 75.05084746],0
p11,1,0.696994,0.151617,[56 75] ; [52 63],[57.51219512 73.48780488] ; [50.48780488 64.51219512],0
b1,1,0.701455,0.146963,[67 64] ; [56 59],[65.5 65.5] ; [57.5 57.5],0
p2,1,0.753323,0.098759,[63 68] ; [53 62],[61.77235772 69.22764228] ; [54.22764228 60.77235772],0
p5,1,0.759955,0.093354,[  3 128] ; [  2 113],[  2.66260163 128.33739837] ; [  2.33739837 112.66260163],0
p12,1,0.894572,0.017562,[  2 128] ; [  2 112],[  2.13114754 127.86885246] ; [  1.86885246 112.13114754],0
p7,1,0.934874,0.006677,[34 95] ; [29 83],[33.7219917 95.2780083] ; [29.2780083 82.7219917],0
p1,1,0.979359,0.000669,[  7 123] ; [  6 107],[  6.95473251 123.04526749] ; [  6.04526749 106.95473251],0
