Feature,DoF,P Value,Chi Square,Observed,Expected,Is Significant
p10,1,0.0,27.067758,[82 30] ; [215  15],[97.26315789 14.73684211] ; [199.73684211  30.26315789],1
p2,1,0.000443,12.342142,[87 26] ; [209  21],[97.51603499 15.48396501] ; [198.48396501  31.51603499],1
p7,1,0.002093,9.466373,[52 61] ; [146  84],[65.2303207 47.7696793] ; [132.7696793  97.2303207],0
p11,1,0.010229,6.594506,[81 32] ; [193  38],[90.00581395 22.99418605] ; [183.99418605  47.00581395],0
b1,1,0.050605,3.821306,[53 60] ; [ 83 148],[44.6744186 68.3255814] ; [ 91.3255814 139.6744186],0
p12,1,0.798582,0.065118,[  7 106] ; [ 16 215],[  7.55523256 105.44476744] ; [ 15.44476744 215.55523256],0
p5,1,0.891792,0.018506,[13 97] ; [ 28 199],[13.38278932 96.61721068] ; [ 27.61721068 199.38278932],0
p1,1,0.924959,0.008872,[  9 104] ; [ 19 211],[  9.2244898 103.7755102] ; [ 18.7755102 211.2244898],0
