Feature,DoF,P Value,Chi Square,Observed,Expected,Is Significant
p10,1,0.0,30.435694,[14 28] ; [57 10],[27.35779817 14.64220183] ; [43.64220183 23.35779817],1
b1,1,0.281128,1.161628,[26 17] ; [34 34],[23.24324324 19.75675676] ; [36.75675676 31.24324324],0
p5,1,0.28593,1.138688,[ 4 38] ; [ 3 65],[ 2.67272727 39.32727273] ; [ 4.32727273 63.67272727],0
p2,1,0.396354,0.719361,[34  9] ; [58 10],[35.63963964  7.36036036] ; [56.36036036 11.63963964],0
p1,1,0.713959,0.134355,[ 4 39] ; [ 5 63],[ 3.48648649 39.51351351] ; [ 5.51351351 62.48648649],0
p11,1,0.837776,0.041918,[27 16] ; [44 24],[27.5045045 15.4954955] ; [43.4954955 24.5045045],0
p3,1,0.974786,0.000999,[21 22] ; [33 35],[20.91891892 22.08108108] ; [33.08108108 34.91891892],0
