Feature,DoF,P Value,Chi Square,Observed,Expected,Is Significant
p10,1,0.0,57.918602,[124  29] ; [ 8 34],[103.56923077  49.43076923] ; [28.43076923 13.56923077],1
p8,1,6e-05,16.11251,[83 71] ; [ 8 34],[71.5 82.5] ; [19.5 22.5],1
p6,1,0.000523,12.032657,[64 91] ; [ 5 36],[ 54.56632653 100.43367347] ; [14.43367347 26.56632653],1
p11,1,0.003091,8.752694,[124  32] ; [24 18],[116.60606061  39.39393939] ; [31.39393939 10.60606061],0
b1,1,0.235286,1.408619,[ 55 101] ; [19 23],[58.3030303 97.6969697] ; [15.6969697 26.3030303],0
p1,1,0.56118,0.337666,[ 11 145] ; [ 4 37],[ 11.87817259 144.12182741] ; [ 3.12182741 37.87817259],0
