Feature,DoF,P Value,Chi Square,Observed,Expected,Is Significant
p7,1,0.085804,2.951389,[2 6] ; [6 3],[3.76470588 4.23529412] ; [4.23529412 4.76470588],0
b1,1,0.329114,0.952381,[4 6] ; [2 8],[3. 7.] ; [3. 7.],0
p11,1,0.531168,0.392157,[8 2] ; [9 1],[8.5 1.5] ; [8.5 1.5],0
p8,1,0.875975,0.024359,[7 3] ; [6 3],[6.84210526 3.15789474] ; [6.15789474 2.84210526],0
p6,1,0.905565,0.014074,[2 8] ; [2 7],[2.10526316 7.89473684] ; [1.89473684 7.10526316],0
p12,1,1.0,0.0,[1 8] ; [1 8],[1. 8.] ; [1. 8.],0
