Feature,DoF,P Value,Chi Square,Observed,Expected,Is Significant
p11,1,0.015401,5.869987,[ 4 10] ; [30 16],[7.93333333 6.06666667] ; [26.06666667 19.93333333],0
p6,1,0.090272,2.869511,[ 4 10] ; [24 20],[6.75862069 7.24137931] ; [21.24137931 22.75862069],0
p4,1,0.454075,0.56046,[7 6] ; [30 16],[8.15254237 4.84745763] ; [28.84745763 17.15254237],0
b1,1,0.63958,0.219291,[6 8] ; [23 23],[6.76666667 7.23333333] ; [22.23333333 23.76666667],0
p5,1,0.853964,0.033879,[ 1 13] ; [ 4 42],[ 1.16666667 12.83333333] ; [ 3.83333333 42.16666667],0
p3,1,0.886668,0.020312,[7 7] ; [22 24],[6.76666667 7.23333333] ; [22.23333333 23.76666667],0
