Feature,DoF,P Value,Chi Square,Observed,Expected,Is Significant
p2,1,0.013417,6.11326,[63 68] ; [30 13],[70.01724138 60.98275862] ; [22.98275862 20.01724138],0
p11,1,0.02242,5.212882,[56 75] ; [27 16],[62.48850575 68.51149425] ; [20.51149425 22.48850575],0
b1,1,0.112399,2.520167,[67 64] ; [16 27],[62.48850575 68.51149425] ; [20.51149425 22.48850575],0
p7,1,0.146324,2.110163,[34 95] ; [16 26],[37.71929825 91.28070175] ; [12.28070175 29.71929825],0
p3,1,0.55409,0.35004,[ 30 101] ; [ 8 35],[ 28.6091954 102.3908046] ; [ 9.3908046 33.6091954],0
p1,1,0.69816,0.150393,[  7 123] ; [ 3 40],[  7.51445087 122.48554913] ; [ 2.48554913 40.51445087],0
p12,1,0.731782,0.117481,[  2 128] ; [ 1 42],[  2.25433526 127.74566474] ; [ 0.74566474 42.25433526],0
