Feature,DoF,P Value,Chi Square,Observed,Expected,Is Significant
p5,1,0.011191,6.434804,[ 73 283] ; [ 13 112],[ 63.65072765 292.34927235] ; [ 22.34927235 102.65072765],0
p2,1,0.024051,5.09095,[337  19] ; [110  14],[331.525  24.475] ; [115.475   8.525],0
p10,1,0.035591,4.416617,[339  18] ; [112  13],[334.03941909  22.96058091] ; [116.96058091   8.03941909],0
p12,1,0.16698,1.909845,[ 38 320] ; [  8 117],[ 34.0952381 323.9047619] ; [ 11.9047619 113.0952381],0
b1,1,0.274086,1.196183,[140 218] ; [42 83],[134.89855072 223.10144928] ; [47.10144928 77.89855072],0
p11,1,0.81664,0.053763,[315  43] ; [109  16],[314.26915114  43.73084886] ; [109.73084886  15.26915114],0
p1,1,0.817992,0.052959,[ 40 316] ; [ 13 111],[ 39.30833333 316.69166667] ; [ 13.69166667 110.30833333],0
