Feature,DoF,P Value,Chi Square,Observed,Expected,Is Significant
p1,1,0.000328,12.902927,[  8 263] ; [ 5 24],[ 11.74333333 259.25666667] ; [ 1.25666667 27.74333333],1
p4,1,0.002431,9.191836,[ 91 180] ; [18 11],[ 98.46333333 172.53666667] ; [10.53666667 18.46333333],0
b1,1,0.022277,5.224056,[ 84 189] ; [15 14],[ 89.49337748 183.50662252] ; [ 9.50662252 19.49337748],0
p9,1,0.043763,4.06569,[218  50] ; [19 10],[213.85858586  54.14141414] ; [23.14141414  5.85858586],0
p8,1,0.080431,3.056166,[109 158] ; [ 7 22],[104.63513514 162.36486486] ; [11.36486486 17.63513514],0
p10,1,0.138421,2.195424,[210  60] ; [19 10],[206.78929766  63.21070234] ; [22.21070234  6.78929766],0
p11,1,0.269405,1.219775,[213  60] ; [20  9],[210.62582781  62.37417219] ; [22.37417219  6.62582781],0
p12,1,0.33272,0.93828,[  9 261] ; [ 2 27],[  9.93311037 260.06688963] ; [ 1.06688963 27.93311037],0
p5,1,0.410848,0.676345,[ 11 262] ; [ 2 25],[ 11.83 261.17] ; [ 1.17 25.83],0
