Feature,DoF,P Value,Chi Square,Observed,Expected,Is Significant
p8,1,0.0,26.39436,[10 53] ; [83 71],[27. 36.] ; [66. 88.],1
p6,1,1.6e-05,18.576711,[ 7 56] ; [64 91],[20.51834862 42.48165138] ; [ 50.48165138 104.51834862],1
p12,1,0.015342,5.876728,[ 8 55] ; [  6 150],[ 4.02739726 58.97260274] ; [  9.97260274 146.02739726],0
p1,1,0.0925,2.830317,[ 9 54] ; [ 11 145],[ 5.75342466 57.24657534] ; [ 14.24657534 141.75342466],0
p11,1,0.126308,2.337309,[44 19] ; [124  32],[48.32876712 14.67123288] ; [119.67123288  36.32876712],0
p9,1,0.301349,1.068215,[55  7] ; [128  26],[52.52777778  9.47222222] ; [130.47222222  23.52777778],0
b1,1,0.404033,0.696289,[26 37] ; [ 55 101],[23.30136986 39.69863014] ; [57.69863014 98.30136986],0
p5,1,0.920664,0.00992,[ 4 56] ; [ 11 145],[ 4.16666667 55.83333333] ; [ 10.83333333 145.16666667],0
