Feature,DoF,P Value,Chi Square,Observed,Expected,Is Significant
p10,1,0.0,152.966833,[23 73] ; [210  19],[68.82461538 27.17538462] ; [164.17538462  64.82461538],1
p8,1,0.0,118.03053,[15 81] ; [184  46],[58.60122699 37.39877301] ; [140.39877301  89.60122699],1
p2,1,0.0,109.408732,[41 55] ; [217  13],[75.97546012 20.02453988] ; [182.02453988  47.97546012],1
p3,1,0.0,93.706625,[16 80] ; [172  58],[55.36196319 40.63803681] ; [132.63803681  97.36196319],1
p11,1,0.0,65.140493,[41 55] ; [198  32],[70.3803681 25.6196319] ; [168.6196319  61.3803681],1
p5,1,0.0,26.706218,[ 1 95] ; [ 58 172],[17.37423313 78.62576687] ; [ 41.62576687 188.37423313],1
p12,1,0.000481,12.18843,[ 1 94] ; [ 32 198],[ 9.64615385 85.35384615] ; [ 23.35384615 206.64615385],1
p1,1,0.02482,5.036406,[ 5 90] ; [ 32 197],[10.84876543 84.15123457] ; [ 26.15123457 202.84876543],0
b1,1,0.10553,2.619919,[52 44] ; [102 128],[45.34969325 50.65030675] ; [108.65030675 121.34969325],0
