Feature,DoF,P Value,Chi Square,Observed,Expected,Is Significant
p9,1,0.005758,7.624539,[12  5] ; [62  4],[15.15662651  1.84337349] ; [58.84337349  7.15662651],0
p2,1,0.027559,4.855453,[12  5] ; [60  6],[14.74698795  2.25301205] ; [57.25301205  8.74698795],0
p11,1,0.043961,4.05806,[8 9] ; [48 18],[11.46987952  5.53012048] ; [44.53012048 21.46987952],0
p5,1,0.818477,0.052672,[ 1 16] ; [ 3 63],[ 0.81927711 16.18072289] ; [ 3.18072289 62.81927711],0
p1,1,0.891024,0.018771,[ 2 15] ; [ 7 59],[ 1.84337349 15.15662651] ; [ 7.15662651 58.84337349],0
p3,1,0.905758,0.014016,[9 8] ; [36 30],[9.21686747 7.78313253] ; [35.78313253 30.21686747],0
b1,1,0.925983,0.00863,[ 7 10] ; [28 38],[7.1686747 9.8313253] ; [27.8313253 38.1686747],0
