Feature,DoF,P Value,Chi Square,Observed,Expected,Is Significant
p8,1,0.0,136.254879,[189  58] ; [ 15 107],[136.55284553 110.44715447] ; [67.44715447 54.55284553],1
p10,1,0.0,111.116082,[235  12] ; [57 62],[197.06010929  49.93989071] ; [94.93989071 24.06010929],1
p3,1,0.0,102.562198,[176  70] ; [ 19 103],[130.35326087 115.64673913] ; [64.64673913 57.35326087],1
p11,1,0.0,52.888922,[211  36] ; [61 61],[182.0704607  64.9295393] ; [89.9295393 32.0704607],1
p5,1,1e-06,23.598642,[ 58 189] ; [  4 117],[ 41.61413043 205.38586957] ; [ 20.38586957 100.61413043],1
p12,1,0.002679,9.014094,[ 36 210] ; [  5 116],[ 27.48228883 218.51771117] ; [ 13.51771117 107.48228883],0
p1,1,0.070051,3.281814,[ 34 212] ; [  9 113],[ 28.74456522 217.25543478] ; [ 14.25543478 107.74456522],0
b1,1,0.173656,1.851094,[105 142] ; [61 61],[111.11653117 135.88346883] ; [54.88346883 67.11653117],0
