Feature,DoF,P Value,Chi Square,Observed,Expected,Is Significant
p10,1,0.0,28.333667,[123  16] ; [ 8 12],[114.52201258  24.47798742] ; [16.47798742  3.52201258],1
p11,1,0.004325,8.142161,[111  29] ; [10 10],[105.875  34.125] ; [15.125  4.875],0
p2,1,0.093853,2.807018,[119  21] ; [14  6],[116.375  23.625] ; [16.625  3.375],0
b1,1,0.193396,1.691559,[49 91] ; [10 10],[51.625 88.375] ; [ 7.375 12.625],0
p3,1,0.574415,0.315351,[51 89] ; [ 6 14],[49.875 90.125] ; [ 7.125 12.875],0
p6,1,0.659503,0.194128,[ 35 101] ; [ 4 15],[ 34.21935484 101.78064516] ; [ 4.78064516 14.21935484],0
