Feature,DoF,P Value,Chi Square,Observed,Expected,Is Significant
p8,1,0.0,25.791416,[16 18] ; [ 9 96],[ 6.11510791 27.88489209] ; [18.88489209 86.11510791],1
p4,1,1e-06,24.059879,[18 16] ; [13 91],[ 7.63768116 26.36231884] ; [23.36231884 80.63768116],1
p6,1,6e-06,20.546243,[12 21] ; [ 6 98],[ 4.33576642 28.66423358] ; [13.66423358 90.33576642],1
p11,1,0.11827,2.440087,[21 14] ; [47 58],[17. 18.] ; [51. 54.],0
p12,1,0.394698,0.72442,[ 1 34] ; [ 7 97],[ 2.01438849 32.98561151] ; [ 5.98561151 98.01438849],0
p1,1,0.586412,0.295983,[ 2 33] ; [ 9 96],[ 2.75 32.25] ; [ 8.25 96.75],0
p5,1,0.638072,0.221273,[ 2 33] ; [  4 100],[ 1.51079137 33.48920863] ; [ 4.48920863 99.51079137],0
b1,1,0.695205,0.153509,[15 20] ; [49 56],[16. 19.] ; [48. 57.],0
