Feature,DoF,P Value,Chi Square,Observed,Expected,Is Significant
p7,1,0.0,48.657662,[83 68] ; [211  33],[112.38987342  38.61012658] ; [181.61012658  62.38987342],1
p3,1,0.000361,12.721471,[89 64] ; [185  61],[105.06766917  47.93233083] ; [168.93233083  77.06766917],1
p5,1,0.0008,11.24238,[ 15 134] ; [ 58 188],[ 27.53670886 121.46329114] ; [ 45.46329114 200.53670886],1
p12,1,0.010397,6.565642,[ 10 143] ; [ 37 209],[ 18.02255639 134.97744361] ; [ 28.97744361 217.02255639],0
p2,1,0.019433,5.462163,[129  23] ; [227  19],[135.95979899  16.04020101] ; [220.04020101  25.95979899],0
p11,1,0.06369,3.438592,[121  32] ; [212  34],[127.69172932  25.30827068] ; [205.30827068  40.69172932],0
p1,1,0.106326,2.607998,[ 12 141] ; [ 32 213],[ 16.91457286 136.08542714] ; [ 27.08542714 217.91457286],0
b1,1,0.738383,0.111553,[59 94] ; [ 99 147],[60.58646617 92.41353383] ; [ 97.41353383 148.58646617],0
