Feature,DoF,P Value,Chi Square,Observed,Expected,Is Significant
p10,1,0.0,141.304175,[20 72] ; [178  17],[63.47038328 28.52961672] ; [134.52961672  60.47038328],1
p8,1,0.0,114.830282,[14 78] ; [159  36],[55.45644599 36.54355401] ; [117.54355401  77.45644599],1
p7,1,0.0,104.034791,[26 64] ; [172  22],[62.74647887 27.25352113] ; [135.25352113  58.74647887],1
p2,1,0.0,89.172155,[40 52] ; [183  13],[71.23611111 20.76388889] ; [151.76388889  44.23611111],1
p11,1,0.0,45.31012,[43 49] ; [166  30],[66.76388889 25.23611111] ; [142.23611111  53.76388889],1
p12,1,0.000421,12.4374,[ 2 89] ; [ 33 163],[11.09756098 79.90243902] ; [ 23.90243902 172.09756098],1
p1,1,0.00433,8.139953,[ 4 87] ; [ 32 163],[11.45454545 79.54545455] ; [ 24.54545455 170.45454545],0
b1,1,0.816619,0.053776,[45 47] ; [ 93 103],[44.08333333 47.91666667] ; [ 93.91666667 102.08333333],0
