Feature,DoF,P Value,Chi Square,Observed,Expected,Is Significant
p9,1,0.0,81.737029,[15 38] ; [209  32],[40.38095238 12.61904762] ; [183.61904762  57.38095238],1
p11,1,0.0,35.38043,[22 31] ; [197  46],[39.21283784 13.78716216] ; [179.78716216  63.21283784],1
p8,1,0.00064,11.657136,[16 36] ; [137 104],[27.15358362 24.84641638] ; [125.84641638 115.15358362],1
p7,1,0.085649,2.954311,[27 26] ; [154  88],[32.51864407 20.48135593] ; [148.48135593  93.51864407],0
p3,1,0.122643,2.383244,[27 26] ; [151  91],[31.97966102 21.02033898] ; [146.02033898  95.97966102],0
b1,1,0.239803,1.381751,[24 29] ; [ 89 154],[20.23310811 32.76689189] ; [ 92.76689189 150.23310811],0
p12,1,0.243931,1.357729,[ 1 52] ; [ 14 229],[ 2.68581081 50.31418919] ; [ 12.31418919 230.68581081],0
p1,1,0.262371,1.256204,[ 2 51] ; [ 20 223],[ 3.93918919 49.06081081] ; [ 18.06081081 224.93918919],0
p5,1,0.460478,0.544734,[ 4 48] ; [ 27 215],[ 5.4829932 46.5170068] ; [ 25.5170068 216.4829932],0
