Feature,DoF,P Value,Chi Square,Observed,Expected,Is Significant
p4,1,0.009534,6.720045,[258  48] ; [178  15],[267.36673347  38.63326653] ; [168.63326653  24.36673347],0
p5,1,0.104799,2.630957,[ 63 242] ; [ 52 141],[ 70.43172691 234.56827309] ; [ 44.56827309 148.43172691],0
p12,1,0.105468,2.620847,[ 38 267] ; [ 34 158],[ 44.18511066 260.81488934] ; [ 27.81488934 164.18511066],0
p1,1,0.15877,1.985901,[ 37 267] ; [ 32 160],[ 42.29032258 261.70967742] ; [ 26.70967742 165.29032258],0
p11,1,0.283655,1.149495,[273  33] ; [166  27],[269.20641283  36.79358717] ; [169.79358717  23.20641283],0
b1,1,0.408323,0.683677,[128 178] ; [ 88 105],[132.45691383 173.54308617] ; [ 83.54308617 109.45691383],0
p9,1,0.432232,0.616819,[298   8] ; [190   3],[299.25450902   6.74549098] ; [188.74549098   4.25450902],0
p8,1,0.51895,0.415979,[238  68] ; [154  38],[240.86746988  65.13253012] ; [151.13253012  40.86746988],0
p2,1,0.948618,0.004153,[284  21] ; [180  13],[284.17670683  20.82329317] ; [179.82329317  13.17670683],0
