Feature,DoF,P Value,Chi Square,Observed,Expected,Is Significant
p9,1,0.0,37.658785,[20 29] ; [133  24],[36.39320388 12.60679612] ; [116.60679612  40.39320388],1
p11,1,0.0,31.817194,[22 28] ; [135  26],[37.20379147 12.79620853] ; [119.79620853  41.20379147],1
b1,1,0.003457,8.549008,[29 21] ; [ 56 105],[20.14218009 29.85781991] ; [64.85781991 96.14218009],0
p4,1,0.045109,4.014578,[34 16] ; [83 77],[27.85714286 22.14285714] ; [89.14285714 70.85714286],0
p7,1,0.153683,2.035312,[31 19] ; [114  43],[35.02415459 14.97584541] ; [109.97584541  47.02415459],0
p1,1,0.180991,1.789465,[ 6 44] ; [ 10 150],[ 3.80952381 46.19047619] ; [ 12.19047619 147.80952381],0
p5,1,0.459843,0.546276,[ 5 45] ; [ 11 150],[ 3.79146919 46.20853081] ; [ 12.20853081 148.79146919],0
p6,1,0.822525,0.05031,[16 31] ; [ 52 109],[15.36538462 31.63461538] ; [ 52.63461538 108.36538462],0
