Feature,DoF,P Value,Chi Square,Observed,Expected,Is Significant
p4,1,0.004848,7.935422,[ 4 11] ; [20  8],[8.37209302 6.62790698] ; [15.62790698 12.37209302],0
p8,1,0.010738,6.50809,[ 3 12] ; [17 11],[6.97674419 8.02325581] ; [13.02325581 14.97674419],0
b1,1,0.347695,0.881851,[8 7] ; [19  9],[9.41860465 5.58139535] ; [17.58139535 10.41860465],0
p3,1,0.368803,0.807692,[ 4 10] ; [12 16],[5.33333333 8.66666667] ; [10.66666667 17.33333333],0
p1,1,0.863361,0.029617,[ 3 12] ; [ 5 23],[ 2.79069767 12.20930233] ; [ 5.20930233 22.79069767],0
p11,1,0.875931,0.024376,[10  5] ; [18 10],[9.76744186 5.23255814] ; [18.23255814  9.76744186],0
