Feature,DoF,P Value,Chi Square,Observed,Expected,Is Significant
p5,1,0.005775,7.619053,[ 4 83] ; [ 5 17],[ 7.18348624 79.81651376] ; [ 1.81651376 20.18348624],0
p4,1,0.008557,6.913127,[60 27] ; [ 8 13],[54.77777778 32.22222222] ; [13.22222222  7.77777778],0
p9,1,0.030467,4.68277,[76 11] ; [15  7],[72.63302752 14.36697248] ; [18.36697248  3.63302752],0
p1,1,0.158525,1.988242,[ 7 80] ; [ 4 18],[ 8.77981651 78.22018349] ; [ 2.22018349 19.77981651],0
p10,1,0.176733,1.824887,[70 16] ; [15  7],[67.68518519 18.31481481] ; [17.31481481  4.68518519],0
p7,1,0.26188,1.258792,[58 27] ; [11  9],[55.85714286 29.14285714] ; [13.14285714  6.85714286],0
p11,1,0.322464,0.978926,[61 26] ; [13  9],[59.06422018 27.93577982] ; [14.93577982  7.06422018],0
b1,1,0.51889,0.416099,[33 54] ; [10 12],[34.32110092 52.67889908] ; [ 8.67889908 13.32110092],0
p12,1,0.806818,0.059796,[ 3 84] ; [ 1 21],[ 3.19266055 83.80733945] ; [ 0.80733945 21.19266055],0
