Feature,DoF,P Value,Chi Square,Observed,Expected,Is Significant
p3,1,0.0,42.049834,[238  74] ; [17 36],[217.97260274  94.02739726] ; [37.02739726 15.97260274],1
p11,1,6e-06,20.371416,[282  30] ; [36 17],[271.82465753  40.17534247] ; [46.17534247  6.82465753],1
p2,1,0.000579,11.843032,[294  17] ; [43 10],[287.93131868  23.06868132] ; [49.06868132  3.93131868],1
p5,1,0.004208,8.191988,[ 71 241] ; [ 3 50],[ 63.25479452 248.74520548] ; [10.74520548 42.25479452],0
p7,1,0.006837,7.315233,[269  42] ; [35 14],[262.62222222  48.37777778] ; [41.37777778  7.62222222],0
p10,1,0.011984,6.313287,[297  14] ; [46  7],[293.05769231  17.94230769] ; [49.94230769  3.05769231],0
p12,1,0.107401,2.592061,[ 43 269] ; [ 3 49],[ 39.42857143 272.57142857] ; [ 6.57142857 45.42857143],0
p1,1,0.215767,1.532301,[ 39 271] ; [10 43],[ 41.84573003 268.15426997] ; [ 7.15426997 45.84573003],0
b1,1,0.802745,0.062398,[118 194] ; [21 32],[118.81643836 193.18356164] ; [20.18356164 32.81643836],0
