Feature,DoF,P Value,Chi Square,Observed,Expected,Is Significant
p8,1,0.0,29.267101,[ 6 19] ; [186  60],[17.71217712  7.28782288] ; [174.28782288  71.71217712],1
p10,1,0.001068,10.705539,[17  8] ; [221  24],[22.03703704  2.96296296] ; [215.96296296  29.03703704],0
p9,1,0.001517,10.057866,[18  7] ; [227  20],[22.51838235  2.48161765] ; [222.48161765  24.51838235],0
p11,1,0.009374,6.750072,[16  9] ; [209  38],[20.68014706  4.31985294] ; [204.31985294  42.68014706],0
p1,1,0.02488,5.032203,[ 8 17] ; [ 36 210],[ 4.05904059 20.94095941] ; [ 39.94095941 206.05904059],0
p5,1,0.02882,4.778342,[ 1 24] ; [ 56 191],[ 5.23897059 19.76102941] ; [ 51.76102941 195.23897059],0
b1,1,0.947863,0.004276,[11 14] ; [107 140],[10.84558824 14.15441176] ; [107.15441176 139.84558824],0
