Feature,DoF,P Value,Chi Square,Observed,Expected,Is Significant
p4,1,0.051328,3.797523,[31 81] ; [12 65],[25.48148148 86.51851852] ; [17.51851852 59.48148148],0
p7,1,0.202784,1.622212,[28 83] ; [13 62],[24.46774194 86.53225806] ; [16.53225806 58.46774194],0
p11,1,0.278109,1.176305,[50 63] ; [28 49],[46.38947368 66.61052632] ; [31.61052632 45.38947368],0
p3,1,0.325428,0.967007,[26 87] ; [13 63],[23.31746032 89.68253968] ; [15.68253968 60.31746032],0
b1,1,0.432104,0.61716,[61 52] ; [46 31],[63.63684211 49.36315789] ; [43.36315789 33.63684211],0
p12,1,0.788759,0.071782,[  1 111] ; [ 1 76],[  1.18518519 110.81481481] ; [ 0.81481481 76.18518519],0
p1,1,0.866987,0.028052,[  8 104] ; [ 6 71],[  8.2962963 103.7037037] ; [ 5.7037037 71.2962963],0
p5,1,0.980618,0.00059,[  3 110] ; [ 2 75],[  2.97368421 110.02631579] ; [ 2.02631579 74.97368421],0
