Feature,DoF,P Value,Chi Square,Observed,Expected,Is Significant
p5,1,0.082462,3.0157,[ 2 39] ; [ 6 29],[ 4.31578947 36.68421053] ; [ 3.68421053 31.31578947],0
p11,1,0.137409,2.206736,[35  6] ; [25 10],[32.36842105  8.63157895] ; [27.63157895  7.36842105],0
p12,1,0.167853,1.902011,[ 2 38] ; [ 5 30],[ 3.73333333 36.26666667] ; [ 3.26666667 31.73333333],0
p6,1,0.452476,0.564443,[ 9 28] ; [11 23],[10.42253521 26.57746479] ; [ 9.57746479 24.42253521],0
p1,1,0.535786,0.383406,[ 6 35] ; [ 7 28],[ 7.01315789 33.98684211] ; [ 5.98684211 29.01315789],0
p10,1,0.568213,0.325682,[34  6] ; [28  7],[33.06666667  6.93333333] ; [28.93333333  6.06666667],0
p9,1,0.680291,0.169798,[35  6] ; [31  4],[35.60526316  5.39473684] ; [30.39473684  4.60526316],0
p2,1,0.957528,0.002836,[33  8] ; [28  7],[32.90789474  8.09210526] ; [28.09210526  6.90789474],0
b1,1,0.959948,0.002522,[15 26] ; [13 22],[15.10526316 25.89473684] ; [12.89473684 22.10526316],0
