Feature,DoF,P Value,Chi Square,Observed,Expected,Is Significant
p4,1,0.000941,10.940571,[71 18] ; [ 7 10],[65.49056604 23.50943396] ; [12.50943396  4.49056604],1
p10,1,0.028187,4.81659,[77 12] ; [11  6],[73.88679245 15.11320755] ; [14.11320755  2.88679245],0
p8,1,0.062717,3.464041,[31 58] ; [10  7],[34.4245283 54.5754717] ; [ 6.5754717 10.4245283],0
b1,1,0.386174,0.750956,[37 52] ; [9 8],[38.62264151 50.37735849] ; [7.37735849 9.62264151],0
p12,1,0.439917,0.596499,[11 78] ; [ 1 16],[10.0754717 78.9245283] ; [ 1.9245283 15.0754717],0
p1,1,0.510837,0.432351,[15 74] ; [ 4 13],[15.95283019 73.04716981] ; [ 3.04716981 13.95283019],0
p11,1,0.536836,0.381435,[69 20] ; [12  5],[68.00943396 20.99056604] ; [12.99056604  4.00943396],0
p5,1,0.679107,0.171133,[12 75] ; [ 3 14],[12.54807692 74.45192308] ; [ 2.45192308 14.54807692],0
