Feature,DoF,P Value,Chi Square,Observed,Expected,Is Significant
p4,1,0.0,37.124383,[94 32] ; [ 68 106],[68.04 57.96] ; [93.96 80.04],1
p6,1,9.5e-05,15.239984,[38 87] ; [ 21 152],[ 24.74832215 100.25167785] ; [ 34.25167785 138.74832215],1
b1,1,0.015205,5.892521,[61 65] ; [ 60 114],[50.82 75.18] ; [ 70.18 103.82],0
p9,1,0.036089,4.392899,[107  18] ; [160  12],[112.37373737  12.62626263] ; [154.62626263  17.37373737],0
p11,1,0.171836,1.866852,[89 37] ; [135  39],[94.08 31.92] ; [129.92  44.08],0
p5,1,0.231144,1.433805,[ 11 114] ; [  9 162],[  8.44594595 116.55405405] ; [ 11.55405405 159.44594595],0
p12,1,0.369793,0.80436,[  8 118] ; [ 16 158],[ 10.08 115.92] ; [ 13.92 160.08],0
p1,1,0.691597,0.157362,[ 11 115] ; [ 13 161],[ 10.08 115.92] ; [ 13.92 160.08],0
