Feature,DoF,P Value,Chi Square,Observed,Expected,Is Significant
p9,1,1e-06,25.00099,[145   7] ; [35 15],[135.44554455  16.55445545] ; [44.55445545  5.44554455],1
p2,1,0.00146,10.12825,[129  23] ; [32 18],[121.14851485  30.85148515] ; [39.85148515 10.14851485],0
p11,1,0.00321,8.684328,[121  32] ; [29 21],[113.05418719  39.94581281] ; [36.94581281 13.05418719],0
b1,1,0.016045,5.797971,[59 94] ; [29 21],[66.32512315 86.67487685] ; [21.67487685 28.32512315],0
p6,1,0.099815,2.708504,[56 94] ; [12 37],[51.25628141 98.74371859] ; [16.74371859 32.25628141],0
p5,1,0.184149,1.763816,[ 15 134] ; [ 2 48],[ 12.72864322 136.27135678] ; [ 4.27135678 45.72864322],0
p12,1,0.218703,1.512863,[ 10 143] ; [ 1 49],[  8.29064039 144.70935961] ; [ 2.70935961 47.29064039],0
p1,1,0.369355,0.805832,[ 12 141] ; [ 6 44],[ 13.56650246 139.43349754] ; [ 4.43349754 45.56650246],0
p7,1,0.384314,0.756857,[83 68] ; [31 19],[85.64179104 65.35820896] ; [28.35820896 21.64179104],0
