Feature,DoF,P Value,Chi Square,Observed,Expected,Is Significant
p3,1,4e-06,21.476333,[10 12] ; [ 21 188],[ 2.95238095 19.04761905] ; [ 28.04761905 180.95238095],1
p9,1,3.9e-05,16.919365,[ 5 17] ; [136  66],[13.84821429  8.15178571] ; [127.15178571  74.84821429],1
p11,1,0.004288,8.157712,[ 7 15] ; [132  77],[13.23809524  8.76190476] ; [125.76190476  83.23809524],0
b1,1,0.0067,7.351668,[15  7] ; [ 80 129],[ 9.04761905 12.95238095] ; [ 85.95238095 123.04761905],0
p5,1,0.010391,6.566687,[ 3 18] ; [  6 202],[ 0.82532751 20.17467249] ; [  8.17467249 199.82532751],0
p8,1,0.017384,5.657218,[ 8 13] ; [ 35 173],[ 3.94323144 17.05676856] ; [ 39.05676856 168.94323144],0
p1,1,0.693005,0.155852,[ 1 21] ; [ 14 194],[ 1.43478261 20.56521739] ; [ 13.56521739 194.43478261],0
