Feature,DoF,P Value,Chi Square,Observed,Expected,Is Significant
p3,1,0.001316,10.320097,[23 15] ; [ 82 163],[14.09893993 23.90106007] ; [ 90.90106007 154.09893993],0
p7,1,0.093781,2.808247,[19 18] ; [ 89 152],[14.37410072 22.62589928] ; [ 93.62589928 147.37410072],0
p12,1,0.179999,1.797634,[ 5 33] ; [ 17 229],[ 2.94366197 35.05633803] ; [ 19.05633803 226.94366197],0
p5,1,0.211182,1.563304,[ 4 31] ; [ 14 226],[ 2.29090909 32.70909091] ; [ 15.70909091 224.29090909],0
p11,1,0.446535,0.579433,[32  6] ; [194  52],[30.23943662  7.76056338] ; [195.76056338  50.23943662],0
p1,1,0.827969,0.047223,[ 2 36] ; [ 11 235],[ 1.73943662 36.26056338] ; [ 11.26056338 234.73943662],0
p9,1,0.8892,0.019409,[35  3] ; [224  21],[34.77738516  3.22261484] ; [224.22261484  20.77738516],0
b1,1,0.898206,0.016365,[14 24] ; [ 88 158],[13.64788732 24.35211268] ; [ 88.35211268 157.64788732],0
