Feature,DoF,P Value,Chi Square,Observed,Expected,Is Significant
p10,1,0.024698,5.044935,[13  7] ; [65 10],[16.42105263  3.57894737] ; [61.57894737 13.42105263],0
b1,1,0.082293,3.019015,[10 10] ; [22 53],[ 6.73684211 13.26315789] ; [25.26315789 49.73684211],0
p11,1,0.086521,2.937944,[11  9] ; [56 19],[14.10526316  5.89473684] ; [52.89473684 22.10526316],0
p4,1,0.468861,0.524659,[13  7] ; [42 33],[11.57894737  8.42105263] ; [43.42105263 31.57894737],0
p12,1,0.475828,0.508411,[ 3 17] ; [ 7 67],[ 2.12765957 17.87234043] ; [ 7.87234043 66.12765957],0
p1,1,0.589504,0.291119,[ 2 18] ; [11 64],[ 2.73684211 17.26315789] ; [10.26315789 64.73684211],0
p5,1,0.589504,0.291119,[ 2 18] ; [11 64],[ 2.73684211 17.26315789] ; [10.26315789 64.73684211],0
