Feature,DoF,P Value,Chi Square,Observed,Expected,Is Significant
p11,1,0.0,29.958463,[46 63] ; [163  60],[68.61746988 40.38253012] ; [140.38253012  82.61746988],1
p2,1,0.0,29.2332,[48 61] ; [165  57],[70.14199396 38.85800604] ; [142.85800604  79.14199396],1
b1,1,0.000686,11.526664,[53 56] ; [ 66 157],[39.06927711 69.93072289] ; [ 79.93072289 143.06927711],1
p12,1,0.050415,3.827616,[  1 107] ; [ 12 211],[  4.24169184 103.75830816] ; [  8.75830816 214.24169184],0
p1,1,0.080038,3.064131,[  8 100] ; [  7 216],[  4.89425982 103.10574018] ; [ 10.10574018 212.89425982],0
p4,1,0.171894,1.866348,[26 83] ; [ 69 153],[31.28398792 77.71601208] ; [ 63.71601208 158.28398792],0
p5,1,0.37363,0.791557,[  2 107] ; [  8 213],[  3.3030303 105.6969697] ; [  6.6969697 214.3030303],0
