Feature,DoF,P Value,Chi Square,Observed,Expected,Is Significant
p5,1,0.001971,9.576507,[  4 243] ; [ 4 34],[  6.93333333 240.06666667] ; [ 1.06666667 36.93333333],0
p7,1,0.089334,2.886325,[ 71 173] ; [17 23],[ 75.6056338 168.3943662] ; [12.3943662 27.6056338],0
p1,1,0.103391,2.65244,[ 10 238] ; [ 4 36],[ 12.05555556 235.94444444] ; [ 1.94444444 38.05555556],0
p9,1,0.26661,1.234107,[161  81] ; [23 17],[157.90070922  84.09929078] ; [26.09929078 13.90070922],0
b1,1,0.282801,1.153579,[102 147] ; [20 20],[105.11418685 143.88581315] ; [16.88581315 23.11418685],0
p11,1,0.422321,0.643848,[158  91] ; [28 12],[160.25605536  88.74394464] ; [25.74394464 14.25605536],0
p10,1,0.459167,0.547924,[151  95] ; [27 13],[153.1048951  92.8951049] ; [24.8951049 15.1048951],0
p12,1,0.505806,0.442734,[ 12 235] ; [ 1 39],[ 11.18815331 235.81184669] ; [ 1.81184669 38.18815331],0
