Feature,DoF,P Value,Chi Square,Observed,Expected,Is Significant
p10,1,0.0,41.196004,[ 7 22] ; [130  29],[21.13297872  7.86702128] ; [115.86702128  43.13297872],1
b1,1,0.000306,13.034647,[21  9] ; [ 56 105],[12.09424084 17.90575916] ; [64.90575916 96.09424084],1
p11,1,0.002661,9.026433,[18 12] ; [135  26],[24.03141361  5.96858639] ; [128.96858639  32.03141361],0
p1,1,0.172963,1.857075,[ 4 26] ; [ 10 150],[ 2.21052632 27.78947368] ; [ 11.78947368 148.21052632],0
p4,1,0.248095,1.333997,[19 11] ; [83 77],[16.10526316 13.89473684] ; [85.89473684 74.10526316],0
p5,1,0.973618,0.001094,[ 2 28] ; [ 11 150],[ 2.04188482 27.95811518] ; [ 10.95811518 150.04188482],0
