Feature,DoF,P Value,Chi Square,Observed,Expected,Is Significant
p10,1,0.0,40.625246,[26 81] ; [65 29],[48.44278607 58.55721393] ; [42.55721393 51.44278607],1
p2,1,2.3e-05,17.883691,[50 58] ; [71 23],[64.69306931 43.30693069] ; [56.30693069 37.69306931],1
p11,1,0.008652,6.893337,[49 59] ; [60 34],[58.27722772 49.72277228] ; [50.72277228 43.27722772],0
p1,1,0.133557,2.25067,[  5 102] ; [ 1 93],[  3.19402985 103.80597015] ; [ 2.80597015 91.19402985],0
p12,1,0.252974,1.306802,[  1 106] ; [ 3 91],[  2.12935323 104.87064677] ; [ 1.87064677 92.12935323],0
b1,1,0.299473,1.076541,[55 53] ; [41 53],[51.32673267 56.67326733] ; [44.67326733 49.32673267],0
p5,1,0.926604,0.008486,[  1 106] ; [ 1 93],[  1.06467662 105.93532338] ; [ 0.93532338 93.06467662],0
