Feature,DoF,P Value,Chi Square,Observed,Expected,Is Significant
p10,1,0.0,44.270833,[ 2 13] ; [202  38],[12.  3.] ; [192.  48.],1
p3,1,0.006058,7.533115,[ 4 11] ; [151  91],[9.04669261 5.95330739] ; [145.95330739  96.04669261],0
p11,1,0.009867,6.658781,[8 7] ; [197  46],[11.91860465  3.08139535] ; [193.08139535  49.91860465],0
p8,1,0.022609,5.198334,[ 4 11] ; [137 104],[8.26171875 6.73828125] ; [132.73828125 108.26171875],0
b1,1,0.43491,0.609675,[7 8] ; [ 89 154],[5.58139535 9.41860465] ; [ 90.41860465 152.58139535],0
p7,1,0.447143,0.577883,[11  4] ; [154  88],[9.63035019 5.36964981] ; [155.36964981  86.63035019],0
