Feature,DoF,P Value,Chi Square,Observed,Expected,Is Significant
p11,1,2.9e-05,17.499277,[273  33] ; [122  42],[257.17021277  48.82978723] ; [137.82978723  26.17021277],1
p6,1,7.3e-05,15.741407,[175 129] ; [ 62 100],[154.60944206 149.39055794] ; [82.39055794 79.60944206],1
p5,1,0.003652,8.449391,[ 63 242] ; [ 16 144],[ 51.8172043 253.1827957] ; [ 27.1827957 132.8172043],0
p2,1,0.006134,7.510457,[284  21] ; [139  24],[275.67307692  29.32692308] ; [147.32692308  15.67307692],0
p12,1,0.030199,4.697926,[ 38 267] ; [ 10 154],[ 31.21535181 273.78464819] ; [ 16.78464819 147.21535181],0
p1,1,0.101768,2.677621,[ 37 267] ; [ 12 152],[ 31.82905983 272.17094017] ; [ 17.17094017 146.82905983],0
b1,1,0.644625,0.212745,[128 178] ; [65 99],[125.65531915 180.34468085] ; [67.34468085 96.65531915],0
