Feature,DoF,P Value,Chi Square,Observed,Expected,Is Significant
p11,1,0.005584,7.68,[21  7] ; [ 7 13],[16.33333333 11.66666667] ; [11.66666667  8.33333333],0
b1,1,0.078983,3.085714,[11 17] ; [13  7],[14. 14.] ; [10. 10.],0
p7,1,0.13057,2.285714,[20  8] ; [10 10],[17.5 10.5] ; [12.5  7.5],0
p9,1,0.13057,2.285714,[13 15] ; [ 5 15],[10.5 17.5] ; [ 7.5 12.5],0
p8,1,0.202983,1.620779,[15 13] ; [ 7 13],[12.83333333 15.16666667] ; [ 9.16666667 10.83333333],0
p5,1,0.379652,0.771827,[ 2 26] ; [ 3 17],[ 2.91666667 25.08333333] ; [ 2.08333333 17.91666667],0
p1,1,0.480071,0.498701,[ 3 25] ; [ 1 19],[ 2.33333333 25.66666667] ; [ 1.66666667 18.33333333],0
p4,1,0.732455,0.11687,[14 14] ; [11  9],[14.58333333 13.41666667] ; [10.41666667  9.58333333],0
