Feature,DoF,P Value,Chi Square,Observed,Expected,Is Significant
p9,1,0.0,55.51341,[96  8] ; [37 50],[72.41884817 31.58115183] ; [60.58115183 26.41884817],1
p11,1,3e-06,21.763393,[87 17] ; [48 43],[72. 32.] ; [63. 28.],1
p7,1,0.000781,11.285331,[70 29] ; [42 48],[58.66666667 40.33333333] ; [53.33333333 36.66666667],1
p1,1,0.076867,3.129939,[12 92] ; [ 4 85],[ 8.62176166 95.37823834] ; [ 7.37823834 81.62176166],0
p5,1,0.184411,1.761717,[ 8 96] ; [ 3 88],[ 5.86666667 98.13333333] ; [ 5.13333333 85.86666667],0
b1,1,0.190627,1.712761,[34 70] ; [38 53],[38.4 65.6] ; [33.6 57.4],0
p12,1,0.587269,0.294629,[ 5 97] ; [ 3 87],[ 4.25 97.75] ; [ 3.75 86.25],0
p3,1,0.839135,0.041209,[34 70] ; [31 60],[34.66666667 69.33333333] ; [30.33333333 60.66666667],0
