Feature,DoF,P Value,Chi Square,Observed,Expected,Is Significant
p10,1,0.0,130.829578,[17 77] ; [189  33],[61.27848101 32.72151899] ; [144.72151899  77.27848101],1
p2,1,0.0,37.02687,[36 58] ; [165  57],[59.79113924 34.20886076] ; [141.20886076  80.79113924],1
p11,1,0.0,26.782863,[40 54] ; [163  60],[60.1955836 33.8044164] ; [142.8044164  80.1955836],1
b1,1,3.2e-05,17.267273,[51 43] ; [ 66 157],[34.69400631 59.30599369] ; [ 82.30599369 140.69400631],1
p6,1,0.064334,3.421975,[11 81] ; [ 46 175],[16.75399361 75.24600639] ; [ 40.24600639 180.75399361],0
p7,1,0.074808,3.174235,[26 66] ; [ 84 132],[32.85714286 59.14285714] ; [ 77.14285714 138.85714286],0
p1,1,0.176638,1.825689,[ 6 87] ; [  7 216],[ 3.82594937 89.17405063] ; [  9.17405063 213.82594937],0
p12,1,0.203405,1.617759,[ 2 91] ; [ 12 211],[ 4.12025316 88.87974684] ; [  9.87974684 213.12025316],0
p5,1,0.212775,1.552443,[ 1 93] ; [  8 213],[ 2.68571429 91.31428571] ; [  6.31428571 214.68571429],0
