Feature,DoF,P Value,Chi Square,Observed,Expected,Is Significant
p4,1,0.0,55.675257,[258  48] ; [12 26],[240.1744186  65.8255814] ; [29.8255814  8.1744186],1
p11,1,0.0,31.368256,[273  33] ; [21 17],[261.52325581  44.47674419] ; [32.47674419  5.52325581],1
p2,1,1e-06,23.69596,[284  21] ; [26 12],[275.65597668  29.34402332] ; [34.34402332  3.65597668],1
p6,1,0.000268,13.283483,[175 129] ; [10 28],[164.44444444 139.55555556] ; [20.55555556 17.44444444],1
p5,1,0.007159,7.232749,[ 63 242] ; [ 1 37],[ 56.90962099 248.09037901] ; [ 7.09037901 30.90962099],0
b1,1,0.059638,3.547433,[128 178] ; [22 16],[133.43023256 172.56976744] ; [16.56976744 21.43023256],0
p12,1,0.071934,3.238321,[ 38 267] ; [ 1 37],[ 34.67930029 270.32069971] ; [ 4.32069971 33.67930029],0
p1,1,0.077705,3.112253,[ 37 267] ; [ 1 37],[ 33.77777778 270.22222222] ; [ 4.22222222 33.77777778],0
