Feature,DoF,P Value,Chi Square,Observed,Expected,Is Significant
p11,1,0.059375,3.554768,[98 23] ; [36 17],[93.18390805 27.81609195] ; [40.81609195 12.18390805],0
p7,1,0.065676,3.387903,[68 53] ; [35 14],[73.31176471 47.68823529] ; [29.68823529 19.31176471],0
p1,1,0.14533,2.1206,[ 13 108] ; [10 43],[ 15.99425287 105.00574713] ; [ 7.00574713 45.99425287],0
b1,1,0.360876,0.834843,[57 64] ; [21 32],[54.24137931 66.75862069] ; [23.75862069 29.24137931],0
p5,1,0.419273,0.652351,[ 11 107] ; [ 3 50],[  9.66081871 108.33918129] ; [ 4.33918129 48.66081871],0
p12,1,0.692025,0.156902,[  9 112] ; [ 3 49],[  8.39306358 112.60693642] ; [ 3.60693642 48.39306358],0
p2,1,0.982661,0.000472,[98 23] ; [43 10],[98.05172414 22.94827586] ; [42.94827586 10.05172414],0
