Feature,DoF,P Value,Chi Square,Observed,Expected,Is Significant
p4,1,0.0,48.411055,[317  61] ; [89 71],[285.25650558  92.74349442] ; [120.74349442  39.25650558],1
p11,1,2e-06,22.4831,[336  42] ; [116  44],[317.57620818  60.42379182] ; [134.42379182  25.57620818],1
p5,1,5.2e-05,16.374623,[ 73 302] ; [  9 150],[ 57.58426966 317.41573034] ; [ 24.41573034 134.58426966],1
p12,1,0.000488,12.159303,[ 49 327] ; [  5 155],[ 37.88059701 338.11940299] ; [ 16.11940299 143.88059701],1
p1,1,0.001159,10.554125,[ 49 326] ; [  6 154],[ 38.55140187 336.44859813] ; [ 16.44859813 143.55140187],0
p6,1,0.002645,9.037241,[190 185] ; [ 58 101],[174.15730337 200.84269663] ; [73.84269663 85.15730337],0
b1,1,0.571257,0.320584,[154 224] ; [61 99],[151.05947955 226.94052045] ; [63.94052045 96.05947955],0
