Feature,DoF,P Value,Chi Square,Observed,Expected,Is Significant
p9,1,0.0,30.175054,[18 20] ; [129  18],[30.19459459  7.80540541] ; [116.80540541  30.19459459],1
p3,1,0.007114,7.243884,[16 22] ; [97 50],[23.21081081 14.78918919] ; [89.78918919 57.21081081],0
p11,1,0.008487,6.927625,[26 12] ; [128  20],[31.46236559  6.53763441] ; [122.53763441  25.46236559],0
b1,1,0.092467,2.830897,[19 19] ; [52 96],[14.50537634 23.49462366] ; [56.49462366 91.50537634],0
p7,1,0.233356,1.42029,[26 12] ; [115  33],[28.80645161  9.19354839] ; [112.19354839  35.80645161],0
p1,1,0.267524,1.229399,[ 6 32] ; [ 14 133],[ 4.10810811 33.89189189] ; [ 15.89189189 131.10810811],0
p5,1,0.523765,0.406474,[ 3 35] ; [ 17 131],[ 4.08602151 33.91397849] ; [ 15.91397849 132.08602151],0
