Feature,DoF,P Value,Chi Square,Observed,Expected,Is Significant
p3,1,0.037654,4.320605,[18 13] ; [20 37],[13.38636364 17.61363636] ; [24.61363636 32.38636364],0
p8,1,0.113431,2.50576,[ 7 24] ; [22 34],[10.33333333 20.66666667] ; [18.66666667 37.33333333],0
p12,1,0.232455,1.425775,[ 3 28] ; [ 2 55],[ 1.76136364 29.23863636] ; [ 3.23863636 53.76136364],0
p6,1,0.319764,0.989912,[ 7 24] ; [18 37],[ 9.01162791 21.98837209] ; [15.98837209 39.01162791],0
p1,1,0.462972,0.538701,[ 1 30] ; [ 4 53],[ 1.76136364 29.23863636] ; [ 3.23863636 53.76136364],0
p5,1,0.705556,0.142756,[ 1 28] ; [ 3 54],[ 1.34883721 27.65116279] ; [ 2.65116279 54.34883721],0
p11,1,0.759829,0.093456,[18 13] ; [35 22],[18.67045455 12.32954545] ; [34.32954545 22.67045455],0
b1,1,0.970356,0.001381,[11 20] ; [20 37],[10.92045455 20.07954545] ; [20.07954545 36.92045455],0
