Feature,DoF,P Value,Chi Square,Observed,Expected,Is Significant
p7,1,0.0,30.87548,[ 63 169] ; [31 13],[ 79.01449275 152.98550725] ; [14.98550725 29.01449275],1
p1,1,1.5e-05,18.796594,[  7 230] ; [ 9 39],[ 13.30526316 223.69473684] ; [ 2.69473684 45.30526316],1
p9,1,3.7e-05,17.02492,[153  78] ; [46  2],[164.76344086  66.23655914] ; [34.23655914 13.76344086],1
p2,1,0.011487,6.388373,[137 101] ; [37 11],[144.7972028  93.2027972] ; [29.2027972 18.7972028],0
p5,1,0.028273,4.811339,[  3 234] ; [ 3 45],[  4.98947368 232.01052632] ; [ 1.01052632 46.98947368],0
p11,1,0.671486,0.179869,[151  87] ; [32 16],[152.28671329  85.71328671] ; [30.71328671 17.28671329],0
p12,1,0.716773,0.131606,[ 12 224] ; [ 3 44],[ 12.50883392 223.49116608] ; [ 2.49116608 44.50883392],0
b1,1,0.775419,0.081392,[ 89 149] ; [19 29],[ 89.87412587 148.12587413] ; [18.12587413 29.87412587],0
