Feature,DoF,P Value,Chi Square,Observed,Expected,Is Significant
p10,1,0.0,174.891168,[238  22] ; [11 61],[195.  65.] ; [54. 18.],1
p2,1,0.0,133.970747,[243  17] ; [23 49],[208.31325301  51.68674699] ; [57.68674699 14.31325301],1
p11,1,0.0,82.425395,[232  29] ; [28 44],[203.78378378  57.21621622] ; [56.21621622 15.78378378],1
p6,1,0.0,66.56537,[156 101] ; [ 4 66],[125.74923547 131.25076453] ; [34.25076453 35.74923547],1
p5,1,2.2e-05,17.99785,[ 61 200] ; [ 1 71],[ 48.59459459 212.40540541] ; [13.40540541 58.59459459],1
p12,1,0.003839,8.358567,[ 35 225] ; [ 1 70],[ 28.27794562 231.72205438] ; [ 7.72205438 63.27794562],0
b1,1,0.137434,2.206461,[105 156] ; [36 36],[110.51351351 150.48648649] ; [30.48648649 41.51351351],0
p1,1,0.251902,1.312724,[ 35 224] ; [ 6 65],[ 32.17878788 226.82121212] ; [ 8.82121212 62.17878788],0
