Feature,DoF,P Value,Chi Square,Observed,Expected,Is Significant
p9,1,0.0,36.752414,[15 38] ; [84 24],[32.59006211 20.40993789] ; [66.40993789 41.59006211],1
p11,1,0.00103,10.773595,[22 31] ; [74 34],[31.60248447 21.39751553] ; [64.39751553 43.60248447],0
p2,1,0.124872,2.355121,[38 15] ; [88 19],[41.7375 11.2625] ; [84.2625 22.7375],0
b1,1,0.175429,1.835926,[24 29] ; [37 71],[20.08074534 32.91925466] ; [40.91925466 67.08074534],0
p5,1,0.284608,1.144955,[ 4 48] ; [  4 103],[ 2.6163522 49.3836478] ; [  5.3836478 101.6163522],0
p1,1,0.732135,0.117161,[ 2 51] ; [  3 105],[ 1.64596273 51.35403727] ; [  3.35403727 104.64596273],0
p12,1,0.987708,0.000237,[ 1 52] ; [  2 106],[ 0.98757764 52.01242236] ; [  2.01242236 105.98757764],0
