Feature,DoF,P Value,Chi Square,Observed,Expected,Is Significant
p7,1,0.0,112.035217,[137 160] ; [184  15],[192.21169355 104.78830645] ; [128.78830645  70.21169355],1
p3,1,0.0,85.13055,[114 189] ; [159  41],[164.45129225 138.54870775] ; [108.54870775  91.45129225],1
p5,1,0.0,45.298433,[ 19 279] ; [ 57 143],[ 45.47791165 252.52208835] ; [ 30.52208835 169.47791165],1
p2,1,1.2e-05,19.138001,[237  65] ; [186  14],[254.47410359  47.52589641] ; [168.52589641  31.47410359],1
p12,1,0.000215,13.694653,[ 20 284] ; [ 34 166],[ 32.57142857 271.42857143] ; [ 21.42857143 178.57142857],1
p1,1,0.000352,12.768748,[ 17 287] ; [ 30 169],[ 28.4055666 275.5944334] ; [ 18.5944334 180.4055666],1
p11,1,0.002455,9.174095,[235  69] ; [176  24],[247.9047619  56.0952381] ; [163.0952381  36.9047619],0
b1,1,0.039279,4.248762,[106 198] ; [ 88 112],[117.01587302 186.98412698] ; [ 76.98412698 123.01587302],0
