Feature,DoF,P Value,Chi Square,Observed,Expected,Is Significant
p12,1,0.000464,12.254416,[  4 152] ; [15 93],[ 11.22727273 144.77272727] ; [  7.77272727 100.22727273],1
p6,1,0.005492,7.709868,[58 96] ; [23 84],[ 47.79310345 106.20689655] ; [33.20689655 73.79310345],0
p3,1,0.029432,4.742141,[72 84] ; [64 43],[80.66920152 75.33079848] ; [55.33079848 51.66920152],0
p1,1,0.070933,3.261298,[  7 149] ; [11 97],[ 10.63636364 145.36363636] ; [  7.36363636 100.63636364],0
p11,1,0.070967,3.260513,[112  44] ; [88 20],[118.18181818  37.81818182] ; [81.81818182 26.18181818],0
p5,1,0.169331,1.888859,[ 10 144] ; [12 94],[ 13.03076923 140.96923077] ; [ 8.96923077 97.03076923],0
p2,1,0.483911,0.490037,[134  21] ; [90 18],[132.01520913  22.98479087] ; [91.98479087 16.01520913],0
b1,1,0.51801,0.417854,[61 95] ; [38 70],[58.5 97.5] ; [40.5 67.5],0
