Feature,DoF,P Value,Chi Square,Observed,Expected,Is Significant
p8,1,0.000405,12.509941,[ 8 17] ; [115  53],[15.93264249  9.06735751] ; [107.06735751  60.93264249],1
p11,1,0.001502,10.075783,[15 11] ; [143  27],[20.95918367  5.04081633] ; [137.04081633  32.95918367],0
p10,1,0.001602,9.957677,[15 11] ; [142  27],[20.93333333  5.06666667] ; [136.06666667  32.93333333],0
p9,1,0.002265,9.321041,[16 10] ; [146  24],[21.48979592  4.51020408] ; [140.51020408  29.48979592],0
p1,1,0.535705,0.383559,[ 1 25] ; [ 12 157],[ 1.73333333 24.26666667] ; [ 11.26666667 157.73333333],0
p5,1,0.7145,0.133823,[ 2 22] ; [ 18 149],[ 2.51308901 21.48691099] ; [ 17.48691099 149.51308901],0
b1,1,0.890412,0.018984,[10 16] ; [ 63 107],[ 9.68367347 16.31632653] ; [ 63.31632653 106.68367347],0
p12,1,0.9354,0.006569,[ 1 25] ; [  6 164],[ 0.92857143 25.07142857] ; [  6.07142857 163.92857143],0
