Feature,DoF,P Value,Chi Square,Observed,Expected,Is Significant
p9,1,0.0,27.37712,[65  3] ; [21 18],[54.65420561 13.34579439] ; [31.34579439  7.65420561],1
p11,1,0.023503,5.130939,[54 14] ; [23 16],[48.93457944 19.06542056] ; [28.06542056 10.93457944],0
b1,1,0.114177,2.495438,[21 47] ; [18 21],[24.78504673 43.21495327] ; [14.21495327 24.78504673],0
p1,1,0.130769,2.283352,[10 58] ; [ 2 37],[ 7.62616822 60.37383178] ; [ 4.37383178 34.62616822],0
p3,1,0.229949,1.441175,[28 39] ; [21 18],[30.97169811 36.02830189] ; [18.02830189 20.97169811],0
p12,1,0.343371,0.897805,[ 7 60] ; [ 2 37],[ 5.68867925 61.31132075] ; [ 3.31132075 35.68867925],0
p5,1,0.484688,0.488296,[ 9 59] ; [ 3 32],[ 7.9223301 60.0776699] ; [ 4.0776699 30.9223301],0
