Feature,DoF,P Value,Chi Square,Observed,Expected,Is Significant
p10,1,0.0,36.361344,[185  24] ; [1 7],[179.14285714  29.85714286] ; [6.85714286 1.14285714],1
p4,1,0.0,36.162726,[184  24] ; [1 7],[178.14814815  29.85185185] ; [6.85185185 1.14814815],1
p11,1,3.2e-05,17.320709,[185  24] ; [3 5],[181.06912442  27.93087558] ; [6.93087558 1.06912442],1
p3,1,0.018198,5.576961,[156  52] ; [3 5],[153.11111111  54.88888889] ; [5.88888889 2.11111111],0
b1,1,0.302168,1.064602,[ 92 117] ; [5 3],[ 93.42396313 115.57603687] ; [3.57603687 4.42396313],0
