Feature,DoF,P Value,Chi Square,Observed,Expected,Is Significant
p6,1,0.054533,3.696297,[ 9 28] ; [ 21 152],[ 5.28571429 31.71428571] ; [ 24.71428571 148.28571429],0
p9,1,0.113178,2.509272,[35  6] ; [160  12],[37.53521127  3.46478873] ; [157.46478873  14.53521127],0
p1,1,0.146035,2.113185,[ 6 35] ; [ 13 161],[ 3.62325581 37.37674419] ; [ 15.37674419 158.62325581],0
p2,1,0.161851,1.956847,[33  8] ; [121  53],[29.36744186 11.63255814] ; [124.63255814  49.36744186],0
p11,1,0.270646,1.213472,[35  6] ; [135  39],[32.41860465  8.58139535] ; [137.58139535  36.41860465],0
p12,1,0.388673,0.74309,[ 2 38] ; [ 16 158],[ 3.36448598 36.63551402] ; [ 14.63551402 159.36448598],0
b1,1,0.799398,0.06458,[15 26] ; [ 60 114],[14.30232558 26.69767442] ; [ 60.69767442 113.30232558],0
p5,1,0.920464,0.00997,[ 2 39] ; [  9 162],[ 2.12735849 38.87264151] ; [  8.87264151 162.12735849],0
