Feature,DoF,P Value,Chi Square,Observed,Expected,Is Significant
p4,1,2.5e-05,17.790699,[13 11] ; [227  34],[20.21052632  3.78947368] ; [219.78947368  41.21052632],1
p11,1,0.060309,3.528871,[19  6] ; [232  29],[21.94055944  3.05944056] ; [229.05944056  31.94055944],0
p12,1,0.368673,0.808134,[ 5 20] ; [ 35 225],[ 3.50877193 21.49122807] ; [ 36.49122807 223.50877193],0
p1,1,0.373275,0.792734,[ 5 20] ; [ 35 224],[ 3.52112676 21.47887324] ; [ 36.47887324 222.52112676],0
p9,1,0.468303,0.525977,[24  1] ; [240  21],[23.07692308  1.92307692] ; [240.92307692  20.07692308],0
p5,1,0.702286,0.146105,[ 5 20] ; [ 61 200],[ 5.76923077 19.23076923] ; [ 60.23076923 200.76923077],0
b1,1,0.982133,0.000502,[10 15] ; [105 156],[10.05244755 14.94755245] ; [104.94755245 156.05244755],0
