Feature,DoF,P Value,Chi Square,Observed,Expected,Is Significant
p9,1,0.0,68.571999,[215  12] ; [12 16],[202.0745098  24.9254902] ; [24.9254902  3.0745098],1
p11,1,0.001463,10.12402,[198  29] ; [18 10],[192.28235294  34.71764706] ; [23.71764706  4.28235294],0
b1,1,0.013528,6.098757,[ 83 144] ; [17 11],[ 89.01960784 137.98039216] ; [10.98039216 17.01960784],0
p7,1,0.016384,5.761209,[142  84] ; [24  4],[147.7007874  78.2992126] ; [18.2992126  9.7007874],0
p1,1,0.038331,4.290276,[ 20 206] ; [ 6 22],[ 23.13385827 202.86614173] ; [ 2.86614173 25.13385827],0
p3,1,0.06797,3.331384,[145  81] ; [13 15],[140.58267717  85.41732283] ; [17.41732283 10.58267717],0
p2,1,0.094586,2.794539,[202  24] ; [22  6],[199.30708661  26.69291339] ; [24.69291339  3.30708661],0
p5,1,0.686342,0.163074,[ 26 197] ; [ 4 24],[ 26.65338645 196.34661355] ; [ 3.34661355 24.65338645],0
