Feature,DoF,P Value,Chi Square,Observed,Expected,Is Significant
p2,1,0.0,130.926852,[281  17] ; [45 59],[241.66169154  56.33830846] ; [84.33830846 19.66169154],1
p11,1,0.0,108.764434,[268  31] ; [41 63],[229.25806452  69.74193548] ; [79.74193548 24.25806452],1
p3,1,0.0,90.440935,[227  72] ; [24 79],[186.68905473 112.31094527] ; [64.31094527 38.68905473],1
p6,1,0.0,78.425443,[184 115] ; [11 91],[145.39900249 153.60099751] ; [49.60099751 52.39900249],1
p5,1,2e-06,22.818328,[ 67 232] ; [  2 102],[ 51.19354839 247.80645161] ; [17.80645161 86.19354839],1
p12,1,0.002518,9.127534,[ 36 263] ; [  2 101],[ 28.26368159 270.73631841] ; [ 9.73631841 93.26368159],0
b1,1,0.056253,3.644559,[123 176] ; [54 50],[131.32258065 167.67741935] ; [45.67741935 58.32258065],0
p1,1,0.061123,3.506661,[ 37 260] ; [ 6 97],[ 31.9275 265.0725] ; [11.0725 91.9275],0
