Feature,DoF,P Value,Chi Square,Observed,Expected,Is Significant
p11,1,0.0,28.62098,[55 25] ; [310  30],[69.52380952 10.47619048] ; [295.47619048  44.52380952],1
p3,1,0.000117,14.844261,[38 42] ; [238 101],[52.69689737 27.30310263] ; [223.30310263 115.69689737],1
p5,1,0.001591,9.970492,[ 4 76] ; [ 67 273],[13.52380952 66.47619048] ; [ 57.47619048 282.52380952],0
p12,1,0.028539,4.795231,[ 3 77] ; [ 41 298],[ 8.40095465 71.59904535] ; [ 35.59904535 303.40095465],0
p2,1,0.052619,3.755979,[70 10] ; [318  21],[74.08114558  5.91885442] ; [313.91885442  25.08114558],0
p4,1,0.071316,3.252457,[56 24] ; [269  70],[62.05250597 17.94749403] ; [262.94749403  76.05250597],0
p1,1,0.643545,0.214136,[ 8 72] ; [ 40 298],[ 9.18660287 70.81339713] ; [ 38.81339713 299.18660287],0
p9,1,0.711279,0.137003,[77  3] ; [324  16],[76.38095238  3.61904762] ; [324.61904762  15.38095238],0
b1,1,0.884402,0.021139,[32 48] ; [133 207],[31.42857143 48.57142857] ; [133.57142857 206.42857143],0
