Feature,DoF,P Value,Chi Square,Observed,Expected,Is Significant
p11,1,0.001614,9.943772,[310  30] ; [30 10],[304.21052632  35.78947368] ; [35.78947368  4.21052632],0
p4,1,0.015669,5.839635,[269  70] ; [25 15],[262.97097625  76.02902375] ; [31.02902375  8.97097625],0
p5,1,0.075462,3.160018,[ 67 273] ; [ 3 35],[ 62.96296296 277.03703704] ; [ 7.03703704 30.96296296],0
p6,1,0.147797,2.094847,[185 154] ; [17 23],[180.68073879 158.31926121] ; [21.31926121 18.68073879],0
b1,1,0.472062,0.517145,[133 207] ; [18 22],[135.10526316 204.89473684] ; [15.89473684 24.10526316],0
p12,1,0.698547,0.149988,[ 41 298] ; [ 4 36],[ 40.25065963 298.74934037] ; [ 4.74934037 35.25065963],0
p1,1,0.732301,0.117009,[ 40 298] ; [ 4 36],[ 39.34391534 298.65608466] ; [ 4.65608466 35.34391534],0
