Feature,DoF,P Value,Chi Square,Observed,Expected,Is Significant
p3,1,0.0,31.965127,[51 89] ; [290 167],[79.96649916 60.03350084] ; [261.03350084 195.96649916],1
p6,1,0.0,25.814401,[ 35 101] ; [228 224],[60.82993197 75.17006803] ; [202.17006803 249.82993197],1
p8,1,2.4e-05,17.842037,[71 68] ; [320 134],[91.65092749 47.34907251] ; [299.34907251 154.65092749],1
p5,1,0.000135,14.566997,[  5 135] ; [ 73 383],[ 18.32214765 121.67785235] ; [ 59.67785235 396.32214765],1
p11,1,0.022673,5.193412,[111  29] ; [398  59],[119.36348409  20.63651591] ; [389.63651591  67.36348409],0
p10,1,0.057653,3.60365,[123  16] ; [425  30],[128.23569024  10.76430976] ; [419.76430976  35.23569024],0
p12,1,0.117034,2.456565,[  7 132] ; [ 42 414],[ 11.44705882 127.55294118] ; [ 37.55294118 418.44705882],0
p1,1,0.148993,2.082526,[  8 132] ; [ 44 412],[ 12.2147651 127.7852349] ; [ 39.7852349 416.2147651],0
b1,1,0.670262,0.181296,[49 91] ; [169 288],[51.12227806 88.87772194] ; [166.87772194 290.12227806],0
