Feature,DoF,P Value,Chi Square,Observed,Expected,Is Significant
p11,1,8.2e-05,15.51496,[43 26] ; [128  21],[54.12385321 14.87614679] ; [116.87614679  32.12385321],1
p7,1,0.003284,8.642624,[33 35] ; [100  44],[42.66037736 25.33962264] ; [90.33962264 53.66037736],0
p5,1,0.022606,5.198525,[ 1 68] ; [ 15 133],[ 5.0875576 63.9124424] ; [ 10.9124424 137.0875576],0
p6,1,0.048133,3.905337,[14 53] ; [51 98],[20.16203704 46.83796296] ; [ 44.83796296 104.16203704],0
b1,1,0.191466,1.706299,[28 41] ; [ 47 102],[23.73853211 45.26146789] ; [51.26146789 97.73853211],0
p1,1,0.333136,0.936668,[ 3 64] ; [ 12 136],[ 4.6744186 62.3255814] ; [ 10.3255814 137.6744186],0
p12,1,0.423423,0.640795,[ 2 66] ; [  8 140],[ 3.14814815 64.85185185] ; [  6.85185185 141.14814815],0
