Feature,DoF,P Value,Chi Square,Observed,Expected,Is Significant
p1,1,0.158185,1.991489,[ 1 25] ; [ 4 22],[ 2.5 23.5] ; [ 2.5 23.5],0
b1,1,0.40223,0.701649,[10 16] ; [13 13],[11.5 14.5] ; [11.5 14.5],0
p7,1,0.488161,0.480577,[12 13] ; [15 11],[13.23529412 11.76470588] ; [13.76470588 12.23529412],0
p5,1,0.504463,0.445536,[ 2 22] ; [ 1 25],[ 1.44 22.56] ; [ 1.56 24.44],0
p10,1,0.568618,0.325,[15 11] ; [17  9],[16. 10.] ; [16. 10.],0
p9,1,0.777464,0.079877,[16 10] ; [15 11],[15.5 10.5] ; [15.5 10.5],0
p11,1,0.78008,0.077961,[15 11] ; [14 12],[14.5 11.5] ; [14.5 11.5],0
p8,1,0.924558,0.008967,[ 8 17] ; [ 8 18],[ 7.84313725 17.15686275] ; [ 8.15686275 17.84313725],0
p6,1,0.931346,0.007422,[ 7 18] ; [ 7 19],[ 6.8627451 18.1372549] ; [ 7.1372549 18.8627451],0
