Feature,DoF,P Value,Chi Square,Observed,Expected,Is Significant
p10,1,0.000376,12.648546,[23 14] ; [103  14],[30.27272727  6.72727273] ; [95.72727273 21.27272727],1
p3,1,0.114343,2.493147,[17 20] ; [71 46],[21.14285714 15.85714286] ; [66.85714286 50.14285714],0
p11,1,0.122957,2.379242,[23 14] ; [88 29],[26.66883117 10.33116883] ; [84.33116883 32.66883117],0
p1,1,0.185157,1.755737,[ 1 36] ; [ 11 106],[ 2.88311688 34.11688312] ; [  9.11688312 107.88311688],0
b1,1,0.197177,1.663163,[18 19] ; [43 74],[14.65584416 22.34415584] ; [46.34415584 70.65584416],0
p5,1,0.278371,1.175025,[ 2 33] ; [ 14 101],[ 3.73333333 31.26666667] ; [ 12.26666667 102.73333333],0
p8,1,0.991664,0.000109,[13 23] ; [42 74],[13.02631579 22.97368421] ; [41.97368421 74.02631579],0
