Feature,DoF,P Value,Chi Square,Observed,Expected,Is Significant
p11,1,0.088669,2.898371,[58 63] ; [31 55],[52.02415459 68.97584541] ; [36.97584541 49.02415459],0
p12,1,0.089837,2.877297,[  7 113] ; [ 1 84],[  4.68292683 115.31707317] ; [ 3.31707317 81.68292683],0
p4,1,0.131625,2.273231,[24 96] ; [25 61],[28.54368932 91.45631068] ; [20.45631068 65.54368932],0
p5,1,0.199342,1.647185,[  5 113] ; [ 1 85],[  3.47058824 114.52941176] ; [ 2.52941176 83.47058824],0
b1,1,0.733344,0.116064,[59 62] ; [44 42],[60.20772947 60.79227053] ; [42.79227053 43.20772947],0
p8,1,0.741555,0.108764,[ 11 110] ; [ 9 77],[ 11.69082126 109.30917874] ; [ 8.30917874 77.69082126],0
p1,1,0.830476,0.045835,[ 11 110] ; [ 7 78],[ 10.57281553 110.42718447] ; [ 7.42718447 77.57281553],0
p3,1,0.859389,0.031383,[23 98] ; [17 68],[23.49514563 97.50485437] ; [16.50485437 68.49514563],0
