Feature,DoF,P Value,Chi Square,Observed,Expected,Is Significant
p9,1,1.5e-05,18.696326,[13 61] ; [55 58],[26.90909091 47.09090909] ; [41.09090909 71.90909091],1
p11,1,0.056796,3.628562,[26 51] ; [57 63],[32.44162437 44.55837563] ; [50.55837563 69.44162437],0
p5,1,0.328753,0.953802,[ 3 73] ; [  2 117],[ 1.94871795 74.05128205] ; [  3.05128205 115.94871795],0
p1,1,0.402831,0.69986,[ 4 73] ; [ 10 110],[ 5.47208122 71.52791878] ; [  8.52791878 111.47208122],0
p3,1,0.741974,0.108399,[13 64] ; [ 18 101],[12.17857143 64.82142857] ; [ 18.82142857 100.17857143],0
b1,1,0.778877,0.078839,[42 35] ; [63 57],[41.04060914 35.95939086] ; [63.95939086 56.04060914],0
p7,1,0.865062,0.028877,[14 61] ; [23 94],[14.453125 60.546875] ; [22.546875 94.453125],0
