Feature,DoF,P Value,Chi Square,Observed,Expected,Is Significant
p11,1,0.012493,6.239565,[198  29] ; [21  9],[193.43579767  33.56420233] ; [25.56420233  4.43579767],0
p12,1,0.053257,3.735845,[ 15 212] ; [ 5 25],[ 17.66536965 209.33463035] ; [ 2.33463035 27.66536965],0
p1,1,0.057477,3.608716,[ 20 206] ; [ 6 24],[ 22.953125 203.046875] ; [ 3.046875 26.953125],0
p5,1,0.196926,1.665024,[ 26 197] ; [ 6 24],[ 28.2055336 194.7944664] ; [ 3.7944664 26.2055336],0
b1,1,0.283342,1.150989,[ 83 144] ; [14 16],[ 85.6770428 141.3229572] ; [11.3229572 18.6770428],0
p3,1,0.559662,0.34029,[145  81] ; [17 12],[143.57647059  82.42352941] ; [18.42352941 10.57647059],0
p8,1,0.871168,0.026301,[131  94] ; [17 13],[130.58823529  94.41176471] ; [17.41176471 12.58823529],0
p7,1,0.957397,0.002854,[142  84] ; [19 11],[142.1328125  83.8671875] ; [18.8671875 11.1328125],0
