Feature,DoF,P Value,Chi Square,Observed,Expected,Is Significant
p1,1,0.076897,3.129288,[ 4 63] ; [ 1 93],[ 2.08074534 64.91925466] ; [ 2.91925466 91.08074534],0
p5,1,0.076897,3.129288,[ 4 63] ; [ 1 93],[ 2.08074534 64.91925466] ; [ 2.91925466 91.08074534],0
p11,1,0.213316,1.548776,[49 18] ; [60 34],[45.36024845 21.63975155] ; [63.63975155 30.36024845],0
b1,1,0.280063,1.166784,[35 32] ; [41 53],[31.62732919 35.37267081] ; [44.37267081 49.62732919],0
p9,1,0.381861,0.764702,[51 14] ; [68 26],[48.64779874 16.35220126] ; [70.35220126 23.64779874],0
p6,1,0.453619,0.561594,[18 44] ; [22 71],[16. 46.] ; [24. 69.],0
p10,1,0.520771,0.412367,[48 17] ; [65 29],[46.19496855 18.80503145] ; [66.80503145 27.19496855],0
p12,1,0.643215,0.214561,[ 3 62] ; [ 3 91],[ 2.45283019 62.54716981] ; [ 3.54716981 90.45283019],0
p2,1,0.759327,0.093859,[52 15] ; [71 23],[51.1863354 15.8136646] ; [71.8136646 22.1863354],0
