Feature,DoF,P Value,Chi Square,Observed,Expected,Is Significant
p11,1,0.0,41.683475,[ 4 10] ; [289  36],[12.10029499  1.89970501] ; [280.89970501  44.10029499],1
p6,1,0.051125,3.80416,[ 4 10] ; [178 145],[7.56083086 6.43916914] ; [174.43916914 148.56083086],0
p5,1,0.176489,1.826943,[ 1 13] ; [ 72 250],[ 3.04166667 10.95833333] ; [ 69.95833333 252.04166667],0
p7,1,0.338383,0.916548,[9 4] ; [258  64],[10.36119403  2.63880597] ; [256.63880597  65.36119403],0
b1,1,0.921918,0.009607,[6 8] ; [135 190],[5.82300885 8.17699115] ; [135.17699115 189.82300885],0
