Feature,DoF,P Value,Chi Square,Observed,Expected,Is Significant
b1,1,0.000206,13.777082,[ 84 189] ; [29 21],[ 95.50773994 177.49226006] ; [17.49226006 32.50773994],1
p11,1,0.002675,9.016723,[213  60] ; [29 21],[204.53869969  68.46130031] ; [37.46130031 12.53869969],0
p1,1,0.003998,8.284766,[  8 263] ; [ 6 44],[ 11.81931464 259.18068536] ; [ 2.18068536 47.81931464],0
p10,1,0.03713,4.344423,[210  60] ; [32 18],[204.1875  65.8125] ; [37.8125 12.1875],0
p9,1,0.067858,3.334077,[218  50] ; [35 15],[213.22012579  54.77987421] ; [39.77987421 10.22012579],0
p7,1,0.068024,3.330062,[128 139] ; [31 19],[133.92113565 133.07886435] ; [25.07886435 24.92113565],0
p12,1,0.61867,0.247742,[  9 261] ; [ 1 49],[  8.4375 261.5625] ; [ 1.5625 48.4375],0
p5,1,0.992267,9.4e-05,[ 11 262] ; [ 2 48],[ 10.9876161 262.0123839] ; [ 2.0123839 47.9876161],0
