Feature,DoF,P Value,Chi Square,Observed,Expected,Is Significant
p10,1,0.026655,4.913003,[70 20] ; [131  17],[76.00840336 13.99159664] ; [124.99159664  23.00840336],0
p11,1,0.048152,3.904684,[69 22] ; [128  21],[74.69583333 16.30416667] ; [122.30416667  26.69583333],0
p6,1,0.067394,3.345379,[21 70] ; [51 98],[27.3 63.7] ; [ 44.7 104.3],0
p7,1,0.224215,1.477187,[53 33] ; [100  44],[57.20869565 28.79130435] ; [95.79130435 48.20869565],0
p2,1,0.317021,1.001196,[77 13] ; [133  15],[79.41176471 10.58823529] ; [130.58823529  17.41176471],0
p12,1,0.460329,0.545095,[ 3 87] ; [  8 140],[ 4.15966387 85.84033613] ; [  6.84033613 141.15966387],0
p5,1,0.542608,0.370728,[ 7 83] ; [ 15 133],[ 8.31932773 81.68067227] ; [ 13.68067227 134.31932773],0
p1,1,0.946825,0.004448,[ 7 82] ; [ 12 136],[ 7.1350211 81.8649789] ; [ 11.8649789 136.1350211],0
b1,1,0.958183,0.002749,[29 62] ; [ 47 102],[28.81666667 62.18333333] ; [ 47.18333333 101.81666667],0
