Feature,DoF,P Value,Chi Square,Observed,Expected,Is Significant
p9,1,3e-06,21.70151,[98 20] ; [ 7 13],[89.7826087 28.2173913] ; [15.2173913  4.7826087],1
p2,1,0.012661,6.215823,[109  12] ; [14  6],[105.55319149  15.44680851] ; [17.44680851  2.55319149],0
p11,1,0.069469,3.295532,[96 26] ; [12  8],[92.78873239 29.21126761] ; [15.21126761  4.78873239],0
p7,1,0.277031,1.181599,[73 44] ; [15  5],[75.15328467 41.84671533] ; [12.84671533  7.15328467],0
b1,1,0.286902,1.134102,[40 82] ; [ 9 11],[42.09859155 79.90140845] ; [ 6.90140845 13.09859155],0
p1,1,1.0,0.0,[  6 114] ; [ 1 19],[  6. 114.] ; [ 1. 19.],0
