Feature,DoF,P Value,Chi Square,Observed,Expected,Is Significant
p11,1,0.0,41.829748,[153  46] ; [23 45],[131.17602996  67.82397004] ; [44.82397004 23.17602996],1
p4,1,2.5e-05,17.794204,[ 96 103] ; [13 55],[ 81.23970037 117.76029963] ; [27.76029963 40.23970037],1
p8,1,0.000176,14.075025,[ 63 134] ; [ 6 62],[ 51.29433962 145.70566038] ; [17.70566038 50.29433962],1
b1,1,0.001292,10.353602,[ 62 137] ; [36 32],[ 73.0411985 125.9588015] ; [24.9588015 43.0411985],0
p3,1,0.00177,9.774135,[ 70 129] ; [10 57],[ 59.84962406 139.15037594] ; [20.15037594 46.84962406],0
p6,1,0.040665,4.189907,[ 36 163] ; [ 5 61],[ 30.78867925 168.21132075] ; [10.21132075 55.78867925],0
p12,1,0.054513,3.696913,[ 16 182] ; [ 1 67],[ 12.65413534 185.34586466] ; [ 4.34586466 63.65413534],0
p5,1,0.055429,3.669136,[ 16 183] ; [ 1 67],[ 12.67041199 186.32958801] ; [ 4.32958801 63.67041199],0
p1,1,0.855777,0.033034,[ 16 183] ; [ 5 63],[ 15.65168539 183.34831461] ; [ 5.34831461 62.65168539],0
