Feature,DoF,P Value,Chi Square,Observed,Expected,Is Significant
p9,1,0.0,88.289012,[22 28] ; [237  14],[43.02325581  6.97674419] ; [215.97674419  35.02325581],1
p11,1,0.013591,6.090471,[33 19] ; [200  52],[39.85526316 12.14473684] ; [193.14473684  58.85526316],0
b1,1,0.088977,2.892793,[24 28] ; [ 85 167],[18.64473684 33.35526316] ; [ 90.35526316 161.64473684],0
p6,1,0.110843,2.542163,[20 31] ; [ 70 180],[15.24916944 35.75083056] ; [ 74.75083056 175.24916944],0
p4,1,0.294189,1.100353,[22 29] ; [129 123],[25.41584158 25.58415842] ; [125.58415842 126.41584158],0
p5,1,0.49996,0.455021,[ 2 49] ; [ 16 235],[ 3.0397351 47.9602649] ; [ 14.9602649 236.0397351],0
p12,1,0.690707,0.158321,[ 2 50] ; [ 13 239],[ 2.56578947 49.43421053] ; [ 12.43421053 239.56578947],0
p1,1,0.794321,0.067966,[ 2 49] ; [ 12 240],[ 2.35643564 48.64356436] ; [ 11.64356436 240.35643564],0
