Feature,DoF,P Value,Chi Square,Observed,Expected,Is Significant
p11,1,0.0,53.525215,[147  34] ; [31 55],[120.66666667  60.33333333] ; [57.33333333 28.66666667],1
p8,1,0.00012,14.79846,[ 58 121] ; [ 9 77],[ 45.25660377 133.74339623] ; [21.74339623 64.25660377],1
b1,1,0.001023,10.786233,[ 55 126] ; [44 42],[ 67.11235955 113.88764045] ; [31.88764045 54.11235955],0
p4,1,0.001449,10.142728,[90 91] ; [25 61],[ 77.9588015 103.0411985] ; [37.0411985 48.9588015],0
p3,1,0.016423,5.757036,[ 62 118] ; [17 68],[ 53.66037736 126.33962264] ; [25.33962264 59.66037736],0
p12,1,0.022422,5.212707,[ 15 165] ; [ 1 84],[ 10.86792453 169.13207547] ; [ 5.13207547 79.86792453],0
p6,1,0.023452,5.134726,[ 29 151] ; [ 5 78],[ 23.26996198 156.73003802] ; [10.73003802 72.26996198],0
p5,1,0.029317,4.748907,[ 14 167] ; [ 1 85],[ 10.16853933 170.83146067] ; [ 4.83146067 81.16853933],0
p1,1,0.887749,0.019924,[ 14 167] ; [ 7 78],[ 14.28947368 166.71052632] ; [ 6.71052632 78.28947368],0
