Feature,DoF,P Value,Chi Square,Observed,Expected,Is Significant
p4,1,0.0,33.607539,[ 82 194] ; [46 22],[102.69767442 173.30232558] ; [25.30232558 42.69767442],1
b1,1,0.002037,9.515875,[ 84 194] ; [34 34],[ 94.80924855 183.19075145] ; [23.19075145 44.80924855],0
p11,1,0.021873,5.255834,[217  61] ; [44 24],[209.70520231  68.29479769] ; [51.29479769 16.70520231],0
p2,1,0.223213,1.483595,[218  59] ; [58 10],[221.6  55.4] ; [54.4 13.6],0
p1,1,0.234747,1.411866,[ 11 266] ; [ 5 63],[ 12.84637681 264.15362319] ; [ 3.15362319 64.84637681],0
p12,1,0.457843,0.551164,[ 14 263] ; [ 2 66],[ 12.84637681 264.15362319] ; [ 3.15362319 64.84637681],0
p10,1,0.745587,0.105277,[239  37] ; [57 10],[238.18075802  37.81924198] ; [57.81924198  9.18075802],0
p5,1,0.81728,0.053382,[ 14 261] ; [ 3 65],[ 13.62973761 261.37026239] ; [ 3.37026239 64.62973761],0
