Feature,DoF,P Value,Chi Square,Observed,Expected,Is Significant
p11,1,0.0,27.489521,[35 54] ; [123  46],[54.50387597 34.49612403] ; [103.49612403  65.50387597],1
b1,1,0.001553,10.014935,[47 42] ; [ 55 114],[35.18604651 53.81395349] ; [ 66.81395349 102.18604651],0
p7,1,0.05965,3.547102,[27 61] ; [71 95],[33.95275591 54.04724409] ; [ 64.04724409 101.95275591],0
p1,1,0.173201,1.855018,[ 5 83] ; [  4 164],[ 3.09375 84.90625] ; [  5.90625 162.09375],0
p12,1,0.434526,0.610695,[ 2 86] ; [  7 161],[ 3.09375 84.90625] ; [  5.90625 162.09375],0
p5,1,0.68719,0.162144,[ 1 88] ; [  3 166],[ 1.37984496 87.62015504] ; [  2.62015504 166.37984496],0
p6,1,0.843227,0.039112,[13 73] ; [ 27 141],[13.54330709 72.45669291] ; [ 26.45669291 141.54330709],0
p3,1,0.883135,0.021608,[16 72] ; [ 32 137],[16.43579767 71.56420233] ; [ 31.56420233 137.43579767],0
