Feature,DoF,P Value,Chi Square,Observed,Expected,Is Significant
p6,1,0.000286,13.162558,[172 110] ; [52 73],[155.2039312 126.7960688] ; [68.7960688 56.2039312],1
p5,1,0.000287,13.153065,[ 65 216] ; [ 10 115],[ 51.908867 229.091133] ; [ 23.091133 101.908867],1
p9,1,0.000819,11.197937,[261  21] ; [100  23],[251.36296296  30.63703704] ; [109.63703704  13.36296296],1
p10,1,0.00204,9.513085,[258  24] ; [101  24],[248.74201474  33.25798526] ; [110.25798526  14.74201474],0
p12,1,0.0186,5.538749,[ 35 247] ; [  6 119],[ 28.40786241 253.59213759] ; [ 12.59213759 112.40786241],0
p1,1,0.098974,2.721994,[ 36 244] ; [  9 115],[ 31.18811881 248.81188119] ; [ 13.81188119 110.18811881],0
p2,1,0.246244,1.344486,[265  16] ; [114  11],[262.31280788  18.68719212] ; [116.68719212   8.31280788],0
b1,1,0.843697,0.038875,[118 164] ; [51 74],[117.0958231 164.9041769] ; [51.9041769 73.0958231],0
p11,1,0.972893,0.001155,[244  38] ; [108  17],[243.89189189  38.10810811] ; [108.10810811  16.89189189],0
