Feature,DoF,P Value,Chi Square,Observed,Expected,Is Significant
p1,1,0.07085,3.26322,[ 1 48] ; [1 5],[ 1.78181818 47.21818182] ; [0.21818182 5.78181818],0
p3,1,0.45199,0.565657,[10 40] ; [2 4],[10.71428571 39.28571429] ; [1.28571429 4.71428571],0
p10,1,0.494525,0.466667,[15 35] ; [1 5],[14.28571429 35.71428571] ; [1.71428571 4.28571429],0
p8,1,0.55362,0.350873,[14 36] ; [1 5],[13.39285714 36.60714286] ; [1.60714286 4.39285714],0
p11,1,0.708281,0.14,[29 21] ; [3 3],[28.57142857 21.42857143] ; [3.42857143 2.57142857],0
b1,1,0.926189,0.008582,[24 26] ; [3 3],[24.10714286 25.89285714] ; [2.89285714 3.10714286],0
