Feature,DoF,P Value,Chi Square,Observed,Expected,Is Significant
p4,1,1e-06,23.751791,[88 68] ; [ 64 143],[65.32231405 90.67768595] ; [ 86.67768595 120.32231405],1
p6,1,0.000327,12.907411,[58 96] ; [ 42 163],[ 42.89693593 111.10306407] ; [ 57.10306407 147.89693593],1
p2,1,0.004888,7.920548,[134  21] ; [154  53],[123.31491713  31.68508287] ; [164.68508287  42.31491713],0
b1,1,0.079101,3.083277,[61 95] ; [ 63 145],[ 53.14285714 102.85714286] ; [ 70.85714286 137.14285714],0
p12,1,0.195649,1.674562,[  4 152] ; [ 11 197],[  6.42857143 149.57142857] ; [  8.57142857 199.42857143],0
p5,1,0.260934,1.263795,[ 10 144] ; [  8 198],[  7.7 146.3] ; [ 10.3 195.7],0
p1,1,0.414882,0.664767,[  7 149] ; [  6 202],[  5.57142857 150.42857143] ; [  7.42857143 200.57142857],0
p11,1,0.560707,0.338482,[112  44] ; [155  53],[114.42857143  41.57142857] ; [152.57142857  55.42857143],0
