Feature,DoF,P Value,Chi Square,Observed,Expected,Is Significant
p4,1,0.002754,8.963522,[24 55] ; [18 11],[30.72222222 48.27777778] ; [11.27777778 17.72222222],0
p10,1,0.084268,2.980609,[65 15] ; [19 10],[61.65137615 18.34862385] ; [22.34862385  6.65137615],0
p1,1,0.210723,1.566455,[ 7 73] ; [ 5 24],[ 8.80733945 71.19266055] ; [ 3.19266055 25.80733945],0
p5,1,0.269881,1.217354,[ 2 74] ; [ 2 25],[ 2.95145631 73.04854369] ; [ 1.04854369 25.95145631],0
b1,1,0.534126,0.386536,[36 44] ; [15 14],[37.43119266 42.56880734] ; [13.56880734 15.43119266],0
p6,1,0.608544,0.2623,[13 66] ; [ 6 23],[13.89814815 65.10185185] ; [ 5.10185185 23.89814815],0
p12,1,0.756042,0.096523,[ 7 73] ; [ 2 27],[ 6.60550459 73.39449541] ; [ 2.39449541 26.60550459],0
p11,1,0.884861,0.02097,[54 26] ; [20  9],[54.31192661 25.68807339] ; [19.68807339  9.31192661],0
