Feature,DoF,P Value,Chi Square,Observed,Expected,Is Significant
p3,1,0.141929,2.156918,[ 4 11] ; [7 6],[5.89285714 9.10714286] ; [5.10714286 7.89285714],0
b1,1,0.228871,1.447863,[7 8] ; [9 4],[8.57142857 6.42857143] ; [7.42857143 5.57142857],0
p8,1,0.28315,1.151909,[ 4 11] ; [6 7],[5.35714286 9.64285714] ; [4.64285714 8.35714286],0
p11,1,0.431316,0.619277,[8 7] ; [5 8],[6.96428571 8.03571429] ; [6.03571429 6.96428571],0
p7,1,0.5051,0.444205,[11  4] ; [8 5],[10.17857143  4.82142857] ; [8.82142857 4.17857143],0
