Feature,DoF,P Value,Chi Square,Observed,Expected,Is Significant
p11,1,0.005208,7.805702,[32  6] ; [22 18],[26.30769231 11.69230769] ; [27.69230769 12.30769231],0
p3,1,0.00674,7.34092,[23 15] ; [12 28],[17.05128205 20.94871795] ; [17.94871795 22.05128205],0
p12,1,0.077459,3.117434,[ 5 33] ; [ 1 39],[ 2.92307692 35.07692308] ; [ 3.07692308 36.92307692],0
p8,1,0.170963,1.874479,[15 23] ; [10 30],[12.17948718 25.82051282] ; [12.82051282 27.17948718],0
p5,1,0.305937,1.048137,[ 4 31] ; [ 2 38],[ 2.8 32.2] ; [ 3.2 36.8],0
p1,1,0.432616,0.615789,[ 2 36] ; [ 4 36],[ 2.92307692 35.07692308] ; [ 3.07692308 36.92307692],0
p6,1,0.630665,0.23116,[13 24] ; [12 28],[12.01298701 24.98701299] ; [12.98701299 27.01298701],0
b1,1,0.774464,0.082105,[14 24] ; [16 24],[14.61538462 23.38461538] ; [15.38461538 24.61538462],0
