Feature,DoF,P Value,Chi Square,Observed,Expected,Is Significant
p10,1,0.0,38.371507,[11 26] ; [83 15],[25.76296296 11.23703704] ; [68.23703704 29.76296296],1
p2,1,0.002173,9.397319,[26 12] ; [89 10],[31.89781022  6.10218978] ; [83.10218978 15.89781022],0
p6,1,0.031734,4.612827,[10 28] ; [46 53],[15.53284672 22.46715328] ; [40.46715328 58.53284672],0
p11,1,0.045806,3.988731,[21 17] ; [73 27],[25.88405797 12.11594203] ; [68.11594203 31.88405797],0
p3,1,0.056693,3.631579,[14 24] ; [55 45],[19. 19.] ; [50. 50.],0
b1,1,0.094416,2.79742,[22 16] ; [42 58],[17.62318841 20.37681159] ; [46.37681159 53.62318841],0
p5,1,0.146134,2.11215,[ 1 37] ; [10 88],[ 3.07352941 34.92647059] ; [ 7.92647059 90.07352941],0
p1,1,0.326626,0.962229,[ 1 37] ; [ 7 93],[ 2.20289855 35.79710145] ; [ 5.79710145 94.20289855],0
p12,1,0.820218,0.051649,[ 1 37] ; [ 2 98],[ 0.82608696 37.17391304] ; [ 2.17391304 97.82608696],0
