Feature,DoF,P Value,Chi Square,Observed,Expected,Is Significant
p1,1,7.3e-05,15.731379,[ 8 17] ; [ 3 75],[ 2.66990291 22.33009709] ; [ 8.33009709 69.66990291],1
p9,1,0.011596,6.371646,[18  7] ; [34 45],[12.5 12.5] ; [39.5 39.5],0
p11,1,0.289324,1.122766,[16  9] ; [41 38],[13.70192308 11.29807692] ; [43.29807692 35.70192308],0
p5,1,0.385622,0.752703,[ 1 24] ; [ 1 78],[ 0.48076923 24.51923077] ; [ 1.51923077 77.48076923],0
p6,1,0.638154,0.221165,[ 4 21] ; [16 63],[ 4.80769231 20.19230769] ; [15.19230769 63.80769231],0
b1,1,0.844211,0.038616,[11 14] ; [33 46],[10.57692308 14.42307692] ; [33.42307692 45.57692308],0
