Feature,DoF,P Value,Chi Square,Observed,Expected,Is Significant
p8,1,0.0,39.126154,[ 6 19] ; [159  36],[18.75  6.25] ; [146.25  48.75],1
p2,1,0.0,31.981249,[14 11] ; [183  13],[22.28506787  2.71493213] ; [174.71493213  21.28506787],1
p9,1,0.000116,14.853914,[18  7] ; [185  11],[22.9638009  2.0361991] ; [180.0361991  15.9638009],1
p10,1,0.000554,11.925186,[17  8] ; [178  17],[22.15909091  2.84090909] ; [172.84090909  22.15909091],1
p11,1,0.010587,6.533353,[16  9] ; [166  30],[20.58823529  4.41176471] ; [161.41176471  34.58823529],0
p5,1,0.011575,6.374907,[ 1 24] ; [ 53 143],[ 6.10859729 18.89140271] ; [ 47.89140271 148.10859729],0
p1,1,0.057079,3.620285,[ 8 17] ; [ 32 163],[ 4.54545455 20.45454545] ; [ 35.45454545 159.54545455],0
b1,1,0.744902,0.105865,[11 14] ; [ 93 103],[11.76470588 13.23529412] ; [ 92.23529412 103.76470588],0
