Feature,DoF,P Value,Chi Square,Observed,Expected,Is Significant
p11,1,0.030962,4.655082,[211  36] ; [282  27],[219.01258993  27.98741007] ; [273.98741007  35.01258993],0
p2,1,0.168255,1.898422,[228  19] ; [293  15],[231.86846847  15.13153153] ; [289.13153153  18.86846847],0
p3,1,0.237591,1.394831,[176  70] ; [234  74],[182.05776173  63.94223827] ; [227.94223827  80.05776173],0
b1,1,0.470436,0.520952,[105 142] ; [122 187],[100.84352518 146.15647482] ; [126.15647482 182.84352518],0
p1,1,0.616228,0.251204,[ 34 212] ; [ 38 269],[ 32.02893309 213.97106691] ; [ 39.97106691 267.02893309],0
p12,1,0.725703,0.123094,[ 36 210] ; [ 42 267],[ 34.57297297 211.42702703] ; [ 43.42702703 265.57297297],0
p5,1,0.747895,0.103309,[ 58 189] ; [ 69 240],[ 56.41906475 190.58093525] ; [ 70.58093525 238.41906475],0
