Feature,DoF,P Value,Chi Square,Observed,Expected,Is Significant
p9,1,0.0,27.01388,[134  34] ; [27 34],[118.11353712  49.88646288] ; [42.88646288 18.11353712],1
p11,1,0.002209,9.366972,[123  47] ; [31 30],[113.33333333  56.66666667] ; [40.66666667 20.33333333],0
p12,1,0.185945,1.749455,[ 10 159] ; [ 1 59],[  8.11790393 160.88209607] ; [ 2.88209607 57.11790393],0
b1,1,0.236159,1.403375,[ 58 112] ; [26 35],[ 61.81818182 108.18181818] ; [22.18181818 38.81818182],0
p1,1,0.286543,1.135792,[ 10 159] ; [ 6 54],[ 11.80786026 157.19213974] ; [ 4.19213974 55.80786026],0
p6,1,0.476292,0.507341,[ 27 142] ; [12 48],[ 28.78165939 140.21834061] ; [10.21834061 49.78165939],0
p5,1,0.771438,0.084387,[  7 163] ; [ 2 59],[  6.62337662 163.37662338] ; [ 2.37662338 58.62337662],0
p4,1,0.840002,0.04076,[75 95] ; [26 35],[74.32900433 95.67099567] ; [26.67099567 34.32900433],0
p3,1,0.929128,0.007911,[ 54 116] ; [19 42],[ 53.72294372 116.27705628] ; [19.27705628 41.72294372],0
