Feature,DoF,P Value,Chi Square,Observed,Expected,Is Significant
p9,1,0.0,129.875606,[17 28] ; [324  16],[39.85714286  5.14285714] ; [301.14285714  38.85714286],1
p11,1,0.0,70.876906,[20 25] ; [310  30],[38.57142857  6.42857143] ; [291.42857143  48.57142857],1
p2,1,3.2e-05,17.320676,[34 11] ; [318  21],[41.25  3.75] ; [310.75  28.25],1
b1,1,0.035153,4.437745,[25 20] ; [133 207],[18.46753247 26.53246753] ; [139.53246753 200.46753247],0
p6,1,0.046372,3.968029,[17 27] ; [185 154],[23.20626632 20.79373368] ; [178.79373368 160.20626632],0
p5,1,0.305445,1.05027,[ 6 39] ; [ 67 273],[ 8.53246753 36.46753247] ; [ 64.46753247 275.53246753],0
p1,1,0.771367,0.084441,[ 6 39] ; [ 40 298],[ 5.40469974 39.59530026] ; [ 40.59530026 297.40469974],0
