Feature,DoF,P Value,Chi Square,Observed,Expected,Is Significant
p11,1,0.020921,5.333333,[10  5] ; [26 49],[6. 9.] ; [30. 45.],0
p1,1,0.157299,2.0,[ 3 12] ; [ 6 69],[ 1.5 13.5] ; [ 7.5 67.5],0
p8,1,0.516587,0.420702,[ 3 12] ; [10 64],[ 2.19101124 12.80898876] ; [10.80898876 63.19101124],0
p3,1,0.632885,0.228169,[ 4 10] ; [17 58],[ 3.30337079 10.69662921] ; [17.69662921 57.30337079],0
b1,1,0.775345,0.081448,[8 7] ; [43 32],[8.5 6.5] ; [42.5 32.5],0
p4,1,0.86999,0.026788,[ 4 11] ; [18 55],[ 3.75 11.25] ; [18.25 54.75],0
