Feature,DoF,P Value,Chi Square,Observed,Expected,Is Significant
p8,1,0.000474,12.214286,[30 12] ; [27 45],[21. 21.] ; [36. 36.],1
p6,1,0.090049,2.873501,[19 24] ; [20 50],[14.84070796 28.15929204] ; [24.15929204 45.84070796],0
p5,1,0.119713,2.421076,[ 4 38] ; [ 2 70],[ 2.21052632 39.78947368] ; [ 3.78947368 68.21052632],0
p11,1,0.294631,1.09834,[27 16] ; [38 34],[24.30434783 18.69565217] ; [40.69565217 31.30434783],0
b1,1,0.344047,0.895294,[26 17] ; [37 35],[23.55652174 19.44347826] ; [39.44347826 32.55652174],0
p3,1,0.370314,0.802611,[21 22] ; [29 43],[18.69565217 24.30434783] ; [31.30434783 40.69565217],0
p1,1,0.876197,0.024271,[ 4 39] ; [ 6 65],[ 3.77192982 39.22807018] ; [ 6.22807018 64.77192982],0
