Feature,DoF,P Value,Chi Square,Observed,Expected,Is Significant
p11,1,0.024189,5.08104,[49 18] ; [7 9],[45.20481928 21.79518072] ; [10.79518072  5.20481928],0
p1,1,0.098382,2.731573,[ 4 63] ; [ 3 13],[ 5.65060241 61.34939759] ; [ 1.34939759 14.65060241],0
b1,1,0.131147,2.278872,[35 32] ; [ 5 11],[32.28915663 34.71084337] ; [7.71084337 8.28915663],0
p5,1,0.364836,0.821178,[ 4 63] ; [ 2 14],[ 4.84337349 62.15662651] ; [ 1.15662651 14.84337349],0
p10,1,0.367252,0.812943,[48 17] ; [10  6],[46.54320988 18.45679012] ; [11.45679012  4.54320988],0
p9,1,0.765438,0.089011,[51 14] ; [12  4],[50.55555556 14.44444444] ; [12.44444444  3.55555556],0
p12,1,0.786904,0.07308,[ 3 62] ; [ 1 15],[ 3.20987654 61.79012346] ; [ 0.79012346 15.20987654],0
p6,1,0.862299,0.030084,[18 44] ; [ 5 11],[18.28205128 43.71794872] ; [ 4.71794872 11.28205128],0
