Feature,DoF,P Value,Chi Square,Observed,Expected,Is Significant
p11,1,8.6e-05,15.423899,[130  24] ; [21 17],[121.11458333  32.88541667] ; [29.88541667  8.11458333],1
p10,1,0.004685,7.997155,[129  25] ; [24 14],[122.71875  31.28125] ; [30.28125  7.71875],0
p2,1,0.0054,7.740521,[136  17] ; [27 11],[130.57068063  22.42931937] ; [32.42931937  5.57068063],0
p9,1,0.024526,5.057056,[132  21] ; [27 11],[127.36649215  25.63350785] ; [31.63350785  6.36649215],0
p5,1,0.129438,2.299233,[ 16 137] ; [ 1 37],[ 13.61780105 139.38219895] ; [ 3.38219895 34.61780105],0
b1,1,0.667729,0.18427,[59 95] ; [16 22],[60.15625 93.84375] ; [14.84375 23.15625],0
p1,1,0.765961,0.088603,[ 10 143] ; [ 3 35],[ 10.41361257 142.58638743] ; [ 2.58638743 35.41361257],0
