Feature,DoF,P Value,Chi Square,Observed,Expected,Is Significant
p10,1,0.050366,3.829244,[124  29] ; [131  16],[130.05  22.95] ; [124.95  22.05],0
p7,1,0.068088,3.328527,[106  49] ; [115  33],[113.05280528  41.94719472] ; [107.94719472  40.05280528],0
p11,1,0.105258,2.624014,[124  32] ; [128  20],[129.31578947  26.68421053] ; [122.68421053  25.31578947],0
p5,1,0.181345,1.78657,[ 11 145] ; [ 17 131],[ 14.36842105 141.63157895] ; [ 13.63157895 134.36842105],0
p9,1,0.254882,1.296347,[128  26] ; [129  18],[131.48837209  22.51162791] ; [125.51162791  21.48837209],0
p12,1,0.368499,0.808719,[  6 150] ; [  9 139],[  7.69736842 148.30263158] ; [  7.30263158 140.69736842],0
p1,1,0.434337,0.611198,[ 11 145] ; [ 14 133],[ 12.87128713 143.12871287] ; [ 12.12871287 134.87128713],0
b1,1,0.982344,0.00049,[ 55 101] ; [52 96],[ 54.90789474 101.09210526] ; [52.09210526 95.90789474],0
