Feature,DoF,P Value,Chi Square,Observed,Expected,Is Significant
p11,1,0.0,81.23309,[41 56] ; [361  64],[74.70114943 22.29885057] ; [327.29885057  97.70114943],1
p2,1,0.0,67.684137,[43 54] ; [354  69],[74.05576923 22.94423077] ; [322.94423077 100.05576923],1
p8,1,0.0,27.033054,[17 79] ; [196 224],[39.62790698 56.37209302] ; [173.37209302 246.62790698],1
p4,1,8e-06,19.930041,[25 72] ; [215 208],[44.76923077 52.23076923] ; [195.23076923 227.76923077],1
p7,1,1.2e-05,19.186233,[28 68] ; [225 192],[47.34502924 48.65497076] ; [205.65497076 211.34502924],1
b1,1,0.002983,8.817536,[47 50] ; [138 287],[34.37739464 62.62260536] ; [150.62260536 274.37739464],0
p5,1,0.011271,6.422055,[ 1 95] ; [ 35 384],[ 6.71067961 89.28932039] ; [ 29.28932039 389.71067961],0
p12,1,0.09855,2.72885,[ 2 94] ; [ 27 397],[ 5.35384615 90.64615385] ; [ 23.64615385 400.35384615],0
p1,1,0.965864,0.001831,[ 6 90] ; [ 27 397],[ 6.09230769 89.90769231] ; [ 26.90769231 397.09230769],0
