Feature,DoF,P Value,Chi Square,Observed,Expected,Is Significant
p8,1,0.0,45.404309,[ 7 24] ; [158  38],[22.53303965  8.46696035] ; [142.46696035  53.53303965],1
p10,1,0.0,27.396786,[18 13] ; [180  16],[27.03964758  3.96035242] ; [170.96035242  25.03964758],1
p9,1,5e-06,21.036359,[21 10] ; [185  12],[28.00877193  2.99122807] ; [177.99122807  19.00877193],1
p11,1,0.000554,11.92485,[18 13] ; [167  31],[25.04366812  5.95633188] ; [159.95633188  38.04366812],1
p5,1,0.006682,7.356651,[ 1 28] ; [ 52 146],[ 6.77092511 22.22907489] ; [ 46.22907489 151.77092511],0
p1,1,0.043931,4.059226,[ 1 30] ; [ 34 163],[ 4.75877193 26.24122807] ; [ 30.24122807 166.75877193],0
b1,1,0.177314,1.819997,[11 20] ; [ 96 102],[14.48471616 16.51528384] ; [ 92.51528384 105.48471616],0
p12,1,0.373461,0.792117,[ 3 28] ; [ 31 165],[ 4.64317181 26.35682819] ; [ 29.35682819 166.64317181],0
