Feature,DoF,P Value,Chi Square,Observed,Expected,Is Significant
b1,1,0.006223,7.484548,[23 13] ; [35 59],[16.06153846 19.93846154] ; [41.93846154 52.06153846],0
p12,1,0.089382,2.885474,[ 1 35] ; [12 82],[ 3.6 32.4] ; [ 9.4 84.6],0
p11,1,0.18434,1.762281,[23 13] ; [71 23],[26.03076923  9.96923077] ; [67.96923077 26.03076923],0
p4,1,0.216916,1.52466,[18 18] ; [35 57],[14.90625 21.09375] ; [38.09375 53.90625],0
p1,1,0.603688,0.269469,[ 5 31] ; [10 84],[ 4.15384615 31.84615385] ; [10.84615385 83.15384615],0
p6,1,0.819683,0.051962,[10 26] ; [24 69],[ 9.48837209 26.51162791] ; [24.51162791 68.48837209],0
p5,1,0.843299,0.039076,[ 3 31] ; [ 9 81],[ 3.29032258 30.70967742] ; [ 8.70967742 81.29032258],0
p7,1,0.944344,0.004874,[14 22] ; [36 55],[14.17322835 21.82677165] ; [35.82677165 55.17322835],0
