Feature,DoF,P Value,Chi Square,Observed,Expected,Is Significant
p6,1,0.002803,8.931616,[38 87] ; [58 60],[49.38271605 75.61728395] ; [46.61728395 71.38271605],0
p11,1,0.03104,4.650745,[89 37] ; [98 21],[96.17142857 29.82857143] ; [90.82857143 28.17142857],0
p12,1,0.148118,2.091529,[  8 118] ; [  3 116],[  5.65714286 120.34285714] ; [  5.34285714 113.65714286],0
b1,1,0.203583,1.616484,[61 65] ; [48 71],[56.05714286 69.94285714] ; [52.94285714 66.05714286],0
p9,1,0.388668,0.743104,[107  18] ; [97 22],[104.50819672  20.49180328] ; [99.49180328 19.50819672],0
p1,1,0.557093,0.344762,[ 11 115] ; [  8 111],[  9.77142857 116.22857143] ; [  9.22857143 109.77142857],0
p10,1,0.5885,0.292693,[98 27] ; [95 22],[99.69008264 25.30991736] ; [93.30991736 23.69008264],0
p5,1,0.699453,0.149041,[ 11 114] ; [ 12 105],[ 11.88016529 113.11983471] ; [ 11.11983471 105.88016529],0
