Feature,DoF,P Value,Chi Square,Observed,Expected,Is Significant
p3,1,0.0,82.108771,[ 49 194] ; [97 50],[ 90.96923077 152.03076923] ; [55.03076923 91.96923077],1
p7,1,0.0,45.542264,[101 136] ; [115  33],[132.96623377 104.03376623] ; [83.03376623 64.96623377],1
p2,1,8e-06,20.058023,[182  60] ; [137  10],[198.45244216  43.54755784] ; [120.54755784  26.45244216],1
p5,1,0.002956,8.834483,[  9 232] ; [ 17 131],[ 16.10796915 224.89203085] ; [  9.89203085 138.10796915],0
p1,1,0.050878,3.812278,[ 11 232] ; [ 14 133],[ 15.57692308 227.42307692] ; [  9.42307692 137.57692308],0
p11,1,0.080325,3.058311,[194  50] ; [128  20],[200.42857143  43.57142857] ; [121.57142857  26.42857143],0
p10,1,0.317844,0.997796,[208  35] ; [131  16],[211.22307692  31.77692308] ; [127.77692308  19.22307692],0
b1,1,0.414411,0.666109,[ 76 168] ; [52 96],[ 79.67346939 164.32653061] ; [48.32653061 99.67346939],0
p12,1,0.760855,0.092634,[ 13 230] ; [  9 139],[ 13.67263427 229.32736573] ; [  8.32736573 139.67263427],0
