Feature,DoF,P Value,Chi Square,Observed,Expected,Is Significant
p11,1,0.352848,0.863188,[27 22] ; [20 24],[24.76344086 24.23655914] ; [22.23655914 21.76344086],0
p1,1,0.360911,0.834719,[ 3 46] ; [ 1 43],[ 2.10752688 46.89247312] ; [ 1.89247312 42.10752688],0
p3,1,0.409137,0.681308,[16 33] ; [18 26],[17.91397849 31.08602151] ; [16.08602151 27.91397849],0
p5,1,0.494897,0.465863,[ 1 48] ; [ 2 42],[ 1.58064516 47.41935484] ; [ 1.41935484 42.58064516],0
b1,1,0.60748,0.26386,[23 26] ; [23 21],[24.23655914 24.76344086] ; [21.76344086 22.23655914],0
p4,1,0.790203,0.070781,[18 31] ; [15 29],[17.38709677 31.61290323] ; [15.61290323 28.38709677],0
p6,1,0.841722,0.039877,[12 37] ; [10 34],[11.59139785 37.40860215] ; [10.40860215 33.59139785],0
p2,1,0.910846,0.012538,[34 15] ; [31 13],[34.24731183 14.75268817] ; [30.75268817 13.24731183],0
p12,1,0.938643,0.005925,[ 1 48] ; [ 1 43],[ 1.05376344 47.94623656] ; [ 0.94623656 43.05376344],0
