Feature,DoF,P Value,Chi Square,Observed,Expected,Is Significant
p4,1,0.0,28.917582,[22  4] ; [31 81],[ 9.98550725 16.01449275] ; [43.01449275 68.98550725],1
p10,1,2e-06,22.99872,[17  9] ; [21 91],[ 7.15942029 18.84057971] ; [30.84057971 81.15942029],1
p2,1,0.002029,9.522911,[20  6] ; [49 64],[12.90647482 13.09352518] ; [56.09352518 56.90647482],0
p12,1,0.003558,8.496622,[ 3 23] ; [  1 111],[ 0.75362319 25.24637681] ; [  3.24637681 108.75362319],0
p1,1,0.015338,5.877247,[ 6 20] ; [  8 104],[ 2.63768116 23.36231884] ; [ 11.36231884 100.63768116],0
p11,1,0.021579,5.27944,[18  8] ; [50 63],[12.71942446 13.28057554] ; [55.28057554 57.71942446],0
p5,1,0.21362,1.54672,[ 2 24] ; [  3 110],[ 0.9352518 25.0647482] ; [  4.0647482 108.9352518],0
b1,1,0.713664,0.134645,[13 13] ; [61 52],[13.84172662 12.15827338] ; [60.15827338 52.84172662],0
