Feature,DoF,P Value,Chi Square,Observed,Expected,Is Significant
p7,1,0.0,42.890542,[76 21] ; [23 56],[54.5625 42.4375] ; [44.4375 34.5625],1
p4,1,6e-06,20.48673,[64 37] ; [24 57],[48.83516484 52.16483516] ; [39.16483516 41.83516484],1
p8,1,3.4e-05,17.163282,[52 49] ; [18 65],[38.42391304 62.57608696] ; [31.57608696 51.42391304],1
b1,1,0.054368,3.701363,[30 71] ; [36 47],[36.22826087 64.77173913] ; [29.77173913 53.22826087],0
p11,1,0.202068,1.627366,[80 21] ; [59 24],[76.29891304 24.70108696] ; [62.70108696 20.29891304],0
p12,1,0.340986,0.906722,[ 5 96] ; [ 7 76],[ 6.58695652 94.41304348] ; [ 5.41304348 77.58695652],0
p1,1,0.701986,0.146414,[ 7 94] ; [ 7 76],[ 7.68478261 93.31521739] ; [ 6.31521739 76.68478261],0
p5,1,0.798725,0.065024,[ 6 95] ; [ 4 75],[ 5.61111111 95.38888889] ; [ 4.38888889 74.61111111],0
p9,1,0.998225,5e-06,[85 16] ; [69 13],[84.99453552 16.00546448] ; [69.00546448 12.99453552],0
