Feature,DoF,P Value,Chi Square,Observed,Expected,Is Significant
b1,1,0.000627,11.69451,[ 91 181] ; [18  9],[ 99.15719064 172.84280936] ; [ 9.84280936 17.15719064],1
p3,1,0.322658,0.978142,[107 165] ; [ 8 19],[104.61538462 167.38461538] ; [10.38461538 16.61538462],0
p11,1,0.508384,0.437393,[207  65] ; [19  8],[205.59197324  66.40802676] ; [20.40802676  6.59197324],0
p6,1,0.81486,0.054831,[ 76 195] ; [ 7 20],[ 75.47986577 195.52013423] ; [ 7.52013423 19.47986577],0
p4,1,0.94081,0.005513,[139 133] ; [14 13],[139.18394649 132.81605351] ; [13.81605351 13.18394649],0
