Feature,DoF,P Value,Chi Square,Observed,Expected,Is Significant
p4,1,0.021409,5.29319,[22 29] ; [61 36],[28.60135135 22.39864865] ; [54.39864865 42.60135135],0
b1,1,0.034837,4.453168,[24 28] ; [28 69],[18.14765101 33.85234899] ; [33.85234899 63.14765101],0
p11,1,0.035106,4.440021,[33 19] ; [77 20],[38.38926174 13.61073826] ; [71.61073826 25.38926174],0
p2,1,0.090172,2.871293,[40 12] ; [85 12],[43.62416107  8.37583893] ; [81.37583893 15.62416107],0
p1,1,0.319055,0.992815,[ 2 49] ; [ 8 89],[ 3.44594595 47.55405405] ; [ 6.55405405 90.44594595],0
p5,1,0.319055,0.992815,[ 2 49] ; [ 8 89],[ 3.44594595 47.55405405] ; [ 6.55405405 90.44594595],0
p12,1,0.54594,0.364642,[ 2 50] ; [ 6 91],[ 2.79194631 49.20805369] ; [ 5.20805369 91.79194631],0
p8,1,0.598923,0.276623,[24 26] ; [51 46],[25.51020408 24.48979592] ; [49.48979592 47.51020408],0
