Feature,DoF,P Value,Chi Square,Observed,Expected,Is Significant
p9,1,0.0,69.150637,[13 61] ; [69 13],[38.8974359 35.1025641] ; [43.1025641 38.8974359],1
p11,1,2e-06,22.338178,[26 51] ; [59 24],[40.90625 36.09375] ; [44.09375 38.90625],1
p3,1,0.022384,5.215668,[13 64] ; [27 56],[19.25 57.75] ; [20.75 62.25],0
p8,1,0.057342,3.612649,[ 8 68] ; [18 65],[12.42767296 63.57232704] ; [13.57232704 69.42767296],0
p7,1,0.129331,2.30052,[14 61] ; [23 56],[18.01948052 56.98051948] ; [18.98051948 60.01948052],0
p4,1,0.139167,2.187143,[15 62] ; [24 57],[19.00632911 57.99367089] ; [19.99367089 61.00632911],0
b1,1,0.157773,1.995442,[42 35] ; [36 47],[37.5375 39.4625] ; [40.4625 42.5375],0
p1,1,0.418507,0.654505,[ 4 73] ; [ 7 76],[ 5.29375 71.70625] ; [ 5.70625 77.29375],0
p5,1,0.738035,0.111862,[ 3 73] ; [ 4 75],[ 3.43225806 72.56774194] ; [ 3.56774194 75.43225806],0
