Feature,DoF,P Value,Chi Square,Observed,Expected,Is Significant
p8,1,0.091562,2.846698,[ 44 191] ; [ 70 211],[ 51.91860465 183.08139535] ; [ 62.08139535 218.91860465],0
p1,1,0.188763,1.727244,[ 12 224] ; [  8 273],[  9.12959381 226.87040619] ; [ 10.87040619 270.12959381],0
p2,1,0.247884,1.335188,[139  98] ; [180 103],[145.39038462  91.60961538] ; [173.60961538 109.39038462],0
p11,1,0.288892,1.124777,[148  89] ; [190  94],[153.75431862  83.24568138] ; [184.24568138  99.75431862],0
p10,1,0.375433,0.785602,[142  90] ; [182  98],[146.8125  85.1875] ; [177.1875 102.8125],0
p9,1,0.449999,0.570655,[155  74] ; [194  80],[158.88866799  70.11133201] ; [190.11133201  83.88866799],0
p5,1,0.717158,0.131232,[  8 228] ; [  8 274],[  7.28957529 228.71042471] ; [  8.71042471 273.28957529],0
b1,1,0.78631,0.073498,[ 87 150] ; [101 183],[ 85.52015355 151.47984645] ; [102.47984645 181.52015355],0
p12,1,0.813866,0.055433,[ 11 223] ; [ 12 269],[ 10.45048544 223.54951456] ; [ 12.54951456 268.45048544],0
