Feature,DoF,P Value,Chi Square,Observed,Expected,Is Significant
p1,1,0.06644,3.368842,[ 1 30] ; [ 4 18],[ 2.9245283 28.0754717] ; [ 2.0754717 19.9245283],0
b1,1,0.088897,2.894236,[11 20] ; [13  9],[14.03773585 16.96226415] ; [ 9.96226415 12.03773585],0
p8,1,0.12008,2.416283,[ 7 24] ; [ 9 12],[ 9.53846154 21.46153846] ; [ 6.46153846 14.53846154],0
p9,1,0.291979,1.110472,[21 10] ; [17  4],[22.65384615  8.34615385] ; [15.34615385  5.65384615],0
p10,1,0.326116,0.964258,[18 13] ; [15  6],[19.67307692 11.32692308] ; [13.32692308  7.67307692],0
p12,1,0.544111,0.367974,[ 3 28] ; [ 1 19],[ 2.43137255 28.56862745] ; [ 1.56862745 18.43137255],0
p11,1,0.798953,0.064873,[18 13] ; [12 10],[17.54716981 13.45283019] ; [12.45283019  9.54716981],0
p5,1,0.841542,0.039969,[ 1 28] ; [ 1 21],[ 1.1372549 27.8627451] ; [ 0.8627451 21.1372549],0
