Feature,DoF,P Value,Chi Square,Observed,Expected,Is Significant
p2,1,0.0,109.823348,[243  17] ; [50 61],[205.33692722  54.66307278] ; [87.66307278 23.33692722],1
p4,1,0.0,105.715742,[227  34] ; [38 73],[185.92741935  75.07258065] ; [79.07258065 31.92741935],1
p11,1,0.0,101.612345,[232  29] ; [43 68],[192.94354839  68.05645161] ; [82.05645161 28.94354839],1
p5,1,2e-06,23.104268,[ 61 200] ; [  3 107],[ 45.02425876 215.97574124] ; [18.97574124 91.02425876],1
p12,1,0.000196,13.86678,[ 35 225] ; [  1 109],[ 25.2972973 234.7027027] ; [10.7027027 99.2972973],1
p1,1,0.011254,6.424803,[ 35 224] ; [  5 105],[ 28.07588076 230.92411924] ; [11.92411924 98.07588076],0
b1,1,0.09667,2.759632,[105 156] ; [55 56],[112.25806452 148.74193548] ; [47.74193548 63.25806452],0
