Feature,DoF,P Value,Chi Square,Observed,Expected,Is Significant
p9,1,0.0,78.293378,[13 52] ; [65  3],[38.12030075 26.87969925] ; [39.87969925 28.12030075],1
p11,1,0.0,28.768655,[23 45] ; [54 14],[38.5 29.5] ; [38.5 29.5],1
p4,1,4e-06,21.047619,[13 55] ; [39 29],[26. 42.] ; [26. 42.],1
p3,1,0.000561,11.901316,[10 57] ; [28 39],[19. 48.] ; [19. 48.],1
p5,1,0.008581,6.907937,[ 1 67] ; [ 9 59],[ 5. 63.] ; [ 5. 63.],0
b1,1,0.009139,6.79547,[36 32] ; [21 47],[28.5 39.5] ; [28.5 39.5],0
p6,1,0.018663,5.532785,[ 5 61] ; [15 53],[ 9.85074627 56.14925373] ; [10.14925373 57.85074627],0
p12,1,0.02719,4.878687,[ 1 67] ; [ 7 60],[ 4.02962963 63.97037037] ; [ 3.97037037 63.02962963],0
p1,1,0.1711,1.873278,[ 5 63] ; [10 58],[ 7.5 60.5] ; [ 7.5 60.5],0
