Feature,DoF,P Value,Chi Square,Observed,Expected,Is Significant
p6,1,0.0,86.114436,[ 27 142] ; [211 146],[76.46768061 92.53231939] ; [161.53231939 195.46768061],1
p3,1,0.0,81.060838,[ 54 116] ; [261  97],[101.42045455  68.57954545] ; [213.57954545 144.42045455],1
p10,1,0.0,57.042374,[121  48] ; [339  18],[147.79467681  21.20532319] ; [312.20532319  44.79467681],1
p5,1,1e-06,23.96129,[  7 163] ; [ 73 283],[ 25.85551331 144.14448669] ; [ 54.14448669 301.85551331],1
p11,1,8e-06,19.9294,[123  47] ; [315  43],[141.02272727  28.97727273] ; [296.97727273  61.02272727],1
p1,1,0.052419,3.762348,[ 10 159] ; [ 40 316],[ 16.0952381 152.9047619] ; [ 33.9047619 322.0952381],0
p12,1,0.080245,3.059936,[ 10 159] ; [ 38 320],[ 15.39278937 153.60721063] ; [ 32.60721063 325.39278937],0
b1,1,0.268607,1.223845,[ 58 112] ; [140 218],[ 63.75 106.25] ; [134.25 223.75],0
