Feature,DoF,P Value,Chi Square,Observed,Expected,Is Significant
p10,1,0.000578,11.844391,[15 19] ; [81 26],[23.14893617 10.85106383] ; [72.85106383 34.14893617],1
p11,1,0.043611,4.071549,[18 16] ; [78 31],[22.82517483 11.17482517] ; [73.17482517 35.82517483],0
p2,1,0.097988,2.737982,[24 10] ; [91 18],[27.34265734  6.65734266] ; [87.65734266 21.34265734],0
p7,1,0.148504,2.087548,[23 10] ; [60 48],[19.42553191 13.57446809] ; [63.57446809 44.42553191],0
p1,1,0.440666,0.594547,[ 1 33] ; [  7 102],[ 1.9020979 32.0979021] ; [  6.0979021 102.9020979],0
p5,1,0.532945,0.388774,[ 1 33] ; [  6 101],[ 1.68794326 32.31205674] ; [  5.31205674 101.68794326],0
b1,1,0.5614,0.337286,[15 19] ; [42 67],[13.55244755 20.44755245] ; [43.44755245 65.55244755],0
