Feature,DoF,P Value,Chi Square,Observed,Expected,Is Significant
p2,1,0.0,27.344104,[137 101] ; [237  65],[164.83703704  73.16296296] ; [209.16296296  92.83703704],1
p7,1,8e-06,19.940492,[ 63 169] ; [137 160],[ 87.71266541 144.28733459] ; [112.28733459 184.71266541],1
p6,1,1.9e-05,18.286325,[ 26 211] ; [ 77 224],[ 45.37360595 191.62639405] ; [ 57.62639405 243.37360595],1
p11,1,0.000406,12.505246,[151  87] ; [235  69],[169.49815498  68.50184502] ; [216.50184502  87.49815498],1
p5,1,0.003109,8.742243,[  3 234] ; [ 19 279],[  9.74579439 227.25420561] ; [ 12.25420561 285.74579439],0
p1,1,0.139185,2.186945,[  7 230] ; [ 17 287],[ 10.51386322 226.48613678] ; [ 13.48613678 290.51386322],0
p12,1,0.46573,0.532089,[ 12 224] ; [ 20 284],[ 13.98518519 222.01481481] ; [ 18.01481481 285.98518519],0
b1,1,0.543034,0.369945,[ 89 149] ; [106 198],[ 85.62730627 152.37269373] ; [109.37269373 194.62730627],0
