Feature,DoF,P Value,Chi Square,Observed,Expected,Is Significant
p4,1,0.0,26.18804,[94 32] ; [53 71],[74.088 51.912] ; [72.912 51.088],1
p1,1,0.030018,4.708272,[ 11 115] ; [  3 121],[  7.056 118.944] ; [  6.944 117.056],0
p9,1,0.096286,2.766001,[107  18] ; [96 28],[101.90763052  23.09236948] ; [101.09236948  22.90763052],0
b1,1,0.121898,2.392768,[61 65] ; [48 76],[54.936 71.064] ; [54.064 69.936],0
p12,1,0.12983,2.294531,[  8 118] ; [  3 121],[  5.544 120.456] ; [  5.456 118.544],0
p10,1,0.269285,1.220384,[98 27] ; [89 34],[94.25403226 30.74596774] ; [92.74596774 30.25403226],0
p5,1,0.354595,0.856945,[ 11 114] ; [  7 115],[  9.10931174 115.89068826] ; [  8.89068826 113.10931174],0
p11,1,0.934629,0.006728,[89 37] ; [87 37],[88.704 37.296] ; [87.296 36.704],0
