Feature,DoF,P Value,Chi Square,Observed,Expected,Is Significant
p7,1,0.046257,3.972222,[11  4] ; [22 28],[7.61538462 7.38461538] ; [25.38461538 24.61538462],0
p2,1,0.16015,1.97281,[8 7] ; [37 14],[10.22727273  4.77272727] ; [34.77272727 16.22727273],0
p11,1,0.345348,0.890476,[8 7] ; [34 17],[9.54545455 5.45454545] ; [32.45454545 18.54545455],0
b1,1,0.511967,0.430045,[7 8] ; [19 32],[5.90909091 9.09090909] ; [20.09090909 30.90909091],0
p8,1,0.594267,0.28373,[ 4 11] ; [17 33],[ 4.84615385 10.15384615] ; [16.15384615 33.84615385],0
