Feature,DoF,P Value,Chi Square,Observed,Expected,Is Significant
p11,1,0.000228,13.588553,[31 55] ; [46 24],[42.44871795 43.55128205] ; [34.55128205 35.44871795],1
p12,1,0.027357,4.868109,[ 1 84] ; [ 6 64],[ 3.83870968 81.16129032] ; [ 3.16129032 66.83870968],0
p8,1,0.059076,3.563123,[ 9 77] ; [15 55],[13.23076923 72.76923077] ; [10.76923077 59.23076923],0
p6,1,0.086889,2.931078,[ 5 78] ; [10 60],[ 8.1372549 74.8627451] ; [ 6.8627451 63.1372549],0
p5,1,0.104609,2.633833,[ 1 85] ; [ 4 65],[ 2.77419355 83.22580645] ; [ 2.22580645 66.77419355],0
p1,1,0.230285,1.439102,[ 7 78] ; [10 60],[ 9.32258065 75.67741935] ; [ 7.67741935 62.32258065],0
b1,1,0.392524,0.73111,[44 42] ; [31 39],[41.34615385 44.65384615] ; [33.65384615 36.34615385],0
p3,1,0.826903,0.047819,[17 68] ; [15 55],[17.5483871 67.4516129] ; [14.4516129 55.5483871],0
