Feature,DoF,P Value,Chi Square,Observed,Expected,Is Significant
p11,1,0.291021,1.11489,[20 25] ; [ 4 10],[18.30508475 26.69491525] ; [5.69491525 8.30508475],0
p7,1,0.30796,1.039403,[24 21] ; [9 4],[25.60344828 19.39655172] ; [7.39655172 5.60344828],0
b1,1,0.40599,0.690513,[25 20] ; [6 8],[23.6440678 21.3559322] ; [7.3559322 6.6440678],0
p6,1,0.494921,0.465811,[17 27] ; [ 4 10],[15.93103448 28.06896552] ; [5.06896552 8.93103448],0
p5,1,0.531603,0.391327,[ 6 39] ; [ 1 13],[ 5.33898305 39.66101695] ; [ 1.66101695 12.33898305],0
