Feature,DoF,P Value,Chi Square,Observed,Expected,Is Significant
p7,1,0.010975,6.469396,[19 18] ; [149  57],[25.58024691 11.41975309] ; [142.41975309  63.58024691],0
p12,1,0.068942,3.308036,[ 5 33] ; [ 11 198],[ 2.46153846 35.53846154] ; [ 13.53846154 195.46153846],0
p3,1,0.412629,0.671213,[23 15] ; [112  98],[20.68548387 17.31451613] ; [114.31451613  95.68548387],0
p1,1,0.432247,0.616778,[ 2 36] ; [ 19 189],[ 3.24390244 34.75609756] ; [ 17.75609756 190.24390244],0
p11,1,0.505214,0.443967,[32  6] ; [185  25],[33.25  4.75] ; [183.75  26.25],0
b1,1,0.550374,0.356648,[14 24] ; [ 67 143],[12.41129032 25.58870968] ; [ 68.58870968 141.41129032],0
p5,1,0.872795,0.025635,[ 4 31] ; [ 22 187],[ 3.7295082 31.2704918] ; [ 22.2704918 186.7295082],0
