Feature,DoF,P Value,Chi Square,Observed,Expected,Is Significant
p7,1,0.0,48.542872,[83 68] ; [176  24],[111.42165242  39.57834758] ; [147.57834758  52.42165242],1
p5,1,0.000151,14.354789,[ 15 134] ; [ 53 149],[ 28.86609687 120.13390313] ; [ 39.13390313 162.86609687],1
p12,1,0.003364,8.598589,[ 10 143] ; [ 34 167],[ 19.01694915 133.98305085] ; [ 24.98305085 176.01694915],0
p1,1,0.011909,6.324346,[ 12 141] ; [ 34 167],[ 19.88135593 133.11864407] ; [ 26.11864407 174.88135593],0
p2,1,0.048201,3.902977,[129  23] ; [185  17],[134.82485876  17.17514124] ; [179.17514124  22.82485876],0
p11,1,0.173857,1.84937,[121  32] ; [171  31],[125.84788732  27.15211268] ; [166.15211268  35.84788732],0
b1,1,0.18758,1.736526,[59 94] ; [ 92 110],[65.07887324 87.92112676] ; [ 85.92112676 116.07887324],0
