Feature,DoF,P Value,Chi Square,Observed,Expected,Is Significant
p6,1,0.0,26.640851,[ 13 101] ; [17 15],[23.42465753 90.57534247] ; [ 6.57534247 25.42465753],1
p2,1,0.000303,13.050071,[52 63] ; [26  6],[61.02040816 53.97959184] ; [16.97959184 15.02040816],1
p7,1,0.000305,13.036904,[26 87] ; [18 14],[34.28965517 78.71034483] ; [ 9.71034483 22.28965517],1
p1,1,0.273161,1.200803,[  5 109] ; [ 3 29],[  6.24657534 107.75342466] ; [ 1.75342466 30.24657534],0
p11,1,0.595861,0.281284,[55 60] ; [17 15],[56.32653061 58.67346939] ; [15.67346939 16.32653061],0
b1,1,0.631276,0.230334,[52 63] ; [16 16],[53.19727891 61.80272109] ; [14.80272109 17.19727891],0
p12,1,0.879902,0.022829,[  3 111] ; [ 1 31],[  3.12328767 110.87671233] ; [ 0.87671233 31.12328767],0
