Feature,DoF,P Value,Chi Square,Observed,Expected,Is Significant
p4,1,0.0,195.998026,[ 48 188] ; [281  76],[130.93423272 105.06576728] ; [198.06576728 158.93423272],1
p10,1,0.0,65.214713,[142  90] ; [318  38],[181.49659864  50.50340136] ; [278.50340136  77.49659864],1
p11,1,0.0,59.744287,[148  89] ; [318  39],[185.92929293  51.07070707] ; [280.07070707  76.92929293],1
p9,1,0.0,46.237312,[155  74] ; [320  35],[186.25856164  42.74143836] ; [288.74143836  66.25856164],1
p5,1,0.0,29.651701,[  8 228] ; [ 66 291],[ 29.45025295 206.54974705] ; [ 44.54974705 312.45025295],1
p1,1,0.005309,7.771116,[ 12 224] ; [ 42 313],[ 21.56345178 214.43654822] ; [ 32.43654822 322.56345178],0
p12,1,0.01011,6.615361,[ 11 223] ; [ 38 318],[ 19.43389831 214.56610169] ; [ 29.56610169 326.43389831],0
b1,1,0.339148,0.913648,[ 87 150] ; [145 212],[ 92.56565657 144.43434343] ; [139.43434343 217.56565657],0
