Feature,DoF,P Value,Chi Square,Observed,Expected,Is Significant
p11,1,0.005519,7.701033,[18 13] ; [72 15],[23.6440678  7.3559322] ; [66.3559322 20.6440678],0
p10,1,0.009898,6.653127,[18 13] ; [70 16],[23.31623932  7.68376068] ; [64.68376068 21.31623932],0
p9,1,0.063238,3.450364,[21 10] ; [71 14],[24.5862069  6.4137931] ; [67.4137931 17.5862069],0
p3,1,0.067537,3.341902,[18 13] ; [34 53],[13.66101695 17.33898305] ; [38.33898305 48.66101695],0
p1,1,0.352711,0.863678,[ 1 30] ; [ 7 79],[ 2.11965812 28.88034188] ; [ 5.88034188 80.11965812],0
p12,1,0.46496,0.533929,[ 3 28] ; [ 5 81],[ 2.11965812 28.88034188] ; [ 5.88034188 80.11965812],0
p6,1,0.49879,0.45751,[ 7 24] ; [24 59],[ 8.42982456 22.57017544] ; [22.57017544 60.42982456],0
p5,1,0.791818,0.06967,[ 1 28] ; [ 4 83],[ 1.25 27.75] ; [ 3.75 83.25],0
b1,1,0.808829,0.058534,[11 20] ; [33 54],[11.55932203 19.44067797] ; [32.44067797 54.55932203],0
