Feature,DoF,P Value,Chi Square,Observed,Expected,Is Significant
p2,1,0.459827,0.546316,[63 68] ; [49 64],[60.13114754 70.86885246] ; [51.86885246 61.13114754],0
p1,1,0.571667,0.319902,[  7 123] ; [  8 104],[  8.05785124 121.94214876] ; [  6.94214876 105.05785124],0
p12,1,0.650851,0.204829,[  2 128] ; [  1 111],[  1.61157025 128.38842975] ; [  1.38842975 110.61157025],0
b1,1,0.658111,0.195826,[67 64] ; [61 52],[68.72131148 62.27868852] ; [59.27868852 53.72131148],0
p11,1,0.813699,0.055534,[56 75] ; [50 63],[56.90983607 74.09016393] ; [49.09016393 63.90983607],0
p7,1,0.841758,0.039858,[34 95] ; [28 83],[33.325 95.675] ; [28.675 82.325],0
p5,1,0.854434,0.033659,[  3 128] ; [  3 110],[  3.22131148 127.77868852] ; [  2.77868852 110.22131148],0
p4,1,0.972583,0.001181,[36 95] ; [31 81],[36.11934156 94.88065844] ; [30.88065844 81.11934156],0
p3,1,0.984027,0.000401,[ 30 101] ; [26 87],[ 30.06557377 100.93442623] ; [25.93442623 87.06557377],0
