Feature,DoF,P Value,Chi Square,Observed,Expected,Is Significant
p5,1,2.8e-05,17.522193,[ 24 146] ; [  6 214],[ 13.07692308 156.92307692] ; [ 16.92307692 203.07692308],1
p8,1,7.8e-05,15.599756,[97 76] ; [ 77 137],[77.78294574 95.21705426] ; [ 96.21705426 117.78294574],1
p7,1,0.000941,10.939995,[110  63] ; [ 98 112],[93.95300261 79.04699739] ; [114.04699739  95.95300261],1
p1,1,0.003108,8.74272,[ 14 158] ; [  4 215],[  7.91815857 164.08184143] ; [ 10.08184143 208.91815857],0
p10,1,0.038558,4.280236,[145  27] ; [166  53],[136.80818414  35.19181586] ; [174.19181586  44.80818414],0
b1,1,0.046813,3.952086,[ 64 109] ; [ 61 160],[ 54.8857868 118.1142132] ; [ 70.1142132 150.8857868],0
p12,1,0.09395,2.805364,[ 13 160] ; [  8 210],[  9.2915601 163.7084399] ; [ 11.7084399 206.2915601],0
p9,1,0.172087,1.864667,[149  23] ; [176  40],[144.07216495  27.92783505] ; [180.92783505  35.07216495],0
p11,1,0.21073,1.566402,[142  31] ; [170  51],[136.99492386  36.00507614] ; [175.00507614  45.99492386],0
