Feature,DoF,P Value,Chi Square,Observed,Expected,Is Significant
p4,1,0.0,93.164861,[186  24] ; [60 88],[144.30167598  65.69832402] ; [101.69832402  46.30167598],1
p5,1,0.0,28.686366,[ 54 156] ; [  6 140],[ 35.39325843 174.60674157] ; [ 24.60674157 121.39325843],1
p1,1,4.6e-05,16.610389,[ 34 175] ; [  4 143],[ 22.30898876 186.69101124] ; [ 15.69101124 131.30898876],1
p12,1,6.4e-05,15.973111,[ 33 176] ; [  4 144],[ 21.66106443 187.33893557] ; [ 15.33893557 132.66106443],1
p9,1,0.000357,12.742799,[193  17] ; [115  31],[181.68539326  28.31460674] ; [126.31460674  19.68539326],1
p11,1,0.003274,8.648376,[184  26] ; [112  36],[173.63128492  36.36871508] ; [122.36871508  25.63128492],0
p10,1,0.005843,7.597965,[187  22] ; [116  31],[177.88483146  31.11516854] ; [125.11516854  21.88483146],0
b1,1,0.165001,1.927782,[ 92 118] ; [54 94],[ 85.6424581 124.3575419] ; [60.3575419 87.6424581],0
