Feature,DoF,P Value,Chi Square,Observed,Expected,Is Significant
p11,1,0.000562,11.897923,[18 10] ; [405  58],[24.12219959  3.87780041] ; [398.87780041  64.12219959],1
p2,1,0.012515,6.236355,[22  6] ; [425  36],[25.59509202  2.40490798] ; [421.40490798  39.59509202],0
b1,1,0.01476,5.944848,[17 11] ; [174 289],[10.89205703 17.10794297] ; [180.10794297 282.89205703],0
p3,1,0.053784,3.71939,[13 15] ; [298 164],[17.77142857 10.22857143] ; [293.22857143 168.77142857],0
p1,1,0.056347,3.641782,[ 6 22] ; [ 46 415],[ 2.97750511 25.02249489] ; [ 49.02249489 411.97750511],0
p4,1,0.544472,0.367314,[22  6] ; [339 123],[20.62857143  7.37142857] ; [340.37142857 121.62857143],0
p5,1,0.759918,0.093384,[ 4 24] ; [ 76 385],[ 4.5807771 23.4192229] ; [ 75.4192229 385.5807771],0
