Feature,DoF,P Value,Chi Square,Observed,Expected,Is Significant
p11,1,0.019522,5.454167,[91 41] ; [28 27],[84. 48.] ; [35. 20.],0
b1,1,0.053124,3.74,[54 78] ; [31 24],[60. 72.] ; [25. 30.],0
p2,1,0.157529,1.997788,[104  28] ; [38 17],[100.23529412  31.76470588] ; [41.76470588 13.23529412],0
p12,1,0.283269,1.151338,[  7 125] ; [ 1 54],[  5.64705882 126.35294118] ; [ 2.35294118 52.64705882],0
p3,1,0.287847,1.129666,[76 56] ; [27 28],[72.70588235 59.29411765] ; [30.29411765 24.70588235],0
p5,1,0.560478,0.338877,[ 13 115] ; [ 4 50],[ 11.95604396 116.04395604] ; [ 5.04395604 48.95604396],0
p1,1,0.872494,0.025758,[  8 124] ; [ 3 52],[  7.76470588 124.23529412] ; [ 3.23529412 51.76470588],0
