Feature,DoF,P Value,Chi Square,Observed,Expected,Is Significant
p6,1,0.036832,4.358146,[ 36 163] ; [ 84 239],[ 45.74712644 153.25287356] ; [ 74.25287356 248.74712644],0
p8,1,0.04106,4.17355,[ 63 134] ; [131 189],[ 73.92263056 123.07736944] ; [120.07736944 199.92263056],0
p4,1,0.055017,3.681581,[ 96 103] ; [129 196],[ 85.44847328 113.55152672] ; [139.55152672 185.44847328],0
p1,1,0.192468,1.698626,[ 16 183] ; [ 17 310],[ 12.48479087 186.51520913] ; [ 20.51520913 306.48479087],0
p12,1,0.248837,1.329822,[ 16 182] ; [ 18 308],[ 12.84732824 185.15267176] ; [ 21.15267176 304.84732824],0
p11,1,0.332451,0.939329,[153  46] ; [263  64],[157.38403042  41.61596958] ; [258.61596958  68.38403042],0
p5,1,0.586131,0.296428,[ 16 183] ; [ 22 303],[ 14.43129771 184.56870229] ; [ 23.56870229 301.43129771],0
b1,1,0.609094,0.261496,[ 62 137] ; [ 95 232],[ 59.3973384 139.6026616] ; [ 97.6026616 229.3973384],0
