Feature,DoF,P Value,Chi Square,Observed,Expected,Is Significant
p7,1,0.0,69.896672,[167 129] ; [227  29],[211.27536232  84.72463768] ; [182.72463768  73.27536232],1
p6,1,0.0,65.432848,[ 85 218] ; [159  97],[132.25760286 170.74239714] ; [111.74239714 144.25760286],1
p5,1,0.0,46.666016,[ 16 290] ; [ 66 192],[ 44.4893617 261.5106383] ; [ 37.5106383 220.4893617],1
p1,1,8e-06,19.929552,[ 11 295] ; [ 36 220],[ 25.59074733 280.40925267] ; [ 21.40925267 234.59074733],1
p12,1,1.6e-05,18.585806,[ 13 292] ; [ 38 220],[ 27.62877442 277.37122558] ; [ 23.37122558 234.62877442],1
b1,1,0.001249,10.415869,[ 84 222] ; [104 154],[102. 204.] ; [ 86. 172.],0
p11,1,0.03768,4.319429,[247  59] ; [225  33],[256.08510638  49.91489362] ; [215.91489362  42.08510638],0
p10,1,0.223679,1.480612,[268  37] ; [234  23],[272.43772242  32.56227758] ; [229.56227758  27.43772242],0
