Feature,DoF,P Value,Chi Square,Observed,Expected,Is Significant
p6,1,0.0,41.157431,[23 84] ; [177 131],[51.56626506 55.43373494] ; [148.43373494 159.56626506],1
p2,1,9.5e-05,15.235761,[90 18] ; [293  15],[99.43269231  8.56730769] ; [283.56730769  24.43269231],1
p3,1,0.001371,10.245043,[64 43] ; [234  74],[76.83373494 30.16626506] ; [221.16626506  86.83373494],0
p11,1,0.005661,7.655165,[88 20] ; [282  27],[95.82733813 12.17266187] ; [274.17266187  34.82733813],0
p5,1,0.013596,6.08981,[12 94] ; [ 69 240],[20.68915663 85.31084337] ; [ 60.31084337 248.68915663],0
b1,1,0.429238,0.624883,[38 70] ; [122 187],[41.43884892 66.56115108] ; [118.56115108 190.43884892],0
p1,1,0.543619,0.368874,[11 97] ; [ 38 269],[12.75180723 95.24819277] ; [ 36.24819277 270.75180723],0
p12,1,0.938421,0.005968,[15 93] ; [ 42 267],[14.76258993 93.23741007] ; [ 42.23741007 266.76258993],0
p9,1,0.946341,0.00453,[103   4] ; [297  12],[102.88461538   4.11538462] ; [297.11538462  11.88461538],0
