Feature,DoF,P Value,Chi Square,Observed,Expected,Is Significant
p11,1,6e-06,20.534255,[218  40] ; [4 8],[212.13333333  45.86666667] ; [9.86666667 2.13333333],1
p4,1,0.000967,10.889468,[221  37] ; [6 6],[216.91111111  41.08888889] ; [10.08888889  1.91111111],1
p3,1,0.019607,5.446529,[180  78] ; [4 7],[176.47583643  81.52416357] ; [7.52416357 3.47583643],0
b1,1,0.522044,0.409853,[105 153] ; [6 6],[106.06666667 151.93333333] ; [4.93333333 7.06666667],0
p1,1,0.732487,0.11684,[ 34 223] ; [ 2 10],[ 34.39405204 222.60594796] ; [ 1.60594796 10.39405204],0
