Feature,DoF,P Value,Chi Square,Observed,Expected,Is Significant
p4,1,0.0,42.190031,[221  37] ; [26 30],[202.94904459  55.05095541] ; [44.05095541 11.94904459],1
p7,1,0.0,40.519928,[224  29] ; [30 27],[207.29677419  45.70322581] ; [46.70322581 10.29677419],1
p3,1,1e-06,24.223032,[180  78] ; [20 37],[163.80952381  94.19047619] ; [36.19047619 20.80952381],1
p8,1,1e-06,23.226146,[187  70] ; [22 34],[171.60702875  85.39297125] ; [37.39297125 18.60702875],1
p11,1,7.2e-05,15.748498,[218  40] ; [35 22],[207.21904762  50.78095238] ; [45.78095238 11.21904762],1
p5,1,0.004651,8.010264,[ 55 203] ; [ 3 54],[ 47.5047619 210.4952381] ; [10.4952381 46.5047619],0
p12,1,0.027898,4.83439,[ 36 221] ; [ 2 55],[ 31.10191083 225.89808917] ; [ 6.89808917 50.10191083],0
p1,1,0.19328,1.692434,[ 34 223] ; [ 4 53],[ 31.10191083 225.89808917] ; [ 6.89808917 50.10191083],0
b1,1,0.433343,0.613847,[105 153] ; [20 37],[102.38095238 155.61904762] ; [22.61904762 34.38095238],0
