Feature,DoF,P Value,Chi Square,Observed,Expected,Is Significant
p1,1,0.203277,1.618675,[ 2 22] ; [ 1 48],[ 0.98630137 23.01369863] ; [ 2.01369863 46.98630137],0
p11,1,0.286611,1.135471,[17  7] ; [29 21],[14.91891892  9.08108108] ; [31.08108108 18.91891892],0
p3,1,0.380205,0.770038,[ 7 17] ; [10 40],[ 5.51351351 18.48648649] ; [11.48648649 38.51351351],0
b1,1,0.405106,0.693119,[14 10] ; [24 26],[12.32432432 11.67567568] ; [25.67567568 24.32432432],0
p7,1,0.623775,0.240597,[11 12] ; [27 23],[11.97260274 11.02739726] ; [26.02739726 23.97260274],0
p6,1,0.667693,0.184313,[ 3 21] ; [ 8 41],[ 3.61643836 20.38356164] ; [ 7.38356164 41.61643836],0
