Feature,DoF,P Value,Chi Square,Observed,Expected,Is Significant
p9,1,0.0,122.46598,[18 27] ; [324  16],[39.97402597  5.02597403] ; [302.02597403  37.97402597],1
p11,1,0.0,70.876906,[20 25] ; [310  30],[38.57142857  6.42857143] ; [291.42857143  48.57142857],1
p2,1,4e-06,21.195415,[33 12] ; [318  21],[41.1328125  3.8671875] ; [309.8671875  29.1328125],1
p6,1,1.3e-05,18.995203,[ 9 36] ; [185 154],[22.734375 22.265625] ; [171.265625 167.734375],1
p3,1,0.004059,8.257053,[22 23] ; [238 101],[30.46875 14.53125] ; [229.53125 109.46875],0
p5,1,0.012127,6.292263,[ 2 43] ; [ 67 273],[ 8.06493506 36.93506494] ; [ 60.93506494 279.06493506],0
b1,1,0.123543,2.371818,[23 22] ; [133 207],[18.23376623 26.76623377] ; [137.76623377 202.23376623],0
p1,1,0.136122,2.221255,[ 2 43] ; [ 40 298],[ 4.93472585 40.06527415] ; [ 37.06527415 300.93472585],0
