Feature,DoF,P Value,Chi Square,Observed,Expected,Is Significant
p11,1,0.001382,10.229508,[361  64] ; [13  9],[355.59284116  69.40715884] ; [18.40715884  3.59284116],0
p5,1,0.02212,5.236357,[ 35 384] ; [ 5 17],[ 38.00453515 380.99546485] ; [ 1.99546485 20.00453515],0
p1,1,0.033631,4.513357,[ 27 397] ; [ 4 18],[ 29.47085202 394.52914798] ; [ 1.52914798 20.47085202],0
b1,1,0.207011,1.59221,[138 287] ; [10 12],[140.71588367 284.28411633] ; [ 7.28411633 14.71588367],0
p4,1,0.254701,1.297333,[215 208] ; [ 8 13],[212.4527027 210.5472973] ; [10.5472973 10.4527027],0
p12,1,0.731146,0.118062,[ 27 397] ; [ 1 21],[ 26.61883408 397.38116592] ; [ 1.38116592 20.61883408],0
p7,1,0.927145,0.008361,[225 192] ; [11  9],[225.19908467 191.80091533] ; [10.80091533  9.19908467],0
