Feature,DoF,P Value,Chi Square,Observed,Expected,Is Significant
p9,1,6.3e-05,16.011948,[84 24] ; [13 19],[74.82857143 33.17142857] ; [22.17142857  9.82857143],1
p11,1,0.023504,5.130885,[74 34] ; [16 18],[68.45070423 39.54929577] ; [21.54929577 12.45070423],0
p2,1,0.456161,0.555298,[88 19] ; [26  8],[86.5106383 20.4893617] ; [27.4893617  6.5106383],0
p4,1,0.57963,0.306832,[45 63] ; [16 18],[46.3943662 61.6056338] ; [14.6056338 19.3943662],0
p5,1,0.589509,0.291112,[  4 103] ; [ 2 32],[  4.55319149 102.44680851] ; [ 1.44680851 32.55319149],0
p12,1,0.70009,0.148378,[  2 106] ; [ 1 33],[  2.28169014 105.71830986] ; [ 0.71830986 33.28169014],0
b1,1,0.837627,0.041996,[37 71] ; [11 23],[36.50704225 71.49295775] ; [11.49295775 22.50704225],0
p1,1,0.939045,0.005848,[  3 105] ; [ 1 32],[  3.06382979 104.93617021] ; [ 0.93617021 32.06382979],0
