Feature,DoF,P Value,Chi Square,Observed,Expected,Is Significant
p11,1,0.024328,5.071065,[199  63] ; [35 22],[192.18808777  69.81191223] ; [41.81191223 15.18808777],0
p7,1,0.033262,4.532246,[ 96 161] ; [30 27],[103.12738854 153.87261146] ; [22.87261146 34.12738854],0
p4,1,0.26021,1.267641,[100 161] ; [26 30],[103.74132492 157.25867508] ; [22.25867508 33.74132492],0
p12,1,0.342738,0.900162,[ 18 244] ; [ 2 55],[ 16.42633229 245.57366771] ; [ 3.57366771 53.42633229],0
p1,1,0.362197,0.83026,[ 11 251] ; [ 4 53],[ 12.31974922 249.68025078] ; [ 2.68025078 54.31974922],0
p3,1,0.756452,0.096189,[ 86 175] ; [20 37],[ 87. 174.] ; [19. 38.],0
p5,1,0.861191,0.030575,[ 15 241] ; [ 3 54],[ 14.72204473 241.27795527] ; [ 3.27795527 53.72204473],0
b1,1,0.996937,1.5e-05,[ 92 170] ; [20 37],[ 91.98746082 170.01253918] ; [20.01253918 36.98746082],0
