Feature,DoF,P Value,Chi Square,Observed,Expected,Is Significant
b1,1,0.024184,5.08137,[ 92 170] ; [14 10],[ 97.1048951 164.8951049] ; [ 8.8951049 15.1048951],0
p2,1,0.082483,3.015282,[195  66] ; [14 10],[191.4  69.6] ; [17.6  6.4],0
p7,1,0.322075,0.980502,[ 96 161] ; [11 12],[ 98.21071429 158.78928571] ; [ 8.78928571 14.21071429],0
p1,1,0.351967,0.866352,[ 11 251] ; [ 2 22],[ 11.90909091 250.09090909] ; [ 1.09090909 22.90909091],0
p4,1,0.37582,0.78433,[100 161] ; [ 7 17],[ 97.98947368 163.01052632] ; [ 9.01052632 14.98947368],0
p11,1,0.576517,0.311899,[199  63] ; [17  7],[197.87412587  64.12587413] ; [18.12587413  5.87412587],0
p3,1,0.705197,0.143122,[ 86 175] ; [ 7 17],[ 85.16842105 175.83157895] ; [ 7.83157895 16.16842105],0
