Feature,DoF,P Value,Chi Square,Observed,Expected,Is Significant
p4,1,0.0,28.282004,[75 95] ; [ 17 101],[ 54.30555556 115.69444444] ; [37.69444444 80.30555556],1
p9,1,0.0,26.676517,[134  34] ; [57 56],[114.19217082  53.80782918] ; [76.80782918 36.19217082],1
p10,1,1.1e-05,19.4171,[121  48] ; [53 63],[103.17894737  65.82105263] ; [70.82105263 45.17894737],1
p11,1,1.7e-05,18.455192,[123  47] ; [57 63],[105.51724138  64.48275862] ; [74.48275862 45.51724138],1
p6,1,0.009575,6.712366,[ 27 142] ; [  7 111],[ 20.02090592 148.97909408] ; [ 13.97909408 104.02090592],0
b1,1,0.010088,6.619308,[ 58 112] ; [59 61],[ 68.5862069 101.4137931] ; [48.4137931 71.5862069],0
p5,1,0.245195,1.350478,[  7 163] ; [  2 116],[  5.3125 164.6875] ; [  3.6875 114.3125],0
p1,1,0.795019,0.067496,[ 10 159] ; [  8 112],[ 10.52595156 158.47404844] ; [  7.47404844 112.52595156],0
p12,1,0.990153,0.000152,[ 10 159] ; [  7 112],[  9.97569444 159.02430556] ; [  7.02430556 111.97569444],0
