Feature,DoF,P Value,Chi Square,Observed,Expected,Is Significant
p6,1,0.013735,6.071826,[ 3 21] ; [19 27],[ 7.54285714 16.45714286] ; [14.45714286 31.54285714],0
p2,1,0.04841,3.895694,[14 10] ; [37  9],[17.48571429  6.51428571] ; [33.51428571 12.48571429],0
p3,1,0.065851,3.383531,[ 7 17] ; [24 22],[10.62857143 13.37142857] ; [20.37142857 25.62857143],0
p11,1,0.318474,0.995205,[17  7] ; [27 19],[15.08571429  8.91428571] ; [28.91428571 17.08571429],0
b1,1,0.507349,0.43953,[14 10] ; [23 23],[12.68571429 11.31428571] ; [24.31428571 21.68571429],0
p1,1,0.959007,0.002642,[ 2 22] ; [ 4 42],[ 2.05714286 21.94285714] ; [ 3.94285714 42.05714286],0
