Feature,DoF,P Value,Chi Square,Observed,Expected,Is Significant
p7,1,0.000563,11.894374,[ 68 116] ; [20  8],[ 76.37735849 107.62264151] ; [11.62264151 16.37735849],1
p5,1,0.133811,2.247729,[  4 183] ; [ 2 26],[  5.21860465 181.78139535] ; [ 0.78139535 27.21860465],0
p1,1,0.144538,2.128964,[  8 181] ; [ 3 25],[  9.58064516 179.41935484] ; [ 1.41935484 26.58064516],0
p2,1,0.390731,0.736666,[133  55] ; [22  6],[134.90740741  53.09259259] ; [20.09259259  7.90740741],0
b1,1,0.57333,0.317142,[ 64 125] ; [11 17],[ 65.32258065 123.67741935] ; [ 9.67741935 18.32258065],0
p11,1,0.870304,0.026658,[139  50] ; [21  7],[139.35483871  49.64516129] ; [20.64516129  7.35483871],0
