Feature,DoF,P Value,Chi Square,Observed,Expected,Is Significant
p5,1,0.404728,0.694234,[ 4 74] ; [ 6 64],[ 5.27027027 72.72972973] ; [ 4.72972973 65.27027027],0
p1,1,0.413837,0.667751,[ 6 76] ; [ 8 64],[ 7.45454545 74.54545455] ; [ 6.54545455 65.45454545],0
p10,1,0.558744,0.341884,[69 13] ; [58 14],[67.62337662 14.37662338] ; [59.37662338 12.62337662],0
p4,1,0.626968,0.236195,[21 60] ; [16 55],[19.71710526 61.28289474] ; [17.28289474 53.71710526],0
p11,1,0.71897,0.129481,[58 24] ; [49 23],[56.97402597 25.02597403] ; [50.02597403 21.97402597],0
p12,1,0.798443,0.06521,[ 7 75] ; [ 7 65],[ 7.45454545 74.54545455] ; [ 6.54545455 65.45454545],0
p8,1,0.838347,0.041619,[16 66] ; [15 57],[16.50649351 65.49350649] ; [14.49350649 57.50649351],0
p7,1,0.98999,0.000157,[22 57] ; [19 49],[22.03401361 56.96598639] ; [18.96598639 49.03401361],0
b1,1,0.996588,1.8e-05,[33 49] ; [29 43],[33.01298701 48.98701299] ; [28.98701299 43.01298701],0
