Feature,DoF,P Value,Chi Square,Observed,Expected,Is Significant
p10,1,0.0,80.218146,[185  24] ; [22 43],[157.89416058  51.10583942] ; [49.10583942 15.89416058],1
p4,1,0.0,67.382665,[184  24] ; [26 40],[159.41605839  48.58394161] ; [50.58394161 15.41605839],1
p5,1,8e-06,19.996094,[ 57 152] ; [ 1 65],[ 44.08 164.92] ; [13.92 52.08],1
p11,1,3.4e-05,17.192366,[185  24] ; [44 22],[174.04  34.96] ; [54.96 11.04],1
p12,1,0.001827,9.715588,[ 34 174] ; [ 1 64],[ 26.66666667 181.33333333] ; [ 8.33333333 56.66666667],0
p1,1,0.045864,3.986591,[ 33 175] ; [ 4 61],[ 28.19047619 179.80952381] ; [ 8.80952381 56.19047619],0
b1,1,0.837864,0.041872,[ 92 117] ; [30 36],[ 92.72 116.28] ; [29.28 36.72],0
