Feature,DoF,P Value,Chi Square,Observed,Expected,Is Significant
p10,1,0.000268,13.282138,[142  90] ; [ 2 13],[135.25506073  96.74493927] ; [8.74493927 6.25506073],1
b1,1,0.439299,0.598112,[ 87 150] ; [7 8],[ 88.4047619 148.5952381] ; [5.5952381 9.4047619],0
p8,1,0.448887,0.573462,[ 44 191] ; [ 4 11],[ 45.12 189.88] ; [ 2.88 12.12],0
p11,1,0.480872,0.496884,[148  89] ; [8 7],[146.71428571  90.28571429] ; [9.28571429 5.71428571],0
p2,1,0.685454,0.164051,[139  98] ; [8 7],[138.25  98.75] ; [8.75 6.25],0
