Feature,DoF,P Value,Chi Square,Observed,Expected,Is Significant
p10,1,0.011532,6.381476,[18 13] ; [89 22],[23.35915493  7.64084507] ; [83.64084507 27.35915493],0
p9,1,0.023135,5.158329,[21 10] ; [95 16],[25.32394366  5.67605634] ; [90.67605634 20.32394366],0
p11,1,0.082636,3.012285,[18 13] ; [83 29],[21.8951049  9.1048951] ; [79.1048951 32.8951049],0
b1,1,0.178126,1.813193,[11 20] ; [55 57],[14.30769231 16.69230769] ; [51.69230769 60.30769231],0
p5,1,0.215422,1.534606,[ 1 28] ; [12 97],[ 2.73188406 26.26811594] ; [10.26811594 98.73188406],0
p1,1,0.291639,1.112039,[ 1 30] ; [ 10 102],[ 2.38461538 28.61538462] ; [  8.61538462 103.38461538],0
p6,1,0.304185,1.055757,[ 7 24] ; [36 76],[ 9.32167832 21.67832168] ; [33.67832168 78.32167832],0
p12,1,0.639298,0.219662,[ 3 28] ; [  8 104],[ 2.38461538 28.61538462] ; [  8.61538462 103.38461538],0
