Feature,DoF,P Value,Chi Square,Observed,Expected,Is Significant
p8,1,0.189446,1.721923,[ 6 18] ; [6 7],[ 7.78378378 16.21621622] ; [4.21621622 8.78378378],0
p9,1,0.442703,0.589266,[ 8 16] ; [6 7],[ 9.08108108 14.91891892] ; [4.91891892 8.08108108],0
p1,1,0.628687,0.233846,[ 1 24] ; [ 1 12],[ 1.31578947 23.68421053] ; [ 0.68421053 12.31578947],0
p7,1,0.690397,0.158656,[17  8] ; [8 5],[16.44736842  8.55263158] ; [8.55263158 4.44736842],0
p11,1,0.881368,0.022271,[ 9 16] ; [5 8],[ 9.21052632 15.78947368] ; [4.78947368 8.21052632],0
b1,1,0.938278,0.005996,[17  8] ; [9 4],[17.10526316  7.89473684] ; [8.89473684 4.10526316],0
p5,1,0.97338,0.001114,[ 2 23] ; [ 1 12],[ 1.97368421 23.02631579] ; [ 1.02631579 11.97368421],0
