Feature,DoF,P Value,Chi Square,Observed,Expected,Is Significant
p10,1,0.0,54.643316,[64 19] ; [10 54],[41.78231293 41.21768707] ; [32.21768707 31.78231293],1
p11,1,3e-06,21.862375,[60 24] ; [21 43],[45.97297297 38.02702703] ; [35.02702703 28.97297297],1
p8,1,0.006256,7.474949,[23 61] ; [ 6 58],[16.45945946 67.54054054] ; [12.54054054 51.45945946],0
p5,1,0.009676,6.693508,[11 71] ; [ 1 63],[ 6.73972603 75.26027397] ; [ 5.26027397 58.73972603],0
p12,1,0.044667,4.031185,[ 8 76] ; [ 1 63],[ 5.10810811 78.89189189] ; [ 3.89189189 60.10810811],0
b1,1,0.097074,2.752976,[37 47] ; [37 27],[42. 42.] ; [32. 32.],0
p1,1,0.221123,1.497065,[12 72] ; [ 5 59],[ 9.64864865 74.35135135] ; [ 7.35135135 56.64864865],0
