Feature,DoF,P Value,Chi Square,Observed,Expected,Is Significant
p9,1,0.0,45.240744,[215  12] ; [12 11],[206.116  20.884] ; [20.884  2.116],1
p11,1,0.00011,14.952241,[198  29] ; [13 10],[191.588  35.412] ; [19.412  3.588],1
p2,1,0.006102,7.520026,[202  24] ; [16  7],[197.86345382  28.13654618] ; [20.13654618  2.86345382],0
p3,1,0.051269,3.799448,[145  81] ; [10 13],[140.68273092  85.31726908] ; [14.31726908  8.68273092],0
p7,1,0.069784,3.28809,[142  84] ; [10 13],[137.95983936  88.04016064] ; [14.04016064  8.95983936],0
b1,1,0.287992,1.128986,[ 83 144] ; [11 12],[ 85.352 141.648] ; [ 8.648 14.352],0
p1,1,0.459208,0.547823,[ 20 206] ; [ 1 22],[ 19.06024096 206.93975904] ; [ 1.93975904 21.06024096],0
