Feature,DoF,P Value,Chi Square,Observed,Expected,Is Significant
p3,1,0.0,161.392508,[ 49 194] ; [258  95],[125.16946309 117.83053691] ; [181.83053691 171.16946309],1
p8,1,0.0,109.295028,[ 81 161] ; [269  83],[142.59259259  99.40740741] ; [207.40740741 144.59259259],1
p2,1,0.0,46.591554,[182  60] ; [332  19],[209.76053963  32.23946037] ; [304.23946037  46.76053963],1
p5,1,0.0,33.259103,[  9 232] ; [ 71 280],[ 32.56756757 208.43243243] ; [ 47.43243243 303.56756757],1
p11,1,0.001449,10.142953,[194  50] ; [314  39],[207.62479062  36.37520938] ; [300.37520938  52.62479062],0
p1,1,0.004487,8.075294,[ 11 232] ; [ 39 312],[ 20.45454545 222.54545455] ; [ 29.54545455 321.45454545],0
b1,1,0.023514,5.130121,[ 76 168] ; [142 211],[ 89.09882747 154.90117253] ; [128.90117253 224.09882747],0
p12,1,0.026367,4.931769,[ 13 230] ; [ 37 316],[ 20.38590604 222.61409396] ; [ 29.61409396 323.38590604],0
