Feature,DoF,P Value,Chi Square,Observed,Expected,Is Significant
p9,1,0.0,32.601773,[95 16] ; [27 34],[78.73255814 32.26744186] ; [43.26744186 17.73255814],1
p11,1,0.002022,9.529755,[83 29] ; [31 30],[73.80346821 38.19653179] ; [40.19653179 20.80346821],0
p5,1,0.078634,3.092902,[12 97] ; [ 2 59],[  8.97647059 100.02352941] ; [ 5.02352941 55.97647059],0
p6,1,0.090618,2.863364,[36 76] ; [12 48],[31.25581395 80.74418605] ; [16.74418605 43.25581395],0
p12,1,0.12426,2.362788,[  8 104] ; [ 1 59],[  5.86046512 106.13953488] ; [ 3.13953488 56.86046512],0
b1,1,0.414149,0.666857,[55 57] ; [26 35],[52.43930636 59.56069364] ; [28.56069364 32.43930636],0
p1,1,0.817654,0.053159,[ 10 102] ; [ 6 54],[ 10.41860465 101.58139535] ; [ 5.58139535 54.41860465],0
