Feature,DoF,P Value,Chi Square,Observed,Expected,Is Significant
p1,1,0.001156,10.558826,[ 10 281] ; [ 9 59],[ 15.40111421 275.59888579] ; [ 3.59888579 64.40111421],0
p9,1,0.05804,3.592536,[268  22] ; [57 10],[264.00560224  25.99439776] ; [60.99439776  6.00560224],0
p11,1,0.06048,3.524166,[239  52] ; [49 19],[233.44846797  57.55153203] ; [54.55153203 13.44846797],0
p5,1,0.062506,3.469604,[ 16 275] ; [ 8 60],[ 19.454039 271.545961] ; [ 4.545961 63.454039],0
p4,1,0.388059,0.745015,[124 166] ; [33 35],[127.17877095 162.82122905] ; [29.82122905 38.17877095],0
p12,1,0.794741,0.067683,[ 11 279] ; [ 3 64],[ 11.37254902 278.62745098] ; [ 2.62745098 64.37254902],0
b1,1,0.879348,0.023042,[ 84 207] ; [19 49],[ 83.4902507 207.5097493] ; [19.5097493 48.4902507],0
