Feature,DoF,P Value,Chi Square,Observed,Expected,Is Significant
p4,1,0.004187,8.200801,[217  35] ; [19 10],[211.64412811  40.35587189] ; [24.35587189  4.64412811],0
p8,1,0.015977,5.805418,[193  58] ; [17 13],[187.58007117  63.41992883] ; [22.41992883  7.58007117],0
p11,1,0.031831,4.607598,[215  37] ; [21  9],[210.89361702  41.10638298] ; [25.10638298  4.89361702],0
p10,1,0.118374,2.43871,[224  26] ; [24  6],[221.42857143  28.57142857] ; [26.57142857  3.42857143],0
p3,1,0.217274,1.522283,[176  76] ; [17 12],[173.08185053  78.91814947] ; [19.91814947  9.08185053],0
p1,1,0.37453,0.78858,[ 35 216] ; [ 6 24],[ 36.6227758 214.3772242] ; [ 4.3772242 25.6227758],0
p12,1,0.554562,0.349208,[ 32 218] ; [ 5 25],[ 33.03571429 216.96428571] ; [ 3.96428571 26.03571429],0
b1,1,0.816978,0.053561,[112 140] ; [14 16],[112.59574468 139.40425532] ; [13.40425532 16.59574468],0
p5,1,0.81844,0.052694,[ 55 197] ; [ 6 24],[ 54.5106383 197.4893617] ; [ 6.4893617 23.5106383],0
