Feature,DoF,P Value,Chi Square,Observed,Expected,Is Significant
p6,1,0.002149,9.418068,[29 88] ; [41 50],[39.375 77.625] ; [30.625 60.375],0
p5,1,0.008917,6.839329,[  2 115] ; [ 9 82],[  6.1875 110.8125] ; [ 4.8125 86.1875],0
p11,1,0.018707,5.528705,[86 31] ; [79 12],[92.8125 24.1875] ; [72.1875 18.8125],0
p2,1,0.11285,2.513854,[98 19] ; [83  8],[101.8125  15.1875] ; [79.1875 11.8125],0
p1,1,0.176662,1.825485,[  4 112] ; [ 7 84],[  6.16425121 109.83574879] ; [ 4.83574879 86.16425121],0
p10,1,0.225554,1.46868,[88 29] ; [74 16],[91.56521739 25.43478261] ; [70.43478261 19.56521739],0
p9,1,0.395065,0.723297,[89 26] ; [74 16],[91.43902439 23.56097561] ; [71.56097561 18.43902439],0
b1,1,0.406515,0.68897,[41 76] ; [37 54],[43.875 73.125] ; [34.125 56.875],0
p12,1,0.683019,0.166747,[  5 112] ; [ 5 86],[  5.625 111.375] ; [ 4.375 86.625],0
