Feature,DoF,P Value,Chi Square,Observed,Expected,Is Significant
p9,1,0.0,74.111498,[22 28] ; [238  20],[42.20779221  7.79220779] ; [217.79220779  40.20779221],1
p11,1,2.9e-05,17.482645,[33 19] ; [225  33],[43.27741935  8.72258065] ; [214.72258065  43.27741935],1
p2,1,0.000113,14.903711,[40 12] ; [241  16],[47.28802589  4.71197411] ; [233.71197411  23.28802589],1
p5,1,0.000646,11.639447,[ 2 49] ; [ 66 192],[11.22330097 39.77669903] ; [ 56.77669903 201.22330097],1
p6,1,0.002462,9.168896,[20 31] ; [159  97],[29.73615635 21.26384365] ; [149.26384365 106.73615635],0
p12,1,0.032716,4.560585,[ 2 50] ; [ 38 220],[ 6.70967742 45.29032258] ; [ 33.29032258 224.70967742],0
p1,1,0.044633,4.032444,[ 2 49] ; [ 36 220],[ 6.31270358 44.68729642] ; [ 31.68729642 224.31270358],0
b1,1,0.434915,0.609662,[24 28] ; [104 154],[21.47096774 30.52903226] ; [106.52903226 151.47096774],0
