Feature,DoF,P Value,Chi Square,Observed,Expected,Is Significant
p9,1,3.6e-05,17.076272,[18 20] ; [100  23],[27.85093168 10.14906832] ; [90.14906832 32.85093168],1
p11,1,0.011156,6.440312,[26 12] ; [108  17],[31.2392638  6.7607362] ; [102.7607362  22.2392638],0
p1,1,0.11243,2.519726,[ 6 32] ; [  9 115],[ 3.51851852 34.48148148] ; [ 11.48148148 112.51851852],0
b1,1,0.315708,1.006644,[19 19] ; [51 74],[16.3190184 21.6809816] ; [53.6809816 71.3190184],0
p4,1,0.542003,0.37184,[24 14] ; [72 53],[22.3803681 15.6196319] ; [73.6196319 51.3803681],0
p5,1,0.983266,0.00044,[ 3 35] ; [ 10 115],[ 3.03067485 34.96932515] ; [  9.96932515 115.03067485],0
