Feature,DoF,P Value,Chi Square,Observed,Expected,Is Significant
p8,1,0.0,36.174973,[97 76] ; [ 57 161],[ 68.13810742 104.86189258] ; [ 85.86189258 132.13810742],1
p2,1,0.000748,11.366864,[151  21] ; [163  57],[137.7755102  34.2244898] ; [176.2244898  43.7755102],1
p5,1,0.046223,3.973463,[ 24 146] ; [ 17 200],[ 18.01033592 151.98966408] ; [ 22.98966408 194.01033592],0
p11,1,0.20247,1.624469,[142  31] ; [169  51],[136.90330789  36.09669211] ; [174.09669211  45.90330789],0
p10,1,0.400737,0.706114,[145  27] ; [192  28],[147.86734694  24.13265306] ; [189.13265306  30.86734694],0
b1,1,0.431097,0.619866,[ 64 109] ; [ 73 147],[ 60.30788804 112.69211196] ; [ 76.69211196 143.30788804],0
p12,1,0.676687,0.17388,[ 13 160] ; [ 19 200],[ 14.12244898 158.87755102] ; [ 17.87755102 201.12244898],0
p1,1,0.748702,0.102625,[ 14 158] ; [ 16 204],[ 13.16326531 158.83673469] ; [ 16.83673469 203.16326531],0
