Feature,DoF,P Value,Chi Square,Observed,Expected,Is Significant
p7,1,4.2e-05,16.777456,[26 64] ; [23 10],[35.85365854 54.14634146] ; [13.14634146 19.85365854],1
p2,1,0.006895,7.300017,[40 52] ; [24 10],[46.73015873 45.26984127] ; [17.26984127 16.73015873],0
p10,1,0.012796,6.197128,[20 72] ; [15 19],[25.55555556 66.44444444] ; [ 9.44444444 24.55555556],0
p11,1,0.536347,0.382353,[43 49] ; [18 16],[44.53968254 47.46031746] ; [16.46031746 17.53968254],0
b1,1,0.632362,0.228871,[45 47] ; [15 19],[43.80952381 48.19047619] ; [16.19047619 17.80952381],0
p1,1,0.711934,0.136353,[ 4 87] ; [ 1 33],[ 3.64 87.36] ; [ 1.36 32.64],0
