Feature,DoF,P Value,Chi Square,Observed,Expected,Is Significant
b1,1,0.072328,3.229378,[17  8] ; [26 30],[13.27160494 11.72839506] ; [29.72839506 26.27160494],0
p8,1,0.297953,1.083333,[ 6 18] ; [20 34],[ 8. 16.] ; [18. 36.],0
p2,1,0.31049,1.028591,[16  9] ; [42 14],[17.90123457  7.09876543] ; [40.09876543 15.90123457],0
p11,1,0.381453,0.766014,[ 9 16] ; [26 30],[10.80246914 14.19753086] ; [24.19753086 31.80246914],0
p9,1,0.597804,0.27832,[ 8 16] ; [21 32],[ 9.03896104 14.96103896] ; [19.96103896 33.03896104],0
p5,1,0.908863,0.013104,[ 2 23] ; [ 4 51],[ 1.875 23.125] ; [ 4.125 50.875],0
