Feature,DoF,P Value,Chi Square,Observed,Expected,Is Significant
p4,1,0.0,33.432512,[227  34] ; [ 8 13],[217.5  43.5] ; [17.5  3.5],1
p11,1,8.3e-05,15.497926,[232  29] ; [13  9],[225.9540636  35.0459364] ; [19.0459364  2.9540636],1
p9,1,0.000335,12.861462,[240  21] ; [15  7],[235.17667845  25.82332155] ; [19.82332155  2.17667845],1
p10,1,0.000534,11.993542,[238  22] ; [15  7],[233.26241135  26.73758865] ; [19.73758865  2.26241135],1
p6,1,0.162083,1.954683,[156 101] ; [10 12],[152.91039427 104.08960573] ; [13.08960573  8.91039427],0
p12,1,0.228856,1.447958,[ 35 225] ; [ 1 21],[ 33.19148936 226.80851064] ; [ 2.80851064 19.19148936],0
p1,1,0.54316,0.369715,[ 35 224] ; [ 4 18],[ 35.94661922 223.05338078] ; [ 3.05338078 18.94661922],0
b1,1,0.631826,0.229593,[105 156] ; [10 12],[106.06007067 154.93992933] ; [ 8.93992933 13.06007067],0
p5,1,0.945278,0.004711,[ 61 200] ; [ 5 17],[ 60.86925795 200.13074205] ; [ 5.13074205 16.86925795],0
