Feature,DoF,P Value,Chi Square,Observed,Expected,Is Significant
p9,1,3.9e-05,16.929241,[77  3] ; [19  9],[71.11111111  8.88888889] ; [24.88888889  3.11111111],1
p5,1,0.006153,7.504936,[ 4 76] ; [ 6 20],[ 7.54716981 72.45283019] ; [ 2.45283019 23.54716981],0
b1,1,0.116143,2.468571,[32 48] ; [16 12],[35.55555556 44.44444444] ; [12.44444444 15.55555556],0
p3,1,0.379775,0.771429,[38 42] ; [16 12],[40. 40.] ; [14. 14.],0
p12,1,0.462122,0.540749,[ 3 77] ; [ 2 26],[ 3.7037037 76.2962963] ; [ 1.2962963 26.7037037],0
p11,1,0.533053,0.388569,[55 25] ; [21  7],[56.2962963 23.7037037] ; [19.7037037  8.2962963],0
p1,1,0.6535,0.201516,[ 8 72] ; [ 2 26],[ 7.40740741 72.59259259] ; [ 2.59259259 25.40740741],0
