Feature,DoF,P Value,Chi Square,Observed,Expected,Is Significant
p3,1,0.0,25.79715,[ 54 116] ; [ 19 169],[ 34.66480447 135.33519553] ; [ 38.33519553 149.66480447],1
p9,1,0.000914,10.99359,[134  34] ; [116  66],[120.  48.] ; [130.  52.],1
p10,1,0.004199,8.1959,[121  48] ; [106  80],[108.06478873  60.93521127] ; [118.93521127  67.06478873],0
p6,1,0.01222,6.278684,[ 27 142] ; [ 14 173],[ 19.46348315 149.53651685] ; [ 21.53651685 165.46348315],0
p11,1,0.027705,4.846358,[123  47] ; [116  73],[113.17548747  56.82451253] ; [125.82451253  63.17548747],0
p5,1,0.148163,2.091063,[  7 163] ; [  3 185],[  4.74860335 165.25139665] ; [  5.25139665 182.74860335],0
b1,1,0.275655,1.188389,[ 58 112] ; [ 75 114],[ 62.98050139 107.01949861] ; [ 70.01949861 118.98050139],0
p1,1,0.701435,0.146983,[ 10 159] ; [ 13 175],[ 10.88795518 158.11204482] ; [ 12.11204482 175.88795518],0
p12,1,0.815723,0.054312,[ 10 159] ; [ 10 177],[  9.49438202 159.50561798] ; [ 10.50561798 176.49438202],0
