Feature,DoF,P Value,Chi Square,Observed,Expected,Is Significant
p8,1,1.4e-05,18.82616,[34 31] ; [10 53],[22.34375 42.65625] ; [21.65625 41.34375],1
p6,1,0.012263,6.272401,[18 44] ; [ 7 56],[12.4 49.6] ; [12.6 50.4],0
p12,1,0.102841,2.66093,[ 3 62] ; [ 8 55],[ 5.5859375 59.4140625] ; [ 5.4140625 57.5859375],0
p1,1,0.114232,2.49467,[ 4 63] ; [ 9 54],[ 6.7 60.3] ; [ 6.3 56.7],0
p9,1,0.120197,2.414758,[51 14] ; [55  7],[54.2519685 10.7480315] ; [51.7480315 10.2519685],0
b1,1,0.210411,1.568596,[35 32] ; [26 37],[31.43846154 35.56153846] ; [29.56153846 33.43846154],0
p11,1,0.67752,0.172931,[49 18] ; [44 19],[47.93076923 19.06923077] ; [45.06923077 17.93076923],0
p5,1,0.871859,0.026017,[ 4 63] ; [ 4 56],[ 4.22047244 62.77952756] ; [ 3.77952756 56.22047244],0
