Feature,DoF,P Value,Chi Square,Observed,Expected,Is Significant
p4,1,4e-06,21.409711,[227  34] ; [23 17],[216.77740864  44.22259136] ; [33.22259136  6.77740864],1
p6,1,0.000807,11.224399,[156 101] ; [13 27],[146.23905724 110.76094276] ; [22.76094276 17.23905724],1
p5,1,0.029762,4.722979,[ 61 200] ; [ 3 35],[ 55.86622074 205.13377926] ; [ 8.13377926 29.86622074],0
p11,1,0.110862,2.541887,[232  29] ; [32  8],[228.91694352  32.08305648] ; [35.08305648  4.91694352],0
p9,1,0.35043,0.871898,[240  21] ; [35  5],[238.4551495  22.5448505] ; [36.5448505  3.4551495],0
p12,1,0.544495,0.367272,[ 35 225] ; [ 4 36],[ 33.8 226.2] ; [ 5.2 34.8],0
b1,1,0.785378,0.074157,[105 156] ; [17 23],[105.78737542 155.21262458] ; [16.21262458 23.78737542],0
p1,1,0.860881,0.030714,[ 35 224] ; [ 5 35],[ 34.64882943 224.35117057] ; [ 5.35117057 34.64882943],0
