Feature,DoF,P Value,Chi Square,Observed,Expected,Is Significant
p8,1,2e-06,22.625918,[ 5 65] ; [16 18],[14.13461538 55.86538462] ; [ 6.86538462 27.13461538],1
p6,1,0.000694,11.506013,[ 6 62] ; [12 21],[12.11881188 55.88118812] ; [ 5.88118812 27.11881188],1
p3,1,0.004461,8.085849,[ 9 60] ; [13 22],[14.59615385 54.40384615] ; [ 7.40384615 27.59615385],0
p11,1,0.007877,7.061289,[23 47] ; [21 14],[29.33333333 40.66666667] ; [14.66666667 20.33333333],0
b1,1,0.214006,1.544118,[39 31] ; [15 20],[36. 34.] ; [18. 17.],0
p5,1,0.214006,1.544118,[ 1 69] ; [ 2 33],[ 2. 68.] ; [ 1. 34.],0
p12,1,0.613678,0.254854,[ 1 69] ; [ 1 34],[ 1.33333333 68.66666667] ; [ 0.66666667 34.33333333],0
p1,1,0.782055,0.076531,[ 5 65] ; [ 2 33],[ 4.66666667 65.33333333] ; [ 2.33333333 32.66666667],0
