Feature,DoF,P Value,Chi Square,Observed,Expected,Is Significant
p7,1,0.0,29.800897,[35  8] ; [27 61],[20.35114504 22.64885496] ; [41.64885496 46.35114504],1
p6,1,0.001082,10.682179,[17 24] ; [13 73],[ 9.68503937 31.31496063] ; [20.31496063 65.68503937],0
p3,1,0.001586,9.976336,[19 24] ; [16 72],[11.48854962 31.51145038] ; [23.51145038 64.48854962],0
p11,1,0.008243,6.979821,[28 16] ; [35 54],[20.84210526 23.15789474] ; [42.15789474 46.84210526],0
p5,1,0.070421,3.273173,[ 3 41] ; [ 1 88],[ 1.32330827 42.67669173] ; [ 2.67669173 86.32330827],0
b1,1,0.236117,1.403626,[28 16] ; [47 42],[24.81203008 19.18796992] ; [50.18796992 38.81203008],0
p1,1,0.244849,1.352459,[ 5 39] ; [ 5 83],[ 3.33333333 40.66666667] ; [ 6.66666667 81.33333333],0
