Feature,DoF,P Value,Chi Square,Observed,Expected,Is Significant
p10,1,0.0,283.651296,[17 77] ; [408  26],[75.66287879 18.33712121] ; [349.33712121  84.66287879],1
p3,1,0.0,95.798396,[15 78] ; [308 128],[56.78449905 36.21550095] ; [266.21550095 169.78449905],1
p7,1,0.0,87.381643,[26 66] ; [337  96],[63.61142857 28.38857143] ; [299.38857143 133.61142857],1
p11,1,0.0,83.106694,[40 54] ; [373  63],[73.2490566 20.7509434] ; [339.7509434  96.2490566],1
p6,1,0.0,49.361547,[11 81] ; [227 209],[41.46969697 50.53030303] ; [196.53030303 239.46969697],1
p5,1,2e-05,18.190519,[ 1 93] ; [ 81 354],[14.57088847 79.42911153] ; [ 67.42911153 367.57088847],1
b1,1,0.003806,8.374261,[51 43] ; [166 270],[38.48679245 55.51320755] ; [178.51320755 257.48679245],0
p12,1,0.008023,7.02835,[ 2 91] ; [ 48 388],[ 8.79017013 84.20982987] ; [ 41.20982987 394.79017013],0
p1,1,0.167875,1.901822,[ 6 87] ; [ 49 386],[ 9.6875 83.3125] ; [ 45.3125 389.6875],0
