Feature,DoF,P Value,Chi Square,Observed,Expected,Is Significant
p8,1,0.0,46.022682,[10 80] ; [52 35],[31.52542373 58.47457627] ; [30.47457627 56.52542373],1
p9,1,0.0,44.987179,[26 61] ; [70 17],[48. 39.] ; [48. 39.],1
p2,1,0.0,44.439396,[35 55] ; [76 11],[56.44067797 33.55932203] ; [54.55932203 32.44067797],1
p11,1,0.0,26.129468,[40 50] ; [71 16],[56.44067797 33.55932203] ; [54.55932203 32.44067797],1
p5,1,0.026396,4.929859,[ 1 89] ; [ 7 80],[ 4.06779661 85.93220339] ; [ 3.93220339 83.06779661],0
b1,1,0.383464,0.759567,[41 49] ; [34 53],[38.13559322 51.86440678] ; [36.86440678 50.13559322],0
p12,1,0.390253,0.738152,[ 2 87] ; [ 4 83],[ 3.03409091 85.96590909] ; [ 2.96590909 84.03409091],0
p1,1,0.752006,0.099853,[ 7 82] ; [ 8 79],[ 7.58522727 81.41477273] ; [ 7.41477273 79.58522727],0
