Feature,DoF,P Value,Chi Square,Observed,Expected,Is Significant
p10,1,0.0,56.860148,[ 2 13] ; [237  34],[12.53496503  2.46503497] ; [226.46503497  44.53496503],1
p11,1,0.047665,3.921771,[8 7] ; [207  65],[11.2369338  3.7630662] ; [203.7630662  68.2369338],0
p7,1,0.078513,3.095416,[11  4] ; [134 134],[7.68551237 7.31448763] ; [137.31448763 130.68551237],0
b1,1,0.293533,1.103345,[7 8] ; [ 91 181],[5.12195122 9.87804878] ; [ 92.87804878 179.12195122],0
p3,1,0.326577,0.962426,[ 4 11] ; [107 165],[5.80139373 9.19860627] ; [105.19860627 166.80139373],0
