Feature,DoF,P Value,Chi Square,Observed,Expected,Is Significant
p8,1,0.0,90.337309,[ 77 137] ; [243  72],[129.45179584  84.54820416] ; [190.54820416 124.45179584],1
p6,1,0.0,82.43353,[ 37 180] ; [176 136],[ 87.37429112 129.62570888] ; [125.62570888 186.37429112],1
p5,1,0.0,35.930829,[  6 214] ; [ 65 251],[ 29.14179104 190.85820896] ; [ 41.85820896 274.14179104],1
p10,1,7e-06,20.095158,[166  53] ; [284  31],[184.5505618  34.4494382] ; [265.4494382  49.5505618],1
p1,1,1.1e-05,19.350571,[  4 215] ; [ 39 277],[ 17.60186916 201.39813084] ; [ 25.39813084 290.60186916],1
b1,1,0.000166,14.18026,[ 61 160] ; [138 179],[ 81.74535316 139.25464684] ; [117.25464684 199.74535316],1
p9,1,0.000258,13.3566,[176  40] ; [290  25],[189.55932203  26.44067797] ; [276.44067797  38.55932203],1
p12,1,0.001374,10.240639,[  8 210] ; [ 36 279],[ 17.99624765 200.00375235] ; [ 26.00375235 288.99624765],0
p11,1,0.005919,7.574948,[170  51] ; [273  44],[181.97583643  39.02416357] ; [261.02416357  55.97583643],0
