Feature,DoF,P Value,Chi Square,Observed,Expected,Is Significant
p11,1,0.0,32.845282,[20 25] ; [128  21],[34.32989691 10.67010309] ; [113.67010309  35.32989691],1
p7,1,1.5e-05,18.766745,[15 30] ; [100  44],[27.38095238 17.61904762] ; [87.61904762 56.38095238],1
p2,1,0.005117,7.83765,[33 12] ; [133  15],[38.70466321  6.29533679] ; [127.29533679  20.70466321],0
b1,1,0.016603,5.737872,[23 22] ; [ 47 102],[16.2371134 28.7628866] ; [53.7628866 95.2371134],0
p6,1,0.070332,3.275244,[ 9 36] ; [51 98],[13.91752577 31.08247423] ; [ 46.08247423 102.91752577],0
p5,1,0.238197,1.391233,[ 2 43] ; [ 15 133],[ 3.96373057 41.03626943] ; [ 13.03626943 134.96373057],0
p1,1,0.406687,0.688465,[ 2 43] ; [ 12 136],[ 3.2642487 41.7357513] ; [ 10.7357513 137.2642487],0
