Feature,DoF,P Value,Chi Square,Observed,Expected,Is Significant
p10,1,7e-06,20.205852,[48 17] ; [196  13],[57.88321168  7.11678832] ; [186.11678832  22.88321168],1
p2,1,0.00094,10.942157,[52 15] ; [192  16],[59.44727273  7.55272727] ; [184.55272727  23.44727273],1
b1,1,0.002659,9.027826,[35 32] ; [ 67 143],[24.67148014 42.32851986] ; [ 77.32851986 132.67148014],0
p11,1,0.003235,8.66973,[49 18] ; [185  25],[56.59927798 10.40072202] ; [177.40072202  32.59927798],0
p5,1,0.266575,1.234287,[ 4 63] ; [ 22 187],[ 6.3115942 60.6884058] ; [ 19.6884058 189.3115942],0
p1,1,0.415809,0.66213,[ 4 63] ; [ 19 189],[ 5.60363636 61.39636364] ; [ 17.39636364 190.60363636],0
p12,1,0.835896,0.04291,[ 3 62] ; [ 11 198],[ 3.32116788 61.67883212] ; [ 10.67883212 198.32116788],0
