Feature,DoF,P Value,Chi Square,Observed,Expected,Is Significant
p1,1,0.056433,3.639221,[ 1 93] ; [ 3 40],[ 2.74452555 91.25547445] ; [ 1.25547445 41.74452555],0
p3,1,0.083597,2.993545,[31 63] ; [ 8 35],[26.75912409 67.24087591] ; [12.24087591 30.75912409],0
p6,1,0.359981,0.837959,[22 71] ; [ 7 35],[19.97777778 73.02222222] ; [ 9.02222222 32.97777778],0
p2,1,0.476844,0.506072,[71 23] ; [30 13],[69.29927007 24.70072993] ; [31.70072993 11.29927007],0
b1,1,0.480113,0.498608,[41 53] ; [16 27],[39.10948905 54.89051095] ; [17.89051095 25.10948905],0
p12,1,0.779964,0.078046,[ 3 91] ; [ 1 42],[ 2.74452555 91.25547445] ; [ 1.25547445 41.74452555],0
p11,1,0.906672,0.013745,[60 34] ; [27 16],[59.69343066 34.30656934] ; [27.30656934 15.69343066],0
