Feature,DoF,P Value,Chi Square,Observed,Expected,Is Significant
p10,1,4e-06,21.282216,[98 21] ; [1 7],[92.76377953 26.23622047] ; [6.23622047 1.76377953],1
p11,1,0.008089,7.013725,[96 26] ; [3 5],[92.90769231 29.09230769] ; [6.09230769 1.90769231],0
b1,1,0.087024,2.928587,[40 82] ; [5 3],[42.23076923 79.76923077] ; [2.76923077 5.23076923],0
p4,1,0.102777,2.661913,[50 70] ; [1 7],[47.8125 72.1875] ; [3.1875 4.8125],0
p7,1,0.152341,2.048648,[73 44] ; [7 1],[74.88 42.12] ; [5.12 2.88],0
