Feature,DoF,P Value,Chi Square,Observed,Expected,Is Significant
p9,1,0.0,101.273267,[261  21] ; [34 45],[230.4432133  51.5567867] ; [64.5567867 14.4432133],1
p11,1,0.0,44.517608,[244  38] ; [41 38],[222.63157895  59.36842105] ; [62.36842105 16.63157895],1
p6,1,0.0,41.04082,[172 110] ; [16 63],[146.85872576 135.14127424] ; [41.14127424 37.85872576],1
p5,1,9e-06,19.691435,[ 65 216] ; [ 1 78],[ 51.51666667 229.48333333] ; [14.48333333 64.51666667],1
p12,1,0.011253,6.424975,[ 35 247] ; [ 2 76],[ 28.98333333 253.01666667] ; [ 8.01666667 69.98333333],0
p1,1,0.023885,5.102997,[ 36 244] ; [ 3 75],[ 30.5027933 249.4972067] ; [ 8.4972067 69.5027933],0
b1,1,0.990874,0.000131,[118 164] ; [33 46],[117.95567867 164.04432133] ; [33.04432133 45.95567867],0
