Feature,DoF,P Value,Chi Square,Observed,Expected,Is Significant
p4,1,4.3e-05,16.754447,[337 119] ; [83 65],[317.08609272 138.91390728] ; [102.91390728  45.08609272],1
p3,1,0.000165,14.190388,[290 167] ; [68 80],[270.4231405 186.5768595] ; [87.5768595 60.4231405],1
p11,1,0.00091,11.003182,[398  59] ; [112  36],[385.23966942  71.76033058] ; [124.76033058  23.23966942],1
p5,1,0.002543,9.109079,[ 73 383] ; [  9 137],[ 62.11295681 393.88704319] ; [ 19.88704319 126.11295681],0
p12,1,0.009503,6.725786,[ 42 414] ; [  4 144],[ 34.72847682 421.27152318] ; [ 11.27152318 136.72847682],0
p6,1,0.016482,5.750668,[228 224] ; [57 89],[215.4180602 236.5819398] ; [69.5819398 76.4180602],0
p1,1,0.031846,4.606749,[ 44 412] ; [  6 142],[ 37.74834437 418.25165563] ; [ 12.25165563 135.74834437],0
b1,1,0.529105,0.39611,[169 288] ; [59 89],[172.22479339 284.77520661] ; [55.77520661 92.22479339],0
