Feature,DoF,P Value,Chi Square,Observed,Expected,Is Significant
p11,1,0.000268,13.279179,[21 14] ; [109  16],[28.4375  6.5625] ; [101.5625  23.4375],1
p4,1,0.004377,8.120453,[18 16] ; [97 28],[24.59119497  9.40880503] ; [90.40880503 34.59119497],0
b1,1,0.312107,1.021739,[15 20] ; [42 83],[12.46875 22.53125] ; [44.53125 80.46875],0
p1,1,0.393934,0.726766,[ 2 33] ; [ 13 111],[ 3.30188679 31.69811321] ; [ 11.69811321 112.30188679],0
p5,1,0.400566,0.706627,[ 2 33] ; [ 13 112],[ 3.28125 31.71875] ; [ 11.71875 113.28125],0
p12,1,0.421358,0.646526,[ 1 34] ; [  8 117],[ 1.96875 33.03125] ; [  7.03125 117.96875],0
p2,1,0.629483,0.232762,[30  5] ; [110  14],[30.81761006  4.18238994] ; [109.18238994  14.81761006],0
