Feature,DoF,P Value,Chi Square,Observed,Expected,Is Significant
p3,1,0.018261,5.57091,[16 72] ; [27 52],[22.65868263 65.34131737] ; [20.34131737 58.65868263],0
p11,1,0.102223,2.670517,[35 54] ; [41 38],[40.26190476 48.73809524] ; [35.73809524 43.26190476],0
b1,1,0.152825,2.043822,[47 42] ; [33 46],[42.38095238 46.61904762] ; [37.61904762 41.38095238],0
p7,1,0.246119,1.345198,[27 61] ; [31 48],[30.56287425 57.43712575] ; [27.43712575 51.56287425],0
p6,1,0.38647,0.750019,[13 73] ; [16 63],[15.11515152 70.88484848] ; [13.88484848 65.11515152],0
p1,1,0.581537,0.303756,[ 5 83] ; [ 3 75],[ 4.24096386 83.75903614] ; [ 3.75903614 74.24096386],0
p12,1,0.902755,0.014928,[ 2 86] ; [ 2 76],[ 2.12048193 85.87951807] ; [ 1.87951807 76.12048193],0
p5,1,0.932392,0.007197,[ 1 88] ; [ 1 78],[ 1.05952381 87.94047619] ; [ 0.94047619 78.05952381],0
