Feature,DoF,P Value,Chi Square,Observed,Expected,Is Significant
p10,1,0.0,34.332931,[94 36] ; [ 4 25],[80.12578616 49.87421384] ; [17.87421384 11.12578616],1
p11,1,0.013951,6.044344,[91 41] ; [13 16],[85.26708075 46.73291925] ; [18.73291925 10.26708075],0
p2,1,0.127543,2.322163,[104  28] ; [19 10],[100.8447205  31.1552795] ; [22.1552795  6.8447205],0
p1,1,0.151115,2.060961,[  8 124] ; [ 4 25],[  9.83850932 122.16149068] ; [ 2.16149068 26.83850932],0
b1,1,0.160624,1.968339,[54 78] ; [16 13],[57.39130435 74.60869565] ; [12.60869565 16.39130435],0
p3,1,0.462963,0.538721,[76 56] ; [14 14],[74.25 57.75] ; [15.75 12.25],0
