Feature,DoF,P Value,Chi Square,Observed,Expected,Is Significant
p4,1,0.0,79.019584,[172  18] ; [139 133],[127.9004329  62.0995671] ; [183.0995671  88.9004329],1
p5,1,0.0,39.053726,[ 52 138] ; [ 17 254],[ 28.43817787 161.56182213] ; [ 40.56182213 230.43817787],1
p1,1,5.6e-05,16.226775,[ 30 159] ; [ 13 259],[ 17.62906725 171.37093275] ; [ 25.37093275 246.62906725],1
p12,1,5.7e-05,16.204157,[ 31 157] ; [ 14 258],[ 18.39130435 169.60869565] ; [ 26.60869565 245.39130435],1
b1,1,0.000817,11.201805,[93 97] ; [ 91 181],[ 75.67099567 114.32900433] ; [108.32900433 163.67099567],1
p11,1,0.06694,3.356512,[158  32] ; [207  65],[150.10822511  39.89177489] ; [214.89177489  57.10822511],0
p10,1,0.076113,3.14601,[175  14] ; [237  34],[169.27826087  19.72173913] ; [242.72173913  28.27826087],0
