Feature,DoF,P Value,Chi Square,Observed,Expected,Is Significant
p8,1,0.009925,6.648245,[14 36] ; [20 16],[19.76744186 30.23255814] ; [14.23255814 21.76744186],0
p1,1,0.079071,3.0839,[ 1 48] ; [ 4 32],[ 2.88235294 46.11764706] ; [ 2.11764706 33.88235294],0
p6,1,0.087448,2.920734,[ 8 41] ; [11 23],[11.21686747 37.78313253] ; [ 7.78313253 26.21686747],0
b1,1,0.343886,0.895892,[24 26] ; [21 15],[26.1627907 23.8372093] ; [18.8372093 17.1627907],0
p10,1,0.42145,0.646269,[15 35] ; [ 8 28],[13.37209302 36.62790698] ; [ 9.62790698 26.37209302],0
p7,1,0.582931,0.30152,[27 23] ; [21 14],[28.23529412 21.76470588] ; [19.76470588 15.23529412],0
p11,1,0.630451,0.23145,[29 21] ; [19 17],[27.90697674 22.09302326] ; [20.09302326 15.90697674],0
