Feature,DoF,P Value,Chi Square,Observed,Expected,Is Significant
p7,1,0.005695,7.644318,[ 5 13] ; [17  7],[9.42857143 8.57142857] ; [12.57142857 11.42857143],0
p3,1,0.00857,6.910306,[ 5 14] ; [16  8],[9.27906977 9.72093023] ; [11.72093023 12.27906977],0
b1,1,0.05151,3.791609,[12  7] ; [ 8 16],[ 8.8372093 10.1627907] ; [11.1627907 12.8372093],0
p11,1,0.062663,3.465461,[ 9 10] ; [18  6],[11.93023256  7.06976744] ; [15.06976744  8.93023256],0
p6,1,0.080679,3.051163,[ 6 13] ; [14 10],[ 8.8372093 10.1627907] ; [11.1627907 12.8372093],0
p5,1,0.143385,2.14125,[ 1 18] ; [ 5 19],[ 2.65116279 16.34883721] ; [ 3.34883721 20.65116279],0
