Feature,DoF,P Value,Chi Square,Observed,Expected,Is Significant
p10,1,0.0,56.711619,[65 29] ; [262   9],[84.21369863  9.78630137] ; [242.78630137  28.21369863],1
p11,1,0.0,36.303135,[60 34] ; [247  26],[78.63215259 15.36784741] ; [228.36784741  44.63215259],1
p6,1,0.0,33.631745,[22 71] ; [158 112],[46.11570248 46.88429752] ; [133.88429752 136.11570248],1
p5,1,1e-06,24.527005,[ 1 93] ; [ 65 208],[16.90463215 77.09536785] ; [ 49.09536785 223.90463215],1
p2,1,1e-06,23.818023,[71 23] ; [255  17],[83.72677596 10.27322404] ; [242.27322404  29.72677596],1
p1,1,0.000291,13.130123,[ 1 93] ; [ 40 231],[10.55890411 83.44109589] ; [ 30.44109589 240.55890411],1
p12,1,0.002801,8.932828,[ 3 91] ; [ 40 232],[11.04371585 82.95628415] ; [ 31.95628415 240.04371585],0
b1,1,0.34492,0.89206,[41 53] ; [104 169],[37.13896458 56.86103542] ; [107.86103542 165.13896458],0
