Feature,DoF,P Value,Chi Square,Observed,Expected,Is Significant
p2,1,0.000255,13.375934,[34 11] ; [49 64],[23.63924051 21.36075949] ; [59.36075949 53.63924051],1
p7,1,0.000741,11.383784,[24 21] ; [28 83],[15. 30.] ; [37. 74.],1
p5,1,0.008955,6.831829,[ 6 39] ; [  3 110],[ 2.56329114 42.43670886] ; [  6.43670886 106.56329114],0
p1,1,0.21843,1.514657,[ 6 39] ; [  8 104],[ 4.01273885 40.98726115] ; [  9.98726115 102.01273885],0
b1,1,0.857774,0.032116,[25 20] ; [61 52],[24.49367089 20.50632911] ; [61.50632911 51.49367089],0
p11,1,0.982082,0.000504,[20 25] ; [50 63],[19.93670886 25.06329114] ; [50.06329114 62.93670886],0
