Feature,DoF,P Value,Chi Square,Observed,Expected,Is Significant
p9,1,2e-06,22.63829,[89 26] ; [14 25],[76.91558442 38.08441558] ; [26.08441558 12.91558442],1
p11,1,2.2e-05,17.977143,[86 31] ; [14 25],[75. 42.] ; [25. 14.],1
p8,1,0.012642,6.218501,[53 63] ; [ 9 30],[46.4 69.6] ; [15.6 23.4],0
p2,1,0.022049,5.241935,[98 19] ; [26 13],[93. 24.] ; [31.  8.],0
b1,1,0.037701,4.318463,[41 76] ; [21 18],[46.5 70.5] ; [15.5 23.5],0
p1,1,0.09642,2.763778,[  4 112] ; [ 4 35],[  5.98709677 110.01290323] ; [ 2.01290323 36.98709677],0
p5,1,0.242083,1.368421,[  2 115] ; [ 2 37],[  3. 114.] ; [ 1. 38.],0
p6,1,0.40949,0.68028,[29 88] ; [12 26],[30.9483871 86.0516129] ; [10.0516129 27.9483871],0
