Feature,DoF,P Value,Chi Square,Observed,Expected,Is Significant
b1,1,0.00514,7.829573,[55 57] ; [19 49],[46.04444444 65.95555556] ; [27.95555556 40.04444444],0
p1,1,0.361921,0.831216,[ 10 102] ; [ 9 59],[ 11.82222222 100.17777778] ; [ 7.17777778 60.82222222],0
p12,1,0.472416,0.516319,[  8 104] ; [ 3 64],[  6.88268156 105.11731844] ; [ 4.11731844 62.88268156],0
p11,1,0.763191,0.090778,[83 29] ; [49 19],[82.13333333 29.86666667] ; [49.86666667 18.13333333],0
p10,1,0.86257,0.029965,[89 22] ; [53 14],[88.5505618 22.4494382] ; [53.4494382 13.5505618],0
p5,1,0.877268,0.02385,[12 97] ; [ 8 60],[12.31638418 96.68361582] ; [ 7.68361582 60.31638418],0
p9,1,0.925494,0.008745,[95 16] ; [57 10],[94.78651685 16.21348315] ; [57.21348315  9.78651685],0
p2,1,0.985172,0.000345,[94 18] ; [57 11],[93.95555556 18.04444444] ; [57.04444444 10.95555556],0
