Feature,DoF,P Value,Chi Square,Observed,Expected,Is Significant
p2,1,0.037922,4.308513,[11 10] ; [21  5],[14.29787234  6.70212766] ; [17.70212766  8.29787234],0
b1,1,0.054466,3.698346,[14  7] ; [10 16],[10.72340426 10.27659574] ; [13.27659574 12.72340426],0
p6,1,0.198959,1.65,[ 2 18] ; [ 6 18],[ 3.63636364 16.36363636] ; [ 4.36363636 19.63636364],0
p1,1,0.217496,1.520816,[ 3 18] ; [ 1 24],[ 1.82608696 19.17391304] ; [ 2.17391304 22.82608696],0
p11,1,0.311775,1.023143,[ 9 12] ; [15 11],[10.72340426 10.27659574] ; [13.27659574 12.72340426],0
