Feature,DoF,P Value,Chi Square,Observed,Expected,Is Significant
p3,1,0.035617,4.415327,[24 23] ; [ 4 14],[20.24615385 26.75384615] ; [ 7.75384615 10.24615385],0
p8,1,0.220332,1.502207,[18 29] ; [ 4 14],[15.90769231 31.09230769] ; [ 6.09230769 11.90769231],0
b1,1,0.441995,0.591098,[15 32] ; [ 4 14],[13.73846154 33.26153846] ; [ 5.26153846 12.73846154],0
p11,1,0.482589,0.493006,[33 14] ; [11  7],[31.81538462 15.18461538] ; [12.18461538  5.81538462],0
p1,1,0.628662,0.233879,[ 8 39] ; [ 4 14],[ 8.67692308 38.32307692] ; [ 3.32307692 14.67692308],0
p2,1,0.714155,0.134162,[36 11] ; [13  5],[35.43076923 11.56923077] ; [13.56923077  4.43076923],0
p10,1,0.853727,0.033991,[35 12] ; [13  5],[34.70769231 12.29230769] ; [13.29230769  4.70769231],0
p5,1,0.901145,0.015429,[ 3 44] ; [ 1 17],[ 2.89230769 44.10769231] ; [ 1.10769231 16.89230769],0
