Feature,DoF,P Value,Chi Square,Observed,Expected,Is Significant
p6,1,0.000441,12.348171,[ 46 208] ; [12 13],[ 52.80286738 201.19713262] ; [ 5.19713262 19.80286738],1
p11,1,0.077102,3.124962,[207  51] ; [17  9],[203.49295775  54.50704225] ; [20.50704225  5.49295775],0
p5,1,0.138038,2.199697,[ 12 244] ; [ 3 23],[ 13.61702128 242.38297872] ; [ 1.38297872 24.61702128],0
p3,1,0.22047,1.501313,[ 61 196] ; [ 9 17],[ 63.56890459 193.43109541] ; [ 6.43109541 19.56890459],0
p7,1,0.254666,1.297524,[123 124] ; [16 10],[125.76190476 121.23809524] ; [13.23809524 12.76190476],0
p1,1,0.396872,0.717783,[ 18 240] ; [ 3 23],[ 19.07746479 238.92253521] ; [ 1.92253521 24.07746479],0
p2,1,0.42204,0.644628,[200  57] ; [22  4],[201.60424028  55.39575972] ; [20.39575972  5.60424028],0
p12,1,0.67245,0.178749,[ 15 241] ; [ 1 25],[ 14.5248227 241.4751773] ; [ 1.4751773 24.5248227],0
b1,1,0.767997,0.087023,[ 82 176] ; [ 9 17],[ 82.66901408 175.33098592] ; [ 8.33098592 17.66901408],0
