Feature,DoF,P Value,Chi Square,Observed,Expected,Is Significant
p6,1,0.04294,4.097781,[ 36 163] ; [24 59],[ 42.34042553 156.65957447] ; [17.65957447 65.34042553],0
b1,1,0.263045,1.252659,[ 62 137] ; [33 54],[ 66.1013986 132.8986014] ; [28.8986014 58.1013986],0
p11,1,0.264535,1.244868,[153  46] ; [72 15],[156.55594406  42.44405594] ; [68.44405594 18.55594406],0
p10,1,0.275508,1.189116,[172  27] ; [70 16],[168.9754386  30.0245614] ; [73.0245614 12.9754386],0
p5,1,0.293609,1.102998,[ 16 183] ; [ 4 83],[ 13.91608392 185.08391608] ; [ 6.08391608 80.91608392],0
p12,1,0.502364,0.44994,[ 16 182] ; [ 5 81],[ 14.64084507 183.35915493] ; [ 6.35915493 79.64084507],0
p3,1,0.527697,0.398825,[ 70 129] ; [34 53],[ 72.36363636 126.63636364] ; [31.63636364 55.36363636],0
p1,1,0.977454,0.000799,[ 16 183] ; [ 7 79],[ 16.05964912 182.94035088] ; [ 6.94035088 79.05964912],0
