Feature,DoF,P Value,Chi Square,Observed,Expected,Is Significant
p10,1,0.0,40.46629,[ 2 13] ; [142  27],[11.73913043  3.26086957] ; [132.26086957  36.73913043],1
p2,1,1.5e-05,18.691028,[8 7] ; [154  15],[13.20652174  1.79347826] ; [148.79347826  20.20652174],1
p8,1,0.001148,10.572565,[ 4 11] ; [115  53],[9.75409836 5.24590164] ; [109.24590164  58.75409836],0
p11,1,0.003168,8.707931,[8 7] ; [143  27],[12.24324324  2.75675676] ; [138.75675676  31.24324324],0
p3,1,0.003684,8.433577,[ 4 11] ; [110  60],[9.24324324 5.75675676] ; [104.75675676  65.24324324],0
b1,1,0.462034,0.540963,[7 8] ; [ 63 107],[5.67567568 9.32432432] ; [ 64.32432432 105.67567568],0
