Feature,DoF,P Value,Chi Square,Observed,Expected,Is Significant
p8,1,1e-06,24.790736,[156  33] ; [34 32],[140.82352941  48.17647059] ; [49.17647059 16.82352941],1
p5,1,3e-05,17.432768,[ 52 138] ; [ 2 64],[ 40.078125 149.921875] ; [13.921875 52.078125],1
p2,1,8e-05,15.563842,[176  14] ; [49 17],[166.9921875  23.0078125] ; [58.0078125  7.9921875],1
p12,1,0.015541,5.854113,[ 31 157] ; [ 3 62],[ 25.26482213 162.73517787] ; [ 8.73517787 56.26482213],0
b1,1,0.360475,0.836238,[93 97] ; [28 38],[ 89.8046875 100.1953125] ; [31.1953125 34.8046875],0
p9,1,0.848958,0.03627,[176  13] ; [61  5],[175.65882353  13.34117647] ; [61.34117647  4.65882353],0
p1,1,0.879886,0.022835,[ 30 159] ; [11 55],[ 30.38823529 158.61176471] ; [10.61176471 55.38823529],0
p11,1,0.973798,0.001079,[158  32] ; [55 11],[158.0859375  31.9140625] ; [54.9140625 11.0859375],0
