Feature,DoF,P Value,Chi Square,Observed,Expected,Is Significant
p10,1,0.129714,2.295918,[2 2] ; [12  2],[3.11111111 0.88888889] ; [10.88888889  3.11111111],0
p6,1,0.312132,1.021635,[1 3] ; [7 6],[1.88235294 2.11764706] ; [6.11764706 6.88235294],0
p9,1,0.316233,1.004464,[3 1] ; [13  1],[3.55555556 0.44444444] ; [12.44444444  1.55555556],0
b1,1,0.509893,0.434286,[2 3] ; [8 6],[2.63157895 2.36842105] ; [7.36842105 6.63157895],0
p8,1,0.605242,0.267161,[2 2] ; [9 5],[2.44444444 1.55555556] ; [8.55555556 5.44444444],0
p7,1,0.763573,0.090476,[4 1] ; [12  2],[4.21052632 0.78947368] ; [11.78947368  2.21052632],0
p2,1,0.813945,0.055385,[4 1] ; [11  2],[4.16666667 0.83333333] ; [10.83333333  2.16666667],0
