Feature,DoF,P Value,Chi Square,Observed,Expected,Is Significant
p9,1,0.0,33.206969,[107  18] ; [16 24],[93.18181818 31.81818182] ; [29.81818182 10.18181818],1
p11,1,5.2e-05,16.372404,[89 37] ; [14 26],[78.18072289 47.81927711] ; [24.81927711 15.18072289],1
p4,1,0.018552,5.543237,[94 32] ; [22 18],[88.04819277 37.95180723] ; [27.95180723 12.04819277],0
b1,1,0.035092,4.44069,[61 65] ; [27 13],[66.79518072 59.20481928] ; [21.20481928 18.79518072],0
p7,1,0.179286,1.803534,[72 54] ; [18 22],[68.31325301 57.68674699] ; [21.68674699 18.31325301],0
p6,1,0.512792,0.428365,[38 87] ; [10 30],[36.36363636 88.63636364] ; [11.63636364 28.36363636],0
p5,1,0.797323,0.065953,[ 11 114] ; [ 3 37],[ 10.60606061 114.39393939] ; [ 3.39393939 36.60606061],0
p1,1,0.807294,0.059496,[ 11 115] ; [ 3 37],[ 10.62650602 115.37349398] ; [ 3.37349398 36.62650602],0
