Feature,DoF,P Value,Chi Square,Observed,Expected,Is Significant
p7,1,0.00113,10.601198,[9 4] ; [26 77],[3.92241379 9.07758621] ; [31.07758621 71.92241379],0
p3,1,0.033676,4.511094,[7 7] ; [24 79],[ 3.70940171 10.29059829] ; [27.29059829 75.70940171],0
p4,1,0.036825,4.358478,[7 6] ; [27 77],[3.77777778 9.22222222] ; [30.22222222 73.77777778],0
p6,1,0.062898,3.459271,[ 4 10] ; [11 91],[ 1.81034483 12.18965517] ; [13.18965517 88.81034483],0
p5,1,0.244086,1.35684,[ 1 13] ; [  2 102],[ 0.3559322 13.6440678] ; [  2.6440678 101.3559322],0
p11,1,0.432581,0.615885,[ 4 10] ; [41 63],[5.33898305 8.66101695] ; [39.66101695 64.33898305],0
b1,1,0.52412,0.405779,[6 8] ; [54 50],[7.11864407 6.88135593] ; [52.88135593 51.11864407],0
