Feature,DoF,P Value,Chi Square,Observed,Expected,Is Significant
p9,1,0.0,43.563635,[103   4] ; [17 17],[91.06382979 15.93617021] ; [28.93617021  5.06382979],1
p11,1,0.01269,6.211765,[88 20] ; [22 14],[82.5 25.5] ; [27.5  8.5],0
p6,1,0.017785,5.617187,[23 84] ; [15 21],[28.43356643 78.56643357] ; [ 9.56643357 26.43356643],0
p12,1,0.066193,3.375,[15 93] ; [ 1 35],[12. 96.] ; [ 4. 32.],0
p5,1,0.316092,1.005049,[12 94] ; [ 2 34],[10.45070423 95.54929577] ; [ 3.54929577 32.45070423],0
b1,1,0.320316,0.987654,[38 70] ; [16 20],[40.5 67.5] ; [13.5 22.5],0
p2,1,0.703155,0.14521,[90 18] ; [29  7],[89.25 18.75] ; [29.75  6.25],0
p1,1,0.780102,0.077945,[11 97] ; [ 3 32],[10.57342657 97.42657343] ; [ 3.42657343 31.57342657],0
