Feature,DoF,P Value,Chi Square,Observed,Expected,Is Significant
p4,1,0.0,145.502173,[ 82 194] ; [293  88],[157.53424658 118.46575342] ; [217.46575342 163.53424658],1
p7,1,0.0,125.325746,[115 155] ; [318  58],[180.9752322  89.0247678] ; [252.0247678 123.9752322],1
p5,1,0.0,25.978683,[ 14 261] ; [ 71 310],[ 35.63262195 239.36737805] ; [ 49.36737805 331.63262195],1
p11,1,3.5e-05,17.111069,[217  61] ; [342  39],[235.81487102  42.18512898] ; [323.18512898  57.81487102],1
p1,1,0.00036,12.729886,[ 11 266] ; [ 45 335],[ 23.61035008 253.38964992] ; [ 32.38964992 347.61035008],1
p12,1,0.004719,7.984153,[ 14 263] ; [ 43 336],[ 24.06859756 252.93140244] ; [ 32.93140244 346.06859756],0
b1,1,0.04338,4.080546,[ 84 194] ; [144 237],[ 96.18209408 181.81790592] ; [131.81790592 249.18209408],0
