Feature,DoF,P Value,Chi Square,Observed,Expected,Is Significant
p10,1,0.0,36.321478,[ 9 30] ; [58 13],[23.75454545 15.24545455] ; [43.24545455 27.75454545],1
p11,1,0.002373,9.236317,[18 21] ; [54 18],[25.2972973 13.7027027] ; [46.7027027 25.2972973],0
b1,1,0.02432,5.071642,[21 18] ; [23 49],[15.45945946 23.54054054] ; [28.54054054 43.45945946],0
p1,1,0.33243,0.939409,[ 3 36] ; [10 62],[ 4.56756757 34.43243243] ; [ 8.43243243 63.56756757],0
p5,1,0.436137,0.606425,[ 3 36] ; [ 9 63],[ 4.21621622 34.78378378] ; [ 7.78378378 64.21621622],0
p4,1,0.947817,0.004284,[23 16] ; [42 30],[22.83783784 16.16216216] ; [42.16216216 29.83783784],0
