Feature,DoF,P Value,Chi Square,Observed,Expected,Is Significant
p9,1,0.0,122.848704,[56 56] ; [354  23],[93.90593047 18.09406953] ; [316.09406953  60.90593047],1
p11,1,0.0,68.115861,[60 59] ; [326  51],[92.60887097 26.39112903] ; [293.39112903  83.60887097],1
p4,1,0.0,40.331212,[24 94] ; [202 174],[53.98380567 64.01619433] ; [172.01619433 203.98380567],1
p3,1,1e-06,24.78356,[22 96] ; [166 210],[44.90688259 73.09311741] ; [143.09311741 232.90688259],1
b1,1,0.000822,11.19193,[59 60] ; [123 254],[43.66532258 75.33467742] ; [138.33467742 238.66532258],1
p5,1,0.078947,3.086444,[  4 112] ; [ 31 345],[  8.25203252 107.74796748] ; [ 26.74796748 349.25203252],0
p1,1,0.139078,2.188132,[ 12 107] ; [ 23 354],[  8.39717742 110.60282258] ; [ 26.60282258 350.39717742],0
p12,1,0.549444,0.358313,[  8 110] ; [ 20 356],[  6.68825911 111.31174089] ; [ 21.31174089 354.68825911],0
