Feature,DoF,P Value,Chi Square,Observed,Expected,Is Significant
p11,1,0.001261,10.398666,[153  46] ; [ 7 10],[147.40740741  51.59259259] ; [12.59259259  4.40740741],0
p1,1,0.004305,8.150316,[ 16 183] ; [ 5 12],[ 19.34722222 179.65277778] ; [ 1.65277778 15.34722222],0
p10,1,0.016853,5.711648,[172  27] ; [11  6],[168.59722222  30.40277778] ; [14.40277778  2.59722222],0
b1,1,0.020192,5.395211,[ 62 137] ; [10  7],[ 66.33333333 132.66666667] ; [ 5.66666667 11.33333333],0
p3,1,0.620025,0.245832,[ 70 129] ; [ 7 10],[ 70.93981481 128.06018519] ; [ 6.06018519 10.93981481],0
p12,1,0.747182,0.103914,[ 16 182] ; [ 1 16],[ 15.65581395 182.34418605] ; [ 1.34418605 15.65581395],0
p5,1,0.751139,0.100576,[ 16 183] ; [ 1 16],[ 15.66203704 183.33796296] ; [ 1.33796296 15.66203704],0
p8,1,0.779079,0.078691,[ 63 134] ; [ 6 11],[ 63.51869159 133.48130841] ; [ 5.48130841 11.51869159],0
