Feature,DoF,P Value,Chi Square,Observed,Expected,Is Significant
p10,1,0.0,29.844902,[29  4] ; [ 8 28],[17.69565217 15.30434783] ; [19.30434783 16.69565217],1
p11,1,0.02345,5.134827,[26  7] ; [19 17],[21.52173913 11.47826087] ; [23.47826087 12.52173913],0
b1,1,0.037511,4.327069,[11 22] ; [21 15],[15.30434783 17.69565217] ; [16.69565217 19.30434783],0
p6,1,0.111859,2.527762,[17 16] ; [11 23],[13.79104478 19.20895522] ; [14.20895522 19.79104478],0
p5,1,0.150571,2.066454,[ 8 25] ; [ 4 32],[ 5.73913043 27.26086957] ; [ 6.26086957 29.73913043],0
p1,1,0.61862,0.247811,[ 5 28] ; [ 4 32],[ 4.30434783 28.69565217] ; [ 4.69565217 31.30434783],0
p7,1,0.833861,0.043996,[20 12] ; [21 14],[19.58208955 12.41791045] ; [21.41791045 13.58208955],0
