Feature,DoF,P Value,Chi Square,Observed,Expected,Is Significant
p10,1,0.0,26.700628,[ 5 16] ; [70 16],[14.71962617  6.28037383] ; [60.28037383 25.71962617],1
p11,1,4e-06,21.03951,[ 7 14] ; [72 15],[15.36111111  5.63888889] ; [63.63888889 23.36111111],1
p2,1,4.9e-05,16.467866,[10 11] ; [76 11],[16.72222222  4.27777778] ; [69.27777778 17.72222222],1
b1,1,0.001573,9.990598,[16  5] ; [33 54],[ 9.52777778 11.47222222] ; [39.47222222 47.52777778],0
p6,1,0.421118,0.647192,[ 4 16] ; [24 59],[ 5.4368932 14.5631068] ; [22.5631068 60.4368932],0
p1,1,0.597781,0.278356,[ 1 20] ; [ 7 79],[ 1.57009346 19.42990654] ; [ 6.42990654 79.57009346],0
p5,1,0.97436,0.001033,[ 1 20] ; [ 4 83],[ 0.97222222 20.02777778] ; [ 4.02777778 82.97222222],0
