Feature,DoF,P Value,Chi Square,Observed,Expected,Is Significant
p2,1,0.005235,7.796253,[136  17] ; [8 5],[132.72289157  20.27710843] ; [11.27710843  1.72289157],0
b1,1,0.029336,4.747769,[59 95] ; [9 4],[62.70658683 91.29341317] ; [5.29341317 7.70658683],0
p11,1,0.036528,4.372263,[130  24] ; [8 5],[127.25748503  26.74251497] ; [10.74251497  2.25748503],0
p8,1,0.150945,2.062679,[101  52] ; [6 7],[98.62048193 54.37951807] ; [8.37951807 4.62048193],0
p1,1,0.236902,1.398932,[ 10 143] ; [ 2 11],[ 11.06024096 141.93975904] ; [ 0.93975904 12.06024096],0
p4,1,0.452015,0.565594,[110  44] ; [8 5],[108.81437126  45.18562874] ; [9.18562874 3.81437126],0
p5,1,0.752226,0.09967,[ 16 137] ; [ 1 12],[ 15.6686747 137.3313253] ; [ 1.3313253 11.6686747],0
