Feature,DoF,P Value,Chi Square,Observed,Expected,Is Significant
p3,1,2e-06,22.756958,[ 54 116] ; [89 64],[75.26315789 94.73684211] ; [67.73684211 85.26315789],1
p6,1,1.4e-05,18.830382,[ 27 142] ; [56 94],[ 43.97178683 125.02821317] ; [ 39.02821317 110.97178683],1
p9,1,2.9e-05,17.457824,[134  34] ; [145   7],[146.475  21.525] ; [132.525  19.475],1
p5,1,0.036421,4.377265,[  7 163] ; [ 15 134],[ 11.72413793 158.27586207] ; [ 10.27586207 138.72413793],0
p11,1,0.159894,1.975229,[123  47] ; [121  32],[128.42105263  41.57894737] ; [115.57894737  37.42105263],0
b1,1,0.406664,0.688533,[ 58 112] ; [59 94],[ 61.57894737 108.42105263] ; [55.42105263 97.57894737],0
p1,1,0.493935,0.467942,[ 10 159] ; [ 12 141],[ 11.54658385 157.45341615] ; [ 10.45341615 142.54658385],0
p12,1,0.818292,0.052781,[ 10 159] ; [ 10 143],[ 10.49689441 158.50310559] ; [  9.50310559 143.49689441],0
