Feature,DoF,P Value,Chi Square,Observed,Expected,Is Significant
p9,1,0.001544,10.025777,[16 10] ; [88 12],[21.46031746  4.53968254] ; [82.53968254 17.46031746],0
p10,1,0.00264,9.040651,[15 11] ; [83 15],[20.5483871  5.4516129] ; [77.4516129 20.5483871],0
p6,1,0.09541,2.780639,[ 7 18] ; [46 53],[10.68548387 14.31451613] ; [42.31451613 56.68548387],0
p11,1,0.129741,2.295605,[15 11] ; [73 27],[18.15873016  7.84126984] ; [69.84126984 30.15873016],0
p1,1,0.556851,0.345186,[ 1 25] ; [ 7 93],[ 1.65079365 24.34920635] ; [ 6.34920635 93.65079365],0
p12,1,0.582264,0.302589,[ 1 25] ; [ 2 98],[ 0.61904762 25.38095238] ; [ 2.38095238 97.61904762],0
b1,1,0.744054,0.106595,[10 16] ; [42 58],[10.73015873 15.26984127] ; [41.26984127 58.73015873],0
p5,1,0.782686,0.076077,[ 2 22] ; [10 88],[ 2.36065574 21.63934426] ; [ 9.63934426 88.36065574],0
