Feature,DoF,P Value,Chi Square,Observed,Expected,Is Significant
p11,1,5.1e-05,16.410818,[54 26] ; [31 55],[40.96385542 39.03614458] ; [44.03614458 41.96385542],1
p12,1,0.023599,5.123891,[ 7 73] ; [ 1 84],[ 3.87878788 76.12121212] ; [ 4.12121212 80.87878788],0
p6,1,0.034707,4.459509,[13 66] ; [ 5 78],[ 8.77777778 70.22222222] ; [ 9.22222222 73.77777778],0
p3,1,0.189943,1.718063,[23 57] ; [17 68],[19.39393939 60.60606061] ; [20.60606061 64.39393939],0
b1,1,0.427184,0.630468,[36 44] ; [44 42],[38.55421687 41.44578313] ; [41.44578313 44.55421687],0
p5,1,0.48893,0.47888,[ 2 74] ; [ 1 85],[ 1.40740741 74.59259259] ; [ 1.59259259 84.40740741],0
p4,1,0.854039,0.033844,[24 55] ; [25 61],[23.46060606 55.53939394] ; [25.53939394 60.46060606],0
p1,1,0.90561,0.014061,[ 7 73] ; [ 7 78],[ 6.78787879 73.21212121] ; [ 7.21212121 77.78787879],0
