Feature,DoF,P Value,Chi Square,Observed,Expected,Is Significant
p11,1,0.001151,10.567715,[33 30] ; [69 20],[42.27631579 20.72368421] ; [59.72368421 29.27631579],0
p12,1,0.015255,5.886778,[ 1 62] ; [11 78],[ 4.97368421 58.02631579] ; [ 7.02631579 81.97368421],0
p8,1,0.113082,2.510615,[30 33] ; [31 58],[25.28289474 37.71710526] ; [35.71710526 53.28289474],0
p6,1,0.127379,2.324164,[24 38] ; [24 65],[19.70860927 42.29139073] ; [28.29139073 60.70860927],0
p5,1,0.264085,1.247214,[ 5 58] ; [12 75],[ 7.14 55.86] ; [ 9.86 77.14],0
p1,1,0.321512,0.982786,[ 7 56] ; [15 74],[ 9.11842105 53.88157895] ; [12.88157895 76.11842105],0
b1,1,0.351125,0.869385,[31 32] ; [37 52],[28.18421053 34.81578947] ; [39.81578947 49.18421053],0
