Feature,DoF,P Value,Chi Square,Observed,Expected,Is Significant
b1,1,0.062575,3.467794,[54 78] ; [11  6],[57.58389262 74.41610738] ; [7.41610738 9.58389262],0
p11,1,0.07213,3.23386,[91 41] ; [8 9],[87.70469799 44.29530201] ; [11.29530201  5.70469799],0
p1,1,0.085511,2.956912,[  8 124] ; [ 3 14],[  9.74496644 122.25503356] ; [ 1.25503356 15.74496644],0
p7,1,0.149631,2.076006,[53 78] ; [10  7],[55.76351351 75.23648649] ; [7.23648649 9.76351351],0
p10,1,0.250438,1.320857,[94 36] ; [10  7],[91.97278912 38.02721088] ; [12.02721088  4.97278912],0
p3,1,0.921915,0.009608,[76 56] ; [10  7],[76.18791946 55.81208054] ; [9.81208054 7.18791946],0
p9,1,0.990188,0.000151,[100  31] ; [13  4],[100.02027027  30.97972973] ; [12.97972973  4.02027027],0
