Feature,DoF,P Value,Chi Square,Observed,Expected,Is Significant
p10,1,4e-06,21.372663,[121  48] ; [14 28],[108.12796209  60.87203791] ; [26.87203791 15.12796209],1
p6,1,6.2e-05,16.055451,[ 27 142] ; [19 24],[ 36.66981132 132.33018868] ; [ 9.33018868 33.66981132],1
b1,1,0.001587,9.974837,[ 58 112] ; [26 17],[ 67.04225352 102.95774648] ; [16.95774648 26.04225352],0
p3,1,0.03626,4.384813,[ 54 116] ; [21 22],[ 59.85915493 110.14084507] ; [15.14084507 27.85915493],0
p5,1,0.157207,2.000891,[  7 163] ; [ 4 38],[  8.82075472 161.17924528] ; [ 2.17924528 39.82075472],0
p11,1,0.219666,1.506554,[123  47] ; [27 16],[119.71830986  50.28169014] ; [30.28169014 12.71830986],0
p1,1,0.424843,0.63688,[ 10 159] ; [ 4 39],[ 11.16037736 157.83962264] ; [ 2.83962264 40.16037736],0
