Feature,DoF,P Value,Chi Square,Observed,Expected,Is Significant
p4,1,1e-06,24.917759,[ 91 180] ; [55 31],[110.82913165 160.17086835] ; [35.17086835 50.82913165],1
b1,1,0.000132,14.613712,[ 84 189] ; [46 40],[ 98.85793872 174.14206128] ; [31.14206128 54.85793872],1
p11,1,0.075518,3.158804,[213  60] ; [59 27],[206.84122563  66.15877437] ; [65.15877437 20.84122563],0
p5,1,0.121233,2.401318,[ 11 262] ; [ 7 78],[ 13.72625698 259.27374302] ; [ 4.27374302 80.72625698],0
p1,1,0.217034,1.523879,[  8 263] ; [ 5 81],[  9.86834734 261.13165266] ; [ 3.13165266 82.86834734],0
p9,1,0.618122,0.248515,[218  50] ; [72 14],[219.5480226  48.4519774] ; [70.4519774 15.5480226],0
p10,1,0.800841,0.063634,[210  60] ; [68 18],[210.84269663  59.15730337] ; [67.15730337 18.84269663],0
p12,1,0.944688,0.004813,[  9 261] ; [ 3 83],[  9.1011236 260.8988764] ; [ 2.8988764 83.1011236],0
