Feature,DoF,P Value,Chi Square,Observed,Expected,Is Significant
p5,1,0.000212,13.722516,[ 6 95] ; [ 67 232],[18.4325 82.5675] ; [ 54.5675 244.4325],1
p10,1,0.002091,9.467811,[78 22] ; [269  30],[86.96741855 13.03258145] ; [260.03258145  38.96741855],0
p11,1,0.007076,7.253611,[80 21] ; [268  31],[87.87 13.13] ; [260.13  38.87],0
b1,1,0.040928,4.178998,[30 71] ; [123 176],[38.6325 62.3675] ; [114.3675 184.6325],0
p12,1,0.042254,4.124986,[ 5 96] ; [ 36 263],[10.3525 90.6475] ; [ 30.6475 268.3525],0
p9,1,0.113669,2.502451,[85 16] ; [269  30],[89.385 11.615] ; [264.615  34.385],0
p1,1,0.125958,2.34163,[ 7 94] ; [ 37 260],[11.16582915 89.83417085] ; [ 32.83417085 264.16582915],0
