Feature,DoF,P Value,Chi Square,Observed,Expected,Is Significant
p11,1,0.01994,5.417113,[69 20] ; [11 10],[64.72727273 24.27272727] ; [15.27272727  5.72727273],0
p10,1,0.238972,1.386648,[77 12] ; [16  5],[75.24545455 13.75454545] ; [17.75454545  3.24545455],0
p12,1,0.315108,1.009143,[11 78] ; [ 1 20],[ 9.70909091 79.29090909] ; [ 2.29090909 18.70909091],0
p1,1,0.457264,0.552583,[15 74] ; [ 5 16],[16.18181818 72.81818182] ; [ 3.81818182 17.18181818],0
p6,1,0.881899,0.022071,[24 65] ; [ 6 15],[24.27272727 64.72727273] ; [ 5.72727273 15.27272727],0
b1,1,0.914544,0.011515,[37 52] ; [ 9 12],[37.21818182 51.78181818] ; [ 8.78181818 12.21818182],0
p5,1,0.953281,0.003432,[12 75] ; [ 3 18],[12.08333333 74.91666667] ; [ 2.91666667 18.08333333],0
