Feature,DoF,P Value,Chi Square,Observed,Expected,Is Significant
p9,1,1.1e-05,19.368987,[ 5 15] ; [26  4],[12.4  7.6] ; [18.6 11.4],1
p11,1,0.003216,8.680556,[ 7 13] ; [23  7],[12.  8.] ; [18. 12.],0
p7,1,0.007279,7.202881,[10 10] ; [24  4],[14.16666667  5.83333333] ; [19.83333333  8.16666667],0
p1,1,0.083214,3.000992,[ 1 19] ; [ 7 23],[ 3.2 16.8] ; [ 4.8 25.2],0
b1,1,0.083265,3.0,[13  7] ; [12 18],[10. 10.] ; [15. 15.],0
p5,1,0.335924,0.925926,[ 3 17] ; [ 2 28],[ 2. 18.] ; [ 3. 27.],0
