Feature,DoF,P Value,Chi Square,Observed,Expected,Is Significant
p10,1,0.001285,10.36331,[15 11] ; [150  28],[21.02941176  4.97058824] ; [143.97058824  34.02941176],0
p6,1,0.046665,3.957434,[ 7 18] ; [ 23 155],[ 3.69458128 21.30541872] ; [ 26.30541872 151.69458128],0
p11,1,0.069176,3.302475,[15 11] ; [133  45],[18.8627451  7.1372549] ; [129.1372549  48.8627451],0
b1,1,0.30746,1.041556,[10 16] ; [ 51 127],[ 7.7745098 18.2254902] ; [ 53.2254902 124.7745098],0
p5,1,0.420062,0.650142,[ 2 22] ; [  8 169],[ 1.19402985 22.80597015] ; [  8.80597015 168.19402985],0
p8,1,0.454537,0.559313,[ 8 17] ; [ 44 132],[ 6.46766169 18.53233831] ; [ 45.53233831 130.46766169],0
p12,1,0.510947,0.432127,[ 1 25] ; [ 13 164],[ 1.79310345 24.20689655] ; [ 12.20689655 164.79310345],0
p1,1,0.789519,0.071254,[ 1 25] ; [  9 169],[ 1.2745098 24.7254902] ; [  8.7254902 169.2745098],0
