Feature,DoF,P Value,Chi Square,Observed,Expected,Is Significant
p3,1,0.008211,6.986784,[28 70] ; [24 23],[35.14482759 62.85517241] ; [16.85517241 30.14482759],0
p12,1,0.024835,5.035328,[ 2 95] ; [ 5 42],[ 4.71527778 92.28472222] ; [ 2.28472222 44.71527778],0
p1,1,0.041758,4.144973,[ 6 90] ; [ 8 39],[ 9.3986014 86.6013986] ; [ 4.6013986 42.3986014],0
p2,1,0.24543,1.349133,[82 15] ; [36 11],[79.48611111 17.51388889] ; [38.51388889  8.48611111],0
p11,1,0.270935,1.212006,[77 21] ; [33 14],[74.34482759 23.65517241] ; [35.65517241 11.34482759],0
p10,1,0.33384,0.933944,[79 18] ; [35 12],[76.79166667 20.20833333] ; [37.20833333  9.79166667],0
p5,1,0.963399,0.002106,[ 6 91] ; [ 3 44],[ 6.0625 90.9375] ; [ 2.9375 44.0625],0
b1,1,0.972734,0.001168,[31 67] ; [15 32],[31.08965517 66.91034483] ; [14.91034483 32.08965517],0
