Feature,DoF,P Value,Chi Square,Observed,Expected,Is Significant
p10,1,5e-06,20.700069,[65 29] ; [ 7 24],[54.144 39.856] ; [17.856 13.144],1
b1,1,0.008261,6.975974,[41 53] ; [22  9],[47.376 46.624] ; [15.624 15.376],0
p1,1,0.018128,5.583706,[ 1 93] ; [ 3 28],[ 3.008 90.992] ; [ 0.992 30.008],0
p11,1,0.031976,4.599765,[60 34] ; [13 18],[54.896 39.104] ; [18.104 12.896],0
p2,1,0.062541,3.468674,[71 23] ; [18 13],[66.928 27.072] ; [22.072  8.928],0
p5,1,0.08919,2.888941,[ 1 93] ; [ 2 29],[ 2.256 91.744] ; [ 0.744 30.256],0
p6,1,0.379191,0.773323,[22 71] ; [ 5 26],[20.25 72.75] ; [ 6.75 24.25],0
