Feature,DoF,P Value,Chi Square,Observed,Expected,Is Significant
p5,1,0.010842,6.491098,[ 5 21] ; [ 1 46],[ 2.1369863 23.8630137] ; [ 3.8630137 43.1369863],0
p3,1,0.150108,2.071149,[14 11] ; [18 29],[11.11111111 13.88888889] ; [20.88888889 26.11111111],0
p12,1,0.235177,1.409272,[ 4 22] ; [ 3 42],[ 2.56338028 23.43661972] ; [ 4.43661972 40.56338028],0
p8,1,0.442432,0.589967,[16 10] ; [24 22],[14.44444444 11.55555556] ; [25.55555556 20.44444444],0
p11,1,0.483637,0.490651,[15 11] ; [31 16],[16.38356164  9.61643836] ; [29.61643836 17.38356164],0
b1,1,0.711383,0.1369,[15 11] ; [25 22],[14.24657534 11.75342466] ; [25.75342466 21.24657534],0
p9,1,0.776935,0.080268,[19  7] ; [35 11],[19.5  6.5] ; [34.5 11.5],0
p10,1,0.872258,0.025854,[18  8] ; [31 15],[17.69444444  8.30555556] ; [31.30555556 14.69444444],0
p1,1,0.878589,0.023335,[ 3 23] ; [ 6 41],[ 3.20547945 22.79452055] ; [ 5.79452055 41.20547945],0
