Feature,DoF,P Value,Chi Square,Observed,Expected,Is Significant
p3,1,0.001312,10.325377,[24 23] ; [ 8 35],[16.71111111 30.28888889] ; [15.28888889 27.71111111],0
p12,1,0.114294,2.493815,[ 5 42] ; [ 1 42],[ 3.13333333 43.86666667] ; [ 2.86666667 40.13333333],0
p1,1,0.146169,2.111779,[ 8 39] ; [ 3 40],[ 5.74444444 41.25555556] ; [ 5.25555556 37.74444444],0
p8,1,0.29624,1.091044,[18 29] ; [12 31],[15.66666667 31.33333333] ; [14.33333333 28.66666667],0
p11,1,0.455611,0.556655,[33 14] ; [27 16],[31.33333333 15.66666667] ; [28.66666667 14.33333333],0
p2,1,0.464345,0.535401,[36 11] ; [30 13],[34.46666667 12.53333333] ; [31.53333333 11.46666667],0
b1,1,0.597515,0.27876,[15 32] ; [16 27],[16.18888889 30.81111111] ; [14.81111111 28.18888889],0
