Feature,DoF,P Value,Chi Square,Observed,Expected,Is Significant
p7,1,0.0,28.171567,[20 98] ; [19 10],[31.30612245 86.69387755] ; [ 7.69387755 21.30612245],1
p8,1,3e-06,22.117607,[ 12 111] ; [14 17],[ 20.76623377 102.23376623] ; [ 5.23376623 25.76623377],1
p11,1,0.012758,6.202323,[57 67] ; [22  9],[63.2 60.8] ; [15.8 15.2],0
p4,1,0.019885,5.421966,[ 18 103] ; [10 20],[22.43708609 98.56291391] ; [ 5.56291391 24.43708609],0
b1,1,0.335104,0.929071,[60 64] ; [18 13],[62.4 61.6] ; [15.6 15.4],0
