Feature,DoF,P Value,Chi Square,Observed,Expected,Is Significant
p10,1,0.0,57.602748,[172  27] ; [11 26],[154.30932203  44.69067797] ; [28.69067797  8.30932203],1
b1,1,0.001591,9.970186,[ 62 137] ; [22 16],[ 70.53164557 128.46835443] ; [13.46835443 24.53164557],0
p11,1,0.0057,7.642886,[153  46] ; [21 17],[146.10126582  52.89873418] ; [27.89873418 10.10126582],0
p4,1,0.058782,3.571407,[ 96 103] ; [12 26],[ 90.6835443 108.3164557] ; [17.3164557 20.6835443],0
p12,1,0.234023,1.416243,[ 16 182] ; [ 1 37],[ 14.26271186 183.73728814] ; [ 2.73728814 35.26271186],0
p1,1,0.236422,1.401802,[ 16 183] ; [ 1 37],[ 14.2742616 184.7257384] ; [ 2.7257384 35.2742616],0
p5,1,0.236422,1.401802,[ 16 183] ; [ 1 37],[ 14.2742616 184.7257384] ; [ 2.7257384 35.2742616],0
p6,1,0.240089,1.38007,[ 36 163] ; [10 28],[ 38.62447257 160.37552743] ; [ 7.37552743 30.62447257],0
p3,1,0.844014,0.038715,[ 70 129] ; [14 24],[ 70.53164557 128.46835443] ; [13.46835443 24.53164557],0
