Feature,DoF,P Value,Chi Square,Observed,Expected,Is Significant
p6,1,1.1e-05,19.285575,[56 94] ; [ 37 180],[ 38.01089918 111.98910082] ; [ 54.98910082 162.01089918],1
p9,1,8.2e-05,15.50243,[145   7] ; [176  40],[132.58695652  19.41304348] ; [188.41304348  27.58695652],1
p5,1,0.002826,8.916823,[ 15 134] ; [  6 214],[  8.4796748 140.5203252] ; [ 12.5203252 207.4796748],0
p1,1,0.004885,7.921701,[ 12 141] ; [  4 215],[  6.58064516 146.41935484] ; [  9.41935484 209.58064516],0
b1,1,0.025582,4.984066,[59 94] ; [ 61 160],[ 49.09090909 103.90909091] ; [ 70.90909091 150.09090909],0
p7,1,0.119745,2.420648,[83 68] ; [ 98 112],[75.70914127 75.29085873] ; [105.29085873 104.70914127],0
p12,1,0.205916,1.599906,[ 10 143] ; [  8 210],[  7.42318059 145.57681941] ; [ 10.57681941 207.42318059],0
p11,1,0.620825,0.24471,[121  32] ; [170  51],[119.04545455  33.95454545] ; [171.95454545  49.04545455],0
