Feature,DoF,P Value,Chi Square,Observed,Expected,Is Significant
p8,1,0.002589,9.076472,[15 13] ; [ 8 34],[ 9.2 18.8] ; [13.8 28.2],0
p11,1,0.12663,2.333333,[21  7] ; [24 18],[18. 10.] ; [27. 15.],0
b1,1,0.622008,0.243056,[11 17] ; [19 23],[12. 16.] ; [18. 24.],0
p4,1,0.695798,0.15288,[14 14] ; [19 23],[13.2 14.8] ; [19.8 22.2],0
p1,1,0.897002,0.016757,[ 3 25] ; [ 4 37],[ 2.84057971 25.15942029] ; [ 4.15942029 36.84057971],0
