Feature,DoF,P Value,Chi Square,Observed,Expected,Is Significant
p8,1,0.000115,14.878724,[ 44 191] ; [21 26],[ 54.16666667 180.83333333] ; [10.83333333 36.16666667],1
p2,1,0.009608,6.706243,[139  98] ; [37 10],[146.87323944  90.12676056] ; [29.12676056 17.87323944],0
p1,1,0.048785,3.882732,[ 12 224] ; [ 6 41],[ 15.01060071 220.98939929] ; [ 2.98939929 44.01060071],0
p9,1,0.228103,1.452649,[155  74] ; [36 11],[158.47463768  70.52536232] ; [32.52536232 14.47463768],0
p10,1,0.244281,1.35572,[142  90] ; [33 14],[145.51971326  86.48028674] ; [29.48028674 17.51971326],0
p11,1,0.311746,1.023266,[148  89] ; [33 14],[151.04577465  85.95422535] ; [29.95422535 17.04577465],0
b1,1,0.728348,0.120634,[ 87 150] ; [16 31],[ 85.95422535 151.04577465] ; [17.04577465 29.95422535],0
p5,1,0.769155,0.08613,[  8 228] ; [ 2 45],[  8.33922261 227.66077739] ; [ 1.66077739 45.33922261],0
p12,1,0.894435,0.017608,[ 11 223] ; [ 2 45],[ 10.82562278 223.17437722] ; [ 2.17437722 44.82562278],0
