Feature,DoF,P Value,Chi Square,Observed,Expected,Is Significant
p10,1,0.0,254.789463,[10 59] ; [364  22],[56.71648352 12.28351648] ; [317.28351648  68.71648352],1
p7,1,0.0,129.128118,[12 56] ; [320  63],[50.05764967 17.94235033] ; [281.94235033 101.05764967],1
p11,1,0.0,114.307808,[25 45] ; [348  40],[57.00873362 12.99126638] ; [315.99126638  72.00873362],1
p4,1,0.0,94.47318,[11 58] ; [294  94],[46.05032823 22.94967177] ; [258.94967177 129.05032823],1
p3,1,0.0,53.087888,[13 56] ; [255 133],[40.46389497 28.53610503] ; [227.53610503 160.46389497],1
p6,1,0.0,46.04044,[ 4 64] ; [193 192],[29.57174393 38.42825607] ; [167.42825607 217.57174393],1
b1,1,0.000167,14.166001,[42 28] ; [140 248],[27.81659389 42.18340611] ; [154.18340611 233.81659389],1
p5,1,0.002635,9.044258,[ 3 67] ; [ 73 315],[11.61572052 58.38427948] ; [ 64.38427948 323.61572052],0
p12,1,0.01007,6.622475,[ 1 69] ; [ 44 342],[ 6.90789474 63.09210526] ; [ 38.09210526 347.90789474],0
p1,1,0.608972,0.261674,[ 7 63] ; [ 47 340],[ 8.27133479 61.72866521] ; [ 45.72866521 341.27133479],0
