Feature,DoF,P Value,Chi Square,Observed,Expected,Is Significant
p6,1,0.040238,4.207808,[58 96] ; [ 76 195],[ 48.55529412 105.44470588] ; [ 85.44470588 185.55529412],0
p3,1,0.168891,1.892755,[72 84] ; [107 165],[65.24299065 90.75700935] ; [113.75700935 158.24299065],0
p12,1,0.200081,1.64178,[  4 152] ; [ 14 258],[  6.56074766 149.43925234] ; [ 11.43925234 260.56074766],0
b1,1,0.240051,1.380293,[61 95] ; [ 91 181],[ 55.40186916 100.59813084] ; [ 96.59813084 175.40186916],0
p4,1,0.28967,1.121154,[88 68] ; [139 133],[82.73831776 73.26168224] ; [144.26168224 127.73831776],0
p11,1,0.32484,0.969361,[112  44] ; [207  65],[116.27102804  39.72897196] ; [202.72897196  69.27102804],0
p10,1,0.777119,0.080132,[137  18] ; [237  34],[136.07981221  18.92018779] ; [237.92018779  33.07981221],0
p1,1,0.890348,0.019007,[  7 149] ; [ 13 259],[  7.28971963 148.71028037] ; [ 12.71028037 259.28971963],0
p5,1,0.928637,0.008021,[ 10 144] ; [ 17 254],[  9.78352941 144.21647059] ; [ 17.21647059 253.78352941],0
