Feature,DoF,P Value,Chi Square,Observed,Expected,Is Significant
p4,1,0.0,121.656326,[15 51] ; [241  33],[49.69411765 16.30588235] ; [206.30588235  67.69411765],1
p7,1,0.0,107.050883,[19 44] ; [243  28],[49.41916168 13.58083832] ; [212.58083832  58.41916168],1
p6,1,0.0,38.797141,[11 56] ; [158 110],[33.8 33.2] ; [135.2 132.8],1
p11,1,1.8e-05,18.414717,[46 22] ; [243  31],[57.4619883 10.5380117] ; [231.5380117  42.4619883],1
p5,1,0.003587,8.481806,[ 5 61] ; [ 65 209],[13.58823529 52.41176471] ; [ 56.41176471 217.58823529],0
p9,1,0.08242,3.016529,[58  9] ; [255  19],[61.49853372  5.50146628] ; [251.50146628  22.49853372],0
p1,1,0.316211,1.004554,[ 7 61] ; [ 41 232],[ 9.57184751 58.42815249] ; [ 38.42815249 234.57184751],0
p12,1,0.473198,0.514499,[ 7 61] ; [ 37 236],[ 8.77419355 59.22580645] ; [ 35.22580645 237.77419355],0
b1,1,0.790565,0.070531,[29 39] ; [112 162],[28.03508772 39.96491228] ; [112.96491228 161.03508772],0
