Feature,DoF,P Value,Chi Square,Observed,Expected,Is Significant
p3,1,0.001244,10.423779,[13 64] ; [16 19],[19.9375 57.0625] ; [ 9.0625 25.9375],0
p11,1,0.040062,4.215239,[26 51] ; [19 16],[30.9375 46.0625] ; [14.0625 20.9375],0
p7,1,0.072506,3.225362,[14 61] ; [12 23],[17.72727273 57.27272727] ; [ 8.27272727 26.72727273],0
p1,1,0.493805,0.468225,[ 4 73] ; [ 3 32],[ 4.8125 72.1875] ; [ 2.1875 32.8125],0
b1,1,0.75917,0.093986,[42 35] ; [18 17],[41.25 35.75] ; [18.75 16.25],0
p5,1,0.77461,0.081996,[ 3 73] ; [ 1 34],[ 2.73873874 73.26126126] ; [ 1.26126126 33.73873874],0
