Feature,DoF,P Value,Chi Square,Observed,Expected,Is Significant
b1,1,0.017283,5.667372,[29 62] ; [38 38],[36.50898204 54.49101796] ; [30.49101796 45.50898204],0
p2,1,0.022473,5.20878,[77 13] ; [54 22],[71.02409639 18.97590361] ; [59.97590361 16.02409639],0
p1,1,0.174709,1.842068,[ 7 82] ; [11 65],[ 9.70909091 79.29090909] ; [ 8.29090909 67.70909091],0
p12,1,0.196,1.671934,[ 3 87] ; [ 6 70],[ 4.87951807 85.12048193] ; [ 4.12048193 71.87951807],0
p9,1,0.258375,1.277442,[75 14] ; [58 17],[72.17682927 16.82317073] ; [60.82317073 14.17682927],0
p10,1,0.296426,1.090205,[70 20] ; [53 22],[67.09090909 22.90909091] ; [55.90909091 19.09090909],0
p11,1,0.377274,0.779567,[69 22] ; [53 23],[66.47904192 24.52095808] ; [55.52095808 20.47904192],0
p6,1,0.60118,0.273219,[21 70] ; [15 61],[19.61676647 71.38323353] ; [16.38323353 59.61676647],0
p5,1,0.701331,0.147091,[ 7 83] ; [ 7 67],[ 7.68292683 82.31707317] ; [ 6.31707317 67.68292683],0
