Feature,DoF,P Value,Chi Square,Observed,Expected,Is Significant
p8,1,0.020593,5.360938,[101  52] ; [52 49],[92.16141732 60.83858268] ; [60.83858268 40.16141732],0
b1,1,0.158385,1.989579,[59 95] ; [30 71],[ 53.74901961 100.25098039] ; [35.25098039 65.74901961],0
p4,1,0.176223,1.82919,[110  44] ; [64 37],[105.08235294  48.91764706] ; [68.91764706 32.08235294],0
p5,1,0.210353,1.568993,[ 16 137] ; [ 6 95],[ 13.2519685 139.7480315] ; [ 8.7480315 92.2519685],0
p10,1,0.247597,1.336813,[129  25] ; [78 22],[125.50393701  28.49606299] ; [81.49606299 18.50393701],0
p11,1,0.286023,1.138246,[130  24] ; [80 21],[126.82352941  27.17647059] ; [83.17647059 17.82352941],0
p9,1,0.639876,0.218905,[132  21] ; [85 16],[130.71259843  22.28740157] ; [86.28740157 14.71259843],0
p12,1,0.881253,0.022315,[  7 147] ; [ 5 96],[  7.24705882 146.75294118] ; [ 4.75294118 96.24705882],0
p1,1,0.901942,0.01518,[ 10 143] ; [ 7 94],[ 10.24015748 142.75984252] ; [ 6.75984252 94.24015748],0
