Feature,DoF,P Value,Chi Square,Observed,Expected,Is Significant
p11,1,0.001706,9.84188,[124  32] ; [17 15],[117.  39.] ; [24.  8.],0
b1,1,0.117091,2.45581,[ 55 101] ; [16 16],[58.91489362 97.08510638] ; [12.08510638 19.91489362],0
p7,1,0.186002,1.749003,[106  49] ; [18 14],[102.78074866  52.21925134] ; [21.21925134 10.78074866],0
p6,1,0.218679,1.513022,[64 91] ; [17 15],[67.13903743 87.86096257] ; [13.86096257 18.13903743],0
p8,1,0.295807,1.093001,[83 71] ; [14 18],[80.31182796 73.68817204] ; [16.68817204 15.31182796],0
p5,1,0.300111,1.073702,[ 11 145] ; [ 4 28],[ 12.44680851 143.55319149] ; [ 2.55319149 29.44680851],0
p1,1,0.648317,0.208028,[ 11 145] ; [ 3 29],[ 11.61702128 144.38297872] ; [ 2.38297872 29.61702128],0
p12,1,0.844398,0.038522,[  6 150] ; [ 1 31],[  5.80851064 150.19148936] ; [ 1.19148936 30.80851064],0
