Feature,DoF,P Value,Chi Square,Observed,Expected,Is Significant
p11,1,0.0,41.815568,[218  40] ; [18 26],[201.61589404  56.38410596] ; [34.38410596  9.61589404],1
p7,1,4e-06,21.144745,[224  29] ; [27 17],[213.81481481  39.18518519] ; [37.18518519  6.81481481],1
p8,1,0.000304,13.04479,[187  70] ; [20 24],[176.74086379  80.25913621] ; [30.25913621 13.74086379],1
p4,1,0.000386,12.599095,[221  37] ; [28 16],[212.7218543  45.2781457] ; [36.2781457  7.7218543],1
b1,1,0.004612,8.025612,[105 153] ; [28 16],[113.62251656 144.37748344] ; [19.37748344 24.62251656],0
p5,1,0.058662,3.574828,[ 55 203] ; [ 4 40],[ 50.40397351 207.59602649] ; [ 8.59602649 35.40397351],0
p1,1,0.23138,1.432356,[ 34 223] ; [ 3 41],[ 31.59136213 225.40863787] ; [ 5.40863787 38.59136213],0
