Feature,DoF,P Value,Chi Square,Observed,Expected,Is Significant
p4,1,0.00053,12.007644,[14  7] ; [31 81],[ 7.10526316 13.89473684] ; [37.89473684 74.10526316],1
p1,1,0.275477,1.18927,[ 3 18] ; [  8 104],[ 1.73684211 19.26315789] ; [  9.26315789 102.73684211],0
b1,1,0.282258,1.156184,[14  7] ; [61 52],[11.75373134  9.24626866] ; [63.24626866 49.75373134],0
p2,1,0.445357,0.582441,[11 10] ; [49 64],[ 9.40298507 11.59701493] ; [50.59701493 62.40298507],0
p5,1,0.602338,0.271484,[ 1 20] ; [  3 110],[ 0.62686567 20.37313433] ; [  3.37313433 109.62686567],0
p11,1,0.906158,0.013897,[ 9 12] ; [50 63],[ 9.24626866 11.75373134] ; [49.75373134 63.24626866],0
p10,1,0.974444,0.001026,[ 4 17] ; [21 91],[ 3.94736842 17.05263158] ; [21.05263158 90.94736842],0
