Feature,DoF,P Value,Chi Square,Observed,Expected,Is Significant
p3,1,0.0,64.629906,[28 70] ; [185  61],[60.68023256 37.31976744] ; [152.31976744  93.68023256],1
p7,1,1e-06,23.735848,[59 35] ; [211  33],[75.0887574 18.9112426] ; [194.9112426  49.0887574],1
p5,1,0.000196,13.864343,[ 6 91] ; [ 58 188],[18.09912536 78.90087464] ; [ 45.90087464 200.09912536],1
p12,1,0.000649,11.628709,[ 2 95] ; [ 37 209],[11.02915452 85.97084548] ; [ 27.97084548 218.02915452],1
p10,1,0.001397,10.20974,[79 18] ; [228  17],[87.07309942  9.92690058] ; [219.92690058  25.07309942],0
p2,1,0.030739,4.667493,[82 15] ; [227  19],[87.38483965  9.61516035] ; [221.61516035  24.38483965],0
p1,1,0.072231,3.231587,[ 6 90] ; [ 32 213],[10.69794721 85.30205279] ; [ 27.30205279 217.69794721],0
p11,1,0.082269,3.019502,[77 21] ; [212  34],[82.33139535 15.66860465] ; [206.66860465  39.33139535],0
b1,1,0.137072,2.210522,[31 67] ; [ 99 147],[37.03488372 60.96511628] ; [ 92.96511628 153.03488372],0
