Feature,DoF,P Value,Chi Square,Observed,Expected,Is Significant
p11,1,0.0,27.956823,[361  64] ; [16 17],[349.83624454  75.16375546] ; [27.16375546  5.83624454],1
b1,1,0.000292,13.123688,[138 287] ; [21 12],[147.54366812 277.45633188] ; [11.45633188 21.54366812],1
p4,1,0.023126,5.158997,[215 208] ; [10 23],[208.71710526 214.28289474] ; [16.28289474 16.71710526],0
p5,1,0.292874,1.106364,[ 35 384] ; [ 1 31],[ 33.44567627 385.55432373] ; [ 2.55432373 29.44567627],0
p3,1,0.892775,0.018169,[185 239] ; [14 19],[184.63019694 239.36980306] ; [14.36980306 18.63019694],0
p1,1,0.94439,0.004866,[ 27 397] ; [ 2 31],[ 26.9059081 397.0940919] ; [ 2.0940919 30.9059081],0
