Feature,DoF,P Value,Chi Square,Observed,Expected,Is Significant
p4,1,0.023759,5.112166,[39 29] ; [19 33],[32.86666667 35.13333333] ; [25.13333333 26.86666667],0
p9,1,0.069944,3.284327,[65  3] ; [44  7],[62.28571429  5.71428571] ; [46.71428571  4.28571429],0
p11,1,0.133336,2.253226,[54 14] ; [35 17],[50.43333333 17.56666667] ; [38.56666667 13.43333333],0
p12,1,0.185806,1.750563,[ 7 60] ; [ 2 49],[ 5.11016949 61.88983051] ; [ 3.88983051 47.11016949],0
p6,1,0.357342,0.847215,[15 53] ; [ 8 44],[13.03333333 54.96666667] ; [ 9.96666667 42.03333333],0
p1,1,0.403414,0.698125,[10 58] ; [ 5 47],[ 8.5 59.5] ; [ 6.5 45.5],0
p5,1,0.540467,0.374675,[ 9 59] ; [ 5 47],[ 7.93333333 60.06666667] ; [ 6.06666667 45.93333333],0
b1,1,0.636324,0.223583,[21 47] ; [14 38],[19.83333333 48.16666667] ; [15.16666667 36.83333333],0
p2,1,0.698839,0.149682,[58 10] ; [43  9],[57.23333333 10.76666667] ; [43.76666667  8.23333333],0
