Feature,DoF,P Value,Chi Square,Observed,Expected,Is Significant
p11,1,0.124629,2.358159,[232  29] ; [232  43],[225.94029851  35.05970149] ; [238.05970149  36.94029851],0
p4,1,0.222653,1.487188,[227  34] ; [228  46],[221.97196262  39.02803738] ; [233.02803738  40.97196262],0
p2,1,0.341491,0.904827,[243  17] ; [251  24],[240.07476636  19.92523364] ; [253.92523364  21.07476636],0
p12,1,0.619515,0.24655,[ 35 225] ; [ 41 233],[ 37.00374532 222.99625468] ; [ 38.99625468 235.00374532],0
p5,1,0.667206,0.184888,[ 61 200] ; [ 60 215],[ 58.91977612 202.08022388] ; [ 62.08022388 212.91977612],0
p1,1,0.810105,0.05774,[ 35 224] ; [ 39 235],[ 35.9587242 223.0412758] ; [ 38.0412758 235.9587242],0
b1,1,0.888471,0.019667,[105 156] ; [109 166],[104.20522388 156.79477612] ; [109.79477612 165.20522388],0
