Feature,DoF,P Value,Chi Square,Observed,Expected,Is Significant
p3,1,3e-06,22.120636,[ 18 132] ; [35 58],[ 32.71604938 117.28395062] ; [20.28395062 72.71604938],1
p6,1,0.00059,11.808498,[ 14 136] ; [24 69],[ 23.45679012 126.54320988] ; [14.54320988 78.45679012],1
p5,1,0.065068,3.403258,[  6 143] ; [ 9 81],[  9.35146444 139.64853556] ; [ 5.64853556 84.35146444],0
p12,1,0.069181,3.302339,[  9 140] ; [12 82],[ 12.87654321 136.12345679] ; [ 8.12345679 85.87654321],0
p8,1,0.129594,2.297361,[ 33 116] ; [29 65],[ 38.01646091 110.98353909] ; [23.98353909 70.01646091],0
b1,1,0.241424,1.372263,[ 45 105] ; [35 59],[ 49.18032787 100.81967213] ; [30.81967213 63.18032787],0
p1,1,0.60799,0.263112,[ 13 137] ; [10 84],[ 14.13934426 135.86065574] ; [ 8.86065574 85.13934426],0
p11,1,0.93377,0.006906,[114  36] ; [71 23],[113.7295082  36.2704918] ; [71.2704918 22.7295082],0
