Feature,DoF,P Value,Chi Square,Observed,Expected,Is Significant
p8,1,0.0,29.297836,[ 75 153] ; [131  94],[103.68211921 124.31788079] ; [102.31788079 122.68211921],1
p7,1,2e-06,22.773761,[ 89 132] ; [142  84],[114.20805369 106.79194631] ; [116.79194631 109.20805369],1
p2,1,0.000193,13.899876,[176  55] ; [202  24],[191.0678337  39.9321663] ; [186.9321663  39.0678337],1
p5,1,0.004023,8.273504,[ 10 220] ; [ 26 197],[ 18.2781457 211.7218543] ; [ 17.7218543 205.2781457],0
p11,1,0.004866,7.928425,[179  53] ; [198  29],[190.55337691  41.44662309] ; [186.44662309  40.55337691],0
p1,1,0.051069,3.806016,[ 10 221] ; [ 20 206],[ 15.16411379 215.83588621] ; [ 14.83588621 211.16411379],0
b1,1,0.120471,2.411189,[ 69 163] ; [ 83 144],[ 76.82788671 155.17211329] ; [ 75.17211329 151.82788671],0
p12,1,0.66154,0.191658,[ 13 218] ; [ 15 212],[ 14.12227074 216.87772926] ; [ 13.87772926 213.12227074],0
