Feature,DoF,P Value,Chi Square,Observed,Expected,Is Significant
p4,1,0.0,83.614322,[15 51] ; [269  71],[46.16748768 19.83251232] ; [237.83251232 102.16748768],1
p6,1,0.0,34.9012,[11 56] ; [189 149],[33.08641975 33.91358025] ; [166.91358025 171.08641975],1
p11,1,0.0,30.793663,[46 22] ; [313  28],[59.68704156  8.31295844] ; [299.31295844  41.68704156],1
p5,1,0.014662,5.956691,[ 5 61] ; [ 69 272],[12. 54.] ; [ 62. 279.],0
b1,1,0.428815,0.626032,[29 39] ; [128 213],[26.10268949 41.89731051] ; [130.89731051 210.10268949],0
p12,1,0.633535,0.227298,[ 7 61] ; [ 42 298],[ 8.16666667 59.83333333] ; [ 40.83333333 299.16666667],0
p1,1,0.674433,0.17646,[ 7 61] ; [ 41 298],[ 8.01965602 59.98034398] ; [ 39.98034398 299.01965602],0
