Feature,DoF,P Value,Chi Square,Observed,Expected,Is Significant
p9,1,0.276092,1.186227,[58 17] ; [55 10],[60.53571429 14.46428571] ; [52.46428571 12.53571429],0
p11,1,0.287395,1.131784,[53 23] ; [52 15],[55.8041958 20.1958042] ; [49.1958042 17.8041958],0
p12,1,0.427161,0.63053,[ 6 70] ; [ 3 62],[ 4.85106383 71.14893617] ; [ 4.14893617 60.85106383],0
p5,1,0.440412,0.595208,[ 7 67] ; [ 4 63],[ 5.77304965 68.22695035] ; [ 5.22695035 61.77304965],0
p6,1,0.527799,0.398628,[15 61] ; [15 47],[16.52173913 59.47826087] ; [13.47826087 48.52173913],0
p10,1,0.531279,0.391945,[53 22] ; [49 16],[54.64285714 20.35714286] ; [47.35714286 17.64285714],0
p1,1,0.656049,0.198359,[11 65] ; [ 8 59],[10.0979021 65.9020979] ; [ 8.9020979 58.0979021],0
b1,1,0.929029,0.007933,[38 38] ; [33 34],[37.73426573 38.26573427] ; [33.26573427 33.73426573],0
