Feature,DoF,P Value,Chi Square,Observed,Expected,Is Significant
p10,1,0.0,286.257752,[425  30] ; [17 79],[364.99092559  90.00907441] ; [77.00907441 18.99092559],1
p4,1,0.0,102.896149,[337 119] ; [19 78],[293.55515371 162.44484629] ; [62.44484629 34.55515371],1
p11,1,0.0,81.305654,[398  59] ; [46 52],[365.6  91.4] ; [78.4 19.6],1
p6,1,0.0,52.378461,[228 224] ; [10 87],[195.94899818 256.05100182] ; [42.05100182 54.94899818],1
p5,1,7.6e-05,15.657996,[ 73 383] ; [ 1 97],[ 60.90974729 395.09025271] ; [13.09025271 84.90974729],1
p12,1,0.018152,5.581383,[ 42 414] ; [ 2 95],[ 36.28209765 419.71790235] ; [ 7.71790235 89.28209765],0
b1,1,0.027179,4.879436,[169 288] ; [48 50],[178.68288288 278.31711712] ; [38.31711712 59.68288288],0
p1,1,0.280075,1.166724,[ 44 412] ; [ 6 91],[ 41.22965642 414.77034358] ; [ 8.77034358 88.22965642],0
