Feature,DoF,P Value,Chi Square,Observed,Expected,Is Significant
p4,1,0.0,164.202717,[ 82 194] ; [227  43],[156.1978022 119.8021978] ; [152.8021978 117.1978022],1
p7,1,0.0,111.315404,[115 155] ; [228  36],[173.42696629  96.57303371] ; [169.57303371  94.42696629],1
p8,1,0.0,70.035849,[ 98 175] ; [193  76],[146.57380074 126.42619926] ; [144.42619926 124.57380074],1
p5,1,0.0,29.807164,[ 14 261] ; [ 56 214],[ 35.32110092 239.67889908] ; [ 34.67889908 235.32110092],1
p1,1,8.9e-05,15.36632,[ 11 266] ; [ 36 233],[ 23.84432234 253.15567766] ; [ 23.15567766 245.84432234],1
p12,1,0.000742,11.379743,[ 14 263] ; [ 36 233],[ 25.36630037 251.63369963] ; [ 24.63369963 244.36630037],1
p10,1,0.009277,6.768722,[239  37] ; [251  18],[248.14678899  27.85321101] ; [241.85321101  27.14678899],0
b1,1,0.026157,4.945601,[ 84 194] ; [106 164],[ 96.38686131 181.61313869] ; [ 93.61313869 176.38686131],0
p11,1,0.055708,3.660756,[217  61] ; [228  42],[225.74817518  52.25182482] ; [219.25182482  50.74817518],0
