Feature,DoF,P Value,Chi Square,Observed,Expected,Is Significant
p9,1,0.0,34.703071,[ 5 17] ; [98 20],[16.18571429  5.81428571] ; [86.81428571 31.18571429],1
p11,1,7e-06,20.105746,[ 7 15] ; [96 26],[15.73611111  6.26388889] ; [87.26388889 34.73611111],1
b1,1,0.00166,9.891781,[15  7] ; [40 82],[ 8.40277778 13.59722222] ; [46.59722222 75.40277778],0
p5,1,0.37712,0.78007,[ 3 18] ; [ 10 111],[ 1.92253521 19.07746479] ; [ 11.07746479 109.92253521],0
p1,1,0.927864,0.008196,[ 1 21] ; [  6 114],[ 1.08450704 20.91549296] ; [  5.91549296 114.08450704],0
p4,1,0.947152,0.004394,[ 9 13] ; [50 70],[ 9.14084507 12.85915493] ; [49.85915493 70.14084507],0
