Feature,DoF,P Value,Chi Square,Observed,Expected,Is Significant
p8,1,0.0,86.449362,[ 58 121] ; [154  38],[102.28571429  76.71428571] ; [109.71428571  82.28571429],1
p4,1,0.0,83.086598,[90 91] ; [178  15],[129.70053476  51.29946524] ; [138.29946524  54.70053476],1
p5,1,1e-06,23.712978,[ 14 167] ; [ 52 141],[ 31.94117647 149.05882353] ; [ 34.05882353 158.94117647],1
b1,1,0.002489,9.148867,[ 55 126] ; [ 88 105],[ 69.20588235 111.79411765] ; [ 73.79411765 119.20588235],0
p12,1,0.007541,7.139382,[ 15 165] ; [ 34 158],[ 23.70967742 156.29032258] ; [ 25.29032258 166.70967742],0
p1,1,0.008741,6.874908,[ 14 167] ; [ 32 160],[ 22.32171582 158.67828418] ; [ 23.67828418 168.32171582],0
p9,1,0.099224,2.717973,[172   8] ; [190   3],[174.69168901   5.30831099] ; [187.30831099   5.69168901],0
p11,1,0.209739,1.573226,[147  34] ; [166  27],[151.47860963  29.52139037] ; [161.52139037  31.47860963],0
