Feature,DoF,P Value,Chi Square,Observed,Expected,Is Significant
p7,1,0.0,35.730896,[36 55] ; [425 172],[60.9752907 30.0247093] ; [400.0247093 196.9752907],1
p8,1,0.0,29.209839,[29 65] ; [364 237],[53.15395683 40.84604317] ; [339.84604317 261.15395683],1
p4,1,0.0,29.046724,[35 57] ; [408 200],[58.22285714 33.77714286] ; [384.77714286 223.22285714],1
p3,1,0.000945,10.932791,[35 58] ; [341 268],[49.81196581 43.18803419] ; [326.18803419 282.81196581],1
p6,1,0.00396,8.301883,[24 69] ; [251 354],[36.64040115 56.35959885] ; [238.35959885 366.64040115],0
p11,1,0.006268,7.471599,[71 23] ; [526  83],[79.82645804 14.17354196] ; [517.17354196  91.82645804],0
p12,1,0.280505,1.16464,[12 82] ; [ 56 551],[ 9.11840228 84.88159772] ; [ 58.88159772 548.11840228],0
p5,1,0.284516,1.145393,[ 9 81] ; [ 86 522],[12.24928367 77.75071633] ; [ 82.75071633 525.24928367],0
b1,1,0.646964,0.20975,[35 59] ; [212 397],[33.02702703 60.97297297] ; [213.97297297 395.02702703],0
p1,1,0.658916,0.194843,[10 84] ; [ 56 552],[ 8.83760684 85.16239316] ; [ 57.16239316 550.83760684],0
