Feature,DoF,P Value,Chi Square,Observed,Expected,Is Significant
p10,1,0.0,53.94771,[129  25] ; [16 37],[107.87439614  46.12560386] ; [37.12560386 15.87439614],1
p11,1,0.000345,12.807262,[130  24] ; [33 21],[120.68269231  33.31730769] ; [42.31730769 11.68269231],1
b1,1,0.007585,7.128824,[59 95] ; [32 22],[67.375 86.625] ; [23.625 30.375],0
p1,1,0.13917,2.187115,[ 10 143] ; [ 7 47],[ 12.56521739 140.43478261] ; [ 4.43478261 49.56521739],0
p8,1,0.170497,1.878572,[101  52] ; [30 24],[96.82608696 56.17391304] ; [34.17391304 19.82608696],0
p5,1,0.283446,1.150492,[ 16 137] ; [ 3 51],[ 14.04347826 138.95652174] ; [ 4.95652174 49.04347826],0
