Feature,DoF,P Value,Chi Square,Observed,Expected,Is Significant
p6,1,1e-06,23.848671,[  7 110] ; [13 21],[ 15.49668874 101.50331126] ; [ 4.50331126 29.49668874],1
p5,1,0.010719,6.511384,[  4 112] ; [ 5 27],[  7.05405405 108.94594595] ; [ 1.94594595 30.05405405],0
p9,1,0.015611,5.846199,[56 56] ; [25  9],[62.1369863 49.8630137] ; [18.8630137 15.1369863],0
p11,1,0.016777,5.719538,[60 59] ; [25  9],[66.11111111 52.88888889] ; [18.88888889 15.11111111],0
p10,1,0.02715,4.881218,[53 62] ; [23 11],[58.65771812 56.34228188] ; [17.34228188 16.65771812],0
p12,1,0.342231,0.902056,[  8 110] ; [ 4 30],[  9.31578947 108.68421053] ; [ 2.68421053 31.31578947],0
p1,1,0.45362,0.561592,[ 12 107] ; [ 2 32],[ 10.88888889 108.11111111] ; [ 3.11111111 30.88888889],0
b1,1,0.965531,0.001867,[59 60] ; [17 17],[59.11111111 59.88888889] ; [16.88888889 17.11111111],0
