Feature,DoF,P Value,Chi Square,Observed,Expected,Is Significant
p10,1,0.0,35.21459,[69 13] ; [ 3 16],[58.45544554 23.54455446] ; [13.54455446  5.45544554],1
p11,1,0.018143,5.582281,[58 24] ; [ 8 11],[53.58415842 28.41584158] ; [12.41584158  6.58415842],0
p8,1,0.076904,3.129156,[16 66] ; [ 7 11],[18.86 63.14] ; [ 4.14 13.86],0
p7,1,0.100434,2.698635,[22 57] ; [ 9 10],[24.98979592 54.01020408] ; [ 6.01020408 12.98979592],0
p3,1,0.102898,2.660038,[23 59] ; [ 9 10],[25.98019802 56.01980198] ; [ 6.01980198 12.98019802],0
b1,1,0.162076,1.954752,[33 49] ; [11  8],[35.72277228 46.27722772] ; [ 8.27722772 10.72277228],0
p5,1,0.344545,0.893447,[ 4 74] ; [ 2 16],[ 4.875 73.125] ; [ 1.125 16.875],0
p1,1,0.75077,0.100885,[ 6 76] ; [ 1 18],[ 5.68316832 76.31683168] ; [ 1.31683168 17.68316832],0
