Feature,DoF,P Value,Chi Square,Observed,Expected,Is Significant
p8,1,0.019759,5.433033,[15 10] ; [ 4 13],[11.30952381 13.69047619] ; [7.69047619 9.30952381],0
p9,1,0.020884,5.336471,[24  1] ; [12  5],[21.42857143  3.57142857] ; [14.57142857  2.42857143],0
p11,1,0.054687,3.691608,[19  6] ; [8 9],[16.07142857  8.92857143] ; [10.92857143  6.07142857],0
p5,1,0.19936,1.647059,[ 5 20] ; [ 1 16],[ 3.57142857 21.42857143] ; [ 2.42857143 14.57142857],0
p4,1,0.288256,1.127751,[13 11] ; [12  5],[14.63414634  9.36585366] ; [10.36585366  6.63414634],0
p1,1,0.482096,0.494118,[ 5 20] ; [ 2 15],[ 4.16666667 20.83333333] ; [ 2.83333333 14.16666667],0
p3,1,0.938206,0.00601,[13 11] ; [9 8],[12.87804878 11.12195122] ; [9.12195122 7.87804878],0
b1,1,0.939225,0.005813,[10 15] ; [ 7 10],[10.11904762 14.88095238] ; [ 6.88095238 10.11904762],0
