Feature,DoF,P Value,Chi Square,Observed,Expected,Is Significant
p3,1,3e-06,21.732236,[176  70] ; [38 49],[158.09009009  87.90990991] ; [55.90990991 31.09009009],1
p10,1,7.6e-05,15.651525,[235  12] ; [70 16],[226.23123123  20.76876877] ; [78.76876877  7.23123123],1
p5,1,9.8e-05,15.177273,[ 58 189] ; [ 4 83],[ 45.8502994 201.1497006] ; [16.1497006 70.8502994],1
p4,1,0.000537,11.981461,[211  35] ; [60 27],[200.1981982  45.8018018] ; [70.8018018 16.1981982],1
p11,1,0.001586,9.976115,[211  36] ; [61 26],[201.1497006  45.8502994] ; [70.8502994 16.1497006],0
p12,1,0.005291,7.777253,[ 36 210] ; [ 3 84],[ 28.81081081 217.18918919] ; [10.18918919 76.81081081],0
p1,1,0.158817,1.985455,[ 34 212] ; [ 7 80],[ 30.28828829 215.71171171] ; [10.71171171 76.28828829],0
b1,1,0.455715,0.556398,[105 142] ; [33 54],[102.05389222 144.94610778] ; [35.94610778 51.05389222],0
