Feature,DoF,P Value,Chi Square,Observed,Expected,Is Significant
p9,1,0.003455,8.550297,[30 35] ; [161  83],[40.17799353 24.82200647] ; [150.82200647  93.17799353],0
p5,1,0.252206,1.311041,[ 1 68] ; [ 11 238],[ 2.60377358 66.39622642] ; [  9.39622642 239.60377358],0
p12,1,0.273787,1.197675,[ 2 66] ; [ 16 234],[ 3.8490566 64.1509434] ; [ 14.1509434 235.8490566],0
p1,1,0.560572,0.338716,[ 3 64] ; [ 16 235],[ 4.00314465 62.99685535] ; [ 14.99685535 236.00314465],0
b1,1,0.824743,0.04904,[28 41] ; [106 146],[28.80373832 40.19626168] ; [105.19626168 146.80373832],0
p3,1,0.860724,0.030784,[16 53] ; [ 61 191],[16.55140187 52.44859813] ; [ 60.44859813 191.55140187],0
p11,1,0.953955,0.003334,[43 26] ; [158  94],[43.20560748 25.79439252] ; [157.79439252  94.20560748],0
