Feature,DoF,P Value,Chi Square,Observed,Expected,Is Significant
p10,1,0.0,79.219462,[17 77] ; [103  29],[49.91150442 44.08849558] ; [70.08849558 61.91150442],1
p2,1,0.0,48.69413,[36 58] ; [110  22],[60.72566372 33.27433628] ; [85.27433628 46.72566372],1
p11,1,1e-06,24.412943,[40 54] ; [99 33],[57.81415929 36.18584071] ; [81.18584071 50.81415929],1
p3,1,0.003862,8.347441,[15 78] ; [44 88],[24.38666667 68.61333333] ; [34.61333333 97.38666667],0
b1,1,0.01466,5.956932,[51 43] ; [50 82],[42.00884956 51.99115044] ; [58.99115044 73.00884956],0
p1,1,0.050329,3.830474,[ 6 87] ; [  2 129],[ 3.32142857 89.67857143] ; [  4.67857143 126.32142857],0
p5,1,0.321866,0.98135,[ 1 93] ; [  4 128],[ 2.07964602 91.92035398] ; [  2.92035398 129.07964602],0
p12,1,0.486055,0.485247,[ 2 91] ; [  5 127],[ 2.89333333 90.10666667] ; [  4.10666667 127.89333333],0
