Feature,DoF,P Value,Chi Square,Observed,Expected,Is Significant
b1,1,0.00682,7.319681,[ 84 222] ; [65 99],[ 97.00851064 208.99148936] ; [ 51.99148936 112.00851064],0
p6,1,0.023943,5.098776,[ 85 218] ; [ 62 100],[ 95.78709677 207.21290323] ; [ 51.21290323 110.78709677],0
p5,1,0.05313,3.739818,[ 16 290] ; [ 16 144],[ 21.01287554 284.98712446] ; [ 10.98712446 149.01287554],0
p1,1,0.074604,3.17871,[ 11 295] ; [ 12 152],[ 14.97446809 291.02553191] ; [  8.02553191 155.97446809],0
p11,1,0.11136,2.534812,[247  59] ; [122  42],[240.24255319  65.75744681] ; [128.75744681  35.24255319],0
p12,1,0.380129,0.770286,[ 13 292] ; [ 10 154],[ 14.95735608 290.04264392] ; [  8.04264392 155.95735608],0
p7,1,0.665651,0.186732,[167 129] ; [88 74],[164.80349345 131.19650655] ; [90.19650655 71.80349345],0
p10,1,0.727635,0.121294,[268  37] ; [145  18],[269.15598291  35.84401709] ; [143.84401709  19.15598291],0
