Feature,DoF,P Value,Chi Square,Observed,Expected,Is Significant
p8,1,1.5e-05,18.678932,[10 53] ; [17 11],[18.69230769 44.30769231] ; [ 8.30769231 19.69230769],1
p4,1,0.00013,14.639523,[18 45] ; [20  8],[26.30769231 36.69230769] ; [11.69230769 16.30769231],1
b1,1,0.019216,5.481736,[26 37] ; [19  9],[31.15384615 31.84615385] ; [13.84615385 14.15384615],0
p3,1,0.238129,1.391637,[19 44] ; [12 16],[21.46153846 41.53846154] ; [ 9.53846154 18.46153846],0
p11,1,0.599631,0.275553,[44 19] ; [18 10],[42.92307692 20.07692308] ; [19.07692308  8.92307692],0
p1,1,0.662971,0.189935,[ 9 54] ; [ 5 23],[ 9.69230769 53.30769231] ; [ 4.30769231 23.69230769],0
p5,1,0.934213,0.006814,[ 4 56] ; [ 2 26],[ 4.09090909 55.90909091] ; [ 1.90909091 26.09090909],0
