Feature,DoF,P Value,Chi Square,Observed,Expected,Is Significant
p4,1,0.0,44.925948,[145 158] ; [ 56 211],[106.84736842 196.15263158] ; [ 94.15263158 172.84736842],1
p2,1,0.0,26.002397,[237  65] ; [158 111],[208.91418564  93.08581436] ; [186.08581436  82.91418564],1
p7,1,5e-06,20.966203,[137 160] ; [ 72 191],[110.84464286 186.15535714] ; [ 98.15535714 164.84464286],1
p11,1,0.000149,14.384366,[235  69] ; [169 100],[214.33856894  89.66143106] ; [189.66143106  79.33856894],1
p5,1,0.008055,7.021114,[ 19 279] ; [  5 262],[ 12.65840708 285.34159292] ; [ 11.34159292 255.65840708],0
p12,1,0.279884,1.167651,[ 20 284] ; [ 12 255],[ 17.03677758 286.96322242] ; [ 14.96322242 252.03677758],0
p1,1,0.295026,1.096543,[ 17 287] ; [ 10 258],[ 14.34965035 289.65034965] ; [ 12.65034965 255.34965035],0
b1,1,0.395794,0.721068,[106 198] ; [103 166],[110.88307155 193.11692845] ; [ 98.11692845 170.88307155],0
