Feature,DoF,P Value,Chi Square,Observed,Expected,Is Significant
p4,1,1.3e-05,19.053842,[25 61] ; [17  4],[33.75700935 52.24299065] ; [ 8.24299065 12.75700935],1
p2,1,0.000657,11.606761,[34 52] ; [17  4],[40.99065421 45.00934579] ; [10.00934579 10.99065421],1
p3,1,0.009288,6.766602,[17 68] ; [10 11],[21.6509434 63.3490566] ; [ 5.3490566 15.6509434],0
p5,1,0.037451,4.329775,[ 1 85] ; [ 2 19],[ 2.41121495 83.58878505] ; [ 0.58878505 20.41121495],0
b1,1,0.038285,4.292337,[44 42] ; [16  5],[48.22429907 37.77570093] ; [11.77570093  9.22429907],0
p11,1,0.077094,3.125126,[31 55] ; [12  9],[34.56074766 51.43925234] ; [ 8.43925234 12.56074766],0
p1,1,0.145697,2.116732,[ 7 78] ; [ 4 17],[ 8.82075472 76.17924528] ; [ 2.17924528 18.82075472],0
