Feature,DoF,P Value,Chi Square,Observed,Expected,Is Significant
p9,1,0.0,173.139203,[13 54] ; [268  22],[52.73669468 14.26330532] ; [228.26330532  61.73669468],1
p11,1,0.0,68.831548,[23 47] ; [239  52],[50.8033241 19.1966759] ; [211.1966759  79.8033241],1
p8,1,0.0,35.524783,[ 5 65] ; [130 154],[26.69491525 43.30508475] ; [108.30508475 175.69491525],1
p7,1,0.0,33.124242,[13 55] ; [163 118],[34.29226361 33.70773639] ; [141.70773639 139.29226361],1
b1,1,2.1e-05,18.107144,[39 31] ; [ 84 207],[23.85041551 46.14958449] ; [ 99.14958449 191.85041551],1
p6,1,0.001424,10.174087,[ 6 62] ; [ 78 210],[16.04494382 51.95505618] ; [ 67.95505618 220.04494382],0
p5,1,0.148981,2.082658,[ 1 69] ; [ 16 275],[ 3.29639889 66.70360111] ; [ 13.70360111 277.29639889],0
p1,1,0.16297,1.946448,[ 5 65] ; [ 10 281],[ 2.90858726 67.09141274] ; [ 12.09141274 278.90858726],0
p12,1,0.322587,0.978427,[ 1 69] ; [ 11 279],[ 2.33333333 67.66666667] ; [  9.66666667 280.33333333],0
