Feature,DoF,P Value,Chi Square,Observed,Expected,Is Significant
p10,1,0.0,42.665589,[88 29] ; [14 45],[67.80681818 49.19318182] ; [34.19318182 24.80681818],1
p11,1,0.023245,5.150092,[86 31] ; [34 26],[79.3220339 37.6779661] ; [40.6779661 19.3220339],0
b1,1,0.133363,2.252909,[41 76] ; [28 32],[45.61016949 71.38983051] ; [23.38983051 36.61016949],0
p6,1,0.331207,0.944174,[29 88] ; [11 49],[26.44067797 90.55932203] ; [13.55932203 46.44067797],0
p12,1,0.373502,0.791981,[  5 112] ; [ 1 58],[  3.98863636 113.01136364] ; [ 2.01136364 56.98863636],0
p1,1,0.601496,0.272745,[  4 112] ; [ 3 56],[  4.64 111.36] ; [ 2.36 56.64],0
