Feature,DoF,P Value,Chi Square,Observed,Expected,Is Significant
p3,1,0.0,89.830053,[ 49 194] ; [341 268],[111.23239437 131.76760563] ; [278.76760563 330.23239437],1
p7,1,0.0,59.46637,[101 136] ; [425 172],[149.47482014  87.52517986] ; [376.52517986 220.47482014],1
p8,1,0.0,50.820789,[ 81 161] ; [364 237],[127.74614472 114.25385528] ; [317.25385528 283.74614472],1
p5,1,1.4e-05,18.821733,[  9 232] ; [ 86 522],[ 26.96702002 214.03297998] ; [ 68.03297998 539.96702002],1
p11,1,0.01253,6.234301,[194  50] ; [526  83],[205.95545135  38.04454865] ; [514.04454865  94.95545135],0
p1,1,0.021934,5.250988,[ 11 232] ; [ 56 552],[ 19.13160987 223.86839013] ; [ 47.86839013 560.13160987],0
p12,1,0.061551,3.495105,[ 13 230] ; [ 56 551],[ 19.72588235 223.27411765] ; [ 49.27411765 557.72588235],0
b1,1,0.306538,1.045532,[ 76 168] ; [212 397],[ 82.38218054 161.61781946] ; [205.61781946 403.38218054],0
