Feature,DoF,P Value,Chi Square,Observed,Expected,Is Significant
p7,1,0.08808,2.909125,[21 10] ; [19 21],[17.46478873 13.53521127] ; [22.53521127 17.46478873],0
p1,1,0.133342,2.253153,[ 5 28] ; [ 2 39],[ 3.12162162 29.87837838] ; [ 3.87837838 37.12162162],0
p5,1,0.366418,0.815775,[ 7 26] ; [ 5 33],[ 5.57746479 27.42253521] ; [ 6.42253521 31.57746479],0
p3,1,0.500739,0.45337,[17 15] ; [25 16],[18.4109589 13.5890411] ; [23.5890411 17.4109589],0
p11,1,0.688474,0.160743,[27  6] ; [32  9],[26.31081081  6.68918919] ; [32.68918919  8.31081081],0
p12,1,0.711551,0.136733,[ 5 28] ; [ 5 36],[ 4.45945946 28.54054054] ; [ 5.54054054 35.45945946],0
b1,1,0.814526,0.055033,[12 21] ; [16 25],[12.48648649 20.51351351] ; [15.51351351 25.48648649],0
p6,1,0.861576,0.030404,[15 18] ; [19 21],[15.36986301 17.63013699] ; [18.63013699 21.36986301],0
