Feature,DoF,P Value,Chi Square,Observed,Expected,Is Significant
b1,1,0.000312,12.99519,[21 15] ; [ 58 150],[11.6557377 24.3442623] ; [ 67.3442623 140.6557377],1
p1,1,0.066262,3.373283,[ 3 33] ; [  5 202],[ 1.18518519 34.81481481] ; [  6.81481481 200.18518519],0
p7,1,0.088961,2.893067,[20 14] ; [ 88 116],[15.42857143 18.57142857] ; [ 92.57142857 111.42857143],0
p11,1,0.607982,0.263125,[25 11] ; [153  55],[26.26229508  9.73770492] ; [151.73770492  56.26229508],0
p4,1,0.986086,0.000304,[12 23] ; [ 71 137],[11.95473251 23.04526749] ; [ 71.04526749 136.95473251],0
