Feature,DoF,P Value,Chi Square,Observed,Expected,Is Significant
p1,1,0.151771,2.054356,[ 6 20] ; [ 3 29],[ 4.03448276 21.96551724] ; [ 4.96551724 27.03448276],0
p12,1,0.208556,1.581419,[ 3 23] ; [ 1 31],[ 1.79310345 24.20689655] ; [ 2.20689655 29.79310345],0
p11,1,0.212405,1.554957,[18  8] ; [17 15],[15.68965517 10.31034483] ; [19.31034483 12.68965517],0
p5,1,0.549901,0.357495,[ 2 24] ; [ 4 28],[ 2.68965517 23.31034483] ; [ 3.31034483 28.68965517],0
p2,1,0.685799,0.163671,[20  6] ; [26  6],[20.62068966  5.37931034] ; [25.37931034  6.62068966],0
p8,1,0.912165,0.012168,[11 15] ; [14 18],[11.20689655 14.79310345] ; [13.79310345 18.20689655],0
b1,1,1.0,0.0,[13 13] ; [16 16],[13. 13.] ; [16. 16.],0
