Feature,DoF,P Value,Chi Square,Observed,Expected,Is Significant
p10,1,0.0,48.473367,[137  18] ; [17 27],[119.94974874  35.05025126] ; [34.05025126  9.94974874],1
b1,1,0.003827,8.36419,[61 95] ; [28 16],[69.42 86.58] ; [19.58 24.42],0
p1,1,0.089832,2.877383,[  7 149] ; [ 5 39],[  9.36 146.64] ; [ 2.64 41.36],0
p4,1,0.160875,1.965982,[88 68] ; [30 14],[92.04 63.96] ; [25.96 18.04],0
p11,1,0.296959,1.087801,[112  44] ; [28 16],[109.2  46.8] ; [30.8 13.2],0
p6,1,0.65662,0.197656,[58 96] ; [17 24],[59.23076923 94.76923077] ; [15.76923077 25.23076923],0
p3,1,0.818608,0.052595,[72 84] ; [19 24],[71.33668342 84.66331658] ; [19.66331658 23.33668342],0
p5,1,0.938874,0.005881,[ 10 144] ; [ 3 41],[ 10.11111111 143.88888889] ; [ 2.88888889 41.11111111],0
