Feature,DoF,P Value,Chi Square,Observed,Expected,Is Significant
p10,1,0.0,144.12072,[332  37] ; [14 45],[298.30373832  70.69626168] ; [47.69626168 11.30373832],1
p3,1,0.0,39.31463,[265 106] ; [18 42],[243.60324826 127.39675174] ; [39.39675174 20.60324826],1
p6,1,0.0,33.427131,[217 154] ; [11 49],[196.25986079 174.74013921] ; [31.74013921 28.25986079],1
p11,1,0.0,29.948629,[319  52] ; [34 26],[303.85846868  67.14153132] ; [49.14153132 10.85846868],1
p12,1,0.041596,4.151567,[ 36 335] ; [ 1 58],[ 31.92325581 339.07674419] ; [ 5.07674419 53.92325581],0
p1,1,0.144601,2.128296,[ 42 328] ; [ 3 56],[ 38.81118881 331.18881119] ; [ 6.18881119 52.81118881],0
b1,1,0.341982,0.902989,[149 222] ; [28 32],[152.35962877 218.64037123] ; [24.64037123 35.35962877],0
