Feature,DoF,P Value,Chi Square,Observed,Expected,Is Significant
p7,1,0.087107,2.927039,[17  8] ; [10 13],[14.0625 10.9375] ; [12.9375 10.0625],0
p11,1,0.154009,2.032083,[ 9 16] ; [13 10],[11.45833333 13.54166667] ; [10.54166667 12.45833333],0
b1,1,0.156692,2.005863,[17  8] ; [11 12],[14.58333333 10.41666667] ; [13.41666667  9.58333333],0
p9,1,0.191581,1.705421,[ 8 16] ; [12 11],[10.21276596 13.78723404] ; [ 9.78723404 13.21276596],0
p2,1,0.682831,0.166957,[16  9] ; [16  7],[16.66666667  8.33333333] ; [15.33333333  7.66666667],0
p1,1,0.95196,0.003629,[ 1 24] ; [ 1 22],[ 1.04166667 23.95833333] ; [ 0.95833333 22.04166667],0
