Feature,DoF,P Value,Chi Square,Observed,Expected,Is Significant
p2,1,0.0,38.06933,[205  31] ; [245 137],[171.84466019  64.15533981] ; [278.15533981 103.84466019],1
p4,1,0.000106,15.033999,[119 117] ; [132 249],[ 96.00648298 139.99351702] ; [154.99351702 226.00648298],1
p10,1,0.000911,11.000062,[183  52] ; [246 131],[164.73039216  70.26960784] ; [264.26960784 112.73039216],1
p11,1,0.001097,10.655711,[184  53] ; [250 133],[165.9  71.1] ; [268.1 114.9],0
p9,1,0.008114,7.008071,[187  48] ; [262 113],[172.97540984  62.02459016] ; [276.02459016  98.97540984],0
p12,1,0.340643,0.908008,[  8 229] ; [ 19 362],[ 10.35436893 226.64563107] ; [ 16.64563107 364.35436893],0
b1,1,0.394963,0.723608,[ 89 148] ; [157 226],[ 94.03548387 142.96451613] ; [151.96451613 231.03548387],0
p5,1,0.522591,0.408777,[ 14 221] ; [ 18 359],[ 12.2875817 222.7124183] ; [ 19.7124183 357.2875817],0
p1,1,0.951059,0.003767,[ 12 224] ; [ 19 363],[ 11.8381877 224.1618123] ; [ 19.1618123 362.8381877],0
