Feature,DoF,P Value,Chi Square,Observed,Expected,Is Significant
p6,1,0.0,32.778572,[26 84] ; [209 174],[52.43407708 57.56592292] ; [182.56592292 200.43407708],1
p2,1,0.0,28.974435,[82 29] ; [357  29],[98.04627767 12.95372233] ; [340.95372233  45.04627767],1
p11,1,6e-06,20.576836,[78 33] ; [341  46],[93.39156627 17.60843373] ; [325.60843373  61.39156627],1
p10,1,0.000191,13.920213,[81 29] ; [340  46],[93.36693548 16.63306452] ; [327.63306452  58.36693548],1
p9,1,0.035865,4.403514,[89 21] ; [341  44],[95.55555556 14.44444444] ; [334.44444444  50.55555556],0
p5,1,0.102198,2.670897,[13 96] ; [ 72 315],[18.67943548 90.32056452] ; [ 66.32056452 320.67943548],0
p1,1,0.182256,1.779128,[18 93] ; [ 44 340],[13.9030303 97.0969697] ; [ 48.0969697 335.9030303],0
b1,1,0.288195,1.128033,[51 60] ; [156 231],[46.13855422 64.86144578] ; [160.86144578 226.13855422],0
p12,1,0.770233,0.085305,[ 11 100] ; [ 42 344],[11.83702213 99.16297787] ; [ 41.16297787 344.83702213],0
p4,1,0.997103,1.3e-05,[86 25] ; [299  87],[85.98591549 25.01408451] ; [299.01408451  86.98591549],0
