Feature,DoF,P Value,Chi Square,Observed,Expected,Is Significant
p8,1,0.0,193.970361,[261  86] ; [ 68 252],[171.15892054 175.84107946] ; [157.84107946 162.15892054],1
p4,1,0.0,145.492176,[282  67] ; [112 209],[205.23283582 143.76716418] ; [188.76716418 132.23283582],1
p2,1,0.0,78.375378,[317  31] ; [201 121],[269.05074627  78.94925373] ; [248.94925373  73.05074627],1
p10,1,0.0,48.588684,[306  41] ; [207 109],[268.49321267  78.50678733] ; [244.50678733  71.49321267],1
p9,1,0.0,40.547114,[312  35] ; [220  93],[279.7030303  67.2969697] ; [252.2969697  60.7030303],1
p11,1,0.0,32.246402,[293  56] ; [209 113],[261.09985097  87.90014903] ; [240.90014903  81.09985097],1
p5,1,0.0,27.962739,[ 69 279] ; [ 19 300],[ 45.91304348 302.08695652] ; [ 42.08695652 276.91304348],1
p12,1,0.021343,5.298526,[ 38 309] ; [ 19 300],[ 29.6981982 317.3018018] ; [ 27.3018018 291.6981982],0
p1,1,0.103274,2.654247,[ 40 307] ; [ 25 296],[ 33.76497006 313.23502994] ; [ 31.23502994 289.76497006],0
b1,1,0.187257,1.739066,[153 196] ; [125 197],[144.59314456 204.40685544] ; [133.40685544 188.59314456],0
